TimeQuest Timing Analyzer report for MIC1
Fri Jan 17 08:00:32 2025
Quartus II 64-Bit Version 13.0.1 Build 232 06/12/2013 Service Pack 1 SJ Web Edition


---------------------
; Table of Contents ;
---------------------
  1. Legal Notice
  2. TimeQuest Timing Analyzer Summary
  3. Parallel Compilation
  4. Clocks
  5. Slow Model Fmax Summary
  6. Slow Model Setup Summary
  7. Slow Model Hold Summary
  8. Slow Model Recovery Summary
  9. Slow Model Removal Summary
 10. Slow Model Minimum Pulse Width Summary
 11. Slow Model Setup: 'CLOCK'
 12. Slow Model Hold: 'CLOCK'
 13. Slow Model Minimum Pulse Width: 'CLOCK'
 14. Clock to Output Times
 15. Minimum Clock to Output Times
 16. Fast Model Setup Summary
 17. Fast Model Hold Summary
 18. Fast Model Recovery Summary
 19. Fast Model Removal Summary
 20. Fast Model Minimum Pulse Width Summary
 21. Fast Model Setup: 'CLOCK'
 22. Fast Model Hold: 'CLOCK'
 23. Fast Model Minimum Pulse Width: 'CLOCK'
 24. Clock to Output Times
 25. Minimum Clock to Output Times
 26. Multicorner Timing Analysis Summary
 27. Clock to Output Times
 28. Minimum Clock to Output Times
 29. Setup Transfers
 30. Hold Transfers
 31. Report TCCS
 32. Report RSKM
 33. Unconstrained Paths
 34. TimeQuest Timing Analyzer Messages



----------------
; Legal Notice ;
----------------
Copyright (C) 1991-2013 Altera Corporation
Your use of Altera Corporation's design tools, logic functions 
and other software and tools, and its AMPP partner logic 
functions, and any output files from any of the foregoing 
(including device programming or simulation files), and any 
associated documentation or information are expressly subject 
to the terms and conditions of the Altera Program License 
Subscription Agreement, Altera MegaCore Function License 
Agreement, or other applicable license agreement, including, 
without limitation, that your use is for the sole purpose of 
programming logic devices manufactured by Altera and sold by 
Altera or its authorized distributors.  Please refer to the 
applicable agreement for further details.



+----------------------------------------------------------------------------------------+
; TimeQuest Timing Analyzer Summary                                                      ;
+--------------------+-------------------------------------------------------------------+
; Quartus II Version ; Version 13.0.1 Build 232 06/12/2013 Service Pack 1 SJ Web Edition ;
; Revision Name      ; MIC1                                                              ;
; Device Family      ; Cyclone II                                                        ;
; Device Name        ; EP2C15AF484C6                                                     ;
; Timing Models      ; Final                                                             ;
; Delay Model        ; Combined                                                          ;
; Rise/Fall Delays   ; Unavailable                                                       ;
+--------------------+-------------------------------------------------------------------+


Parallel compilation was disabled, but you have multiple processors available. Enable parallel compilation to reduce compilation time.
+-------------------------------------+
; Parallel Compilation                ;
+----------------------------+--------+
; Processors                 ; Number ;
+----------------------------+--------+
; Number detected on machine ; 4      ;
; Maximum allowed            ; 1      ;
+----------------------------+--------+


+-----------------------------------------------------------------------------------------------------------------------------------------------------------------------------------+
; Clocks                                                                                                                                                                            ;
+------------+------+--------+------------+-------+-------+------------+-----------+-------------+-------+--------+-----------+------------+----------+--------+--------+-----------+
; Clock Name ; Type ; Period ; Frequency  ; Rise  ; Fall  ; Duty Cycle ; Divide by ; Multiply by ; Phase ; Offset ; Edge List ; Edge Shift ; Inverted ; Master ; Source ; Targets   ;
+------------+------+--------+------------+-------+-------+------------+-----------+-------------+-------+--------+-----------+------------+----------+--------+--------+-----------+
; CLOCK      ; Base ; 1.000  ; 1000.0 MHz ; 0.000 ; 0.500 ;            ;           ;             ;       ;        ;           ;            ;          ;        ;        ; { CLOCK } ;
+------------+------+--------+------------+-------+-------+------------+-----------+-------------+-------+--------+-----------+------------+----------+--------+--------+-----------+


+-------------------------------------------------+
; Slow Model Fmax Summary                         ;
+-----------+-----------------+------------+------+
; Fmax      ; Restricted Fmax ; Clock Name ; Note ;
+-----------+-----------------+------------+------+
; 20.73 MHz ; 20.73 MHz       ; CLOCK      ;      ;
+-----------+-----------------+------------+------+
This panel reports FMAX for every clock in the design, regardless of the user-specified clock periods.  FMAX is only computed for paths where the source and destination registers or ports are driven by the same clock.  Paths of different clocks, including generated clocks, are ignored.  For paths between a clock and its inversion, FMAX is computed as if the rising and falling edges are scaled along with FMAX, such that the duty cycle (in terms of a percentage) is maintained. Altera recommends that you always use clock constraints and other slack reports for sign-off analysis.


+---------------------------------+
; Slow Model Setup Summary        ;
+-------+---------+---------------+
; Clock ; Slack   ; End Point TNS ;
+-------+---------+---------------+
; CLOCK ; -23.614 ; -5237.531     ;
+-------+---------+---------------+


+--------------------------------+
; Slow Model Hold Summary        ;
+-------+--------+---------------+
; Clock ; Slack  ; End Point TNS ;
+-------+--------+---------------+
; CLOCK ; -0.697 ; -9.879        ;
+-------+--------+---------------+


-------------------------------
; Slow Model Recovery Summary ;
-------------------------------
No paths to report.


------------------------------
; Slow Model Removal Summary ;
------------------------------
No paths to report.


+----------------------------------------+
; Slow Model Minimum Pulse Width Summary ;
+-------+--------+-----------------------+
; Clock ; Slack  ; End Point TNS         ;
+-------+--------+-----------------------+
; CLOCK ; -2.000 ; -1476.836             ;
+-------+--------+-----------------------+


+---------------------------------------------------------------------------------------------------------------------------------------------------------------------------------------------------------------------------------------------------------------------------------------------------------------------------------+
; Slow Model Setup: 'CLOCK'                                                                                                                                                                                                                                                                                                       ;
+---------+------------------------------------------------------------------------------------------------------------------------------------------------+------------------------------------------------------------------------------------------------+--------------+-------------+--------------+------------+------------+
; Slack   ; From Node                                                                                                                                      ; To Node                                                                                        ; Launch Clock ; Latch Clock ; Relationship ; Clock Skew ; Data Delay ;
+---------+------------------------------------------------------------------------------------------------------------------------------------------------+------------------------------------------------------------------------------------------------+--------------+-------------+--------------+------------+------------+
; -23.614 ; CPU:inst|CONTROL_UNIT:inst|CONTROL_STORE:inst8|altsyncram:altsyncram_component|altsyncram_n6a1:auto_generated|ram_block1a0~porta_address_reg0  ; CPU:inst|CONTROL_UNIT:inst|MPC_GENERATOR:inst|inst8                                            ; CLOCK        ; CLOCK       ; 0.500        ; -0.054     ; 24.096     ;
; -23.614 ; CPU:inst|CONTROL_UNIT:inst|CONTROL_STORE:inst8|altsyncram:altsyncram_component|altsyncram_n6a1:auto_generated|ram_block1a0~porta_address_reg1  ; CPU:inst|CONTROL_UNIT:inst|MPC_GENERATOR:inst|inst8                                            ; CLOCK        ; CLOCK       ; 0.500        ; -0.054     ; 24.096     ;
; -23.614 ; CPU:inst|CONTROL_UNIT:inst|CONTROL_STORE:inst8|altsyncram:altsyncram_component|altsyncram_n6a1:auto_generated|ram_block1a0~porta_address_reg2  ; CPU:inst|CONTROL_UNIT:inst|MPC_GENERATOR:inst|inst8                                            ; CLOCK        ; CLOCK       ; 0.500        ; -0.054     ; 24.096     ;
; -23.614 ; CPU:inst|CONTROL_UNIT:inst|CONTROL_STORE:inst8|altsyncram:altsyncram_component|altsyncram_n6a1:auto_generated|ram_block1a0~porta_address_reg3  ; CPU:inst|CONTROL_UNIT:inst|MPC_GENERATOR:inst|inst8                                            ; CLOCK        ; CLOCK       ; 0.500        ; -0.054     ; 24.096     ;
; -23.614 ; CPU:inst|CONTROL_UNIT:inst|CONTROL_STORE:inst8|altsyncram:altsyncram_component|altsyncram_n6a1:auto_generated|ram_block1a0~porta_address_reg4  ; CPU:inst|CONTROL_UNIT:inst|MPC_GENERATOR:inst|inst8                                            ; CLOCK        ; CLOCK       ; 0.500        ; -0.054     ; 24.096     ;
; -23.614 ; CPU:inst|CONTROL_UNIT:inst|CONTROL_STORE:inst8|altsyncram:altsyncram_component|altsyncram_n6a1:auto_generated|ram_block1a0~porta_address_reg5  ; CPU:inst|CONTROL_UNIT:inst|MPC_GENERATOR:inst|inst8                                            ; CLOCK        ; CLOCK       ; 0.500        ; -0.054     ; 24.096     ;
; -23.614 ; CPU:inst|CONTROL_UNIT:inst|CONTROL_STORE:inst8|altsyncram:altsyncram_component|altsyncram_n6a1:auto_generated|ram_block1a0~porta_address_reg6  ; CPU:inst|CONTROL_UNIT:inst|MPC_GENERATOR:inst|inst8                                            ; CLOCK        ; CLOCK       ; 0.500        ; -0.054     ; 24.096     ;
; -23.614 ; CPU:inst|CONTROL_UNIT:inst|CONTROL_STORE:inst8|altsyncram:altsyncram_component|altsyncram_n6a1:auto_generated|ram_block1a0~porta_address_reg7  ; CPU:inst|CONTROL_UNIT:inst|MPC_GENERATOR:inst|inst8                                            ; CLOCK        ; CLOCK       ; 0.500        ; -0.054     ; 24.096     ;
; -23.614 ; CPU:inst|CONTROL_UNIT:inst|CONTROL_STORE:inst8|altsyncram:altsyncram_component|altsyncram_n6a1:auto_generated|ram_block1a0~porta_address_reg8  ; CPU:inst|CONTROL_UNIT:inst|MPC_GENERATOR:inst|inst8                                            ; CLOCK        ; CLOCK       ; 0.500        ; -0.054     ; 24.096     ;
; -22.445 ; CPU:inst|DATAPATH:inst2|BANK_REGS:inst2|MDR:inst1|REGISTER32bit:inst1|REGISTER8bit:inst|inst                                                   ; CPU:inst|CONTROL_UNIT:inst|MPC_GENERATOR:inst|inst8                                            ; CLOCK        ; CLOCK       ; 1.000        ; -3.165     ; 20.316     ;
; -22.426 ; CPU:inst|DATAPATH:inst2|BANK_REGS:inst2|MDR:inst1|REGISTER32bit:inst1|REGISTER8bit:inst|inst16                                                 ; CPU:inst|CONTROL_UNIT:inst|MPC_GENERATOR:inst|inst8                                            ; CLOCK        ; CLOCK       ; 1.000        ; -3.165     ; 20.297     ;
; -22.383 ; CPU:inst|DATAPATH:inst2|BANK_REGS:inst2|MDR:inst1|REGISTER32bit:inst1|REGISTER8bit:inst|inst12                                                 ; CPU:inst|CONTROL_UNIT:inst|MPC_GENERATOR:inst|inst8                                            ; CLOCK        ; CLOCK       ; 1.000        ; -3.165     ; 20.254     ;
; -22.160 ; CPU:inst|DATAPATH:inst2|BANK_REGS:inst2|MDR:inst1|REGISTER32bit:inst1|REGISTER8bit:inst|inst8                                                  ; CPU:inst|CONTROL_UNIT:inst|MPC_GENERATOR:inst|inst8                                            ; CLOCK        ; CLOCK       ; 1.000        ; -3.165     ; 20.031     ;
; -22.114 ; CPU:inst|DATAPATH:inst2|BANK_REGS:inst2|MDR:inst1|REGISTER32bit:inst1|REGISTER8bit:inst|inst5                                                  ; CPU:inst|CONTROL_UNIT:inst|MPC_GENERATOR:inst|inst8                                            ; CLOCK        ; CLOCK       ; 1.000        ; -3.165     ; 19.985     ;
; -21.561 ; CPU:inst|CONTROL_UNIT:inst|CONTROL_STORE:inst8|altsyncram:altsyncram_component|altsyncram_n6a1:auto_generated|ram_block1a0~porta_address_reg0  ; CPU:inst|DATAPATH:inst2|BANK_REGS:inst2|MAR:inst|REGISTER32bit:inst1|REGISTER8bit:inst3|inst5  ; CLOCK        ; CLOCK       ; 0.500        ; 0.818      ; 22.915     ;
; -21.561 ; CPU:inst|CONTROL_UNIT:inst|CONTROL_STORE:inst8|altsyncram:altsyncram_component|altsyncram_n6a1:auto_generated|ram_block1a0~porta_address_reg1  ; CPU:inst|DATAPATH:inst2|BANK_REGS:inst2|MAR:inst|REGISTER32bit:inst1|REGISTER8bit:inst3|inst5  ; CLOCK        ; CLOCK       ; 0.500        ; 0.818      ; 22.915     ;
; -21.561 ; CPU:inst|CONTROL_UNIT:inst|CONTROL_STORE:inst8|altsyncram:altsyncram_component|altsyncram_n6a1:auto_generated|ram_block1a0~porta_address_reg2  ; CPU:inst|DATAPATH:inst2|BANK_REGS:inst2|MAR:inst|REGISTER32bit:inst1|REGISTER8bit:inst3|inst5  ; CLOCK        ; CLOCK       ; 0.500        ; 0.818      ; 22.915     ;
; -21.561 ; CPU:inst|CONTROL_UNIT:inst|CONTROL_STORE:inst8|altsyncram:altsyncram_component|altsyncram_n6a1:auto_generated|ram_block1a0~porta_address_reg3  ; CPU:inst|DATAPATH:inst2|BANK_REGS:inst2|MAR:inst|REGISTER32bit:inst1|REGISTER8bit:inst3|inst5  ; CLOCK        ; CLOCK       ; 0.500        ; 0.818      ; 22.915     ;
; -21.561 ; CPU:inst|CONTROL_UNIT:inst|CONTROL_STORE:inst8|altsyncram:altsyncram_component|altsyncram_n6a1:auto_generated|ram_block1a0~porta_address_reg4  ; CPU:inst|DATAPATH:inst2|BANK_REGS:inst2|MAR:inst|REGISTER32bit:inst1|REGISTER8bit:inst3|inst5  ; CLOCK        ; CLOCK       ; 0.500        ; 0.818      ; 22.915     ;
; -21.561 ; CPU:inst|CONTROL_UNIT:inst|CONTROL_STORE:inst8|altsyncram:altsyncram_component|altsyncram_n6a1:auto_generated|ram_block1a0~porta_address_reg5  ; CPU:inst|DATAPATH:inst2|BANK_REGS:inst2|MAR:inst|REGISTER32bit:inst1|REGISTER8bit:inst3|inst5  ; CLOCK        ; CLOCK       ; 0.500        ; 0.818      ; 22.915     ;
; -21.561 ; CPU:inst|CONTROL_UNIT:inst|CONTROL_STORE:inst8|altsyncram:altsyncram_component|altsyncram_n6a1:auto_generated|ram_block1a0~porta_address_reg6  ; CPU:inst|DATAPATH:inst2|BANK_REGS:inst2|MAR:inst|REGISTER32bit:inst1|REGISTER8bit:inst3|inst5  ; CLOCK        ; CLOCK       ; 0.500        ; 0.818      ; 22.915     ;
; -21.561 ; CPU:inst|CONTROL_UNIT:inst|CONTROL_STORE:inst8|altsyncram:altsyncram_component|altsyncram_n6a1:auto_generated|ram_block1a0~porta_address_reg7  ; CPU:inst|DATAPATH:inst2|BANK_REGS:inst2|MAR:inst|REGISTER32bit:inst1|REGISTER8bit:inst3|inst5  ; CLOCK        ; CLOCK       ; 0.500        ; 0.818      ; 22.915     ;
; -21.561 ; CPU:inst|CONTROL_UNIT:inst|CONTROL_STORE:inst8|altsyncram:altsyncram_component|altsyncram_n6a1:auto_generated|ram_block1a0~porta_address_reg8  ; CPU:inst|DATAPATH:inst2|BANK_REGS:inst2|MAR:inst|REGISTER32bit:inst1|REGISTER8bit:inst3|inst5  ; CLOCK        ; CLOCK       ; 0.500        ; 0.818      ; 22.915     ;
; -21.530 ; CPU:inst|DATAPATH:inst2|BANK_REGS:inst2|SP:inst50|REGISTER32bit:inst1|REGISTER8bit:inst|inst                                                   ; CPU:inst|CONTROL_UNIT:inst|MPC_GENERATOR:inst|inst8                                            ; CLOCK        ; CLOCK       ; 1.000        ; -2.811     ; 19.755     ;
; -21.516 ; CPU:inst|DATAPATH:inst2|BANK_REGS:inst2|LV:inst51|REGISTER32bit:inst1|REGISTER8bit:inst|inst                                                   ; CPU:inst|CONTROL_UNIT:inst|MPC_GENERATOR:inst|inst8                                            ; CLOCK        ; CLOCK       ; 1.000        ; -2.851     ; 19.701     ;
; -21.482 ; CPU:inst|DATAPATH:inst2|BANK_REGS:inst2|PC:inst2|REGISTER32bit:inst1|REGISTER8bit:inst|inst16                                                  ; CPU:inst|CONTROL_UNIT:inst|MPC_GENERATOR:inst|inst8                                            ; CLOCK        ; CLOCK       ; 1.000        ; -2.821     ; 19.697     ;
; -21.453 ; CPU:inst|CONTROL_UNIT:inst|CONTROL_STORE:inst8|altsyncram:altsyncram_component|altsyncram_n6a1:auto_generated|ram_block1a0~porta_address_reg0  ; CPU:inst|DATAPATH:inst2|BANK_REGS:inst2|MAR:inst|REGISTER32bit:inst1|REGISTER8bit:inst3|inst8  ; CLOCK        ; CLOCK       ; 0.500        ; 0.818      ; 22.807     ;
; -21.453 ; CPU:inst|CONTROL_UNIT:inst|CONTROL_STORE:inst8|altsyncram:altsyncram_component|altsyncram_n6a1:auto_generated|ram_block1a0~porta_address_reg1  ; CPU:inst|DATAPATH:inst2|BANK_REGS:inst2|MAR:inst|REGISTER32bit:inst1|REGISTER8bit:inst3|inst8  ; CLOCK        ; CLOCK       ; 0.500        ; 0.818      ; 22.807     ;
; -21.453 ; CPU:inst|CONTROL_UNIT:inst|CONTROL_STORE:inst8|altsyncram:altsyncram_component|altsyncram_n6a1:auto_generated|ram_block1a0~porta_address_reg2  ; CPU:inst|DATAPATH:inst2|BANK_REGS:inst2|MAR:inst|REGISTER32bit:inst1|REGISTER8bit:inst3|inst8  ; CLOCK        ; CLOCK       ; 0.500        ; 0.818      ; 22.807     ;
; -21.453 ; CPU:inst|CONTROL_UNIT:inst|CONTROL_STORE:inst8|altsyncram:altsyncram_component|altsyncram_n6a1:auto_generated|ram_block1a0~porta_address_reg3  ; CPU:inst|DATAPATH:inst2|BANK_REGS:inst2|MAR:inst|REGISTER32bit:inst1|REGISTER8bit:inst3|inst8  ; CLOCK        ; CLOCK       ; 0.500        ; 0.818      ; 22.807     ;
; -21.453 ; CPU:inst|CONTROL_UNIT:inst|CONTROL_STORE:inst8|altsyncram:altsyncram_component|altsyncram_n6a1:auto_generated|ram_block1a0~porta_address_reg4  ; CPU:inst|DATAPATH:inst2|BANK_REGS:inst2|MAR:inst|REGISTER32bit:inst1|REGISTER8bit:inst3|inst8  ; CLOCK        ; CLOCK       ; 0.500        ; 0.818      ; 22.807     ;
; -21.453 ; CPU:inst|CONTROL_UNIT:inst|CONTROL_STORE:inst8|altsyncram:altsyncram_component|altsyncram_n6a1:auto_generated|ram_block1a0~porta_address_reg5  ; CPU:inst|DATAPATH:inst2|BANK_REGS:inst2|MAR:inst|REGISTER32bit:inst1|REGISTER8bit:inst3|inst8  ; CLOCK        ; CLOCK       ; 0.500        ; 0.818      ; 22.807     ;
; -21.453 ; CPU:inst|CONTROL_UNIT:inst|CONTROL_STORE:inst8|altsyncram:altsyncram_component|altsyncram_n6a1:auto_generated|ram_block1a0~porta_address_reg6  ; CPU:inst|DATAPATH:inst2|BANK_REGS:inst2|MAR:inst|REGISTER32bit:inst1|REGISTER8bit:inst3|inst8  ; CLOCK        ; CLOCK       ; 0.500        ; 0.818      ; 22.807     ;
; -21.453 ; CPU:inst|CONTROL_UNIT:inst|CONTROL_STORE:inst8|altsyncram:altsyncram_component|altsyncram_n6a1:auto_generated|ram_block1a0~porta_address_reg7  ; CPU:inst|DATAPATH:inst2|BANK_REGS:inst2|MAR:inst|REGISTER32bit:inst1|REGISTER8bit:inst3|inst8  ; CLOCK        ; CLOCK       ; 0.500        ; 0.818      ; 22.807     ;
; -21.453 ; CPU:inst|CONTROL_UNIT:inst|CONTROL_STORE:inst8|altsyncram:altsyncram_component|altsyncram_n6a1:auto_generated|ram_block1a0~porta_address_reg8  ; CPU:inst|DATAPATH:inst2|BANK_REGS:inst2|MAR:inst|REGISTER32bit:inst1|REGISTER8bit:inst3|inst8  ; CLOCK        ; CLOCK       ; 0.500        ; 0.818      ; 22.807     ;
; -21.378 ; CPU:inst|DATAPATH:inst2|BANK_REGS:inst2|OPC:inst4|REGISTER32bit:inst1|REGISTER8bit:inst|inst16                                                 ; CPU:inst|CONTROL_UNIT:inst|MPC_GENERATOR:inst|inst8                                            ; CLOCK        ; CLOCK       ; 1.000        ; -2.742     ; 19.672     ;
; -21.367 ; CPU:inst|DATAPATH:inst2|BANK_REGS:inst2|PC:inst2|REGISTER32bit:inst1|REGISTER8bit:inst|inst12                                                  ; CPU:inst|CONTROL_UNIT:inst|MPC_GENERATOR:inst|inst8                                            ; CLOCK        ; CLOCK       ; 1.000        ; -2.821     ; 19.582     ;
; -21.330 ; CPU:inst|CONTROL_UNIT:inst|CONTROL_STORE:inst8|altsyncram:altsyncram_component|altsyncram_n6a1:auto_generated|ram_block1a0~porta_address_reg0  ; CPU:inst|DATAPATH:inst2|BANK_REGS:inst2|MAR:inst|REGISTER32bit:inst1|REGISTER8bit:inst3|inst   ; CLOCK        ; CLOCK       ; 0.500        ; 0.818      ; 22.684     ;
; -21.330 ; CPU:inst|CONTROL_UNIT:inst|CONTROL_STORE:inst8|altsyncram:altsyncram_component|altsyncram_n6a1:auto_generated|ram_block1a0~porta_address_reg1  ; CPU:inst|DATAPATH:inst2|BANK_REGS:inst2|MAR:inst|REGISTER32bit:inst1|REGISTER8bit:inst3|inst   ; CLOCK        ; CLOCK       ; 0.500        ; 0.818      ; 22.684     ;
; -21.330 ; CPU:inst|CONTROL_UNIT:inst|CONTROL_STORE:inst8|altsyncram:altsyncram_component|altsyncram_n6a1:auto_generated|ram_block1a0~porta_address_reg2  ; CPU:inst|DATAPATH:inst2|BANK_REGS:inst2|MAR:inst|REGISTER32bit:inst1|REGISTER8bit:inst3|inst   ; CLOCK        ; CLOCK       ; 0.500        ; 0.818      ; 22.684     ;
; -21.330 ; CPU:inst|CONTROL_UNIT:inst|CONTROL_STORE:inst8|altsyncram:altsyncram_component|altsyncram_n6a1:auto_generated|ram_block1a0~porta_address_reg3  ; CPU:inst|DATAPATH:inst2|BANK_REGS:inst2|MAR:inst|REGISTER32bit:inst1|REGISTER8bit:inst3|inst   ; CLOCK        ; CLOCK       ; 0.500        ; 0.818      ; 22.684     ;
; -21.330 ; CPU:inst|CONTROL_UNIT:inst|CONTROL_STORE:inst8|altsyncram:altsyncram_component|altsyncram_n6a1:auto_generated|ram_block1a0~porta_address_reg4  ; CPU:inst|DATAPATH:inst2|BANK_REGS:inst2|MAR:inst|REGISTER32bit:inst1|REGISTER8bit:inst3|inst   ; CLOCK        ; CLOCK       ; 0.500        ; 0.818      ; 22.684     ;
; -21.330 ; CPU:inst|CONTROL_UNIT:inst|CONTROL_STORE:inst8|altsyncram:altsyncram_component|altsyncram_n6a1:auto_generated|ram_block1a0~porta_address_reg5  ; CPU:inst|DATAPATH:inst2|BANK_REGS:inst2|MAR:inst|REGISTER32bit:inst1|REGISTER8bit:inst3|inst   ; CLOCK        ; CLOCK       ; 0.500        ; 0.818      ; 22.684     ;
; -21.330 ; CPU:inst|CONTROL_UNIT:inst|CONTROL_STORE:inst8|altsyncram:altsyncram_component|altsyncram_n6a1:auto_generated|ram_block1a0~porta_address_reg6  ; CPU:inst|DATAPATH:inst2|BANK_REGS:inst2|MAR:inst|REGISTER32bit:inst1|REGISTER8bit:inst3|inst   ; CLOCK        ; CLOCK       ; 0.500        ; 0.818      ; 22.684     ;
; -21.330 ; CPU:inst|CONTROL_UNIT:inst|CONTROL_STORE:inst8|altsyncram:altsyncram_component|altsyncram_n6a1:auto_generated|ram_block1a0~porta_address_reg7  ; CPU:inst|DATAPATH:inst2|BANK_REGS:inst2|MAR:inst|REGISTER32bit:inst1|REGISTER8bit:inst3|inst   ; CLOCK        ; CLOCK       ; 0.500        ; 0.818      ; 22.684     ;
; -21.330 ; CPU:inst|CONTROL_UNIT:inst|CONTROL_STORE:inst8|altsyncram:altsyncram_component|altsyncram_n6a1:auto_generated|ram_block1a0~porta_address_reg8  ; CPU:inst|DATAPATH:inst2|BANK_REGS:inst2|MAR:inst|REGISTER32bit:inst1|REGISTER8bit:inst3|inst   ; CLOCK        ; CLOCK       ; 0.500        ; 0.818      ; 22.684     ;
; -21.320 ; CPU:inst|CONTROL_UNIT:inst|CONTROL_STORE:inst8|altsyncram:altsyncram_component|altsyncram_n6a1:auto_generated|ram_block1a0~porta_address_reg0  ; CPU:inst|CONTROL_UNIT:inst|MPC_GENERATOR:inst|inst1                                            ; CLOCK        ; CLOCK       ; 0.500        ; -0.054     ; 21.802     ;
; -21.320 ; CPU:inst|CONTROL_UNIT:inst|CONTROL_STORE:inst8|altsyncram:altsyncram_component|altsyncram_n6a1:auto_generated|ram_block1a0~porta_address_reg1  ; CPU:inst|CONTROL_UNIT:inst|MPC_GENERATOR:inst|inst1                                            ; CLOCK        ; CLOCK       ; 0.500        ; -0.054     ; 21.802     ;
; -21.320 ; CPU:inst|CONTROL_UNIT:inst|CONTROL_STORE:inst8|altsyncram:altsyncram_component|altsyncram_n6a1:auto_generated|ram_block1a0~porta_address_reg2  ; CPU:inst|CONTROL_UNIT:inst|MPC_GENERATOR:inst|inst1                                            ; CLOCK        ; CLOCK       ; 0.500        ; -0.054     ; 21.802     ;
; -21.320 ; CPU:inst|CONTROL_UNIT:inst|CONTROL_STORE:inst8|altsyncram:altsyncram_component|altsyncram_n6a1:auto_generated|ram_block1a0~porta_address_reg3  ; CPU:inst|CONTROL_UNIT:inst|MPC_GENERATOR:inst|inst1                                            ; CLOCK        ; CLOCK       ; 0.500        ; -0.054     ; 21.802     ;
; -21.320 ; CPU:inst|CONTROL_UNIT:inst|CONTROL_STORE:inst8|altsyncram:altsyncram_component|altsyncram_n6a1:auto_generated|ram_block1a0~porta_address_reg4  ; CPU:inst|CONTROL_UNIT:inst|MPC_GENERATOR:inst|inst1                                            ; CLOCK        ; CLOCK       ; 0.500        ; -0.054     ; 21.802     ;
; -21.320 ; CPU:inst|CONTROL_UNIT:inst|CONTROL_STORE:inst8|altsyncram:altsyncram_component|altsyncram_n6a1:auto_generated|ram_block1a0~porta_address_reg5  ; CPU:inst|CONTROL_UNIT:inst|MPC_GENERATOR:inst|inst1                                            ; CLOCK        ; CLOCK       ; 0.500        ; -0.054     ; 21.802     ;
; -21.320 ; CPU:inst|CONTROL_UNIT:inst|CONTROL_STORE:inst8|altsyncram:altsyncram_component|altsyncram_n6a1:auto_generated|ram_block1a0~porta_address_reg6  ; CPU:inst|CONTROL_UNIT:inst|MPC_GENERATOR:inst|inst1                                            ; CLOCK        ; CLOCK       ; 0.500        ; -0.054     ; 21.802     ;
; -21.320 ; CPU:inst|CONTROL_UNIT:inst|CONTROL_STORE:inst8|altsyncram:altsyncram_component|altsyncram_n6a1:auto_generated|ram_block1a0~porta_address_reg7  ; CPU:inst|CONTROL_UNIT:inst|MPC_GENERATOR:inst|inst1                                            ; CLOCK        ; CLOCK       ; 0.500        ; -0.054     ; 21.802     ;
; -21.320 ; CPU:inst|CONTROL_UNIT:inst|CONTROL_STORE:inst8|altsyncram:altsyncram_component|altsyncram_n6a1:auto_generated|ram_block1a0~porta_address_reg8  ; CPU:inst|CONTROL_UNIT:inst|MPC_GENERATOR:inst|inst1                                            ; CLOCK        ; CLOCK       ; 0.500        ; -0.054     ; 21.802     ;
; -21.290 ; CPU:inst|DATAPATH:inst2|BANK_REGS:inst2|CPP:inst52|REGISTER32bit:inst1|REGISTER8bit:inst|inst5                                                 ; CPU:inst|CONTROL_UNIT:inst|MPC_GENERATOR:inst|inst8                                            ; CLOCK        ; CLOCK       ; 1.000        ; -2.540     ; 19.786     ;
; -21.211 ; CPU:inst|CONTROL_UNIT:inst|CONTROL_STORE:inst8|altsyncram:altsyncram_component|altsyncram_n6a1:auto_generated|ram_block1a0~porta_address_reg0  ; CPU:inst|DATAPATH:inst2|BANK_REGS:inst2|MAR:inst|REGISTER32bit:inst1|REGISTER8bit:inst3|inst12 ; CLOCK        ; CLOCK       ; 0.500        ; 0.812      ; 22.559     ;
; -21.211 ; CPU:inst|CONTROL_UNIT:inst|CONTROL_STORE:inst8|altsyncram:altsyncram_component|altsyncram_n6a1:auto_generated|ram_block1a0~porta_address_reg1  ; CPU:inst|DATAPATH:inst2|BANK_REGS:inst2|MAR:inst|REGISTER32bit:inst1|REGISTER8bit:inst3|inst12 ; CLOCK        ; CLOCK       ; 0.500        ; 0.812      ; 22.559     ;
; -21.211 ; CPU:inst|CONTROL_UNIT:inst|CONTROL_STORE:inst8|altsyncram:altsyncram_component|altsyncram_n6a1:auto_generated|ram_block1a0~porta_address_reg2  ; CPU:inst|DATAPATH:inst2|BANK_REGS:inst2|MAR:inst|REGISTER32bit:inst1|REGISTER8bit:inst3|inst12 ; CLOCK        ; CLOCK       ; 0.500        ; 0.812      ; 22.559     ;
; -21.211 ; CPU:inst|CONTROL_UNIT:inst|CONTROL_STORE:inst8|altsyncram:altsyncram_component|altsyncram_n6a1:auto_generated|ram_block1a0~porta_address_reg3  ; CPU:inst|DATAPATH:inst2|BANK_REGS:inst2|MAR:inst|REGISTER32bit:inst1|REGISTER8bit:inst3|inst12 ; CLOCK        ; CLOCK       ; 0.500        ; 0.812      ; 22.559     ;
; -21.211 ; CPU:inst|CONTROL_UNIT:inst|CONTROL_STORE:inst8|altsyncram:altsyncram_component|altsyncram_n6a1:auto_generated|ram_block1a0~porta_address_reg4  ; CPU:inst|DATAPATH:inst2|BANK_REGS:inst2|MAR:inst|REGISTER32bit:inst1|REGISTER8bit:inst3|inst12 ; CLOCK        ; CLOCK       ; 0.500        ; 0.812      ; 22.559     ;
; -21.211 ; CPU:inst|CONTROL_UNIT:inst|CONTROL_STORE:inst8|altsyncram:altsyncram_component|altsyncram_n6a1:auto_generated|ram_block1a0~porta_address_reg5  ; CPU:inst|DATAPATH:inst2|BANK_REGS:inst2|MAR:inst|REGISTER32bit:inst1|REGISTER8bit:inst3|inst12 ; CLOCK        ; CLOCK       ; 0.500        ; 0.812      ; 22.559     ;
; -21.211 ; CPU:inst|CONTROL_UNIT:inst|CONTROL_STORE:inst8|altsyncram:altsyncram_component|altsyncram_n6a1:auto_generated|ram_block1a0~porta_address_reg6  ; CPU:inst|DATAPATH:inst2|BANK_REGS:inst2|MAR:inst|REGISTER32bit:inst1|REGISTER8bit:inst3|inst12 ; CLOCK        ; CLOCK       ; 0.500        ; 0.812      ; 22.559     ;
; -21.211 ; CPU:inst|CONTROL_UNIT:inst|CONTROL_STORE:inst8|altsyncram:altsyncram_component|altsyncram_n6a1:auto_generated|ram_block1a0~porta_address_reg7  ; CPU:inst|DATAPATH:inst2|BANK_REGS:inst2|MAR:inst|REGISTER32bit:inst1|REGISTER8bit:inst3|inst12 ; CLOCK        ; CLOCK       ; 0.500        ; 0.812      ; 22.559     ;
; -21.211 ; CPU:inst|CONTROL_UNIT:inst|CONTROL_STORE:inst8|altsyncram:altsyncram_component|altsyncram_n6a1:auto_generated|ram_block1a0~porta_address_reg8  ; CPU:inst|DATAPATH:inst2|BANK_REGS:inst2|MAR:inst|REGISTER32bit:inst1|REGISTER8bit:inst3|inst12 ; CLOCK        ; CLOCK       ; 0.500        ; 0.812      ; 22.559     ;
; -21.146 ; CPU:inst|DATAPATH:inst2|BANK_REGS:inst2|CPP:inst52|REGISTER32bit:inst1|REGISTER8bit:inst|inst12                                                ; CPU:inst|CONTROL_UNIT:inst|MPC_GENERATOR:inst|inst8                                            ; CLOCK        ; CLOCK       ; 1.000        ; -2.539     ; 19.643     ;
; -21.136 ; CPU:inst|DATAPATH:inst2|BANK_REGS:inst2|OPC:inst4|REGISTER32bit:inst1|REGISTER8bit:inst|inst                                                   ; CPU:inst|CONTROL_UNIT:inst|MPC_GENERATOR:inst|inst8                                            ; CLOCK        ; CLOCK       ; 1.000        ; -2.742     ; 19.430     ;
; -21.125 ; CPU:inst|DATAPATH:inst2|BANK_REGS:inst2|MDR:inst1|REGISTER32bit:inst1|REGISTER8bit:inst|inst20                                                 ; CPU:inst|CONTROL_UNIT:inst|MPC_GENERATOR:inst|inst8                                            ; CLOCK        ; CLOCK       ; 1.000        ; -3.165     ; 18.996     ;
; -21.117 ; CPU:inst|CONTROL_UNIT:inst|CONTROL_STORE:inst8|altsyncram:altsyncram_component|altsyncram_n6a1:auto_generated|ram_block1a16~porta_address_reg0 ; CPU:inst|CONTROL_UNIT:inst|MPC_GENERATOR:inst|inst8                                            ; CLOCK        ; CLOCK       ; 0.500        ; -0.044     ; 21.609     ;
; -21.117 ; CPU:inst|CONTROL_UNIT:inst|CONTROL_STORE:inst8|altsyncram:altsyncram_component|altsyncram_n6a1:auto_generated|ram_block1a16~porta_address_reg1 ; CPU:inst|CONTROL_UNIT:inst|MPC_GENERATOR:inst|inst8                                            ; CLOCK        ; CLOCK       ; 0.500        ; -0.044     ; 21.609     ;
; -21.117 ; CPU:inst|CONTROL_UNIT:inst|CONTROL_STORE:inst8|altsyncram:altsyncram_component|altsyncram_n6a1:auto_generated|ram_block1a16~porta_address_reg2 ; CPU:inst|CONTROL_UNIT:inst|MPC_GENERATOR:inst|inst8                                            ; CLOCK        ; CLOCK       ; 0.500        ; -0.044     ; 21.609     ;
; -21.117 ; CPU:inst|CONTROL_UNIT:inst|CONTROL_STORE:inst8|altsyncram:altsyncram_component|altsyncram_n6a1:auto_generated|ram_block1a16~porta_address_reg3 ; CPU:inst|CONTROL_UNIT:inst|MPC_GENERATOR:inst|inst8                                            ; CLOCK        ; CLOCK       ; 0.500        ; -0.044     ; 21.609     ;
; -21.117 ; CPU:inst|CONTROL_UNIT:inst|CONTROL_STORE:inst8|altsyncram:altsyncram_component|altsyncram_n6a1:auto_generated|ram_block1a16~porta_address_reg4 ; CPU:inst|CONTROL_UNIT:inst|MPC_GENERATOR:inst|inst8                                            ; CLOCK        ; CLOCK       ; 0.500        ; -0.044     ; 21.609     ;
; -21.117 ; CPU:inst|CONTROL_UNIT:inst|CONTROL_STORE:inst8|altsyncram:altsyncram_component|altsyncram_n6a1:auto_generated|ram_block1a16~porta_address_reg5 ; CPU:inst|CONTROL_UNIT:inst|MPC_GENERATOR:inst|inst8                                            ; CLOCK        ; CLOCK       ; 0.500        ; -0.044     ; 21.609     ;
; -21.117 ; CPU:inst|CONTROL_UNIT:inst|CONTROL_STORE:inst8|altsyncram:altsyncram_component|altsyncram_n6a1:auto_generated|ram_block1a16~porta_address_reg6 ; CPU:inst|CONTROL_UNIT:inst|MPC_GENERATOR:inst|inst8                                            ; CLOCK        ; CLOCK       ; 0.500        ; -0.044     ; 21.609     ;
; -21.117 ; CPU:inst|CONTROL_UNIT:inst|CONTROL_STORE:inst8|altsyncram:altsyncram_component|altsyncram_n6a1:auto_generated|ram_block1a16~porta_address_reg7 ; CPU:inst|CONTROL_UNIT:inst|MPC_GENERATOR:inst|inst8                                            ; CLOCK        ; CLOCK       ; 0.500        ; -0.044     ; 21.609     ;
; -21.117 ; CPU:inst|CONTROL_UNIT:inst|CONTROL_STORE:inst8|altsyncram:altsyncram_component|altsyncram_n6a1:auto_generated|ram_block1a16~porta_address_reg8 ; CPU:inst|CONTROL_UNIT:inst|MPC_GENERATOR:inst|inst8                                            ; CLOCK        ; CLOCK       ; 0.500        ; -0.044     ; 21.609     ;
; -21.087 ; CPU:inst|DATAPATH:inst2|BANK_REGS:inst2|PC:inst2|REGISTER32bit:inst1|REGISTER8bit:inst|inst5                                                   ; CPU:inst|CONTROL_UNIT:inst|MPC_GENERATOR:inst|inst8                                            ; CLOCK        ; CLOCK       ; 1.000        ; -2.821     ; 19.302     ;
; -21.082 ; CPU:inst|DATAPATH:inst2|BANK_REGS:inst2|CPP:inst52|REGISTER32bit:inst1|REGISTER8bit:inst|inst8                                                 ; CPU:inst|CONTROL_UNIT:inst|MPC_GENERATOR:inst|inst8                                            ; CLOCK        ; CLOCK       ; 1.000        ; -2.540     ; 19.578     ;
; -21.069 ; CPU:inst|DATAPATH:inst2|BANK_REGS:inst2|OPC:inst4|REGISTER32bit:inst1|REGISTER8bit:inst|inst12                                                 ; CPU:inst|CONTROL_UNIT:inst|MPC_GENERATOR:inst|inst8                                            ; CLOCK        ; CLOCK       ; 1.000        ; -2.742     ; 19.363     ;
; -20.960 ; CPU:inst|DATAPATH:inst2|BANK_REGS:inst2|CPP:inst52|REGISTER32bit:inst1|REGISTER8bit:inst|inst16                                                ; CPU:inst|CONTROL_UNIT:inst|MPC_GENERATOR:inst|inst8                                            ; CLOCK        ; CLOCK       ; 1.000        ; -2.539     ; 19.457     ;
; -20.922 ; CPU:inst|DATAPATH:inst2|BANK_REGS:inst2|PC:inst2|REGISTER32bit:inst1|REGISTER8bit:inst|inst8                                                   ; CPU:inst|CONTROL_UNIT:inst|MPC_GENERATOR:inst|inst8                                            ; CLOCK        ; CLOCK       ; 1.000        ; -2.821     ; 19.137     ;
; -20.920 ; CPU:inst|DATAPATH:inst2|BANK_REGS:inst2|TOS:inst53|REGISTER32bit:inst1|REGISTER8bit:inst|inst8                                                 ; CPU:inst|CONTROL_UNIT:inst|MPC_GENERATOR:inst|inst8                                            ; CLOCK        ; CLOCK       ; 1.000        ; -2.830     ; 19.126     ;
; -20.909 ; CPU:inst|DATAPATH:inst2|BANK_REGS:inst2|H:inst5|REGISTER32bit:inst1|REGISTER8bit:inst|inst16                                                   ; CPU:inst|CONTROL_UNIT:inst|MPC_GENERATOR:inst|inst8                                            ; CLOCK        ; CLOCK       ; 1.000        ; -2.784     ; 19.161     ;
; -20.893 ; CPU:inst|DATAPATH:inst2|BANK_REGS:inst2|H:inst5|REGISTER32bit:inst1|REGISTER8bit:inst|inst5                                                    ; CPU:inst|CONTROL_UNIT:inst|MPC_GENERATOR:inst|inst8                                            ; CLOCK        ; CLOCK       ; 1.000        ; -2.784     ; 19.145     ;
; -20.885 ; CPU:inst|DATAPATH:inst2|BANK_REGS:inst2|OPC:inst4|REGISTER32bit:inst1|REGISTER8bit:inst|inst5                                                  ; CPU:inst|CONTROL_UNIT:inst|MPC_GENERATOR:inst|inst8                                            ; CLOCK        ; CLOCK       ; 1.000        ; -2.742     ; 19.179     ;
; -20.879 ; CPU:inst|DATAPATH:inst2|BANK_REGS:inst2|TOS:inst53|REGISTER32bit:inst1|REGISTER8bit:inst|inst16                                                ; CPU:inst|CONTROL_UNIT:inst|MPC_GENERATOR:inst|inst8                                            ; CLOCK        ; CLOCK       ; 1.000        ; -2.830     ; 19.085     ;
; -20.843 ; CPU:inst|DATAPATH:inst2|BANK_REGS:inst2|SP:inst50|REGISTER32bit:inst1|REGISTER8bit:inst|inst16                                                 ; CPU:inst|CONTROL_UNIT:inst|MPC_GENERATOR:inst|inst8                                            ; CLOCK        ; CLOCK       ; 1.000        ; -2.812     ; 19.067     ;
; -20.828 ; CPU:inst|DATAPATH:inst2|BANK_REGS:inst2|H:inst5|REGISTER32bit:inst1|REGISTER8bit:inst|inst                                                     ; CPU:inst|CONTROL_UNIT:inst|MPC_GENERATOR:inst|inst8                                            ; CLOCK        ; CLOCK       ; 1.000        ; -2.771     ; 19.093     ;
; -20.815 ; CPU:inst|DATAPATH:inst2|BANK_REGS:inst2|TOS:inst53|REGISTER32bit:inst1|REGISTER8bit:inst|inst                                                  ; CPU:inst|CONTROL_UNIT:inst|MPC_GENERATOR:inst|inst8                                            ; CLOCK        ; CLOCK       ; 1.000        ; -2.830     ; 19.021     ;
; -20.813 ; CPU:inst|DATAPATH:inst2|BANK_REGS:inst2|H:inst5|REGISTER32bit:inst1|REGISTER8bit:inst|inst8                                                    ; CPU:inst|CONTROL_UNIT:inst|MPC_GENERATOR:inst|inst8                                            ; CLOCK        ; CLOCK       ; 1.000        ; -2.778     ; 19.071     ;
; -20.783 ; CPU:inst|CONTROL_UNIT:inst|CONTROL_STORE:inst8|altsyncram:altsyncram_component|altsyncram_n6a1:auto_generated|ram_block1a0~porta_address_reg0  ; CPU:inst|DATAPATH:inst2|BANK_REGS:inst2|MAR:inst|REGISTER32bit:inst1|REGISTER8bit:inst3|inst16 ; CLOCK        ; CLOCK       ; 0.500        ; 0.818      ; 22.137     ;
; -20.783 ; CPU:inst|CONTROL_UNIT:inst|CONTROL_STORE:inst8|altsyncram:altsyncram_component|altsyncram_n6a1:auto_generated|ram_block1a0~porta_address_reg1  ; CPU:inst|DATAPATH:inst2|BANK_REGS:inst2|MAR:inst|REGISTER32bit:inst1|REGISTER8bit:inst3|inst16 ; CLOCK        ; CLOCK       ; 0.500        ; 0.818      ; 22.137     ;
; -20.783 ; CPU:inst|CONTROL_UNIT:inst|CONTROL_STORE:inst8|altsyncram:altsyncram_component|altsyncram_n6a1:auto_generated|ram_block1a0~porta_address_reg2  ; CPU:inst|DATAPATH:inst2|BANK_REGS:inst2|MAR:inst|REGISTER32bit:inst1|REGISTER8bit:inst3|inst16 ; CLOCK        ; CLOCK       ; 0.500        ; 0.818      ; 22.137     ;
; -20.783 ; CPU:inst|CONTROL_UNIT:inst|CONTROL_STORE:inst8|altsyncram:altsyncram_component|altsyncram_n6a1:auto_generated|ram_block1a0~porta_address_reg3  ; CPU:inst|DATAPATH:inst2|BANK_REGS:inst2|MAR:inst|REGISTER32bit:inst1|REGISTER8bit:inst3|inst16 ; CLOCK        ; CLOCK       ; 0.500        ; 0.818      ; 22.137     ;
; -20.783 ; CPU:inst|CONTROL_UNIT:inst|CONTROL_STORE:inst8|altsyncram:altsyncram_component|altsyncram_n6a1:auto_generated|ram_block1a0~porta_address_reg4  ; CPU:inst|DATAPATH:inst2|BANK_REGS:inst2|MAR:inst|REGISTER32bit:inst1|REGISTER8bit:inst3|inst16 ; CLOCK        ; CLOCK       ; 0.500        ; 0.818      ; 22.137     ;
; -20.783 ; CPU:inst|CONTROL_UNIT:inst|CONTROL_STORE:inst8|altsyncram:altsyncram_component|altsyncram_n6a1:auto_generated|ram_block1a0~porta_address_reg5  ; CPU:inst|DATAPATH:inst2|BANK_REGS:inst2|MAR:inst|REGISTER32bit:inst1|REGISTER8bit:inst3|inst16 ; CLOCK        ; CLOCK       ; 0.500        ; 0.818      ; 22.137     ;
; -20.783 ; CPU:inst|CONTROL_UNIT:inst|CONTROL_STORE:inst8|altsyncram:altsyncram_component|altsyncram_n6a1:auto_generated|ram_block1a0~porta_address_reg6  ; CPU:inst|DATAPATH:inst2|BANK_REGS:inst2|MAR:inst|REGISTER32bit:inst1|REGISTER8bit:inst3|inst16 ; CLOCK        ; CLOCK       ; 0.500        ; 0.818      ; 22.137     ;
; -20.783 ; CPU:inst|CONTROL_UNIT:inst|CONTROL_STORE:inst8|altsyncram:altsyncram_component|altsyncram_n6a1:auto_generated|ram_block1a0~porta_address_reg7  ; CPU:inst|DATAPATH:inst2|BANK_REGS:inst2|MAR:inst|REGISTER32bit:inst1|REGISTER8bit:inst3|inst16 ; CLOCK        ; CLOCK       ; 0.500        ; 0.818      ; 22.137     ;
; -20.783 ; CPU:inst|CONTROL_UNIT:inst|CONTROL_STORE:inst8|altsyncram:altsyncram_component|altsyncram_n6a1:auto_generated|ram_block1a0~porta_address_reg8  ; CPU:inst|DATAPATH:inst2|BANK_REGS:inst2|MAR:inst|REGISTER32bit:inst1|REGISTER8bit:inst3|inst16 ; CLOCK        ; CLOCK       ; 0.500        ; 0.818      ; 22.137     ;
+---------+------------------------------------------------------------------------------------------------------------------------------------------------+------------------------------------------------------------------------------------------------+--------------+-------------+--------------+------------+------------+


+-----------------------------------------------------------------------------------------------------------------------------------------------------------------------------------------------------------------------------------------------------------------------------------------------------------------------------------------+
; Slow Model Hold: 'CLOCK'                                                                                                                                                                                                                                                                                                                ;
+--------+----------------------------------------------------------------------------------------------------------+-----------------------------------------------------------------------------------------------------------------------------------------------+--------------+-------------+--------------+------------+------------+
; Slack  ; From Node                                                                                                ; To Node                                                                                                                                       ; Launch Clock ; Latch Clock ; Relationship ; Clock Skew ; Data Delay ;
+--------+----------------------------------------------------------------------------------------------------------+-----------------------------------------------------------------------------------------------------------------------------------------------+--------------+-------------+--------------+------------+------------+
; -0.697 ; CPU:inst|DATAPATH:inst2|BANK_REGS:inst2|MDR:inst1|inst13                                                 ; CPU:inst|DATAPATH:inst2|BANK_REGS:inst2|MDR:inst1|REGISTER32bit:inst1|REGISTER8bit:inst2|inst20                                               ; CLOCK        ; CLOCK       ; -0.500       ; 3.235      ; 2.304      ;
; -0.697 ; CPU:inst|DATAPATH:inst2|BANK_REGS:inst2|MDR:inst1|inst13                                                 ; CPU:inst|DATAPATH:inst2|BANK_REGS:inst2|MDR:inst1|REGISTER32bit:inst1|REGISTER8bit:inst3|inst24                                               ; CLOCK        ; CLOCK       ; -0.500       ; 3.235      ; 2.304      ;
; -0.697 ; CPU:inst|DATAPATH:inst2|BANK_REGS:inst2|MDR:inst1|inst13                                                 ; CPU:inst|DATAPATH:inst2|BANK_REGS:inst2|MDR:inst1|REGISTER32bit:inst1|REGISTER8bit:inst1|inst28                                               ; CLOCK        ; CLOCK       ; -0.500       ; 3.235      ; 2.304      ;
; -0.563 ; CPU:inst|DATAPATH:inst2|BANK_REGS:inst2|MDR:inst1|inst13                                                 ; CPU:inst|DATAPATH:inst2|BANK_REGS:inst2|MDR:inst1|REGISTER32bit:inst1|REGISTER8bit:inst3|inst5                                                ; CLOCK        ; CLOCK       ; -0.500       ; 3.237      ; 2.440      ;
; -0.533 ; CPU:inst|DATAPATH:inst2|BANK_REGS:inst2|MDR:inst1|inst13                                                 ; CPU:inst|DATAPATH:inst2|BANK_REGS:inst2|MDR:inst1|REGISTER32bit:inst1|REGISTER8bit:inst2|inst28                                               ; CLOCK        ; CLOCK       ; -0.500       ; 3.232      ; 2.465      ;
; -0.533 ; CPU:inst|DATAPATH:inst2|BANK_REGS:inst2|MDR:inst1|inst13                                                 ; CPU:inst|DATAPATH:inst2|BANK_REGS:inst2|MDR:inst1|REGISTER32bit:inst1|REGISTER8bit:inst2|inst5                                                ; CLOCK        ; CLOCK       ; -0.500       ; 3.232      ; 2.465      ;
; -0.528 ; CPU:inst|DATAPATH:inst2|BANK_REGS:inst2|MDR:inst1|inst13                                                 ; CPU:inst|DATAPATH:inst2|BANK_REGS:inst2|MDR:inst1|REGISTER32bit:inst1|REGISTER8bit:inst2|inst24                                               ; CLOCK        ; CLOCK       ; -0.500       ; 3.232      ; 2.470      ;
; -0.528 ; CPU:inst|DATAPATH:inst2|BANK_REGS:inst2|MDR:inst1|inst13                                                 ; CPU:inst|DATAPATH:inst2|BANK_REGS:inst2|MDR:inst1|REGISTER32bit:inst1|REGISTER8bit:inst2|inst8                                                ; CLOCK        ; CLOCK       ; -0.500       ; 3.232      ; 2.470      ;
; -0.460 ; CPU:inst|DATAPATH:inst2|BANK_REGS:inst2|MDR:inst1|inst13                                                 ; CPU:inst|DATAPATH:inst2|BANK_REGS:inst2|MDR:inst1|REGISTER32bit:inst1|REGISTER8bit:inst1|inst                                                 ; CLOCK        ; CLOCK       ; -0.500       ; 3.237      ; 2.543      ;
; -0.460 ; CPU:inst|DATAPATH:inst2|BANK_REGS:inst2|MDR:inst1|inst13                                                 ; CPU:inst|DATAPATH:inst2|BANK_REGS:inst2|MDR:inst1|REGISTER32bit:inst1|REGISTER8bit:inst3|inst28                                               ; CLOCK        ; CLOCK       ; -0.500       ; 3.237      ; 2.543      ;
; -0.460 ; CPU:inst|DATAPATH:inst2|BANK_REGS:inst2|MDR:inst1|inst13                                                 ; CPU:inst|DATAPATH:inst2|BANK_REGS:inst2|MDR:inst1|REGISTER32bit:inst1|REGISTER8bit:inst2|inst                                                 ; CLOCK        ; CLOCK       ; -0.500       ; 3.237      ; 2.543      ;
; -0.460 ; CPU:inst|DATAPATH:inst2|BANK_REGS:inst2|MDR:inst1|inst13                                                 ; CPU:inst|DATAPATH:inst2|BANK_REGS:inst2|MDR:inst1|REGISTER32bit:inst1|REGISTER8bit:inst3|inst                                                 ; CLOCK        ; CLOCK       ; -0.500       ; 3.237      ; 2.543      ;
; -0.460 ; CPU:inst|DATAPATH:inst2|BANK_REGS:inst2|MDR:inst1|inst13                                                 ; CPU:inst|DATAPATH:inst2|BANK_REGS:inst2|MDR:inst1|REGISTER32bit:inst1|REGISTER8bit:inst3|inst12                                               ; CLOCK        ; CLOCK       ; -0.500       ; 3.237      ; 2.543      ;
; -0.460 ; CPU:inst|DATAPATH:inst2|BANK_REGS:inst2|MDR:inst1|inst13                                                 ; CPU:inst|DATAPATH:inst2|BANK_REGS:inst2|MDR:inst1|REGISTER32bit:inst1|REGISTER8bit:inst3|inst20                                               ; CLOCK        ; CLOCK       ; -0.500       ; 3.237      ; 2.543      ;
; -0.395 ; CPU:inst|DATAPATH:inst2|BANK_REGS:inst2|MDR:inst1|inst13                                                 ; CPU:inst|DATAPATH:inst2|BANK_REGS:inst2|MDR:inst1|REGISTER32bit:inst1|REGISTER8bit:inst|inst28                                                ; CLOCK        ; CLOCK       ; -0.500       ; 3.231      ; 2.602      ;
; -0.375 ; CPU:inst|DATAPATH:inst2|BANK_REGS:inst2|MDR:inst1|inst13                                                 ; CPU:inst|DATAPATH:inst2|BANK_REGS:inst2|MDR:inst1|REGISTER32bit:inst1|REGISTER8bit:inst|inst5                                                 ; CLOCK        ; CLOCK       ; -0.500       ; 3.230      ; 2.621      ;
; -0.374 ; CPU:inst|DATAPATH:inst2|BANK_REGS:inst2|MDR:inst1|inst13                                                 ; CPU:inst|DATAPATH:inst2|BANK_REGS:inst2|MDR:inst1|REGISTER32bit:inst1|REGISTER8bit:inst|inst20                                                ; CLOCK        ; CLOCK       ; -0.500       ; 3.230      ; 2.622      ;
; -0.293 ; CPU:inst|DATAPATH:inst2|BANK_REGS:inst2|MDR:inst1|inst13                                                 ; CPU:inst|DATAPATH:inst2|BANK_REGS:inst2|MDR:inst1|REGISTER32bit:inst1|REGISTER8bit:inst1|inst5                                                ; CLOCK        ; CLOCK       ; -0.500       ; 3.231      ; 2.704      ;
; -0.293 ; CPU:inst|DATAPATH:inst2|BANK_REGS:inst2|MDR:inst1|inst13                                                 ; CPU:inst|DATAPATH:inst2|BANK_REGS:inst2|MDR:inst1|REGISTER32bit:inst1|REGISTER8bit:inst1|inst12                                               ; CLOCK        ; CLOCK       ; -0.500       ; 3.231      ; 2.704      ;
; -0.074 ; CPU:inst|DATAPATH:inst2|BANK_REGS:inst2|MDR:inst1|inst13                                                 ; CPU:inst|DATAPATH:inst2|BANK_REGS:inst2|MDR:inst1|REGISTER32bit:inst1|REGISTER8bit:inst|inst                                                  ; CLOCK        ; CLOCK       ; -0.500       ; 3.230      ; 2.922      ;
; -0.073 ; CPU:inst|DATAPATH:inst2|BANK_REGS:inst2|MDR:inst1|inst13                                                 ; CPU:inst|DATAPATH:inst2|BANK_REGS:inst2|MDR:inst1|REGISTER32bit:inst1|REGISTER8bit:inst|inst24                                                ; CLOCK        ; CLOCK       ; -0.500       ; 3.230      ; 2.923      ;
; -0.073 ; CPU:inst|DATAPATH:inst2|BANK_REGS:inst2|MDR:inst1|inst13                                                 ; CPU:inst|DATAPATH:inst2|BANK_REGS:inst2|MDR:inst1|REGISTER32bit:inst1|REGISTER8bit:inst|inst12                                                ; CLOCK        ; CLOCK       ; -0.500       ; 3.230      ; 2.923      ;
; -0.070 ; CPU:inst|DATAPATH:inst2|BANK_REGS:inst2|MDR:inst1|inst13                                                 ; CPU:inst|DATAPATH:inst2|BANK_REGS:inst2|MDR:inst1|REGISTER32bit:inst1|REGISTER8bit:inst|inst16                                                ; CLOCK        ; CLOCK       ; -0.500       ; 3.230      ; 2.926      ;
; -0.067 ; CPU:inst|DATAPATH:inst2|BANK_REGS:inst2|MDR:inst1|inst13                                                 ; CPU:inst|DATAPATH:inst2|BANK_REGS:inst2|MDR:inst1|REGISTER32bit:inst1|REGISTER8bit:inst|inst8                                                 ; CLOCK        ; CLOCK       ; -0.500       ; 3.230      ; 2.929      ;
; -0.064 ; CPU:inst|DATAPATH:inst2|BANK_REGS:inst2|MDR:inst1|inst13                                                 ; CPU:inst|DATAPATH:inst2|BANK_REGS:inst2|MDR:inst1|REGISTER32bit:inst1|REGISTER8bit:inst3|inst8                                                ; CLOCK        ; CLOCK       ; -0.500       ; 3.239      ; 2.941      ;
; -0.064 ; CPU:inst|DATAPATH:inst2|BANK_REGS:inst2|MDR:inst1|inst13                                                 ; CPU:inst|DATAPATH:inst2|BANK_REGS:inst2|MDR:inst1|REGISTER32bit:inst1|REGISTER8bit:inst2|inst16                                               ; CLOCK        ; CLOCK       ; -0.500       ; 3.239      ; 2.941      ;
; -0.064 ; CPU:inst|DATAPATH:inst2|BANK_REGS:inst2|MDR:inst1|inst13                                                 ; CPU:inst|DATAPATH:inst2|BANK_REGS:inst2|MDR:inst1|REGISTER32bit:inst1|REGISTER8bit:inst2|inst12                                               ; CLOCK        ; CLOCK       ; -0.500       ; 3.239      ; 2.941      ;
; -0.064 ; CPU:inst|DATAPATH:inst2|BANK_REGS:inst2|MDR:inst1|inst13                                                 ; CPU:inst|DATAPATH:inst2|BANK_REGS:inst2|MDR:inst1|REGISTER32bit:inst1|REGISTER8bit:inst3|inst16                                               ; CLOCK        ; CLOCK       ; -0.500       ; 3.239      ; 2.941      ;
; 0.031  ; CPU:inst|DATAPATH:inst2|BANK_REGS:inst2|MDR:inst1|inst13                                                 ; CPU:inst|DATAPATH:inst2|BANK_REGS:inst2|MDR:inst1|REGISTER32bit:inst1|REGISTER8bit:inst1|inst8                                                ; CLOCK        ; CLOCK       ; -0.500       ; 3.230      ; 3.027      ;
; 0.031  ; CPU:inst|DATAPATH:inst2|BANK_REGS:inst2|MDR:inst1|inst13                                                 ; CPU:inst|DATAPATH:inst2|BANK_REGS:inst2|MDR:inst1|REGISTER32bit:inst1|REGISTER8bit:inst1|inst20                                               ; CLOCK        ; CLOCK       ; -0.500       ; 3.230      ; 3.027      ;
; 0.031  ; CPU:inst|DATAPATH:inst2|BANK_REGS:inst2|MDR:inst1|inst13                                                 ; CPU:inst|DATAPATH:inst2|BANK_REGS:inst2|MDR:inst1|REGISTER32bit:inst1|REGISTER8bit:inst1|inst16                                               ; CLOCK        ; CLOCK       ; -0.500       ; 3.230      ; 3.027      ;
; 0.031  ; CPU:inst|DATAPATH:inst2|BANK_REGS:inst2|MDR:inst1|inst13                                                 ; CPU:inst|DATAPATH:inst2|BANK_REGS:inst2|MDR:inst1|REGISTER32bit:inst1|REGISTER8bit:inst1|inst24                                               ; CLOCK        ; CLOCK       ; -0.500       ; 3.230      ; 3.027      ;
; 0.671  ; CPU:inst|DATAPATH:inst2|BANK_REGS:inst2|MBR:inst3|REGISTER32bit:inst1|REGISTER8bit:inst|inst12           ; CPU:inst|DATAPATH:inst2|BANK_REGS:inst2|CPP:inst52|REGISTER32bit:inst1|REGISTER8bit:inst|inst8                                                ; CLOCK        ; CLOCK       ; 0.000        ; 1.548      ; 2.485      ;
; 1.255  ; CPU:inst|DATAPATH:inst2|BANK_REGS:inst2|MBR:inst3|REGISTER32bit:inst1|REGISTER8bit:inst|inst8            ; CPU:inst|DATAPATH:inst2|BANK_REGS:inst2|CPP:inst52|REGISTER32bit:inst1|REGISTER8bit:inst|inst8                                                ; CLOCK        ; CLOCK       ; 0.000        ; 1.549      ; 3.070      ;
; 1.258  ; CPU:inst|DATAPATH:inst2|BANK_REGS:inst2|MBR:inst3|REGISTER32bit:inst1|REGISTER8bit:inst|inst12           ; CPU:inst|DATAPATH:inst2|BANK_REGS:inst2|MDR:inst1|REGISTER32bit:inst1|REGISTER8bit:inst|inst12                                                ; CLOCK        ; CLOCK       ; 0.000        ; 2.173      ; 3.697      ;
; 1.260  ; CPU:inst|DATAPATH:inst2|BANK_REGS:inst2|MBR:inst3|REGISTER32bit:inst1|REGISTER8bit:inst|inst20           ; CPU:inst|DATAPATH:inst2|BANK_REGS:inst2|SP:inst50|REGISTER32bit:inst1|REGISTER8bit:inst|inst20                                                ; CLOCK        ; CLOCK       ; 0.000        ; 1.820      ; 3.346      ;
; 1.321  ; CPU:inst|DATAPATH:inst2|BANK_REGS:inst2|MBR:inst3|REGISTER32bit:inst1|REGISTER8bit:inst|inst12           ; CPU:inst|DATAPATH:inst2|BANK_REGS:inst2|MDR:inst1|REGISTER32bit:inst1|REGISTER8bit:inst|inst8                                                 ; CLOCK        ; CLOCK       ; 0.000        ; 2.173      ; 3.760      ;
; 1.339  ; RAM:inst3|altsyncram:altsyncram_component|altsyncram_fcb2:auto_generated|ram_block1a4~portb_we_reg       ; CPU:inst|DATAPATH:inst2|BANK_REGS:inst2|MDR:inst1|REGISTER32bit:inst1|REGISTER8bit:inst|inst16                                                ; CLOCK        ; CLOCK       ; -0.500       ; 3.088      ; 4.193      ;
; 1.339  ; RAM:inst3|altsyncram:altsyncram_component|altsyncram_fcb2:auto_generated|ram_block1a4~portb_address_reg0 ; CPU:inst|DATAPATH:inst2|BANK_REGS:inst2|MDR:inst1|REGISTER32bit:inst1|REGISTER8bit:inst|inst16                                                ; CLOCK        ; CLOCK       ; -0.500       ; 3.088      ; 4.193      ;
; 1.339  ; RAM:inst3|altsyncram:altsyncram_component|altsyncram_fcb2:auto_generated|ram_block1a4~portb_address_reg1 ; CPU:inst|DATAPATH:inst2|BANK_REGS:inst2|MDR:inst1|REGISTER32bit:inst1|REGISTER8bit:inst|inst16                                                ; CLOCK        ; CLOCK       ; -0.500       ; 3.088      ; 4.193      ;
; 1.339  ; RAM:inst3|altsyncram:altsyncram_component|altsyncram_fcb2:auto_generated|ram_block1a4~portb_address_reg2 ; CPU:inst|DATAPATH:inst2|BANK_REGS:inst2|MDR:inst1|REGISTER32bit:inst1|REGISTER8bit:inst|inst16                                                ; CLOCK        ; CLOCK       ; -0.500       ; 3.088      ; 4.193      ;
; 1.339  ; RAM:inst3|altsyncram:altsyncram_component|altsyncram_fcb2:auto_generated|ram_block1a4~portb_address_reg3 ; CPU:inst|DATAPATH:inst2|BANK_REGS:inst2|MDR:inst1|REGISTER32bit:inst1|REGISTER8bit:inst|inst16                                                ; CLOCK        ; CLOCK       ; -0.500       ; 3.088      ; 4.193      ;
; 1.339  ; RAM:inst3|altsyncram:altsyncram_component|altsyncram_fcb2:auto_generated|ram_block1a4~portb_address_reg4 ; CPU:inst|DATAPATH:inst2|BANK_REGS:inst2|MDR:inst1|REGISTER32bit:inst1|REGISTER8bit:inst|inst16                                                ; CLOCK        ; CLOCK       ; -0.500       ; 3.088      ; 4.193      ;
; 1.339  ; RAM:inst3|altsyncram:altsyncram_component|altsyncram_fcb2:auto_generated|ram_block1a4~portb_address_reg5 ; CPU:inst|DATAPATH:inst2|BANK_REGS:inst2|MDR:inst1|REGISTER32bit:inst1|REGISTER8bit:inst|inst16                                                ; CLOCK        ; CLOCK       ; -0.500       ; 3.088      ; 4.193      ;
; 1.339  ; RAM:inst3|altsyncram:altsyncram_component|altsyncram_fcb2:auto_generated|ram_block1a4~portb_address_reg6 ; CPU:inst|DATAPATH:inst2|BANK_REGS:inst2|MDR:inst1|REGISTER32bit:inst1|REGISTER8bit:inst|inst16                                                ; CLOCK        ; CLOCK       ; -0.500       ; 3.088      ; 4.193      ;
; 1.339  ; RAM:inst3|altsyncram:altsyncram_component|altsyncram_fcb2:auto_generated|ram_block1a4~portb_address_reg7 ; CPU:inst|DATAPATH:inst2|BANK_REGS:inst2|MDR:inst1|REGISTER32bit:inst1|REGISTER8bit:inst|inst16                                                ; CLOCK        ; CLOCK       ; -0.500       ; 3.088      ; 4.193      ;
; 1.339  ; RAM:inst3|altsyncram:altsyncram_component|altsyncram_fcb2:auto_generated|ram_block1a4~portb_address_reg8 ; CPU:inst|DATAPATH:inst2|BANK_REGS:inst2|MDR:inst1|REGISTER32bit:inst1|REGISTER8bit:inst|inst16                                                ; CLOCK        ; CLOCK       ; -0.500       ; 3.088      ; 4.193      ;
; 1.339  ; RAM:inst3|altsyncram:altsyncram_component|altsyncram_fcb2:auto_generated|ram_block1a4~portb_address_reg9 ; CPU:inst|DATAPATH:inst2|BANK_REGS:inst2|MDR:inst1|REGISTER32bit:inst1|REGISTER8bit:inst|inst16                                                ; CLOCK        ; CLOCK       ; -0.500       ; 3.088      ; 4.193      ;
; 1.350  ; CPU:inst|DATAPATH:inst2|BANK_REGS:inst2|MBR:inst3|REGISTER32bit:inst5|REGISTER8bit:inst|inst28           ; CPU:inst|DATAPATH:inst2|BANK_REGS:inst2|PC:inst2|REGISTER32bit:inst1|REGISTER8bit:inst|inst24                                                 ; CLOCK        ; CLOCK       ; 0.000        ; 1.843      ; 3.459      ;
; 1.356  ; RAM:inst3|altsyncram:altsyncram_component|altsyncram_fcb2:auto_generated|ram_block1a4~portb_we_reg       ; CPU:inst|DATAPATH:inst2|BANK_REGS:inst2|MDR:inst1|REGISTER32bit:inst1|REGISTER8bit:inst1|inst12                                               ; CLOCK        ; CLOCK       ; -0.500       ; 3.089      ; 4.211      ;
; 1.356  ; RAM:inst3|altsyncram:altsyncram_component|altsyncram_fcb2:auto_generated|ram_block1a4~portb_address_reg0 ; CPU:inst|DATAPATH:inst2|BANK_REGS:inst2|MDR:inst1|REGISTER32bit:inst1|REGISTER8bit:inst1|inst12                                               ; CLOCK        ; CLOCK       ; -0.500       ; 3.089      ; 4.211      ;
; 1.356  ; RAM:inst3|altsyncram:altsyncram_component|altsyncram_fcb2:auto_generated|ram_block1a4~portb_address_reg1 ; CPU:inst|DATAPATH:inst2|BANK_REGS:inst2|MDR:inst1|REGISTER32bit:inst1|REGISTER8bit:inst1|inst12                                               ; CLOCK        ; CLOCK       ; -0.500       ; 3.089      ; 4.211      ;
; 1.356  ; RAM:inst3|altsyncram:altsyncram_component|altsyncram_fcb2:auto_generated|ram_block1a4~portb_address_reg2 ; CPU:inst|DATAPATH:inst2|BANK_REGS:inst2|MDR:inst1|REGISTER32bit:inst1|REGISTER8bit:inst1|inst12                                               ; CLOCK        ; CLOCK       ; -0.500       ; 3.089      ; 4.211      ;
; 1.356  ; RAM:inst3|altsyncram:altsyncram_component|altsyncram_fcb2:auto_generated|ram_block1a4~portb_address_reg3 ; CPU:inst|DATAPATH:inst2|BANK_REGS:inst2|MDR:inst1|REGISTER32bit:inst1|REGISTER8bit:inst1|inst12                                               ; CLOCK        ; CLOCK       ; -0.500       ; 3.089      ; 4.211      ;
; 1.356  ; RAM:inst3|altsyncram:altsyncram_component|altsyncram_fcb2:auto_generated|ram_block1a4~portb_address_reg4 ; CPU:inst|DATAPATH:inst2|BANK_REGS:inst2|MDR:inst1|REGISTER32bit:inst1|REGISTER8bit:inst1|inst12                                               ; CLOCK        ; CLOCK       ; -0.500       ; 3.089      ; 4.211      ;
; 1.356  ; RAM:inst3|altsyncram:altsyncram_component|altsyncram_fcb2:auto_generated|ram_block1a4~portb_address_reg5 ; CPU:inst|DATAPATH:inst2|BANK_REGS:inst2|MDR:inst1|REGISTER32bit:inst1|REGISTER8bit:inst1|inst12                                               ; CLOCK        ; CLOCK       ; -0.500       ; 3.089      ; 4.211      ;
; 1.356  ; RAM:inst3|altsyncram:altsyncram_component|altsyncram_fcb2:auto_generated|ram_block1a4~portb_address_reg6 ; CPU:inst|DATAPATH:inst2|BANK_REGS:inst2|MDR:inst1|REGISTER32bit:inst1|REGISTER8bit:inst1|inst12                                               ; CLOCK        ; CLOCK       ; -0.500       ; 3.089      ; 4.211      ;
; 1.356  ; RAM:inst3|altsyncram:altsyncram_component|altsyncram_fcb2:auto_generated|ram_block1a4~portb_address_reg7 ; CPU:inst|DATAPATH:inst2|BANK_REGS:inst2|MDR:inst1|REGISTER32bit:inst1|REGISTER8bit:inst1|inst12                                               ; CLOCK        ; CLOCK       ; -0.500       ; 3.089      ; 4.211      ;
; 1.356  ; RAM:inst3|altsyncram:altsyncram_component|altsyncram_fcb2:auto_generated|ram_block1a4~portb_address_reg8 ; CPU:inst|DATAPATH:inst2|BANK_REGS:inst2|MDR:inst1|REGISTER32bit:inst1|REGISTER8bit:inst1|inst12                                               ; CLOCK        ; CLOCK       ; -0.500       ; 3.089      ; 4.211      ;
; 1.356  ; RAM:inst3|altsyncram:altsyncram_component|altsyncram_fcb2:auto_generated|ram_block1a4~portb_address_reg9 ; CPU:inst|DATAPATH:inst2|BANK_REGS:inst2|MDR:inst1|REGISTER32bit:inst1|REGISTER8bit:inst1|inst12                                               ; CLOCK        ; CLOCK       ; -0.500       ; 3.089      ; 4.211      ;
; 1.358  ; CPU:inst|DATAPATH:inst2|BANK_REGS:inst2|MBR:inst3|REGISTER32bit:inst5|REGISTER8bit:inst|inst28           ; CPU:inst|DATAPATH:inst2|BANK_REGS:inst2|SP:inst50|REGISTER32bit:inst1|REGISTER8bit:inst|inst24                                                ; CLOCK        ; CLOCK       ; 0.000        ; 1.834      ; 3.458      ;
; 1.396  ; CPU:inst|DATAPATH:inst2|BANK_REGS:inst2|MBR:inst3|REGISTER32bit:inst5|REGISTER8bit:inst|inst28           ; CPU:inst|DATAPATH:inst2|BANK_REGS:inst2|TOS:inst53|REGISTER32bit:inst1|REGISTER8bit:inst|inst28                                               ; CLOCK        ; CLOCK       ; 0.000        ; 1.854      ; 3.516      ;
; 1.401  ; CPU:inst|DATAPATH:inst2|BANK_REGS:inst2|MBR:inst3|REGISTER32bit:inst1|REGISTER8bit:inst|inst24           ; CPU:inst|DATAPATH:inst2|BANK_REGS:inst2|SP:inst50|REGISTER32bit:inst1|REGISTER8bit:inst|inst20                                                ; CLOCK        ; CLOCK       ; 0.000        ; 1.820      ; 3.487      ;
; 1.418  ; RAM:inst3|altsyncram:altsyncram_component|altsyncram_fcb2:auto_generated|ram_block1a2~portb_we_reg       ; CPU:inst|DATAPATH:inst2|BANK_REGS:inst2|MDR:inst1|REGISTER32bit:inst1|REGISTER8bit:inst|inst8                                                 ; CLOCK        ; CLOCK       ; -0.500       ; 3.081      ; 4.265      ;
; 1.418  ; RAM:inst3|altsyncram:altsyncram_component|altsyncram_fcb2:auto_generated|ram_block1a2~portb_address_reg0 ; CPU:inst|DATAPATH:inst2|BANK_REGS:inst2|MDR:inst1|REGISTER32bit:inst1|REGISTER8bit:inst|inst8                                                 ; CLOCK        ; CLOCK       ; -0.500       ; 3.081      ; 4.265      ;
; 1.418  ; RAM:inst3|altsyncram:altsyncram_component|altsyncram_fcb2:auto_generated|ram_block1a2~portb_address_reg1 ; CPU:inst|DATAPATH:inst2|BANK_REGS:inst2|MDR:inst1|REGISTER32bit:inst1|REGISTER8bit:inst|inst8                                                 ; CLOCK        ; CLOCK       ; -0.500       ; 3.081      ; 4.265      ;
; 1.418  ; RAM:inst3|altsyncram:altsyncram_component|altsyncram_fcb2:auto_generated|ram_block1a2~portb_address_reg2 ; CPU:inst|DATAPATH:inst2|BANK_REGS:inst2|MDR:inst1|REGISTER32bit:inst1|REGISTER8bit:inst|inst8                                                 ; CLOCK        ; CLOCK       ; -0.500       ; 3.081      ; 4.265      ;
; 1.418  ; RAM:inst3|altsyncram:altsyncram_component|altsyncram_fcb2:auto_generated|ram_block1a2~portb_address_reg3 ; CPU:inst|DATAPATH:inst2|BANK_REGS:inst2|MDR:inst1|REGISTER32bit:inst1|REGISTER8bit:inst|inst8                                                 ; CLOCK        ; CLOCK       ; -0.500       ; 3.081      ; 4.265      ;
; 1.418  ; RAM:inst3|altsyncram:altsyncram_component|altsyncram_fcb2:auto_generated|ram_block1a2~portb_address_reg4 ; CPU:inst|DATAPATH:inst2|BANK_REGS:inst2|MDR:inst1|REGISTER32bit:inst1|REGISTER8bit:inst|inst8                                                 ; CLOCK        ; CLOCK       ; -0.500       ; 3.081      ; 4.265      ;
; 1.418  ; RAM:inst3|altsyncram:altsyncram_component|altsyncram_fcb2:auto_generated|ram_block1a2~portb_address_reg5 ; CPU:inst|DATAPATH:inst2|BANK_REGS:inst2|MDR:inst1|REGISTER32bit:inst1|REGISTER8bit:inst|inst8                                                 ; CLOCK        ; CLOCK       ; -0.500       ; 3.081      ; 4.265      ;
; 1.418  ; RAM:inst3|altsyncram:altsyncram_component|altsyncram_fcb2:auto_generated|ram_block1a2~portb_address_reg6 ; CPU:inst|DATAPATH:inst2|BANK_REGS:inst2|MDR:inst1|REGISTER32bit:inst1|REGISTER8bit:inst|inst8                                                 ; CLOCK        ; CLOCK       ; -0.500       ; 3.081      ; 4.265      ;
; 1.418  ; RAM:inst3|altsyncram:altsyncram_component|altsyncram_fcb2:auto_generated|ram_block1a2~portb_address_reg7 ; CPU:inst|DATAPATH:inst2|BANK_REGS:inst2|MDR:inst1|REGISTER32bit:inst1|REGISTER8bit:inst|inst8                                                 ; CLOCK        ; CLOCK       ; -0.500       ; 3.081      ; 4.265      ;
; 1.418  ; RAM:inst3|altsyncram:altsyncram_component|altsyncram_fcb2:auto_generated|ram_block1a2~portb_address_reg8 ; CPU:inst|DATAPATH:inst2|BANK_REGS:inst2|MDR:inst1|REGISTER32bit:inst1|REGISTER8bit:inst|inst8                                                 ; CLOCK        ; CLOCK       ; -0.500       ; 3.081      ; 4.265      ;
; 1.418  ; RAM:inst3|altsyncram:altsyncram_component|altsyncram_fcb2:auto_generated|ram_block1a2~portb_address_reg9 ; CPU:inst|DATAPATH:inst2|BANK_REGS:inst2|MDR:inst1|REGISTER32bit:inst1|REGISTER8bit:inst|inst8                                                 ; CLOCK        ; CLOCK       ; -0.500       ; 3.081      ; 4.265      ;
; 1.430  ; CPU:inst|DATAPATH:inst2|BANK_REGS:inst2|MBR:inst3|REGISTER32bit:inst1|REGISTER8bit:inst|inst12           ; CPU:inst|DATAPATH:inst2|BANK_REGS:inst2|CPP:inst52|REGISTER32bit:inst1|REGISTER8bit:inst1|inst16                                              ; CLOCK        ; CLOCK       ; 0.000        ; 1.548      ; 3.244      ;
; 1.432  ; CPU:inst|DATAPATH:inst2|BANK_REGS:inst2|MBR:inst3|REGISTER32bit:inst1|REGISTER8bit:inst|inst12           ; CPU:inst|DATAPATH:inst2|BANK_REGS:inst2|TOS:inst53|REGISTER32bit:inst1|REGISTER8bit:inst|inst8                                                ; CLOCK        ; CLOCK       ; 0.000        ; 1.838      ; 3.536      ;
; 1.440  ; RAM:inst3|altsyncram:altsyncram_component|altsyncram_fcb2:auto_generated|ram_block1a5~portb_we_reg       ; CPU:inst|DATAPATH:inst2|BANK_REGS:inst2|MDR:inst1|REGISTER32bit:inst1|REGISTER8bit:inst1|inst8                                                ; CLOCK        ; CLOCK       ; -0.500       ; 3.087      ; 4.293      ;
; 1.440  ; RAM:inst3|altsyncram:altsyncram_component|altsyncram_fcb2:auto_generated|ram_block1a5~portb_address_reg0 ; CPU:inst|DATAPATH:inst2|BANK_REGS:inst2|MDR:inst1|REGISTER32bit:inst1|REGISTER8bit:inst1|inst8                                                ; CLOCK        ; CLOCK       ; -0.500       ; 3.087      ; 4.293      ;
; 1.440  ; RAM:inst3|altsyncram:altsyncram_component|altsyncram_fcb2:auto_generated|ram_block1a5~portb_address_reg1 ; CPU:inst|DATAPATH:inst2|BANK_REGS:inst2|MDR:inst1|REGISTER32bit:inst1|REGISTER8bit:inst1|inst8                                                ; CLOCK        ; CLOCK       ; -0.500       ; 3.087      ; 4.293      ;
; 1.440  ; RAM:inst3|altsyncram:altsyncram_component|altsyncram_fcb2:auto_generated|ram_block1a5~portb_address_reg2 ; CPU:inst|DATAPATH:inst2|BANK_REGS:inst2|MDR:inst1|REGISTER32bit:inst1|REGISTER8bit:inst1|inst8                                                ; CLOCK        ; CLOCK       ; -0.500       ; 3.087      ; 4.293      ;
; 1.440  ; RAM:inst3|altsyncram:altsyncram_component|altsyncram_fcb2:auto_generated|ram_block1a5~portb_address_reg3 ; CPU:inst|DATAPATH:inst2|BANK_REGS:inst2|MDR:inst1|REGISTER32bit:inst1|REGISTER8bit:inst1|inst8                                                ; CLOCK        ; CLOCK       ; -0.500       ; 3.087      ; 4.293      ;
; 1.440  ; RAM:inst3|altsyncram:altsyncram_component|altsyncram_fcb2:auto_generated|ram_block1a5~portb_address_reg4 ; CPU:inst|DATAPATH:inst2|BANK_REGS:inst2|MDR:inst1|REGISTER32bit:inst1|REGISTER8bit:inst1|inst8                                                ; CLOCK        ; CLOCK       ; -0.500       ; 3.087      ; 4.293      ;
; 1.440  ; RAM:inst3|altsyncram:altsyncram_component|altsyncram_fcb2:auto_generated|ram_block1a5~portb_address_reg5 ; CPU:inst|DATAPATH:inst2|BANK_REGS:inst2|MDR:inst1|REGISTER32bit:inst1|REGISTER8bit:inst1|inst8                                                ; CLOCK        ; CLOCK       ; -0.500       ; 3.087      ; 4.293      ;
; 1.440  ; RAM:inst3|altsyncram:altsyncram_component|altsyncram_fcb2:auto_generated|ram_block1a5~portb_address_reg6 ; CPU:inst|DATAPATH:inst2|BANK_REGS:inst2|MDR:inst1|REGISTER32bit:inst1|REGISTER8bit:inst1|inst8                                                ; CLOCK        ; CLOCK       ; -0.500       ; 3.087      ; 4.293      ;
; 1.440  ; RAM:inst3|altsyncram:altsyncram_component|altsyncram_fcb2:auto_generated|ram_block1a5~portb_address_reg7 ; CPU:inst|DATAPATH:inst2|BANK_REGS:inst2|MDR:inst1|REGISTER32bit:inst1|REGISTER8bit:inst1|inst8                                                ; CLOCK        ; CLOCK       ; -0.500       ; 3.087      ; 4.293      ;
; 1.440  ; RAM:inst3|altsyncram:altsyncram_component|altsyncram_fcb2:auto_generated|ram_block1a5~portb_address_reg8 ; CPU:inst|DATAPATH:inst2|BANK_REGS:inst2|MDR:inst1|REGISTER32bit:inst1|REGISTER8bit:inst1|inst8                                                ; CLOCK        ; CLOCK       ; -0.500       ; 3.087      ; 4.293      ;
; 1.440  ; RAM:inst3|altsyncram:altsyncram_component|altsyncram_fcb2:auto_generated|ram_block1a5~portb_address_reg9 ; CPU:inst|DATAPATH:inst2|BANK_REGS:inst2|MDR:inst1|REGISTER32bit:inst1|REGISTER8bit:inst1|inst8                                                ; CLOCK        ; CLOCK       ; -0.500       ; 3.087      ; 4.293      ;
; 1.441  ; RAM:inst3|altsyncram:altsyncram_component|altsyncram_fcb2:auto_generated|ram_block1a2~portb_we_reg       ; CPU:inst|DATAPATH:inst2|BANK_REGS:inst2|MDR:inst1|REGISTER32bit:inst1|REGISTER8bit:inst1|inst20                                               ; CLOCK        ; CLOCK       ; -0.500       ; 3.081      ; 4.288      ;
; 1.441  ; RAM:inst3|altsyncram:altsyncram_component|altsyncram_fcb2:auto_generated|ram_block1a2~portb_address_reg0 ; CPU:inst|DATAPATH:inst2|BANK_REGS:inst2|MDR:inst1|REGISTER32bit:inst1|REGISTER8bit:inst1|inst20                                               ; CLOCK        ; CLOCK       ; -0.500       ; 3.081      ; 4.288      ;
; 1.441  ; RAM:inst3|altsyncram:altsyncram_component|altsyncram_fcb2:auto_generated|ram_block1a2~portb_address_reg1 ; CPU:inst|DATAPATH:inst2|BANK_REGS:inst2|MDR:inst1|REGISTER32bit:inst1|REGISTER8bit:inst1|inst20                                               ; CLOCK        ; CLOCK       ; -0.500       ; 3.081      ; 4.288      ;
; 1.441  ; RAM:inst3|altsyncram:altsyncram_component|altsyncram_fcb2:auto_generated|ram_block1a2~portb_address_reg2 ; CPU:inst|DATAPATH:inst2|BANK_REGS:inst2|MDR:inst1|REGISTER32bit:inst1|REGISTER8bit:inst1|inst20                                               ; CLOCK        ; CLOCK       ; -0.500       ; 3.081      ; 4.288      ;
; 1.441  ; RAM:inst3|altsyncram:altsyncram_component|altsyncram_fcb2:auto_generated|ram_block1a2~portb_address_reg3 ; CPU:inst|DATAPATH:inst2|BANK_REGS:inst2|MDR:inst1|REGISTER32bit:inst1|REGISTER8bit:inst1|inst20                                               ; CLOCK        ; CLOCK       ; -0.500       ; 3.081      ; 4.288      ;
; 1.441  ; RAM:inst3|altsyncram:altsyncram_component|altsyncram_fcb2:auto_generated|ram_block1a2~portb_address_reg4 ; CPU:inst|DATAPATH:inst2|BANK_REGS:inst2|MDR:inst1|REGISTER32bit:inst1|REGISTER8bit:inst1|inst20                                               ; CLOCK        ; CLOCK       ; -0.500       ; 3.081      ; 4.288      ;
; 1.441  ; RAM:inst3|altsyncram:altsyncram_component|altsyncram_fcb2:auto_generated|ram_block1a2~portb_address_reg5 ; CPU:inst|DATAPATH:inst2|BANK_REGS:inst2|MDR:inst1|REGISTER32bit:inst1|REGISTER8bit:inst1|inst20                                               ; CLOCK        ; CLOCK       ; -0.500       ; 3.081      ; 4.288      ;
; 1.441  ; RAM:inst3|altsyncram:altsyncram_component|altsyncram_fcb2:auto_generated|ram_block1a2~portb_address_reg6 ; CPU:inst|DATAPATH:inst2|BANK_REGS:inst2|MDR:inst1|REGISTER32bit:inst1|REGISTER8bit:inst1|inst20                                               ; CLOCK        ; CLOCK       ; -0.500       ; 3.081      ; 4.288      ;
; 1.441  ; RAM:inst3|altsyncram:altsyncram_component|altsyncram_fcb2:auto_generated|ram_block1a2~portb_address_reg7 ; CPU:inst|DATAPATH:inst2|BANK_REGS:inst2|MDR:inst1|REGISTER32bit:inst1|REGISTER8bit:inst1|inst20                                               ; CLOCK        ; CLOCK       ; -0.500       ; 3.081      ; 4.288      ;
; 1.441  ; RAM:inst3|altsyncram:altsyncram_component|altsyncram_fcb2:auto_generated|ram_block1a2~portb_address_reg8 ; CPU:inst|DATAPATH:inst2|BANK_REGS:inst2|MDR:inst1|REGISTER32bit:inst1|REGISTER8bit:inst1|inst20                                               ; CLOCK        ; CLOCK       ; -0.500       ; 3.081      ; 4.288      ;
; 1.441  ; RAM:inst3|altsyncram:altsyncram_component|altsyncram_fcb2:auto_generated|ram_block1a2~portb_address_reg9 ; CPU:inst|DATAPATH:inst2|BANK_REGS:inst2|MDR:inst1|REGISTER32bit:inst1|REGISTER8bit:inst1|inst20                                               ; CLOCK        ; CLOCK       ; -0.500       ; 3.081      ; 4.288      ;
; 1.441  ; CPU:inst|CONTROL_UNIT:inst|inst2[1]                                                                      ; CPU:inst|CONTROL_UNIT:inst|CONTROL_STORE:inst8|altsyncram:altsyncram_component|altsyncram_n6a1:auto_generated|ram_block1a4~porta_address_reg1 ; CLOCK        ; CLOCK       ; -0.500       ; 0.068      ; 1.243      ;
; 1.445  ; CPU:inst|CONTROL_UNIT:inst|inst2[0]                                                                      ; CPU:inst|CONTROL_UNIT:inst|CONTROL_STORE:inst8|altsyncram:altsyncram_component|altsyncram_n6a1:auto_generated|ram_block1a4~porta_address_reg0 ; CLOCK        ; CLOCK       ; -0.500       ; 0.068      ; 1.247      ;
+--------+----------------------------------------------------------------------------------------------------------+-----------------------------------------------------------------------------------------------------------------------------------------------+--------------+-------------+--------------+------------+------------+


+--------------------------------------------------------------------------------------------------------------------------------------------------------------------------------------------+
; Slow Model Minimum Pulse Width: 'CLOCK'                                                                                                                                                    ;
+--------+--------------+----------------+------------------+-------+------------+-----------------------------------------------------------------------------------------------------------+
; Slack  ; Actual Width ; Required Width ; Type             ; Clock ; Clock Edge ; Target                                                                                                    ;
+--------+--------------+----------------+------------------+-------+------------+-----------------------------------------------------------------------------------------------------------+
; -2.000 ; 0.500        ; 2.500          ; High Pulse Width ; CLOCK ; Fall       ; RAM:inst3|altsyncram:altsyncram_component|altsyncram_fcb2:auto_generated|ram_block1a0~porta_address_reg0  ;
; -2.000 ; 0.500        ; 2.500          ; Low Pulse Width  ; CLOCK ; Fall       ; RAM:inst3|altsyncram:altsyncram_component|altsyncram_fcb2:auto_generated|ram_block1a0~porta_address_reg0  ;
; -2.000 ; 0.500        ; 2.500          ; High Pulse Width ; CLOCK ; Fall       ; RAM:inst3|altsyncram:altsyncram_component|altsyncram_fcb2:auto_generated|ram_block1a0~porta_address_reg1  ;
; -2.000 ; 0.500        ; 2.500          ; Low Pulse Width  ; CLOCK ; Fall       ; RAM:inst3|altsyncram:altsyncram_component|altsyncram_fcb2:auto_generated|ram_block1a0~porta_address_reg1  ;
; -2.000 ; 0.500        ; 2.500          ; High Pulse Width ; CLOCK ; Fall       ; RAM:inst3|altsyncram:altsyncram_component|altsyncram_fcb2:auto_generated|ram_block1a0~porta_address_reg10 ;
; -2.000 ; 0.500        ; 2.500          ; Low Pulse Width  ; CLOCK ; Fall       ; RAM:inst3|altsyncram:altsyncram_component|altsyncram_fcb2:auto_generated|ram_block1a0~porta_address_reg10 ;
; -2.000 ; 0.500        ; 2.500          ; High Pulse Width ; CLOCK ; Fall       ; RAM:inst3|altsyncram:altsyncram_component|altsyncram_fcb2:auto_generated|ram_block1a0~porta_address_reg11 ;
; -2.000 ; 0.500        ; 2.500          ; Low Pulse Width  ; CLOCK ; Fall       ; RAM:inst3|altsyncram:altsyncram_component|altsyncram_fcb2:auto_generated|ram_block1a0~porta_address_reg11 ;
; -2.000 ; 0.500        ; 2.500          ; High Pulse Width ; CLOCK ; Fall       ; RAM:inst3|altsyncram:altsyncram_component|altsyncram_fcb2:auto_generated|ram_block1a0~porta_address_reg2  ;
; -2.000 ; 0.500        ; 2.500          ; Low Pulse Width  ; CLOCK ; Fall       ; RAM:inst3|altsyncram:altsyncram_component|altsyncram_fcb2:auto_generated|ram_block1a0~porta_address_reg2  ;
; -2.000 ; 0.500        ; 2.500          ; High Pulse Width ; CLOCK ; Fall       ; RAM:inst3|altsyncram:altsyncram_component|altsyncram_fcb2:auto_generated|ram_block1a0~porta_address_reg3  ;
; -2.000 ; 0.500        ; 2.500          ; Low Pulse Width  ; CLOCK ; Fall       ; RAM:inst3|altsyncram:altsyncram_component|altsyncram_fcb2:auto_generated|ram_block1a0~porta_address_reg3  ;
; -2.000 ; 0.500        ; 2.500          ; High Pulse Width ; CLOCK ; Fall       ; RAM:inst3|altsyncram:altsyncram_component|altsyncram_fcb2:auto_generated|ram_block1a0~porta_address_reg4  ;
; -2.000 ; 0.500        ; 2.500          ; Low Pulse Width  ; CLOCK ; Fall       ; RAM:inst3|altsyncram:altsyncram_component|altsyncram_fcb2:auto_generated|ram_block1a0~porta_address_reg4  ;
; -2.000 ; 0.500        ; 2.500          ; High Pulse Width ; CLOCK ; Fall       ; RAM:inst3|altsyncram:altsyncram_component|altsyncram_fcb2:auto_generated|ram_block1a0~porta_address_reg5  ;
; -2.000 ; 0.500        ; 2.500          ; Low Pulse Width  ; CLOCK ; Fall       ; RAM:inst3|altsyncram:altsyncram_component|altsyncram_fcb2:auto_generated|ram_block1a0~porta_address_reg5  ;
; -2.000 ; 0.500        ; 2.500          ; High Pulse Width ; CLOCK ; Fall       ; RAM:inst3|altsyncram:altsyncram_component|altsyncram_fcb2:auto_generated|ram_block1a0~porta_address_reg6  ;
; -2.000 ; 0.500        ; 2.500          ; Low Pulse Width  ; CLOCK ; Fall       ; RAM:inst3|altsyncram:altsyncram_component|altsyncram_fcb2:auto_generated|ram_block1a0~porta_address_reg6  ;
; -2.000 ; 0.500        ; 2.500          ; High Pulse Width ; CLOCK ; Fall       ; RAM:inst3|altsyncram:altsyncram_component|altsyncram_fcb2:auto_generated|ram_block1a0~porta_address_reg7  ;
; -2.000 ; 0.500        ; 2.500          ; Low Pulse Width  ; CLOCK ; Fall       ; RAM:inst3|altsyncram:altsyncram_component|altsyncram_fcb2:auto_generated|ram_block1a0~porta_address_reg7  ;
; -2.000 ; 0.500        ; 2.500          ; High Pulse Width ; CLOCK ; Fall       ; RAM:inst3|altsyncram:altsyncram_component|altsyncram_fcb2:auto_generated|ram_block1a0~porta_address_reg8  ;
; -2.000 ; 0.500        ; 2.500          ; Low Pulse Width  ; CLOCK ; Fall       ; RAM:inst3|altsyncram:altsyncram_component|altsyncram_fcb2:auto_generated|ram_block1a0~porta_address_reg8  ;
; -2.000 ; 0.500        ; 2.500          ; High Pulse Width ; CLOCK ; Fall       ; RAM:inst3|altsyncram:altsyncram_component|altsyncram_fcb2:auto_generated|ram_block1a0~porta_address_reg9  ;
; -2.000 ; 0.500        ; 2.500          ; Low Pulse Width  ; CLOCK ; Fall       ; RAM:inst3|altsyncram:altsyncram_component|altsyncram_fcb2:auto_generated|ram_block1a0~porta_address_reg9  ;
; -2.000 ; 0.500        ; 2.500          ; High Pulse Width ; CLOCK ; Fall       ; RAM:inst3|altsyncram:altsyncram_component|altsyncram_fcb2:auto_generated|ram_block1a0~porta_datain_reg0   ;
; -2.000 ; 0.500        ; 2.500          ; Low Pulse Width  ; CLOCK ; Fall       ; RAM:inst3|altsyncram:altsyncram_component|altsyncram_fcb2:auto_generated|ram_block1a0~porta_datain_reg0   ;
; -2.000 ; 0.500        ; 2.500          ; High Pulse Width ; CLOCK ; Fall       ; RAM:inst3|altsyncram:altsyncram_component|altsyncram_fcb2:auto_generated|ram_block1a0~porta_memory_reg0   ;
; -2.000 ; 0.500        ; 2.500          ; Low Pulse Width  ; CLOCK ; Fall       ; RAM:inst3|altsyncram:altsyncram_component|altsyncram_fcb2:auto_generated|ram_block1a0~porta_memory_reg0   ;
; -2.000 ; 0.500        ; 2.500          ; High Pulse Width ; CLOCK ; Fall       ; RAM:inst3|altsyncram:altsyncram_component|altsyncram_fcb2:auto_generated|ram_block1a0~portb_address_reg0  ;
; -2.000 ; 0.500        ; 2.500          ; Low Pulse Width  ; CLOCK ; Fall       ; RAM:inst3|altsyncram:altsyncram_component|altsyncram_fcb2:auto_generated|ram_block1a0~portb_address_reg0  ;
; -2.000 ; 0.500        ; 2.500          ; High Pulse Width ; CLOCK ; Fall       ; RAM:inst3|altsyncram:altsyncram_component|altsyncram_fcb2:auto_generated|ram_block1a0~portb_address_reg1  ;
; -2.000 ; 0.500        ; 2.500          ; Low Pulse Width  ; CLOCK ; Fall       ; RAM:inst3|altsyncram:altsyncram_component|altsyncram_fcb2:auto_generated|ram_block1a0~portb_address_reg1  ;
; -2.000 ; 0.500        ; 2.500          ; High Pulse Width ; CLOCK ; Fall       ; RAM:inst3|altsyncram:altsyncram_component|altsyncram_fcb2:auto_generated|ram_block1a0~portb_address_reg2  ;
; -2.000 ; 0.500        ; 2.500          ; Low Pulse Width  ; CLOCK ; Fall       ; RAM:inst3|altsyncram:altsyncram_component|altsyncram_fcb2:auto_generated|ram_block1a0~portb_address_reg2  ;
; -2.000 ; 0.500        ; 2.500          ; High Pulse Width ; CLOCK ; Fall       ; RAM:inst3|altsyncram:altsyncram_component|altsyncram_fcb2:auto_generated|ram_block1a0~portb_address_reg3  ;
; -2.000 ; 0.500        ; 2.500          ; Low Pulse Width  ; CLOCK ; Fall       ; RAM:inst3|altsyncram:altsyncram_component|altsyncram_fcb2:auto_generated|ram_block1a0~portb_address_reg3  ;
; -2.000 ; 0.500        ; 2.500          ; High Pulse Width ; CLOCK ; Fall       ; RAM:inst3|altsyncram:altsyncram_component|altsyncram_fcb2:auto_generated|ram_block1a0~portb_address_reg4  ;
; -2.000 ; 0.500        ; 2.500          ; Low Pulse Width  ; CLOCK ; Fall       ; RAM:inst3|altsyncram:altsyncram_component|altsyncram_fcb2:auto_generated|ram_block1a0~portb_address_reg4  ;
; -2.000 ; 0.500        ; 2.500          ; High Pulse Width ; CLOCK ; Fall       ; RAM:inst3|altsyncram:altsyncram_component|altsyncram_fcb2:auto_generated|ram_block1a0~portb_address_reg5  ;
; -2.000 ; 0.500        ; 2.500          ; Low Pulse Width  ; CLOCK ; Fall       ; RAM:inst3|altsyncram:altsyncram_component|altsyncram_fcb2:auto_generated|ram_block1a0~portb_address_reg5  ;
; -2.000 ; 0.500        ; 2.500          ; High Pulse Width ; CLOCK ; Fall       ; RAM:inst3|altsyncram:altsyncram_component|altsyncram_fcb2:auto_generated|ram_block1a0~portb_address_reg6  ;
; -2.000 ; 0.500        ; 2.500          ; Low Pulse Width  ; CLOCK ; Fall       ; RAM:inst3|altsyncram:altsyncram_component|altsyncram_fcb2:auto_generated|ram_block1a0~portb_address_reg6  ;
; -2.000 ; 0.500        ; 2.500          ; High Pulse Width ; CLOCK ; Fall       ; RAM:inst3|altsyncram:altsyncram_component|altsyncram_fcb2:auto_generated|ram_block1a0~portb_address_reg7  ;
; -2.000 ; 0.500        ; 2.500          ; Low Pulse Width  ; CLOCK ; Fall       ; RAM:inst3|altsyncram:altsyncram_component|altsyncram_fcb2:auto_generated|ram_block1a0~portb_address_reg7  ;
; -2.000 ; 0.500        ; 2.500          ; High Pulse Width ; CLOCK ; Fall       ; RAM:inst3|altsyncram:altsyncram_component|altsyncram_fcb2:auto_generated|ram_block1a0~portb_address_reg8  ;
; -2.000 ; 0.500        ; 2.500          ; Low Pulse Width  ; CLOCK ; Fall       ; RAM:inst3|altsyncram:altsyncram_component|altsyncram_fcb2:auto_generated|ram_block1a0~portb_address_reg8  ;
; -2.000 ; 0.500        ; 2.500          ; High Pulse Width ; CLOCK ; Fall       ; RAM:inst3|altsyncram:altsyncram_component|altsyncram_fcb2:auto_generated|ram_block1a0~portb_address_reg9  ;
; -2.000 ; 0.500        ; 2.500          ; Low Pulse Width  ; CLOCK ; Fall       ; RAM:inst3|altsyncram:altsyncram_component|altsyncram_fcb2:auto_generated|ram_block1a0~portb_address_reg9  ;
; -2.000 ; 0.500        ; 2.500          ; High Pulse Width ; CLOCK ; Fall       ; RAM:inst3|altsyncram:altsyncram_component|altsyncram_fcb2:auto_generated|ram_block1a0~portb_datain_reg0   ;
; -2.000 ; 0.500        ; 2.500          ; Low Pulse Width  ; CLOCK ; Fall       ; RAM:inst3|altsyncram:altsyncram_component|altsyncram_fcb2:auto_generated|ram_block1a0~portb_datain_reg0   ;
; -2.000 ; 0.500        ; 2.500          ; High Pulse Width ; CLOCK ; Fall       ; RAM:inst3|altsyncram:altsyncram_component|altsyncram_fcb2:auto_generated|ram_block1a0~portb_datain_reg1   ;
; -2.000 ; 0.500        ; 2.500          ; Low Pulse Width  ; CLOCK ; Fall       ; RAM:inst3|altsyncram:altsyncram_component|altsyncram_fcb2:auto_generated|ram_block1a0~portb_datain_reg1   ;
; -2.000 ; 0.500        ; 2.500          ; High Pulse Width ; CLOCK ; Fall       ; RAM:inst3|altsyncram:altsyncram_component|altsyncram_fcb2:auto_generated|ram_block1a0~portb_datain_reg2   ;
; -2.000 ; 0.500        ; 2.500          ; Low Pulse Width  ; CLOCK ; Fall       ; RAM:inst3|altsyncram:altsyncram_component|altsyncram_fcb2:auto_generated|ram_block1a0~portb_datain_reg2   ;
; -2.000 ; 0.500        ; 2.500          ; High Pulse Width ; CLOCK ; Fall       ; RAM:inst3|altsyncram:altsyncram_component|altsyncram_fcb2:auto_generated|ram_block1a0~portb_datain_reg3   ;
; -2.000 ; 0.500        ; 2.500          ; Low Pulse Width  ; CLOCK ; Fall       ; RAM:inst3|altsyncram:altsyncram_component|altsyncram_fcb2:auto_generated|ram_block1a0~portb_datain_reg3   ;
; -2.000 ; 0.500        ; 2.500          ; High Pulse Width ; CLOCK ; Fall       ; RAM:inst3|altsyncram:altsyncram_component|altsyncram_fcb2:auto_generated|ram_block1a0~portb_memory_reg0   ;
; -2.000 ; 0.500        ; 2.500          ; Low Pulse Width  ; CLOCK ; Fall       ; RAM:inst3|altsyncram:altsyncram_component|altsyncram_fcb2:auto_generated|ram_block1a0~portb_memory_reg0   ;
; -2.000 ; 0.500        ; 2.500          ; High Pulse Width ; CLOCK ; Fall       ; RAM:inst3|altsyncram:altsyncram_component|altsyncram_fcb2:auto_generated|ram_block1a0~portb_memory_reg1   ;
; -2.000 ; 0.500        ; 2.500          ; Low Pulse Width  ; CLOCK ; Fall       ; RAM:inst3|altsyncram:altsyncram_component|altsyncram_fcb2:auto_generated|ram_block1a0~portb_memory_reg1   ;
; -2.000 ; 0.500        ; 2.500          ; High Pulse Width ; CLOCK ; Fall       ; RAM:inst3|altsyncram:altsyncram_component|altsyncram_fcb2:auto_generated|ram_block1a0~portb_memory_reg2   ;
; -2.000 ; 0.500        ; 2.500          ; Low Pulse Width  ; CLOCK ; Fall       ; RAM:inst3|altsyncram:altsyncram_component|altsyncram_fcb2:auto_generated|ram_block1a0~portb_memory_reg2   ;
; -2.000 ; 0.500        ; 2.500          ; High Pulse Width ; CLOCK ; Fall       ; RAM:inst3|altsyncram:altsyncram_component|altsyncram_fcb2:auto_generated|ram_block1a0~portb_memory_reg3   ;
; -2.000 ; 0.500        ; 2.500          ; Low Pulse Width  ; CLOCK ; Fall       ; RAM:inst3|altsyncram:altsyncram_component|altsyncram_fcb2:auto_generated|ram_block1a0~portb_memory_reg3   ;
; -2.000 ; 0.500        ; 2.500          ; High Pulse Width ; CLOCK ; Fall       ; RAM:inst3|altsyncram:altsyncram_component|altsyncram_fcb2:auto_generated|ram_block1a0~portb_we_reg        ;
; -2.000 ; 0.500        ; 2.500          ; Low Pulse Width  ; CLOCK ; Fall       ; RAM:inst3|altsyncram:altsyncram_component|altsyncram_fcb2:auto_generated|ram_block1a0~portb_we_reg        ;
; -2.000 ; 0.500        ; 2.500          ; High Pulse Width ; CLOCK ; Fall       ; RAM:inst3|altsyncram:altsyncram_component|altsyncram_fcb2:auto_generated|ram_block1a1~porta_address_reg0  ;
; -2.000 ; 0.500        ; 2.500          ; Low Pulse Width  ; CLOCK ; Fall       ; RAM:inst3|altsyncram:altsyncram_component|altsyncram_fcb2:auto_generated|ram_block1a1~porta_address_reg0  ;
; -2.000 ; 0.500        ; 2.500          ; High Pulse Width ; CLOCK ; Fall       ; RAM:inst3|altsyncram:altsyncram_component|altsyncram_fcb2:auto_generated|ram_block1a1~porta_address_reg1  ;
; -2.000 ; 0.500        ; 2.500          ; Low Pulse Width  ; CLOCK ; Fall       ; RAM:inst3|altsyncram:altsyncram_component|altsyncram_fcb2:auto_generated|ram_block1a1~porta_address_reg1  ;
; -2.000 ; 0.500        ; 2.500          ; High Pulse Width ; CLOCK ; Fall       ; RAM:inst3|altsyncram:altsyncram_component|altsyncram_fcb2:auto_generated|ram_block1a1~porta_address_reg10 ;
; -2.000 ; 0.500        ; 2.500          ; Low Pulse Width  ; CLOCK ; Fall       ; RAM:inst3|altsyncram:altsyncram_component|altsyncram_fcb2:auto_generated|ram_block1a1~porta_address_reg10 ;
; -2.000 ; 0.500        ; 2.500          ; High Pulse Width ; CLOCK ; Fall       ; RAM:inst3|altsyncram:altsyncram_component|altsyncram_fcb2:auto_generated|ram_block1a1~porta_address_reg11 ;
; -2.000 ; 0.500        ; 2.500          ; Low Pulse Width  ; CLOCK ; Fall       ; RAM:inst3|altsyncram:altsyncram_component|altsyncram_fcb2:auto_generated|ram_block1a1~porta_address_reg11 ;
; -2.000 ; 0.500        ; 2.500          ; High Pulse Width ; CLOCK ; Fall       ; RAM:inst3|altsyncram:altsyncram_component|altsyncram_fcb2:auto_generated|ram_block1a1~porta_address_reg2  ;
; -2.000 ; 0.500        ; 2.500          ; Low Pulse Width  ; CLOCK ; Fall       ; RAM:inst3|altsyncram:altsyncram_component|altsyncram_fcb2:auto_generated|ram_block1a1~porta_address_reg2  ;
; -2.000 ; 0.500        ; 2.500          ; High Pulse Width ; CLOCK ; Fall       ; RAM:inst3|altsyncram:altsyncram_component|altsyncram_fcb2:auto_generated|ram_block1a1~porta_address_reg3  ;
; -2.000 ; 0.500        ; 2.500          ; Low Pulse Width  ; CLOCK ; Fall       ; RAM:inst3|altsyncram:altsyncram_component|altsyncram_fcb2:auto_generated|ram_block1a1~porta_address_reg3  ;
; -2.000 ; 0.500        ; 2.500          ; High Pulse Width ; CLOCK ; Fall       ; RAM:inst3|altsyncram:altsyncram_component|altsyncram_fcb2:auto_generated|ram_block1a1~porta_address_reg4  ;
; -2.000 ; 0.500        ; 2.500          ; Low Pulse Width  ; CLOCK ; Fall       ; RAM:inst3|altsyncram:altsyncram_component|altsyncram_fcb2:auto_generated|ram_block1a1~porta_address_reg4  ;
; -2.000 ; 0.500        ; 2.500          ; High Pulse Width ; CLOCK ; Fall       ; RAM:inst3|altsyncram:altsyncram_component|altsyncram_fcb2:auto_generated|ram_block1a1~porta_address_reg5  ;
; -2.000 ; 0.500        ; 2.500          ; Low Pulse Width  ; CLOCK ; Fall       ; RAM:inst3|altsyncram:altsyncram_component|altsyncram_fcb2:auto_generated|ram_block1a1~porta_address_reg5  ;
; -2.000 ; 0.500        ; 2.500          ; High Pulse Width ; CLOCK ; Fall       ; RAM:inst3|altsyncram:altsyncram_component|altsyncram_fcb2:auto_generated|ram_block1a1~porta_address_reg6  ;
; -2.000 ; 0.500        ; 2.500          ; Low Pulse Width  ; CLOCK ; Fall       ; RAM:inst3|altsyncram:altsyncram_component|altsyncram_fcb2:auto_generated|ram_block1a1~porta_address_reg6  ;
; -2.000 ; 0.500        ; 2.500          ; High Pulse Width ; CLOCK ; Fall       ; RAM:inst3|altsyncram:altsyncram_component|altsyncram_fcb2:auto_generated|ram_block1a1~porta_address_reg7  ;
; -2.000 ; 0.500        ; 2.500          ; Low Pulse Width  ; CLOCK ; Fall       ; RAM:inst3|altsyncram:altsyncram_component|altsyncram_fcb2:auto_generated|ram_block1a1~porta_address_reg7  ;
; -2.000 ; 0.500        ; 2.500          ; High Pulse Width ; CLOCK ; Fall       ; RAM:inst3|altsyncram:altsyncram_component|altsyncram_fcb2:auto_generated|ram_block1a1~porta_address_reg8  ;
; -2.000 ; 0.500        ; 2.500          ; Low Pulse Width  ; CLOCK ; Fall       ; RAM:inst3|altsyncram:altsyncram_component|altsyncram_fcb2:auto_generated|ram_block1a1~porta_address_reg8  ;
; -2.000 ; 0.500        ; 2.500          ; High Pulse Width ; CLOCK ; Fall       ; RAM:inst3|altsyncram:altsyncram_component|altsyncram_fcb2:auto_generated|ram_block1a1~porta_address_reg9  ;
; -2.000 ; 0.500        ; 2.500          ; Low Pulse Width  ; CLOCK ; Fall       ; RAM:inst3|altsyncram:altsyncram_component|altsyncram_fcb2:auto_generated|ram_block1a1~porta_address_reg9  ;
; -2.000 ; 0.500        ; 2.500          ; High Pulse Width ; CLOCK ; Fall       ; RAM:inst3|altsyncram:altsyncram_component|altsyncram_fcb2:auto_generated|ram_block1a1~porta_datain_reg0   ;
; -2.000 ; 0.500        ; 2.500          ; Low Pulse Width  ; CLOCK ; Fall       ; RAM:inst3|altsyncram:altsyncram_component|altsyncram_fcb2:auto_generated|ram_block1a1~porta_datain_reg0   ;
; -2.000 ; 0.500        ; 2.500          ; High Pulse Width ; CLOCK ; Fall       ; RAM:inst3|altsyncram:altsyncram_component|altsyncram_fcb2:auto_generated|ram_block1a1~porta_memory_reg0   ;
; -2.000 ; 0.500        ; 2.500          ; Low Pulse Width  ; CLOCK ; Fall       ; RAM:inst3|altsyncram:altsyncram_component|altsyncram_fcb2:auto_generated|ram_block1a1~porta_memory_reg0   ;
; -2.000 ; 0.500        ; 2.500          ; High Pulse Width ; CLOCK ; Fall       ; RAM:inst3|altsyncram:altsyncram_component|altsyncram_fcb2:auto_generated|ram_block1a1~portb_address_reg0  ;
; -2.000 ; 0.500        ; 2.500          ; Low Pulse Width  ; CLOCK ; Fall       ; RAM:inst3|altsyncram:altsyncram_component|altsyncram_fcb2:auto_generated|ram_block1a1~portb_address_reg0  ;
; -2.000 ; 0.500        ; 2.500          ; High Pulse Width ; CLOCK ; Fall       ; RAM:inst3|altsyncram:altsyncram_component|altsyncram_fcb2:auto_generated|ram_block1a1~portb_address_reg1  ;
; -2.000 ; 0.500        ; 2.500          ; Low Pulse Width  ; CLOCK ; Fall       ; RAM:inst3|altsyncram:altsyncram_component|altsyncram_fcb2:auto_generated|ram_block1a1~portb_address_reg1  ;
; -2.000 ; 0.500        ; 2.500          ; High Pulse Width ; CLOCK ; Fall       ; RAM:inst3|altsyncram:altsyncram_component|altsyncram_fcb2:auto_generated|ram_block1a1~portb_address_reg2  ;
; -2.000 ; 0.500        ; 2.500          ; Low Pulse Width  ; CLOCK ; Fall       ; RAM:inst3|altsyncram:altsyncram_component|altsyncram_fcb2:auto_generated|ram_block1a1~portb_address_reg2  ;
+--------+--------------+----------------+------------------+-------+------------+-----------------------------------------------------------------------------------------------------------+


+-------------------------------------------------------------------------------------+
; Clock to Output Times                                                               ;
+-----------------------+------------+--------+--------+------------+-----------------+
; Data Port             ; Clock Port ; Rise   ; Fall   ; Clock Edge ; Clock Reference ;
+-----------------------+------------+--------+--------+------------+-----------------+
; C_BUS[*]              ; CLOCK      ; 29.068 ; 29.068 ; Rise       ; CLOCK           ;
;  C_BUS[0]             ; CLOCK      ; 17.179 ; 17.179 ; Rise       ; CLOCK           ;
;  C_BUS[1]             ; CLOCK      ; 18.638 ; 18.638 ; Rise       ; CLOCK           ;
;  C_BUS[2]             ; CLOCK      ; 17.923 ; 17.923 ; Rise       ; CLOCK           ;
;  C_BUS[3]             ; CLOCK      ; 17.097 ; 17.097 ; Rise       ; CLOCK           ;
;  C_BUS[4]             ; CLOCK      ; 18.606 ; 18.606 ; Rise       ; CLOCK           ;
;  C_BUS[5]             ; CLOCK      ; 18.741 ; 18.741 ; Rise       ; CLOCK           ;
;  C_BUS[6]             ; CLOCK      ; 18.487 ; 18.487 ; Rise       ; CLOCK           ;
;  C_BUS[7]             ; CLOCK      ; 19.334 ; 19.334 ; Rise       ; CLOCK           ;
;  C_BUS[8]             ; CLOCK      ; 20.306 ; 20.306 ; Rise       ; CLOCK           ;
;  C_BUS[9]             ; CLOCK      ; 20.383 ; 20.383 ; Rise       ; CLOCK           ;
;  C_BUS[10]            ; CLOCK      ; 20.692 ; 20.692 ; Rise       ; CLOCK           ;
;  C_BUS[11]            ; CLOCK      ; 21.609 ; 21.609 ; Rise       ; CLOCK           ;
;  C_BUS[12]            ; CLOCK      ; 21.087 ; 21.087 ; Rise       ; CLOCK           ;
;  C_BUS[13]            ; CLOCK      ; 21.918 ; 21.918 ; Rise       ; CLOCK           ;
;  C_BUS[14]            ; CLOCK      ; 21.623 ; 21.623 ; Rise       ; CLOCK           ;
;  C_BUS[15]            ; CLOCK      ; 21.463 ; 21.463 ; Rise       ; CLOCK           ;
;  C_BUS[16]            ; CLOCK      ; 22.644 ; 22.644 ; Rise       ; CLOCK           ;
;  C_BUS[17]            ; CLOCK      ; 23.468 ; 23.468 ; Rise       ; CLOCK           ;
;  C_BUS[18]            ; CLOCK      ; 24.071 ; 24.071 ; Rise       ; CLOCK           ;
;  C_BUS[19]            ; CLOCK      ; 24.307 ; 24.307 ; Rise       ; CLOCK           ;
;  C_BUS[20]            ; CLOCK      ; 24.888 ; 24.888 ; Rise       ; CLOCK           ;
;  C_BUS[21]            ; CLOCK      ; 25.279 ; 25.279 ; Rise       ; CLOCK           ;
;  C_BUS[22]            ; CLOCK      ; 25.649 ; 25.649 ; Rise       ; CLOCK           ;
;  C_BUS[23]            ; CLOCK      ; 26.158 ; 26.158 ; Rise       ; CLOCK           ;
;  C_BUS[24]            ; CLOCK      ; 26.228 ; 26.228 ; Rise       ; CLOCK           ;
;  C_BUS[25]            ; CLOCK      ; 27.036 ; 27.036 ; Rise       ; CLOCK           ;
;  C_BUS[26]            ; CLOCK      ; 27.064 ; 27.064 ; Rise       ; CLOCK           ;
;  C_BUS[27]            ; CLOCK      ; 27.438 ; 27.438 ; Rise       ; CLOCK           ;
;  C_BUS[28]            ; CLOCK      ; 29.068 ; 29.068 ; Rise       ; CLOCK           ;
;  C_BUS[29]            ; CLOCK      ; 28.463 ; 28.463 ; Rise       ; CLOCK           ;
;  C_BUS[30]            ; CLOCK      ; 29.059 ; 29.059 ; Rise       ; CLOCK           ;
;  C_BUS[31]            ; CLOCK      ; 28.599 ; 28.599 ; Rise       ; CLOCK           ;
; DATA_MEM_ADDR[*]      ; CLOCK      ; 9.455  ; 9.455  ; Rise       ; CLOCK           ;
;  DATA_MEM_ADDR[0]     ; CLOCK      ; 8.338  ; 8.338  ; Rise       ; CLOCK           ;
;  DATA_MEM_ADDR[1]     ; CLOCK      ; 8.173  ; 8.173  ; Rise       ; CLOCK           ;
;  DATA_MEM_ADDR[2]     ; CLOCK      ; 8.197  ; 8.197  ; Rise       ; CLOCK           ;
;  DATA_MEM_ADDR[3]     ; CLOCK      ; 8.683  ; 8.683  ; Rise       ; CLOCK           ;
;  DATA_MEM_ADDR[4]     ; CLOCK      ; 8.516  ; 8.516  ; Rise       ; CLOCK           ;
;  DATA_MEM_ADDR[5]     ; CLOCK      ; 8.097  ; 8.097  ; Rise       ; CLOCK           ;
;  DATA_MEM_ADDR[6]     ; CLOCK      ; 8.355  ; 8.355  ; Rise       ; CLOCK           ;
;  DATA_MEM_ADDR[7]     ; CLOCK      ; 7.779  ; 7.779  ; Rise       ; CLOCK           ;
;  DATA_MEM_ADDR[8]     ; CLOCK      ; 8.501  ; 8.501  ; Rise       ; CLOCK           ;
;  DATA_MEM_ADDR[9]     ; CLOCK      ; 8.173  ; 8.173  ; Rise       ; CLOCK           ;
;  DATA_MEM_ADDR[10]    ; CLOCK      ; 7.733  ; 7.733  ; Rise       ; CLOCK           ;
;  DATA_MEM_ADDR[11]    ; CLOCK      ; 8.111  ; 8.111  ; Rise       ; CLOCK           ;
;  DATA_MEM_ADDR[12]    ; CLOCK      ; 7.743  ; 7.743  ; Rise       ; CLOCK           ;
;  DATA_MEM_ADDR[13]    ; CLOCK      ; 8.046  ; 8.046  ; Rise       ; CLOCK           ;
;  DATA_MEM_ADDR[14]    ; CLOCK      ; 8.512  ; 8.512  ; Rise       ; CLOCK           ;
;  DATA_MEM_ADDR[15]    ; CLOCK      ; 8.837  ; 8.837  ; Rise       ; CLOCK           ;
;  DATA_MEM_ADDR[16]    ; CLOCK      ; 8.646  ; 8.646  ; Rise       ; CLOCK           ;
;  DATA_MEM_ADDR[17]    ; CLOCK      ; 9.455  ; 9.455  ; Rise       ; CLOCK           ;
;  DATA_MEM_ADDR[18]    ; CLOCK      ; 8.619  ; 8.619  ; Rise       ; CLOCK           ;
;  DATA_MEM_ADDR[19]    ; CLOCK      ; 7.862  ; 7.862  ; Rise       ; CLOCK           ;
;  DATA_MEM_ADDR[20]    ; CLOCK      ; 8.199  ; 8.199  ; Rise       ; CLOCK           ;
;  DATA_MEM_ADDR[21]    ; CLOCK      ; 7.580  ; 7.580  ; Rise       ; CLOCK           ;
;  DATA_MEM_ADDR[22]    ; CLOCK      ; 8.244  ; 8.244  ; Rise       ; CLOCK           ;
;  DATA_MEM_ADDR[23]    ; CLOCK      ; 8.019  ; 8.019  ; Rise       ; CLOCK           ;
;  DATA_MEM_ADDR[24]    ; CLOCK      ; 8.663  ; 8.663  ; Rise       ; CLOCK           ;
;  DATA_MEM_ADDR[25]    ; CLOCK      ; 8.008  ; 8.008  ; Rise       ; CLOCK           ;
;  DATA_MEM_ADDR[26]    ; CLOCK      ; 7.691  ; 7.691  ; Rise       ; CLOCK           ;
;  DATA_MEM_ADDR[27]    ; CLOCK      ; 8.252  ; 8.252  ; Rise       ; CLOCK           ;
;  DATA_MEM_ADDR[28]    ; CLOCK      ; 7.895  ; 7.895  ; Rise       ; CLOCK           ;
;  DATA_MEM_ADDR[29]    ; CLOCK      ; 8.337  ; 8.337  ; Rise       ; CLOCK           ;
;  DATA_MEM_ADDR[30]    ; CLOCK      ; 8.886  ; 8.886  ; Rise       ; CLOCK           ;
;  DATA_MEM_ADDR[31]    ; CLOCK      ; 8.375  ; 8.375  ; Rise       ; CLOCK           ;
; DATA_MEM_OUT[*]       ; CLOCK      ; 11.883 ; 11.883 ; Rise       ; CLOCK           ;
;  DATA_MEM_OUT[0]      ; CLOCK      ; 10.661 ; 10.661 ; Rise       ; CLOCK           ;
;  DATA_MEM_OUT[1]      ; CLOCK      ; 11.319 ; 11.319 ; Rise       ; CLOCK           ;
;  DATA_MEM_OUT[2]      ; CLOCK      ; 10.986 ; 10.986 ; Rise       ; CLOCK           ;
;  DATA_MEM_OUT[3]      ; CLOCK      ; 11.476 ; 11.476 ; Rise       ; CLOCK           ;
;  DATA_MEM_OUT[4]      ; CLOCK      ; 10.205 ; 10.205 ; Rise       ; CLOCK           ;
;  DATA_MEM_OUT[5]      ; CLOCK      ; 10.680 ; 10.680 ; Rise       ; CLOCK           ;
;  DATA_MEM_OUT[6]      ; CLOCK      ; 10.845 ; 10.845 ; Rise       ; CLOCK           ;
;  DATA_MEM_OUT[7]      ; CLOCK      ; 11.289 ; 11.289 ; Rise       ; CLOCK           ;
;  DATA_MEM_OUT[8]      ; CLOCK      ; 11.140 ; 11.140 ; Rise       ; CLOCK           ;
;  DATA_MEM_OUT[9]      ; CLOCK      ; 11.702 ; 11.702 ; Rise       ; CLOCK           ;
;  DATA_MEM_OUT[10]     ; CLOCK      ; 10.665 ; 10.665 ; Rise       ; CLOCK           ;
;  DATA_MEM_OUT[11]     ; CLOCK      ; 11.287 ; 11.287 ; Rise       ; CLOCK           ;
;  DATA_MEM_OUT[12]     ; CLOCK      ; 10.261 ; 10.261 ; Rise       ; CLOCK           ;
;  DATA_MEM_OUT[13]     ; CLOCK      ; 10.688 ; 10.688 ; Rise       ; CLOCK           ;
;  DATA_MEM_OUT[14]     ; CLOCK      ; 11.552 ; 11.552 ; Rise       ; CLOCK           ;
;  DATA_MEM_OUT[15]     ; CLOCK      ; 11.381 ; 11.381 ; Rise       ; CLOCK           ;
;  DATA_MEM_OUT[16]     ; CLOCK      ; 11.090 ; 11.090 ; Rise       ; CLOCK           ;
;  DATA_MEM_OUT[17]     ; CLOCK      ; 11.168 ; 11.168 ; Rise       ; CLOCK           ;
;  DATA_MEM_OUT[18]     ; CLOCK      ; 11.290 ; 11.290 ; Rise       ; CLOCK           ;
;  DATA_MEM_OUT[19]     ; CLOCK      ; 11.163 ; 11.163 ; Rise       ; CLOCK           ;
;  DATA_MEM_OUT[20]     ; CLOCK      ; 11.251 ; 11.251 ; Rise       ; CLOCK           ;
;  DATA_MEM_OUT[21]     ; CLOCK      ; 11.629 ; 11.629 ; Rise       ; CLOCK           ;
;  DATA_MEM_OUT[22]     ; CLOCK      ; 11.768 ; 11.768 ; Rise       ; CLOCK           ;
;  DATA_MEM_OUT[23]     ; CLOCK      ; 10.160 ; 10.160 ; Rise       ; CLOCK           ;
;  DATA_MEM_OUT[24]     ; CLOCK      ; 11.538 ; 11.538 ; Rise       ; CLOCK           ;
;  DATA_MEM_OUT[25]     ; CLOCK      ; 11.104 ; 11.104 ; Rise       ; CLOCK           ;
;  DATA_MEM_OUT[26]     ; CLOCK      ; 10.907 ; 10.907 ; Rise       ; CLOCK           ;
;  DATA_MEM_OUT[27]     ; CLOCK      ; 11.883 ; 11.883 ; Rise       ; CLOCK           ;
;  DATA_MEM_OUT[28]     ; CLOCK      ; 10.895 ; 10.895 ; Rise       ; CLOCK           ;
;  DATA_MEM_OUT[29]     ; CLOCK      ; 11.042 ; 11.042 ; Rise       ; CLOCK           ;
;  DATA_MEM_OUT[30]     ; CLOCK      ; 11.033 ; 11.033 ; Rise       ; CLOCK           ;
;  DATA_MEM_OUT[31]     ; CLOCK      ; 11.001 ; 11.001 ; Rise       ; CLOCK           ;
; DATA_MEM_write_enable ; CLOCK      ; 6.762  ; 6.762  ; Rise       ; CLOCK           ;
; MBR_OUT[*]            ; CLOCK      ; 9.305  ; 9.305  ; Rise       ; CLOCK           ;
;  MBR_OUT[0]           ; CLOCK      ; 8.959  ; 8.959  ; Rise       ; CLOCK           ;
;  MBR_OUT[1]           ; CLOCK      ; 8.860  ; 8.860  ; Rise       ; CLOCK           ;
;  MBR_OUT[2]           ; CLOCK      ; 8.675  ; 8.675  ; Rise       ; CLOCK           ;
;  MBR_OUT[3]           ; CLOCK      ; 8.355  ; 8.355  ; Rise       ; CLOCK           ;
;  MBR_OUT[4]           ; CLOCK      ; 8.312  ; 8.312  ; Rise       ; CLOCK           ;
;  MBR_OUT[5]           ; CLOCK      ; 9.305  ; 9.305  ; Rise       ; CLOCK           ;
;  MBR_OUT[6]           ; CLOCK      ; 8.822  ; 8.822  ; Rise       ; CLOCK           ;
;  MBR_OUT[7]           ; CLOCK      ; 8.927  ; 8.927  ; Rise       ; CLOCK           ;
; MPC[*]                ; CLOCK      ; 9.734  ; 9.734  ; Rise       ; CLOCK           ;
;  MPC[0]               ; CLOCK      ; 7.113  ; 7.113  ; Rise       ; CLOCK           ;
;  MPC[1]               ; CLOCK      ; 7.323  ; 7.323  ; Rise       ; CLOCK           ;
;  MPC[2]               ; CLOCK      ; 7.292  ; 7.292  ; Rise       ; CLOCK           ;
;  MPC[3]               ; CLOCK      ; 7.090  ; 7.090  ; Rise       ; CLOCK           ;
;  MPC[4]               ; CLOCK      ; 7.235  ; 7.235  ; Rise       ; CLOCK           ;
;  MPC[5]               ; CLOCK      ; 7.513  ; 7.513  ; Rise       ; CLOCK           ;
;  MPC[6]               ; CLOCK      ; 7.121  ; 7.121  ; Rise       ; CLOCK           ;
;  MPC[7]               ; CLOCK      ; 7.116  ; 7.116  ; Rise       ; CLOCK           ;
;  MPC[8]               ; CLOCK      ; 9.734  ; 9.734  ; Rise       ; CLOCK           ;
; PC[*]                 ; CLOCK      ; 11.203 ; 11.203 ; Rise       ; CLOCK           ;
;  PC[0]                ; CLOCK      ; 10.069 ; 10.069 ; Rise       ; CLOCK           ;
;  PC[1]                ; CLOCK      ; 10.849 ; 10.849 ; Rise       ; CLOCK           ;
;  PC[2]                ; CLOCK      ; 10.377 ; 10.377 ; Rise       ; CLOCK           ;
;  PC[3]                ; CLOCK      ; 10.411 ; 10.411 ; Rise       ; CLOCK           ;
;  PC[4]                ; CLOCK      ; 10.590 ; 10.590 ; Rise       ; CLOCK           ;
;  PC[5]                ; CLOCK      ; 10.322 ; 10.322 ; Rise       ; CLOCK           ;
;  PC[6]                ; CLOCK      ; 9.940  ; 9.940  ; Rise       ; CLOCK           ;
;  PC[7]                ; CLOCK      ; 10.364 ; 10.364 ; Rise       ; CLOCK           ;
;  PC[8]                ; CLOCK      ; 10.047 ; 10.047 ; Rise       ; CLOCK           ;
;  PC[9]                ; CLOCK      ; 10.451 ; 10.451 ; Rise       ; CLOCK           ;
;  PC[10]               ; CLOCK      ; 10.065 ; 10.065 ; Rise       ; CLOCK           ;
;  PC[11]               ; CLOCK      ; 10.425 ; 10.425 ; Rise       ; CLOCK           ;
;  PC[12]               ; CLOCK      ; 10.942 ; 10.942 ; Rise       ; CLOCK           ;
;  PC[13]               ; CLOCK      ; 10.660 ; 10.660 ; Rise       ; CLOCK           ;
;  PC[14]               ; CLOCK      ; 10.588 ; 10.588 ; Rise       ; CLOCK           ;
;  PC[15]               ; CLOCK      ; 10.159 ; 10.159 ; Rise       ; CLOCK           ;
;  PC[16]               ; CLOCK      ; 10.113 ; 10.113 ; Rise       ; CLOCK           ;
;  PC[17]               ; CLOCK      ; 9.938  ; 9.938  ; Rise       ; CLOCK           ;
;  PC[18]               ; CLOCK      ; 11.203 ; 11.203 ; Rise       ; CLOCK           ;
;  PC[19]               ; CLOCK      ; 11.136 ; 11.136 ; Rise       ; CLOCK           ;
;  PC[20]               ; CLOCK      ; 10.856 ; 10.856 ; Rise       ; CLOCK           ;
;  PC[21]               ; CLOCK      ; 10.758 ; 10.758 ; Rise       ; CLOCK           ;
;  PC[22]               ; CLOCK      ; 10.632 ; 10.632 ; Rise       ; CLOCK           ;
;  PC[23]               ; CLOCK      ; 10.493 ; 10.493 ; Rise       ; CLOCK           ;
;  PC[24]               ; CLOCK      ; 10.851 ; 10.851 ; Rise       ; CLOCK           ;
;  PC[25]               ; CLOCK      ; 10.558 ; 10.558 ; Rise       ; CLOCK           ;
;  PC[26]               ; CLOCK      ; 10.552 ; 10.552 ; Rise       ; CLOCK           ;
;  PC[27]               ; CLOCK      ; 11.121 ; 11.121 ; Rise       ; CLOCK           ;
;  PC[28]               ; CLOCK      ; 9.609  ; 9.609  ; Rise       ; CLOCK           ;
;  PC[29]               ; CLOCK      ; 10.394 ; 10.394 ; Rise       ; CLOCK           ;
;  PC[30]               ; CLOCK      ; 10.495 ; 10.495 ; Rise       ; CLOCK           ;
;  PC[31]               ; CLOCK      ; 10.435 ; 10.435 ; Rise       ; CLOCK           ;
; C_BUS[*]              ; CLOCK      ; 29.737 ; 29.737 ; Fall       ; CLOCK           ;
;  C_BUS[0]             ; CLOCK      ; 17.871 ; 17.871 ; Fall       ; CLOCK           ;
;  C_BUS[1]             ; CLOCK      ; 19.130 ; 19.130 ; Fall       ; CLOCK           ;
;  C_BUS[2]             ; CLOCK      ; 18.415 ; 18.415 ; Fall       ; CLOCK           ;
;  C_BUS[3]             ; CLOCK      ; 17.760 ; 17.760 ; Fall       ; CLOCK           ;
;  C_BUS[4]             ; CLOCK      ; 19.269 ; 19.269 ; Fall       ; CLOCK           ;
;  C_BUS[5]             ; CLOCK      ; 19.410 ; 19.410 ; Fall       ; CLOCK           ;
;  C_BUS[6]             ; CLOCK      ; 19.156 ; 19.156 ; Fall       ; CLOCK           ;
;  C_BUS[7]             ; CLOCK      ; 20.003 ; 20.003 ; Fall       ; CLOCK           ;
;  C_BUS[8]             ; CLOCK      ; 20.975 ; 20.975 ; Fall       ; CLOCK           ;
;  C_BUS[9]             ; CLOCK      ; 21.052 ; 21.052 ; Fall       ; CLOCK           ;
;  C_BUS[10]            ; CLOCK      ; 21.361 ; 21.361 ; Fall       ; CLOCK           ;
;  C_BUS[11]            ; CLOCK      ; 22.278 ; 22.278 ; Fall       ; CLOCK           ;
;  C_BUS[12]            ; CLOCK      ; 21.756 ; 21.756 ; Fall       ; CLOCK           ;
;  C_BUS[13]            ; CLOCK      ; 22.587 ; 22.587 ; Fall       ; CLOCK           ;
;  C_BUS[14]            ; CLOCK      ; 22.292 ; 22.292 ; Fall       ; CLOCK           ;
;  C_BUS[15]            ; CLOCK      ; 22.132 ; 22.132 ; Fall       ; CLOCK           ;
;  C_BUS[16]            ; CLOCK      ; 23.313 ; 23.313 ; Fall       ; CLOCK           ;
;  C_BUS[17]            ; CLOCK      ; 24.137 ; 24.137 ; Fall       ; CLOCK           ;
;  C_BUS[18]            ; CLOCK      ; 24.740 ; 24.740 ; Fall       ; CLOCK           ;
;  C_BUS[19]            ; CLOCK      ; 24.976 ; 24.976 ; Fall       ; CLOCK           ;
;  C_BUS[20]            ; CLOCK      ; 25.557 ; 25.557 ; Fall       ; CLOCK           ;
;  C_BUS[21]            ; CLOCK      ; 25.948 ; 25.948 ; Fall       ; CLOCK           ;
;  C_BUS[22]            ; CLOCK      ; 26.318 ; 26.318 ; Fall       ; CLOCK           ;
;  C_BUS[23]            ; CLOCK      ; 26.827 ; 26.827 ; Fall       ; CLOCK           ;
;  C_BUS[24]            ; CLOCK      ; 26.897 ; 26.897 ; Fall       ; CLOCK           ;
;  C_BUS[25]            ; CLOCK      ; 27.705 ; 27.705 ; Fall       ; CLOCK           ;
;  C_BUS[26]            ; CLOCK      ; 27.733 ; 27.733 ; Fall       ; CLOCK           ;
;  C_BUS[27]            ; CLOCK      ; 28.107 ; 28.107 ; Fall       ; CLOCK           ;
;  C_BUS[28]            ; CLOCK      ; 29.737 ; 29.737 ; Fall       ; CLOCK           ;
;  C_BUS[29]            ; CLOCK      ; 29.132 ; 29.132 ; Fall       ; CLOCK           ;
;  C_BUS[30]            ; CLOCK      ; 29.728 ; 29.728 ; Fall       ; CLOCK           ;
;  C_BUS[31]            ; CLOCK      ; 29.268 ; 29.268 ; Fall       ; CLOCK           ;
; MIR[*]                ; CLOCK      ; 11.074 ; 11.074 ; Fall       ; CLOCK           ;
;  MIR[0]               ; CLOCK      ; 10.082 ; 10.082 ; Fall       ; CLOCK           ;
;  MIR[1]               ; CLOCK      ; 10.169 ; 10.169 ; Fall       ; CLOCK           ;
;  MIR[2]               ; CLOCK      ; 10.523 ; 10.523 ; Fall       ; CLOCK           ;
;  MIR[3]               ; CLOCK      ; 10.191 ; 10.191 ; Fall       ; CLOCK           ;
;  MIR[4]               ; CLOCK      ; 10.937 ; 10.937 ; Fall       ; CLOCK           ;
;  MIR[5]               ; CLOCK      ; 10.010 ; 10.010 ; Fall       ; CLOCK           ;
;  MIR[6]               ; CLOCK      ; 9.700  ; 9.700  ; Fall       ; CLOCK           ;
;  MIR[7]               ; CLOCK      ; 10.868 ; 10.868 ; Fall       ; CLOCK           ;
;  MIR[8]               ; CLOCK      ; 10.563 ; 10.563 ; Fall       ; CLOCK           ;
;  MIR[9]               ; CLOCK      ; 10.437 ; 10.437 ; Fall       ; CLOCK           ;
;  MIR[10]              ; CLOCK      ; 10.487 ; 10.487 ; Fall       ; CLOCK           ;
;  MIR[11]              ; CLOCK      ; 10.708 ; 10.708 ; Fall       ; CLOCK           ;
;  MIR[12]              ; CLOCK      ; 10.193 ; 10.193 ; Fall       ; CLOCK           ;
;  MIR[13]              ; CLOCK      ; 10.729 ; 10.729 ; Fall       ; CLOCK           ;
;  MIR[14]              ; CLOCK      ; 9.868  ; 9.868  ; Fall       ; CLOCK           ;
;  MIR[15]              ; CLOCK      ; 10.523 ; 10.523 ; Fall       ; CLOCK           ;
;  MIR[16]              ; CLOCK      ; 9.809  ; 9.809  ; Fall       ; CLOCK           ;
;  MIR[17]              ; CLOCK      ; 10.282 ; 10.282 ; Fall       ; CLOCK           ;
;  MIR[18]              ; CLOCK      ; 10.070 ; 10.070 ; Fall       ; CLOCK           ;
;  MIR[19]              ; CLOCK      ; 10.332 ; 10.332 ; Fall       ; CLOCK           ;
;  MIR[20]              ; CLOCK      ; 10.632 ; 10.632 ; Fall       ; CLOCK           ;
;  MIR[21]              ; CLOCK      ; 10.762 ; 10.762 ; Fall       ; CLOCK           ;
;  MIR[22]              ; CLOCK      ; 11.074 ; 11.074 ; Fall       ; CLOCK           ;
;  MIR[23]              ; CLOCK      ; 10.812 ; 10.812 ; Fall       ; CLOCK           ;
;  MIR[24]              ; CLOCK      ; 10.020 ; 10.020 ; Fall       ; CLOCK           ;
;  MIR[25]              ; CLOCK      ; 9.997  ; 9.997  ; Fall       ; CLOCK           ;
;  MIR[26]              ; CLOCK      ; 10.218 ; 10.218 ; Fall       ; CLOCK           ;
;  MIR[27]              ; CLOCK      ; 9.835  ; 9.835  ; Fall       ; CLOCK           ;
;  MIR[28]              ; CLOCK      ; 9.743  ; 9.743  ; Fall       ; CLOCK           ;
;  MIR[29]              ; CLOCK      ; 10.293 ; 10.293 ; Fall       ; CLOCK           ;
;  MIR[30]              ; CLOCK      ; 10.357 ; 10.357 ; Fall       ; CLOCK           ;
;  MIR[31]              ; CLOCK      ; 10.254 ; 10.254 ; Fall       ; CLOCK           ;
;  MIR[32]              ; CLOCK      ; 10.508 ; 10.508 ; Fall       ; CLOCK           ;
;  MIR[33]              ; CLOCK      ; 10.559 ; 10.559 ; Fall       ; CLOCK           ;
;  MIR[34]              ; CLOCK      ; 10.338 ; 10.338 ; Fall       ; CLOCK           ;
;  MIR[35]              ; CLOCK      ; 9.816  ; 9.816  ; Fall       ; CLOCK           ;
; MPC[*]                ; CLOCK      ; 11.751 ; 11.751 ; Fall       ; CLOCK           ;
;  MPC[0]               ; CLOCK      ; 10.923 ; 10.923 ; Fall       ; CLOCK           ;
;  MPC[1]               ; CLOCK      ; 10.903 ; 10.903 ; Fall       ; CLOCK           ;
;  MPC[2]               ; CLOCK      ; 11.126 ; 11.126 ; Fall       ; CLOCK           ;
;  MPC[3]               ; CLOCK      ; 10.920 ; 10.920 ; Fall       ; CLOCK           ;
;  MPC[4]               ; CLOCK      ; 11.064 ; 11.064 ; Fall       ; CLOCK           ;
;  MPC[5]               ; CLOCK      ; 11.341 ; 11.341 ; Fall       ; CLOCK           ;
;  MPC[6]               ; CLOCK      ; 10.930 ; 10.930 ; Fall       ; CLOCK           ;
;  MPC[7]               ; CLOCK      ; 10.942 ; 10.942 ; Fall       ; CLOCK           ;
;  MPC[8]               ; CLOCK      ; 11.751 ; 11.751 ; Fall       ; CLOCK           ;
+-----------------------+------------+--------+--------+------------+-----------------+


+-------------------------------------------------------------------------------------+
; Minimum Clock to Output Times                                                       ;
+-----------------------+------------+--------+--------+------------+-----------------+
; Data Port             ; Clock Port ; Rise   ; Fall   ; Clock Edge ; Clock Reference ;
+-----------------------+------------+--------+--------+------------+-----------------+
; C_BUS[*]              ; CLOCK      ; 10.553 ; 10.553 ; Rise       ; CLOCK           ;
;  C_BUS[0]             ; CLOCK      ; 11.381 ; 11.381 ; Rise       ; CLOCK           ;
;  C_BUS[1]             ; CLOCK      ; 12.089 ; 12.089 ; Rise       ; CLOCK           ;
;  C_BUS[2]             ; CLOCK      ; 10.748 ; 10.748 ; Rise       ; CLOCK           ;
;  C_BUS[3]             ; CLOCK      ; 10.958 ; 10.958 ; Rise       ; CLOCK           ;
;  C_BUS[4]             ; CLOCK      ; 11.191 ; 11.191 ; Rise       ; CLOCK           ;
;  C_BUS[5]             ; CLOCK      ; 10.998 ; 10.998 ; Rise       ; CLOCK           ;
;  C_BUS[6]             ; CLOCK      ; 10.553 ; 10.553 ; Rise       ; CLOCK           ;
;  C_BUS[7]             ; CLOCK      ; 11.978 ; 11.978 ; Rise       ; CLOCK           ;
;  C_BUS[8]             ; CLOCK      ; 12.716 ; 12.716 ; Rise       ; CLOCK           ;
;  C_BUS[9]             ; CLOCK      ; 11.931 ; 11.931 ; Rise       ; CLOCK           ;
;  C_BUS[10]            ; CLOCK      ; 11.963 ; 11.963 ; Rise       ; CLOCK           ;
;  C_BUS[11]            ; CLOCK      ; 11.486 ; 11.486 ; Rise       ; CLOCK           ;
;  C_BUS[12]            ; CLOCK      ; 12.259 ; 12.259 ; Rise       ; CLOCK           ;
;  C_BUS[13]            ; CLOCK      ; 11.957 ; 11.957 ; Rise       ; CLOCK           ;
;  C_BUS[14]            ; CLOCK      ; 11.222 ; 11.222 ; Rise       ; CLOCK           ;
;  C_BUS[15]            ; CLOCK      ; 11.404 ; 11.404 ; Rise       ; CLOCK           ;
;  C_BUS[16]            ; CLOCK      ; 12.792 ; 12.792 ; Rise       ; CLOCK           ;
;  C_BUS[17]            ; CLOCK      ; 12.577 ; 12.577 ; Rise       ; CLOCK           ;
;  C_BUS[18]            ; CLOCK      ; 12.988 ; 12.988 ; Rise       ; CLOCK           ;
;  C_BUS[19]            ; CLOCK      ; 13.396 ; 13.396 ; Rise       ; CLOCK           ;
;  C_BUS[20]            ; CLOCK      ; 13.114 ; 13.114 ; Rise       ; CLOCK           ;
;  C_BUS[21]            ; CLOCK      ; 13.291 ; 13.291 ; Rise       ; CLOCK           ;
;  C_BUS[22]            ; CLOCK      ; 12.942 ; 12.942 ; Rise       ; CLOCK           ;
;  C_BUS[23]            ; CLOCK      ; 13.123 ; 13.123 ; Rise       ; CLOCK           ;
;  C_BUS[24]            ; CLOCK      ; 13.076 ; 13.076 ; Rise       ; CLOCK           ;
;  C_BUS[25]            ; CLOCK      ; 13.214 ; 13.214 ; Rise       ; CLOCK           ;
;  C_BUS[26]            ; CLOCK      ; 12.948 ; 12.948 ; Rise       ; CLOCK           ;
;  C_BUS[27]            ; CLOCK      ; 13.166 ; 13.166 ; Rise       ; CLOCK           ;
;  C_BUS[28]            ; CLOCK      ; 14.136 ; 14.136 ; Rise       ; CLOCK           ;
;  C_BUS[29]            ; CLOCK      ; 13.190 ; 13.190 ; Rise       ; CLOCK           ;
;  C_BUS[30]            ; CLOCK      ; 13.015 ; 13.015 ; Rise       ; CLOCK           ;
;  C_BUS[31]            ; CLOCK      ; 12.778 ; 12.778 ; Rise       ; CLOCK           ;
; DATA_MEM_ADDR[*]      ; CLOCK      ; 7.580  ; 7.580  ; Rise       ; CLOCK           ;
;  DATA_MEM_ADDR[0]     ; CLOCK      ; 8.338  ; 8.338  ; Rise       ; CLOCK           ;
;  DATA_MEM_ADDR[1]     ; CLOCK      ; 8.173  ; 8.173  ; Rise       ; CLOCK           ;
;  DATA_MEM_ADDR[2]     ; CLOCK      ; 8.197  ; 8.197  ; Rise       ; CLOCK           ;
;  DATA_MEM_ADDR[3]     ; CLOCK      ; 8.683  ; 8.683  ; Rise       ; CLOCK           ;
;  DATA_MEM_ADDR[4]     ; CLOCK      ; 8.516  ; 8.516  ; Rise       ; CLOCK           ;
;  DATA_MEM_ADDR[5]     ; CLOCK      ; 8.097  ; 8.097  ; Rise       ; CLOCK           ;
;  DATA_MEM_ADDR[6]     ; CLOCK      ; 8.355  ; 8.355  ; Rise       ; CLOCK           ;
;  DATA_MEM_ADDR[7]     ; CLOCK      ; 7.779  ; 7.779  ; Rise       ; CLOCK           ;
;  DATA_MEM_ADDR[8]     ; CLOCK      ; 8.501  ; 8.501  ; Rise       ; CLOCK           ;
;  DATA_MEM_ADDR[9]     ; CLOCK      ; 8.173  ; 8.173  ; Rise       ; CLOCK           ;
;  DATA_MEM_ADDR[10]    ; CLOCK      ; 7.733  ; 7.733  ; Rise       ; CLOCK           ;
;  DATA_MEM_ADDR[11]    ; CLOCK      ; 8.111  ; 8.111  ; Rise       ; CLOCK           ;
;  DATA_MEM_ADDR[12]    ; CLOCK      ; 7.743  ; 7.743  ; Rise       ; CLOCK           ;
;  DATA_MEM_ADDR[13]    ; CLOCK      ; 8.046  ; 8.046  ; Rise       ; CLOCK           ;
;  DATA_MEM_ADDR[14]    ; CLOCK      ; 8.512  ; 8.512  ; Rise       ; CLOCK           ;
;  DATA_MEM_ADDR[15]    ; CLOCK      ; 8.837  ; 8.837  ; Rise       ; CLOCK           ;
;  DATA_MEM_ADDR[16]    ; CLOCK      ; 8.646  ; 8.646  ; Rise       ; CLOCK           ;
;  DATA_MEM_ADDR[17]    ; CLOCK      ; 9.455  ; 9.455  ; Rise       ; CLOCK           ;
;  DATA_MEM_ADDR[18]    ; CLOCK      ; 8.619  ; 8.619  ; Rise       ; CLOCK           ;
;  DATA_MEM_ADDR[19]    ; CLOCK      ; 7.862  ; 7.862  ; Rise       ; CLOCK           ;
;  DATA_MEM_ADDR[20]    ; CLOCK      ; 8.199  ; 8.199  ; Rise       ; CLOCK           ;
;  DATA_MEM_ADDR[21]    ; CLOCK      ; 7.580  ; 7.580  ; Rise       ; CLOCK           ;
;  DATA_MEM_ADDR[22]    ; CLOCK      ; 8.244  ; 8.244  ; Rise       ; CLOCK           ;
;  DATA_MEM_ADDR[23]    ; CLOCK      ; 8.019  ; 8.019  ; Rise       ; CLOCK           ;
;  DATA_MEM_ADDR[24]    ; CLOCK      ; 8.663  ; 8.663  ; Rise       ; CLOCK           ;
;  DATA_MEM_ADDR[25]    ; CLOCK      ; 8.008  ; 8.008  ; Rise       ; CLOCK           ;
;  DATA_MEM_ADDR[26]    ; CLOCK      ; 7.691  ; 7.691  ; Rise       ; CLOCK           ;
;  DATA_MEM_ADDR[27]    ; CLOCK      ; 8.252  ; 8.252  ; Rise       ; CLOCK           ;
;  DATA_MEM_ADDR[28]    ; CLOCK      ; 7.895  ; 7.895  ; Rise       ; CLOCK           ;
;  DATA_MEM_ADDR[29]    ; CLOCK      ; 8.337  ; 8.337  ; Rise       ; CLOCK           ;
;  DATA_MEM_ADDR[30]    ; CLOCK      ; 8.886  ; 8.886  ; Rise       ; CLOCK           ;
;  DATA_MEM_ADDR[31]    ; CLOCK      ; 8.375  ; 8.375  ; Rise       ; CLOCK           ;
; DATA_MEM_OUT[*]       ; CLOCK      ; 10.160 ; 10.160 ; Rise       ; CLOCK           ;
;  DATA_MEM_OUT[0]      ; CLOCK      ; 10.661 ; 10.661 ; Rise       ; CLOCK           ;
;  DATA_MEM_OUT[1]      ; CLOCK      ; 11.319 ; 11.319 ; Rise       ; CLOCK           ;
;  DATA_MEM_OUT[2]      ; CLOCK      ; 10.986 ; 10.986 ; Rise       ; CLOCK           ;
;  DATA_MEM_OUT[3]      ; CLOCK      ; 11.476 ; 11.476 ; Rise       ; CLOCK           ;
;  DATA_MEM_OUT[4]      ; CLOCK      ; 10.205 ; 10.205 ; Rise       ; CLOCK           ;
;  DATA_MEM_OUT[5]      ; CLOCK      ; 10.680 ; 10.680 ; Rise       ; CLOCK           ;
;  DATA_MEM_OUT[6]      ; CLOCK      ; 10.845 ; 10.845 ; Rise       ; CLOCK           ;
;  DATA_MEM_OUT[7]      ; CLOCK      ; 11.289 ; 11.289 ; Rise       ; CLOCK           ;
;  DATA_MEM_OUT[8]      ; CLOCK      ; 11.140 ; 11.140 ; Rise       ; CLOCK           ;
;  DATA_MEM_OUT[9]      ; CLOCK      ; 11.702 ; 11.702 ; Rise       ; CLOCK           ;
;  DATA_MEM_OUT[10]     ; CLOCK      ; 10.665 ; 10.665 ; Rise       ; CLOCK           ;
;  DATA_MEM_OUT[11]     ; CLOCK      ; 11.287 ; 11.287 ; Rise       ; CLOCK           ;
;  DATA_MEM_OUT[12]     ; CLOCK      ; 10.261 ; 10.261 ; Rise       ; CLOCK           ;
;  DATA_MEM_OUT[13]     ; CLOCK      ; 10.688 ; 10.688 ; Rise       ; CLOCK           ;
;  DATA_MEM_OUT[14]     ; CLOCK      ; 11.552 ; 11.552 ; Rise       ; CLOCK           ;
;  DATA_MEM_OUT[15]     ; CLOCK      ; 11.381 ; 11.381 ; Rise       ; CLOCK           ;
;  DATA_MEM_OUT[16]     ; CLOCK      ; 11.090 ; 11.090 ; Rise       ; CLOCK           ;
;  DATA_MEM_OUT[17]     ; CLOCK      ; 11.168 ; 11.168 ; Rise       ; CLOCK           ;
;  DATA_MEM_OUT[18]     ; CLOCK      ; 11.290 ; 11.290 ; Rise       ; CLOCK           ;
;  DATA_MEM_OUT[19]     ; CLOCK      ; 11.163 ; 11.163 ; Rise       ; CLOCK           ;
;  DATA_MEM_OUT[20]     ; CLOCK      ; 11.251 ; 11.251 ; Rise       ; CLOCK           ;
;  DATA_MEM_OUT[21]     ; CLOCK      ; 11.629 ; 11.629 ; Rise       ; CLOCK           ;
;  DATA_MEM_OUT[22]     ; CLOCK      ; 11.768 ; 11.768 ; Rise       ; CLOCK           ;
;  DATA_MEM_OUT[23]     ; CLOCK      ; 10.160 ; 10.160 ; Rise       ; CLOCK           ;
;  DATA_MEM_OUT[24]     ; CLOCK      ; 11.538 ; 11.538 ; Rise       ; CLOCK           ;
;  DATA_MEM_OUT[25]     ; CLOCK      ; 11.104 ; 11.104 ; Rise       ; CLOCK           ;
;  DATA_MEM_OUT[26]     ; CLOCK      ; 10.907 ; 10.907 ; Rise       ; CLOCK           ;
;  DATA_MEM_OUT[27]     ; CLOCK      ; 11.883 ; 11.883 ; Rise       ; CLOCK           ;
;  DATA_MEM_OUT[28]     ; CLOCK      ; 10.895 ; 10.895 ; Rise       ; CLOCK           ;
;  DATA_MEM_OUT[29]     ; CLOCK      ; 11.042 ; 11.042 ; Rise       ; CLOCK           ;
;  DATA_MEM_OUT[30]     ; CLOCK      ; 11.033 ; 11.033 ; Rise       ; CLOCK           ;
;  DATA_MEM_OUT[31]     ; CLOCK      ; 11.001 ; 11.001 ; Rise       ; CLOCK           ;
; DATA_MEM_write_enable ; CLOCK      ; 6.762  ; 6.762  ; Rise       ; CLOCK           ;
; MBR_OUT[*]            ; CLOCK      ; 8.312  ; 8.312  ; Rise       ; CLOCK           ;
;  MBR_OUT[0]           ; CLOCK      ; 8.959  ; 8.959  ; Rise       ; CLOCK           ;
;  MBR_OUT[1]           ; CLOCK      ; 8.860  ; 8.860  ; Rise       ; CLOCK           ;
;  MBR_OUT[2]           ; CLOCK      ; 8.675  ; 8.675  ; Rise       ; CLOCK           ;
;  MBR_OUT[3]           ; CLOCK      ; 8.355  ; 8.355  ; Rise       ; CLOCK           ;
;  MBR_OUT[4]           ; CLOCK      ; 8.312  ; 8.312  ; Rise       ; CLOCK           ;
;  MBR_OUT[5]           ; CLOCK      ; 9.305  ; 9.305  ; Rise       ; CLOCK           ;
;  MBR_OUT[6]           ; CLOCK      ; 8.822  ; 8.822  ; Rise       ; CLOCK           ;
;  MBR_OUT[7]           ; CLOCK      ; 8.927  ; 8.927  ; Rise       ; CLOCK           ;
; MPC[*]                ; CLOCK      ; 7.090  ; 7.090  ; Rise       ; CLOCK           ;
;  MPC[0]               ; CLOCK      ; 7.113  ; 7.113  ; Rise       ; CLOCK           ;
;  MPC[1]               ; CLOCK      ; 7.323  ; 7.323  ; Rise       ; CLOCK           ;
;  MPC[2]               ; CLOCK      ; 7.292  ; 7.292  ; Rise       ; CLOCK           ;
;  MPC[3]               ; CLOCK      ; 7.090  ; 7.090  ; Rise       ; CLOCK           ;
;  MPC[4]               ; CLOCK      ; 7.235  ; 7.235  ; Rise       ; CLOCK           ;
;  MPC[5]               ; CLOCK      ; 7.513  ; 7.513  ; Rise       ; CLOCK           ;
;  MPC[6]               ; CLOCK      ; 7.121  ; 7.121  ; Rise       ; CLOCK           ;
;  MPC[7]               ; CLOCK      ; 7.116  ; 7.116  ; Rise       ; CLOCK           ;
;  MPC[8]               ; CLOCK      ; 9.521  ; 9.521  ; Rise       ; CLOCK           ;
; PC[*]                 ; CLOCK      ; 9.609  ; 9.609  ; Rise       ; CLOCK           ;
;  PC[0]                ; CLOCK      ; 10.069 ; 10.069 ; Rise       ; CLOCK           ;
;  PC[1]                ; CLOCK      ; 10.849 ; 10.849 ; Rise       ; CLOCK           ;
;  PC[2]                ; CLOCK      ; 10.377 ; 10.377 ; Rise       ; CLOCK           ;
;  PC[3]                ; CLOCK      ; 10.411 ; 10.411 ; Rise       ; CLOCK           ;
;  PC[4]                ; CLOCK      ; 10.590 ; 10.590 ; Rise       ; CLOCK           ;
;  PC[5]                ; CLOCK      ; 10.322 ; 10.322 ; Rise       ; CLOCK           ;
;  PC[6]                ; CLOCK      ; 9.940  ; 9.940  ; Rise       ; CLOCK           ;
;  PC[7]                ; CLOCK      ; 10.364 ; 10.364 ; Rise       ; CLOCK           ;
;  PC[8]                ; CLOCK      ; 10.047 ; 10.047 ; Rise       ; CLOCK           ;
;  PC[9]                ; CLOCK      ; 10.451 ; 10.451 ; Rise       ; CLOCK           ;
;  PC[10]               ; CLOCK      ; 10.065 ; 10.065 ; Rise       ; CLOCK           ;
;  PC[11]               ; CLOCK      ; 10.425 ; 10.425 ; Rise       ; CLOCK           ;
;  PC[12]               ; CLOCK      ; 10.942 ; 10.942 ; Rise       ; CLOCK           ;
;  PC[13]               ; CLOCK      ; 10.660 ; 10.660 ; Rise       ; CLOCK           ;
;  PC[14]               ; CLOCK      ; 10.588 ; 10.588 ; Rise       ; CLOCK           ;
;  PC[15]               ; CLOCK      ; 10.159 ; 10.159 ; Rise       ; CLOCK           ;
;  PC[16]               ; CLOCK      ; 10.113 ; 10.113 ; Rise       ; CLOCK           ;
;  PC[17]               ; CLOCK      ; 9.938  ; 9.938  ; Rise       ; CLOCK           ;
;  PC[18]               ; CLOCK      ; 11.203 ; 11.203 ; Rise       ; CLOCK           ;
;  PC[19]               ; CLOCK      ; 11.136 ; 11.136 ; Rise       ; CLOCK           ;
;  PC[20]               ; CLOCK      ; 10.856 ; 10.856 ; Rise       ; CLOCK           ;
;  PC[21]               ; CLOCK      ; 10.758 ; 10.758 ; Rise       ; CLOCK           ;
;  PC[22]               ; CLOCK      ; 10.632 ; 10.632 ; Rise       ; CLOCK           ;
;  PC[23]               ; CLOCK      ; 10.493 ; 10.493 ; Rise       ; CLOCK           ;
;  PC[24]               ; CLOCK      ; 10.851 ; 10.851 ; Rise       ; CLOCK           ;
;  PC[25]               ; CLOCK      ; 10.558 ; 10.558 ; Rise       ; CLOCK           ;
;  PC[26]               ; CLOCK      ; 10.552 ; 10.552 ; Rise       ; CLOCK           ;
;  PC[27]               ; CLOCK      ; 11.121 ; 11.121 ; Rise       ; CLOCK           ;
;  PC[28]               ; CLOCK      ; 9.609  ; 9.609  ; Rise       ; CLOCK           ;
;  PC[29]               ; CLOCK      ; 10.394 ; 10.394 ; Rise       ; CLOCK           ;
;  PC[30]               ; CLOCK      ; 10.495 ; 10.495 ; Rise       ; CLOCK           ;
;  PC[31]               ; CLOCK      ; 10.435 ; 10.435 ; Rise       ; CLOCK           ;
; C_BUS[*]              ; CLOCK      ; 11.281 ; 11.281 ; Fall       ; CLOCK           ;
;  C_BUS[0]             ; CLOCK      ; 11.672 ; 11.672 ; Fall       ; CLOCK           ;
;  C_BUS[1]             ; CLOCK      ; 12.724 ; 12.724 ; Fall       ; CLOCK           ;
;  C_BUS[2]             ; CLOCK      ; 12.594 ; 12.594 ; Fall       ; CLOCK           ;
;  C_BUS[3]             ; CLOCK      ; 12.498 ; 12.498 ; Fall       ; CLOCK           ;
;  C_BUS[4]             ; CLOCK      ; 12.191 ; 12.191 ; Fall       ; CLOCK           ;
;  C_BUS[5]             ; CLOCK      ; 12.386 ; 12.386 ; Fall       ; CLOCK           ;
;  C_BUS[6]             ; CLOCK      ; 11.281 ; 11.281 ; Fall       ; CLOCK           ;
;  C_BUS[7]             ; CLOCK      ; 12.530 ; 12.530 ; Fall       ; CLOCK           ;
;  C_BUS[8]             ; CLOCK      ; 13.545 ; 13.545 ; Fall       ; CLOCK           ;
;  C_BUS[9]             ; CLOCK      ; 12.672 ; 12.672 ; Fall       ; CLOCK           ;
;  C_BUS[10]            ; CLOCK      ; 13.050 ; 13.050 ; Fall       ; CLOCK           ;
;  C_BUS[11]            ; CLOCK      ; 13.369 ; 13.369 ; Fall       ; CLOCK           ;
;  C_BUS[12]            ; CLOCK      ; 13.004 ; 13.004 ; Fall       ; CLOCK           ;
;  C_BUS[13]            ; CLOCK      ; 13.370 ; 13.370 ; Fall       ; CLOCK           ;
;  C_BUS[14]            ; CLOCK      ; 12.351 ; 12.351 ; Fall       ; CLOCK           ;
;  C_BUS[15]            ; CLOCK      ; 11.962 ; 11.962 ; Fall       ; CLOCK           ;
;  C_BUS[16]            ; CLOCK      ; 13.230 ; 13.230 ; Fall       ; CLOCK           ;
;  C_BUS[17]            ; CLOCK      ; 13.490 ; 13.490 ; Fall       ; CLOCK           ;
;  C_BUS[18]            ; CLOCK      ; 13.065 ; 13.065 ; Fall       ; CLOCK           ;
;  C_BUS[19]            ; CLOCK      ; 13.686 ; 13.686 ; Fall       ; CLOCK           ;
;  C_BUS[20]            ; CLOCK      ; 13.395 ; 13.395 ; Fall       ; CLOCK           ;
;  C_BUS[21]            ; CLOCK      ; 13.565 ; 13.565 ; Fall       ; CLOCK           ;
;  C_BUS[22]            ; CLOCK      ; 13.216 ; 13.216 ; Fall       ; CLOCK           ;
;  C_BUS[23]            ; CLOCK      ; 13.076 ; 13.076 ; Fall       ; CLOCK           ;
;  C_BUS[24]            ; CLOCK      ; 13.332 ; 13.332 ; Fall       ; CLOCK           ;
;  C_BUS[25]            ; CLOCK      ; 13.585 ; 13.585 ; Fall       ; CLOCK           ;
;  C_BUS[26]            ; CLOCK      ; 13.177 ; 13.177 ; Fall       ; CLOCK           ;
;  C_BUS[27]            ; CLOCK      ; 13.288 ; 13.288 ; Fall       ; CLOCK           ;
;  C_BUS[28]            ; CLOCK      ; 14.488 ; 14.488 ; Fall       ; CLOCK           ;
;  C_BUS[29]            ; CLOCK      ; 13.470 ; 13.470 ; Fall       ; CLOCK           ;
;  C_BUS[30]            ; CLOCK      ; 13.229 ; 13.229 ; Fall       ; CLOCK           ;
;  C_BUS[31]            ; CLOCK      ; 13.146 ; 13.146 ; Fall       ; CLOCK           ;
; MIR[*]                ; CLOCK      ; 9.700  ; 9.700  ; Fall       ; CLOCK           ;
;  MIR[0]               ; CLOCK      ; 10.082 ; 10.082 ; Fall       ; CLOCK           ;
;  MIR[1]               ; CLOCK      ; 10.169 ; 10.169 ; Fall       ; CLOCK           ;
;  MIR[2]               ; CLOCK      ; 10.523 ; 10.523 ; Fall       ; CLOCK           ;
;  MIR[3]               ; CLOCK      ; 10.191 ; 10.191 ; Fall       ; CLOCK           ;
;  MIR[4]               ; CLOCK      ; 10.937 ; 10.937 ; Fall       ; CLOCK           ;
;  MIR[5]               ; CLOCK      ; 10.010 ; 10.010 ; Fall       ; CLOCK           ;
;  MIR[6]               ; CLOCK      ; 9.700  ; 9.700  ; Fall       ; CLOCK           ;
;  MIR[7]               ; CLOCK      ; 10.868 ; 10.868 ; Fall       ; CLOCK           ;
;  MIR[8]               ; CLOCK      ; 10.563 ; 10.563 ; Fall       ; CLOCK           ;
;  MIR[9]               ; CLOCK      ; 10.437 ; 10.437 ; Fall       ; CLOCK           ;
;  MIR[10]              ; CLOCK      ; 10.487 ; 10.487 ; Fall       ; CLOCK           ;
;  MIR[11]              ; CLOCK      ; 10.708 ; 10.708 ; Fall       ; CLOCK           ;
;  MIR[12]              ; CLOCK      ; 10.193 ; 10.193 ; Fall       ; CLOCK           ;
;  MIR[13]              ; CLOCK      ; 10.729 ; 10.729 ; Fall       ; CLOCK           ;
;  MIR[14]              ; CLOCK      ; 9.868  ; 9.868  ; Fall       ; CLOCK           ;
;  MIR[15]              ; CLOCK      ; 10.523 ; 10.523 ; Fall       ; CLOCK           ;
;  MIR[16]              ; CLOCK      ; 9.809  ; 9.809  ; Fall       ; CLOCK           ;
;  MIR[17]              ; CLOCK      ; 10.282 ; 10.282 ; Fall       ; CLOCK           ;
;  MIR[18]              ; CLOCK      ; 10.070 ; 10.070 ; Fall       ; CLOCK           ;
;  MIR[19]              ; CLOCK      ; 10.332 ; 10.332 ; Fall       ; CLOCK           ;
;  MIR[20]              ; CLOCK      ; 10.632 ; 10.632 ; Fall       ; CLOCK           ;
;  MIR[21]              ; CLOCK      ; 10.762 ; 10.762 ; Fall       ; CLOCK           ;
;  MIR[22]              ; CLOCK      ; 11.074 ; 11.074 ; Fall       ; CLOCK           ;
;  MIR[23]              ; CLOCK      ; 10.812 ; 10.812 ; Fall       ; CLOCK           ;
;  MIR[24]              ; CLOCK      ; 10.020 ; 10.020 ; Fall       ; CLOCK           ;
;  MIR[25]              ; CLOCK      ; 9.997  ; 9.997  ; Fall       ; CLOCK           ;
;  MIR[26]              ; CLOCK      ; 10.218 ; 10.218 ; Fall       ; CLOCK           ;
;  MIR[27]              ; CLOCK      ; 9.835  ; 9.835  ; Fall       ; CLOCK           ;
;  MIR[28]              ; CLOCK      ; 9.743  ; 9.743  ; Fall       ; CLOCK           ;
;  MIR[29]              ; CLOCK      ; 10.293 ; 10.293 ; Fall       ; CLOCK           ;
;  MIR[30]              ; CLOCK      ; 10.357 ; 10.357 ; Fall       ; CLOCK           ;
;  MIR[31]              ; CLOCK      ; 10.254 ; 10.254 ; Fall       ; CLOCK           ;
;  MIR[32]              ; CLOCK      ; 10.508 ; 10.508 ; Fall       ; CLOCK           ;
;  MIR[33]              ; CLOCK      ; 10.559 ; 10.559 ; Fall       ; CLOCK           ;
;  MIR[34]              ; CLOCK      ; 10.338 ; 10.338 ; Fall       ; CLOCK           ;
;  MIR[35]              ; CLOCK      ; 9.816  ; 9.816  ; Fall       ; CLOCK           ;
; MPC[*]                ; CLOCK      ; 10.639 ; 10.639 ; Fall       ; CLOCK           ;
;  MPC[0]               ; CLOCK      ; 10.669 ; 10.669 ; Fall       ; CLOCK           ;
;  MPC[1]               ; CLOCK      ; 10.883 ; 10.883 ; Fall       ; CLOCK           ;
;  MPC[2]               ; CLOCK      ; 10.851 ; 10.851 ; Fall       ; CLOCK           ;
;  MPC[3]               ; CLOCK      ; 10.639 ; 10.639 ; Fall       ; CLOCK           ;
;  MPC[4]               ; CLOCK      ; 10.788 ; 10.788 ; Fall       ; CLOCK           ;
;  MPC[5]               ; CLOCK      ; 11.056 ; 11.056 ; Fall       ; CLOCK           ;
;  MPC[6]               ; CLOCK      ; 10.681 ; 10.681 ; Fall       ; CLOCK           ;
;  MPC[7]               ; CLOCK      ; 10.683 ; 10.683 ; Fall       ; CLOCK           ;
;  MPC[8]               ; CLOCK      ; 10.970 ; 10.970 ; Fall       ; CLOCK           ;
+-----------------------+------------+--------+--------+------------+-----------------+


+---------------------------------+
; Fast Model Setup Summary        ;
+-------+---------+---------------+
; Clock ; Slack   ; End Point TNS ;
+-------+---------+---------------+
; CLOCK ; -10.491 ; -2353.754     ;
+-------+---------+---------------+


+--------------------------------+
; Fast Model Hold Summary        ;
+-------+--------+---------------+
; Clock ; Slack  ; End Point TNS ;
+-------+--------+---------------+
; CLOCK ; -0.388 ; -7.639        ;
+-------+--------+---------------+


-------------------------------
; Fast Model Recovery Summary ;
-------------------------------
No paths to report.


------------------------------
; Fast Model Removal Summary ;
------------------------------
No paths to report.


+----------------------------------------+
; Fast Model Minimum Pulse Width Summary ;
+-------+--------+-----------------------+
; Clock ; Slack  ; End Point TNS         ;
+-------+--------+-----------------------+
; CLOCK ; -2.000 ; -1476.836             ;
+-------+--------+-----------------------+


+----------------------------------------------------------------------------------------------------------------------------------------------------------------------------------------------------------------------------------------------------------------------------------------------------------------------------------+
; Fast Model Setup: 'CLOCK'                                                                                                                                                                                                                                                                                                        ;
+---------+------------------------------------------------------------------------------------------------------------------------------------------------+-------------------------------------------------------------------------------------------------+--------------+-------------+--------------+------------+------------+
; Slack   ; From Node                                                                                                                                      ; To Node                                                                                         ; Launch Clock ; Latch Clock ; Relationship ; Clock Skew ; Data Delay ;
+---------+------------------------------------------------------------------------------------------------------------------------------------------------+-------------------------------------------------------------------------------------------------+--------------+-------------+--------------+------------+------------+
; -10.491 ; CPU:inst|CONTROL_UNIT:inst|CONTROL_STORE:inst8|altsyncram:altsyncram_component|altsyncram_n6a1:auto_generated|ram_block1a0~porta_address_reg0  ; CPU:inst|CONTROL_UNIT:inst|MPC_GENERATOR:inst|inst8                                             ; CLOCK        ; CLOCK       ; 0.500        ; -0.058     ; 10.965     ;
; -10.491 ; CPU:inst|CONTROL_UNIT:inst|CONTROL_STORE:inst8|altsyncram:altsyncram_component|altsyncram_n6a1:auto_generated|ram_block1a0~porta_address_reg1  ; CPU:inst|CONTROL_UNIT:inst|MPC_GENERATOR:inst|inst8                                             ; CLOCK        ; CLOCK       ; 0.500        ; -0.058     ; 10.965     ;
; -10.491 ; CPU:inst|CONTROL_UNIT:inst|CONTROL_STORE:inst8|altsyncram:altsyncram_component|altsyncram_n6a1:auto_generated|ram_block1a0~porta_address_reg2  ; CPU:inst|CONTROL_UNIT:inst|MPC_GENERATOR:inst|inst8                                             ; CLOCK        ; CLOCK       ; 0.500        ; -0.058     ; 10.965     ;
; -10.491 ; CPU:inst|CONTROL_UNIT:inst|CONTROL_STORE:inst8|altsyncram:altsyncram_component|altsyncram_n6a1:auto_generated|ram_block1a0~porta_address_reg3  ; CPU:inst|CONTROL_UNIT:inst|MPC_GENERATOR:inst|inst8                                             ; CLOCK        ; CLOCK       ; 0.500        ; -0.058     ; 10.965     ;
; -10.491 ; CPU:inst|CONTROL_UNIT:inst|CONTROL_STORE:inst8|altsyncram:altsyncram_component|altsyncram_n6a1:auto_generated|ram_block1a0~porta_address_reg4  ; CPU:inst|CONTROL_UNIT:inst|MPC_GENERATOR:inst|inst8                                             ; CLOCK        ; CLOCK       ; 0.500        ; -0.058     ; 10.965     ;
; -10.491 ; CPU:inst|CONTROL_UNIT:inst|CONTROL_STORE:inst8|altsyncram:altsyncram_component|altsyncram_n6a1:auto_generated|ram_block1a0~porta_address_reg5  ; CPU:inst|CONTROL_UNIT:inst|MPC_GENERATOR:inst|inst8                                             ; CLOCK        ; CLOCK       ; 0.500        ; -0.058     ; 10.965     ;
; -10.491 ; CPU:inst|CONTROL_UNIT:inst|CONTROL_STORE:inst8|altsyncram:altsyncram_component|altsyncram_n6a1:auto_generated|ram_block1a0~porta_address_reg6  ; CPU:inst|CONTROL_UNIT:inst|MPC_GENERATOR:inst|inst8                                             ; CLOCK        ; CLOCK       ; 0.500        ; -0.058     ; 10.965     ;
; -10.491 ; CPU:inst|CONTROL_UNIT:inst|CONTROL_STORE:inst8|altsyncram:altsyncram_component|altsyncram_n6a1:auto_generated|ram_block1a0~porta_address_reg7  ; CPU:inst|CONTROL_UNIT:inst|MPC_GENERATOR:inst|inst8                                             ; CLOCK        ; CLOCK       ; 0.500        ; -0.058     ; 10.965     ;
; -10.491 ; CPU:inst|CONTROL_UNIT:inst|CONTROL_STORE:inst8|altsyncram:altsyncram_component|altsyncram_n6a1:auto_generated|ram_block1a0~porta_address_reg8  ; CPU:inst|CONTROL_UNIT:inst|MPC_GENERATOR:inst|inst8                                             ; CLOCK        ; CLOCK       ; 0.500        ; -0.058     ; 10.965     ;
; -9.584  ; CPU:inst|CONTROL_UNIT:inst|CONTROL_STORE:inst8|altsyncram:altsyncram_component|altsyncram_n6a1:auto_generated|ram_block1a0~porta_address_reg0  ; CPU:inst|DATAPATH:inst2|BANK_REGS:inst2|MAR:inst|REGISTER32bit:inst1|REGISTER8bit:inst3|inst5   ; CLOCK        ; CLOCK       ; 0.500        ; 0.375      ; 10.491     ;
; -9.584  ; CPU:inst|CONTROL_UNIT:inst|CONTROL_STORE:inst8|altsyncram:altsyncram_component|altsyncram_n6a1:auto_generated|ram_block1a0~porta_address_reg1  ; CPU:inst|DATAPATH:inst2|BANK_REGS:inst2|MAR:inst|REGISTER32bit:inst1|REGISTER8bit:inst3|inst5   ; CLOCK        ; CLOCK       ; 0.500        ; 0.375      ; 10.491     ;
; -9.584  ; CPU:inst|CONTROL_UNIT:inst|CONTROL_STORE:inst8|altsyncram:altsyncram_component|altsyncram_n6a1:auto_generated|ram_block1a0~porta_address_reg2  ; CPU:inst|DATAPATH:inst2|BANK_REGS:inst2|MAR:inst|REGISTER32bit:inst1|REGISTER8bit:inst3|inst5   ; CLOCK        ; CLOCK       ; 0.500        ; 0.375      ; 10.491     ;
; -9.584  ; CPU:inst|CONTROL_UNIT:inst|CONTROL_STORE:inst8|altsyncram:altsyncram_component|altsyncram_n6a1:auto_generated|ram_block1a0~porta_address_reg3  ; CPU:inst|DATAPATH:inst2|BANK_REGS:inst2|MAR:inst|REGISTER32bit:inst1|REGISTER8bit:inst3|inst5   ; CLOCK        ; CLOCK       ; 0.500        ; 0.375      ; 10.491     ;
; -9.584  ; CPU:inst|CONTROL_UNIT:inst|CONTROL_STORE:inst8|altsyncram:altsyncram_component|altsyncram_n6a1:auto_generated|ram_block1a0~porta_address_reg4  ; CPU:inst|DATAPATH:inst2|BANK_REGS:inst2|MAR:inst|REGISTER32bit:inst1|REGISTER8bit:inst3|inst5   ; CLOCK        ; CLOCK       ; 0.500        ; 0.375      ; 10.491     ;
; -9.584  ; CPU:inst|CONTROL_UNIT:inst|CONTROL_STORE:inst8|altsyncram:altsyncram_component|altsyncram_n6a1:auto_generated|ram_block1a0~porta_address_reg5  ; CPU:inst|DATAPATH:inst2|BANK_REGS:inst2|MAR:inst|REGISTER32bit:inst1|REGISTER8bit:inst3|inst5   ; CLOCK        ; CLOCK       ; 0.500        ; 0.375      ; 10.491     ;
; -9.584  ; CPU:inst|CONTROL_UNIT:inst|CONTROL_STORE:inst8|altsyncram:altsyncram_component|altsyncram_n6a1:auto_generated|ram_block1a0~porta_address_reg6  ; CPU:inst|DATAPATH:inst2|BANK_REGS:inst2|MAR:inst|REGISTER32bit:inst1|REGISTER8bit:inst3|inst5   ; CLOCK        ; CLOCK       ; 0.500        ; 0.375      ; 10.491     ;
; -9.584  ; CPU:inst|CONTROL_UNIT:inst|CONTROL_STORE:inst8|altsyncram:altsyncram_component|altsyncram_n6a1:auto_generated|ram_block1a0~porta_address_reg7  ; CPU:inst|DATAPATH:inst2|BANK_REGS:inst2|MAR:inst|REGISTER32bit:inst1|REGISTER8bit:inst3|inst5   ; CLOCK        ; CLOCK       ; 0.500        ; 0.375      ; 10.491     ;
; -9.584  ; CPU:inst|CONTROL_UNIT:inst|CONTROL_STORE:inst8|altsyncram:altsyncram_component|altsyncram_n6a1:auto_generated|ram_block1a0~porta_address_reg8  ; CPU:inst|DATAPATH:inst2|BANK_REGS:inst2|MAR:inst|REGISTER32bit:inst1|REGISTER8bit:inst3|inst5   ; CLOCK        ; CLOCK       ; 0.500        ; 0.375      ; 10.491     ;
; -9.528  ; CPU:inst|CONTROL_UNIT:inst|CONTROL_STORE:inst8|altsyncram:altsyncram_component|altsyncram_n6a1:auto_generated|ram_block1a0~porta_address_reg0  ; CPU:inst|DATAPATH:inst2|BANK_REGS:inst2|MAR:inst|REGISTER32bit:inst1|REGISTER8bit:inst3|inst8   ; CLOCK        ; CLOCK       ; 0.500        ; 0.373      ; 10.433     ;
; -9.528  ; CPU:inst|CONTROL_UNIT:inst|CONTROL_STORE:inst8|altsyncram:altsyncram_component|altsyncram_n6a1:auto_generated|ram_block1a0~porta_address_reg1  ; CPU:inst|DATAPATH:inst2|BANK_REGS:inst2|MAR:inst|REGISTER32bit:inst1|REGISTER8bit:inst3|inst8   ; CLOCK        ; CLOCK       ; 0.500        ; 0.373      ; 10.433     ;
; -9.528  ; CPU:inst|CONTROL_UNIT:inst|CONTROL_STORE:inst8|altsyncram:altsyncram_component|altsyncram_n6a1:auto_generated|ram_block1a0~porta_address_reg2  ; CPU:inst|DATAPATH:inst2|BANK_REGS:inst2|MAR:inst|REGISTER32bit:inst1|REGISTER8bit:inst3|inst8   ; CLOCK        ; CLOCK       ; 0.500        ; 0.373      ; 10.433     ;
; -9.528  ; CPU:inst|CONTROL_UNIT:inst|CONTROL_STORE:inst8|altsyncram:altsyncram_component|altsyncram_n6a1:auto_generated|ram_block1a0~porta_address_reg3  ; CPU:inst|DATAPATH:inst2|BANK_REGS:inst2|MAR:inst|REGISTER32bit:inst1|REGISTER8bit:inst3|inst8   ; CLOCK        ; CLOCK       ; 0.500        ; 0.373      ; 10.433     ;
; -9.528  ; CPU:inst|CONTROL_UNIT:inst|CONTROL_STORE:inst8|altsyncram:altsyncram_component|altsyncram_n6a1:auto_generated|ram_block1a0~porta_address_reg4  ; CPU:inst|DATAPATH:inst2|BANK_REGS:inst2|MAR:inst|REGISTER32bit:inst1|REGISTER8bit:inst3|inst8   ; CLOCK        ; CLOCK       ; 0.500        ; 0.373      ; 10.433     ;
; -9.528  ; CPU:inst|CONTROL_UNIT:inst|CONTROL_STORE:inst8|altsyncram:altsyncram_component|altsyncram_n6a1:auto_generated|ram_block1a0~porta_address_reg5  ; CPU:inst|DATAPATH:inst2|BANK_REGS:inst2|MAR:inst|REGISTER32bit:inst1|REGISTER8bit:inst3|inst8   ; CLOCK        ; CLOCK       ; 0.500        ; 0.373      ; 10.433     ;
; -9.528  ; CPU:inst|CONTROL_UNIT:inst|CONTROL_STORE:inst8|altsyncram:altsyncram_component|altsyncram_n6a1:auto_generated|ram_block1a0~porta_address_reg6  ; CPU:inst|DATAPATH:inst2|BANK_REGS:inst2|MAR:inst|REGISTER32bit:inst1|REGISTER8bit:inst3|inst8   ; CLOCK        ; CLOCK       ; 0.500        ; 0.373      ; 10.433     ;
; -9.528  ; CPU:inst|CONTROL_UNIT:inst|CONTROL_STORE:inst8|altsyncram:altsyncram_component|altsyncram_n6a1:auto_generated|ram_block1a0~porta_address_reg7  ; CPU:inst|DATAPATH:inst2|BANK_REGS:inst2|MAR:inst|REGISTER32bit:inst1|REGISTER8bit:inst3|inst8   ; CLOCK        ; CLOCK       ; 0.500        ; 0.373      ; 10.433     ;
; -9.528  ; CPU:inst|CONTROL_UNIT:inst|CONTROL_STORE:inst8|altsyncram:altsyncram_component|altsyncram_n6a1:auto_generated|ram_block1a0~porta_address_reg8  ; CPU:inst|DATAPATH:inst2|BANK_REGS:inst2|MAR:inst|REGISTER32bit:inst1|REGISTER8bit:inst3|inst8   ; CLOCK        ; CLOCK       ; 0.500        ; 0.373      ; 10.433     ;
; -9.515  ; CPU:inst|CONTROL_UNIT:inst|CONTROL_STORE:inst8|altsyncram:altsyncram_component|altsyncram_n6a1:auto_generated|ram_block1a0~porta_address_reg0  ; CPU:inst|CONTROL_UNIT:inst|MPC_GENERATOR:inst|inst1                                             ; CLOCK        ; CLOCK       ; 0.500        ; -0.058     ; 9.989      ;
; -9.515  ; CPU:inst|CONTROL_UNIT:inst|CONTROL_STORE:inst8|altsyncram:altsyncram_component|altsyncram_n6a1:auto_generated|ram_block1a0~porta_address_reg1  ; CPU:inst|CONTROL_UNIT:inst|MPC_GENERATOR:inst|inst1                                             ; CLOCK        ; CLOCK       ; 0.500        ; -0.058     ; 9.989      ;
; -9.515  ; CPU:inst|CONTROL_UNIT:inst|CONTROL_STORE:inst8|altsyncram:altsyncram_component|altsyncram_n6a1:auto_generated|ram_block1a0~porta_address_reg2  ; CPU:inst|CONTROL_UNIT:inst|MPC_GENERATOR:inst|inst1                                             ; CLOCK        ; CLOCK       ; 0.500        ; -0.058     ; 9.989      ;
; -9.515  ; CPU:inst|CONTROL_UNIT:inst|CONTROL_STORE:inst8|altsyncram:altsyncram_component|altsyncram_n6a1:auto_generated|ram_block1a0~porta_address_reg3  ; CPU:inst|CONTROL_UNIT:inst|MPC_GENERATOR:inst|inst1                                             ; CLOCK        ; CLOCK       ; 0.500        ; -0.058     ; 9.989      ;
; -9.515  ; CPU:inst|CONTROL_UNIT:inst|CONTROL_STORE:inst8|altsyncram:altsyncram_component|altsyncram_n6a1:auto_generated|ram_block1a0~porta_address_reg4  ; CPU:inst|CONTROL_UNIT:inst|MPC_GENERATOR:inst|inst1                                             ; CLOCK        ; CLOCK       ; 0.500        ; -0.058     ; 9.989      ;
; -9.515  ; CPU:inst|CONTROL_UNIT:inst|CONTROL_STORE:inst8|altsyncram:altsyncram_component|altsyncram_n6a1:auto_generated|ram_block1a0~porta_address_reg5  ; CPU:inst|CONTROL_UNIT:inst|MPC_GENERATOR:inst|inst1                                             ; CLOCK        ; CLOCK       ; 0.500        ; -0.058     ; 9.989      ;
; -9.515  ; CPU:inst|CONTROL_UNIT:inst|CONTROL_STORE:inst8|altsyncram:altsyncram_component|altsyncram_n6a1:auto_generated|ram_block1a0~porta_address_reg6  ; CPU:inst|CONTROL_UNIT:inst|MPC_GENERATOR:inst|inst1                                             ; CLOCK        ; CLOCK       ; 0.500        ; -0.058     ; 9.989      ;
; -9.515  ; CPU:inst|CONTROL_UNIT:inst|CONTROL_STORE:inst8|altsyncram:altsyncram_component|altsyncram_n6a1:auto_generated|ram_block1a0~porta_address_reg7  ; CPU:inst|CONTROL_UNIT:inst|MPC_GENERATOR:inst|inst1                                             ; CLOCK        ; CLOCK       ; 0.500        ; -0.058     ; 9.989      ;
; -9.515  ; CPU:inst|CONTROL_UNIT:inst|CONTROL_STORE:inst8|altsyncram:altsyncram_component|altsyncram_n6a1:auto_generated|ram_block1a0~porta_address_reg8  ; CPU:inst|CONTROL_UNIT:inst|MPC_GENERATOR:inst|inst1                                             ; CLOCK        ; CLOCK       ; 0.500        ; -0.058     ; 9.989      ;
; -9.478  ; CPU:inst|CONTROL_UNIT:inst|CONTROL_STORE:inst8|altsyncram:altsyncram_component|altsyncram_n6a1:auto_generated|ram_block1a0~porta_address_reg0  ; CPU:inst|DATAPATH:inst2|BANK_REGS:inst2|MAR:inst|REGISTER32bit:inst1|REGISTER8bit:inst3|inst    ; CLOCK        ; CLOCK       ; 0.500        ; 0.372      ; 10.382     ;
; -9.478  ; CPU:inst|CONTROL_UNIT:inst|CONTROL_STORE:inst8|altsyncram:altsyncram_component|altsyncram_n6a1:auto_generated|ram_block1a0~porta_address_reg1  ; CPU:inst|DATAPATH:inst2|BANK_REGS:inst2|MAR:inst|REGISTER32bit:inst1|REGISTER8bit:inst3|inst    ; CLOCK        ; CLOCK       ; 0.500        ; 0.372      ; 10.382     ;
; -9.478  ; CPU:inst|CONTROL_UNIT:inst|CONTROL_STORE:inst8|altsyncram:altsyncram_component|altsyncram_n6a1:auto_generated|ram_block1a0~porta_address_reg2  ; CPU:inst|DATAPATH:inst2|BANK_REGS:inst2|MAR:inst|REGISTER32bit:inst1|REGISTER8bit:inst3|inst    ; CLOCK        ; CLOCK       ; 0.500        ; 0.372      ; 10.382     ;
; -9.478  ; CPU:inst|CONTROL_UNIT:inst|CONTROL_STORE:inst8|altsyncram:altsyncram_component|altsyncram_n6a1:auto_generated|ram_block1a0~porta_address_reg3  ; CPU:inst|DATAPATH:inst2|BANK_REGS:inst2|MAR:inst|REGISTER32bit:inst1|REGISTER8bit:inst3|inst    ; CLOCK        ; CLOCK       ; 0.500        ; 0.372      ; 10.382     ;
; -9.478  ; CPU:inst|CONTROL_UNIT:inst|CONTROL_STORE:inst8|altsyncram:altsyncram_component|altsyncram_n6a1:auto_generated|ram_block1a0~porta_address_reg4  ; CPU:inst|DATAPATH:inst2|BANK_REGS:inst2|MAR:inst|REGISTER32bit:inst1|REGISTER8bit:inst3|inst    ; CLOCK        ; CLOCK       ; 0.500        ; 0.372      ; 10.382     ;
; -9.478  ; CPU:inst|CONTROL_UNIT:inst|CONTROL_STORE:inst8|altsyncram:altsyncram_component|altsyncram_n6a1:auto_generated|ram_block1a0~porta_address_reg5  ; CPU:inst|DATAPATH:inst2|BANK_REGS:inst2|MAR:inst|REGISTER32bit:inst1|REGISTER8bit:inst3|inst    ; CLOCK        ; CLOCK       ; 0.500        ; 0.372      ; 10.382     ;
; -9.478  ; CPU:inst|CONTROL_UNIT:inst|CONTROL_STORE:inst8|altsyncram:altsyncram_component|altsyncram_n6a1:auto_generated|ram_block1a0~porta_address_reg6  ; CPU:inst|DATAPATH:inst2|BANK_REGS:inst2|MAR:inst|REGISTER32bit:inst1|REGISTER8bit:inst3|inst    ; CLOCK        ; CLOCK       ; 0.500        ; 0.372      ; 10.382     ;
; -9.478  ; CPU:inst|CONTROL_UNIT:inst|CONTROL_STORE:inst8|altsyncram:altsyncram_component|altsyncram_n6a1:auto_generated|ram_block1a0~porta_address_reg7  ; CPU:inst|DATAPATH:inst2|BANK_REGS:inst2|MAR:inst|REGISTER32bit:inst1|REGISTER8bit:inst3|inst    ; CLOCK        ; CLOCK       ; 0.500        ; 0.372      ; 10.382     ;
; -9.478  ; CPU:inst|CONTROL_UNIT:inst|CONTROL_STORE:inst8|altsyncram:altsyncram_component|altsyncram_n6a1:auto_generated|ram_block1a0~porta_address_reg8  ; CPU:inst|DATAPATH:inst2|BANK_REGS:inst2|MAR:inst|REGISTER32bit:inst1|REGISTER8bit:inst3|inst    ; CLOCK        ; CLOCK       ; 0.500        ; 0.372      ; 10.382     ;
; -9.437  ; CPU:inst|CONTROL_UNIT:inst|CONTROL_STORE:inst8|altsyncram:altsyncram_component|altsyncram_n6a1:auto_generated|ram_block1a0~porta_address_reg0  ; CPU:inst|DATAPATH:inst2|BANK_REGS:inst2|MAR:inst|REGISTER32bit:inst1|REGISTER8bit:inst3|inst12  ; CLOCK        ; CLOCK       ; 0.500        ; 0.367      ; 10.336     ;
; -9.437  ; CPU:inst|CONTROL_UNIT:inst|CONTROL_STORE:inst8|altsyncram:altsyncram_component|altsyncram_n6a1:auto_generated|ram_block1a0~porta_address_reg1  ; CPU:inst|DATAPATH:inst2|BANK_REGS:inst2|MAR:inst|REGISTER32bit:inst1|REGISTER8bit:inst3|inst12  ; CLOCK        ; CLOCK       ; 0.500        ; 0.367      ; 10.336     ;
; -9.437  ; CPU:inst|CONTROL_UNIT:inst|CONTROL_STORE:inst8|altsyncram:altsyncram_component|altsyncram_n6a1:auto_generated|ram_block1a0~porta_address_reg2  ; CPU:inst|DATAPATH:inst2|BANK_REGS:inst2|MAR:inst|REGISTER32bit:inst1|REGISTER8bit:inst3|inst12  ; CLOCK        ; CLOCK       ; 0.500        ; 0.367      ; 10.336     ;
; -9.437  ; CPU:inst|CONTROL_UNIT:inst|CONTROL_STORE:inst8|altsyncram:altsyncram_component|altsyncram_n6a1:auto_generated|ram_block1a0~porta_address_reg3  ; CPU:inst|DATAPATH:inst2|BANK_REGS:inst2|MAR:inst|REGISTER32bit:inst1|REGISTER8bit:inst3|inst12  ; CLOCK        ; CLOCK       ; 0.500        ; 0.367      ; 10.336     ;
; -9.437  ; CPU:inst|CONTROL_UNIT:inst|CONTROL_STORE:inst8|altsyncram:altsyncram_component|altsyncram_n6a1:auto_generated|ram_block1a0~porta_address_reg4  ; CPU:inst|DATAPATH:inst2|BANK_REGS:inst2|MAR:inst|REGISTER32bit:inst1|REGISTER8bit:inst3|inst12  ; CLOCK        ; CLOCK       ; 0.500        ; 0.367      ; 10.336     ;
; -9.437  ; CPU:inst|CONTROL_UNIT:inst|CONTROL_STORE:inst8|altsyncram:altsyncram_component|altsyncram_n6a1:auto_generated|ram_block1a0~porta_address_reg5  ; CPU:inst|DATAPATH:inst2|BANK_REGS:inst2|MAR:inst|REGISTER32bit:inst1|REGISTER8bit:inst3|inst12  ; CLOCK        ; CLOCK       ; 0.500        ; 0.367      ; 10.336     ;
; -9.437  ; CPU:inst|CONTROL_UNIT:inst|CONTROL_STORE:inst8|altsyncram:altsyncram_component|altsyncram_n6a1:auto_generated|ram_block1a0~porta_address_reg6  ; CPU:inst|DATAPATH:inst2|BANK_REGS:inst2|MAR:inst|REGISTER32bit:inst1|REGISTER8bit:inst3|inst12  ; CLOCK        ; CLOCK       ; 0.500        ; 0.367      ; 10.336     ;
; -9.437  ; CPU:inst|CONTROL_UNIT:inst|CONTROL_STORE:inst8|altsyncram:altsyncram_component|altsyncram_n6a1:auto_generated|ram_block1a0~porta_address_reg7  ; CPU:inst|DATAPATH:inst2|BANK_REGS:inst2|MAR:inst|REGISTER32bit:inst1|REGISTER8bit:inst3|inst12  ; CLOCK        ; CLOCK       ; 0.500        ; 0.367      ; 10.336     ;
; -9.437  ; CPU:inst|CONTROL_UNIT:inst|CONTROL_STORE:inst8|altsyncram:altsyncram_component|altsyncram_n6a1:auto_generated|ram_block1a0~porta_address_reg8  ; CPU:inst|DATAPATH:inst2|BANK_REGS:inst2|MAR:inst|REGISTER32bit:inst1|REGISTER8bit:inst3|inst12  ; CLOCK        ; CLOCK       ; 0.500        ; 0.367      ; 10.336     ;
; -9.366  ; CPU:inst|CONTROL_UNIT:inst|CONTROL_STORE:inst8|altsyncram:altsyncram_component|altsyncram_n6a1:auto_generated|ram_block1a16~porta_address_reg0 ; CPU:inst|CONTROL_UNIT:inst|MPC_GENERATOR:inst|inst8                                             ; CLOCK        ; CLOCK       ; 0.500        ; -0.049     ; 9.849      ;
; -9.366  ; CPU:inst|CONTROL_UNIT:inst|CONTROL_STORE:inst8|altsyncram:altsyncram_component|altsyncram_n6a1:auto_generated|ram_block1a16~porta_address_reg1 ; CPU:inst|CONTROL_UNIT:inst|MPC_GENERATOR:inst|inst8                                             ; CLOCK        ; CLOCK       ; 0.500        ; -0.049     ; 9.849      ;
; -9.366  ; CPU:inst|CONTROL_UNIT:inst|CONTROL_STORE:inst8|altsyncram:altsyncram_component|altsyncram_n6a1:auto_generated|ram_block1a16~porta_address_reg2 ; CPU:inst|CONTROL_UNIT:inst|MPC_GENERATOR:inst|inst8                                             ; CLOCK        ; CLOCK       ; 0.500        ; -0.049     ; 9.849      ;
; -9.366  ; CPU:inst|CONTROL_UNIT:inst|CONTROL_STORE:inst8|altsyncram:altsyncram_component|altsyncram_n6a1:auto_generated|ram_block1a16~porta_address_reg3 ; CPU:inst|CONTROL_UNIT:inst|MPC_GENERATOR:inst|inst8                                             ; CLOCK        ; CLOCK       ; 0.500        ; -0.049     ; 9.849      ;
; -9.366  ; CPU:inst|CONTROL_UNIT:inst|CONTROL_STORE:inst8|altsyncram:altsyncram_component|altsyncram_n6a1:auto_generated|ram_block1a16~porta_address_reg4 ; CPU:inst|CONTROL_UNIT:inst|MPC_GENERATOR:inst|inst8                                             ; CLOCK        ; CLOCK       ; 0.500        ; -0.049     ; 9.849      ;
; -9.366  ; CPU:inst|CONTROL_UNIT:inst|CONTROL_STORE:inst8|altsyncram:altsyncram_component|altsyncram_n6a1:auto_generated|ram_block1a16~porta_address_reg5 ; CPU:inst|CONTROL_UNIT:inst|MPC_GENERATOR:inst|inst8                                             ; CLOCK        ; CLOCK       ; 0.500        ; -0.049     ; 9.849      ;
; -9.366  ; CPU:inst|CONTROL_UNIT:inst|CONTROL_STORE:inst8|altsyncram:altsyncram_component|altsyncram_n6a1:auto_generated|ram_block1a16~porta_address_reg6 ; CPU:inst|CONTROL_UNIT:inst|MPC_GENERATOR:inst|inst8                                             ; CLOCK        ; CLOCK       ; 0.500        ; -0.049     ; 9.849      ;
; -9.366  ; CPU:inst|CONTROL_UNIT:inst|CONTROL_STORE:inst8|altsyncram:altsyncram_component|altsyncram_n6a1:auto_generated|ram_block1a16~porta_address_reg7 ; CPU:inst|CONTROL_UNIT:inst|MPC_GENERATOR:inst|inst8                                             ; CLOCK        ; CLOCK       ; 0.500        ; -0.049     ; 9.849      ;
; -9.366  ; CPU:inst|CONTROL_UNIT:inst|CONTROL_STORE:inst8|altsyncram:altsyncram_component|altsyncram_n6a1:auto_generated|ram_block1a16~porta_address_reg8 ; CPU:inst|CONTROL_UNIT:inst|MPC_GENERATOR:inst|inst8                                             ; CLOCK        ; CLOCK       ; 0.500        ; -0.049     ; 9.849      ;
; -9.239  ; CPU:inst|CONTROL_UNIT:inst|CONTROL_STORE:inst8|altsyncram:altsyncram_component|altsyncram_n6a1:auto_generated|ram_block1a0~porta_address_reg0  ; CPU:inst|DATAPATH:inst2|BANK_REGS:inst2|MAR:inst|REGISTER32bit:inst1|REGISTER8bit:inst3|inst16  ; CLOCK        ; CLOCK       ; 0.500        ; 0.373      ; 10.144     ;
; -9.239  ; CPU:inst|CONTROL_UNIT:inst|CONTROL_STORE:inst8|altsyncram:altsyncram_component|altsyncram_n6a1:auto_generated|ram_block1a0~porta_address_reg1  ; CPU:inst|DATAPATH:inst2|BANK_REGS:inst2|MAR:inst|REGISTER32bit:inst1|REGISTER8bit:inst3|inst16  ; CLOCK        ; CLOCK       ; 0.500        ; 0.373      ; 10.144     ;
; -9.239  ; CPU:inst|CONTROL_UNIT:inst|CONTROL_STORE:inst8|altsyncram:altsyncram_component|altsyncram_n6a1:auto_generated|ram_block1a0~porta_address_reg2  ; CPU:inst|DATAPATH:inst2|BANK_REGS:inst2|MAR:inst|REGISTER32bit:inst1|REGISTER8bit:inst3|inst16  ; CLOCK        ; CLOCK       ; 0.500        ; 0.373      ; 10.144     ;
; -9.239  ; CPU:inst|CONTROL_UNIT:inst|CONTROL_STORE:inst8|altsyncram:altsyncram_component|altsyncram_n6a1:auto_generated|ram_block1a0~porta_address_reg3  ; CPU:inst|DATAPATH:inst2|BANK_REGS:inst2|MAR:inst|REGISTER32bit:inst1|REGISTER8bit:inst3|inst16  ; CLOCK        ; CLOCK       ; 0.500        ; 0.373      ; 10.144     ;
; -9.239  ; CPU:inst|CONTROL_UNIT:inst|CONTROL_STORE:inst8|altsyncram:altsyncram_component|altsyncram_n6a1:auto_generated|ram_block1a0~porta_address_reg4  ; CPU:inst|DATAPATH:inst2|BANK_REGS:inst2|MAR:inst|REGISTER32bit:inst1|REGISTER8bit:inst3|inst16  ; CLOCK        ; CLOCK       ; 0.500        ; 0.373      ; 10.144     ;
; -9.239  ; CPU:inst|CONTROL_UNIT:inst|CONTROL_STORE:inst8|altsyncram:altsyncram_component|altsyncram_n6a1:auto_generated|ram_block1a0~porta_address_reg5  ; CPU:inst|DATAPATH:inst2|BANK_REGS:inst2|MAR:inst|REGISTER32bit:inst1|REGISTER8bit:inst3|inst16  ; CLOCK        ; CLOCK       ; 0.500        ; 0.373      ; 10.144     ;
; -9.239  ; CPU:inst|CONTROL_UNIT:inst|CONTROL_STORE:inst8|altsyncram:altsyncram_component|altsyncram_n6a1:auto_generated|ram_block1a0~porta_address_reg6  ; CPU:inst|DATAPATH:inst2|BANK_REGS:inst2|MAR:inst|REGISTER32bit:inst1|REGISTER8bit:inst3|inst16  ; CLOCK        ; CLOCK       ; 0.500        ; 0.373      ; 10.144     ;
; -9.239  ; CPU:inst|CONTROL_UNIT:inst|CONTROL_STORE:inst8|altsyncram:altsyncram_component|altsyncram_n6a1:auto_generated|ram_block1a0~porta_address_reg7  ; CPU:inst|DATAPATH:inst2|BANK_REGS:inst2|MAR:inst|REGISTER32bit:inst1|REGISTER8bit:inst3|inst16  ; CLOCK        ; CLOCK       ; 0.500        ; 0.373      ; 10.144     ;
; -9.239  ; CPU:inst|CONTROL_UNIT:inst|CONTROL_STORE:inst8|altsyncram:altsyncram_component|altsyncram_n6a1:auto_generated|ram_block1a0~porta_address_reg8  ; CPU:inst|DATAPATH:inst2|BANK_REGS:inst2|MAR:inst|REGISTER32bit:inst1|REGISTER8bit:inst3|inst16  ; CLOCK        ; CLOCK       ; 0.500        ; 0.373      ; 10.144     ;
; -9.172  ; CPU:inst|DATAPATH:inst2|BANK_REGS:inst2|MDR:inst1|REGISTER32bit:inst1|REGISTER8bit:inst|inst16                                                 ; CPU:inst|CONTROL_UNIT:inst|MPC_GENERATOR:inst|inst8                                             ; CLOCK        ; CLOCK       ; 1.000        ; -1.511     ; 8.693      ;
; -9.149  ; CPU:inst|DATAPATH:inst2|BANK_REGS:inst2|MDR:inst1|REGISTER32bit:inst1|REGISTER8bit:inst|inst12                                                 ; CPU:inst|CONTROL_UNIT:inst|MPC_GENERATOR:inst|inst8                                             ; CLOCK        ; CLOCK       ; 1.000        ; -1.511     ; 8.670      ;
; -9.115  ; CPU:inst|DATAPATH:inst2|BANK_REGS:inst2|MDR:inst1|REGISTER32bit:inst1|REGISTER8bit:inst|inst                                                   ; CPU:inst|CONTROL_UNIT:inst|MPC_GENERATOR:inst|inst8                                             ; CLOCK        ; CLOCK       ; 1.000        ; -1.511     ; 8.636      ;
; -9.062  ; CPU:inst|DATAPATH:inst2|BANK_REGS:inst2|MDR:inst1|REGISTER32bit:inst1|REGISTER8bit:inst|inst8                                                  ; CPU:inst|CONTROL_UNIT:inst|MPC_GENERATOR:inst|inst8                                             ; CLOCK        ; CLOCK       ; 1.000        ; -1.511     ; 8.583      ;
; -9.028  ; CPU:inst|CONTROL_UNIT:inst|CONTROL_STORE:inst8|altsyncram:altsyncram_component|altsyncram_n6a1:auto_generated|ram_block1a0~porta_address_reg0  ; CPU:inst|DATAPATH:inst2|BANK_REGS:inst2|MAR:inst|REGISTER32bit:inst1|REGISTER8bit:inst3|inst20  ; CLOCK        ; CLOCK       ; 0.500        ; 0.374      ; 9.934      ;
; -9.028  ; CPU:inst|CONTROL_UNIT:inst|CONTROL_STORE:inst8|altsyncram:altsyncram_component|altsyncram_n6a1:auto_generated|ram_block1a0~porta_address_reg1  ; CPU:inst|DATAPATH:inst2|BANK_REGS:inst2|MAR:inst|REGISTER32bit:inst1|REGISTER8bit:inst3|inst20  ; CLOCK        ; CLOCK       ; 0.500        ; 0.374      ; 9.934      ;
; -9.028  ; CPU:inst|CONTROL_UNIT:inst|CONTROL_STORE:inst8|altsyncram:altsyncram_component|altsyncram_n6a1:auto_generated|ram_block1a0~porta_address_reg2  ; CPU:inst|DATAPATH:inst2|BANK_REGS:inst2|MAR:inst|REGISTER32bit:inst1|REGISTER8bit:inst3|inst20  ; CLOCK        ; CLOCK       ; 0.500        ; 0.374      ; 9.934      ;
; -9.028  ; CPU:inst|CONTROL_UNIT:inst|CONTROL_STORE:inst8|altsyncram:altsyncram_component|altsyncram_n6a1:auto_generated|ram_block1a0~porta_address_reg3  ; CPU:inst|DATAPATH:inst2|BANK_REGS:inst2|MAR:inst|REGISTER32bit:inst1|REGISTER8bit:inst3|inst20  ; CLOCK        ; CLOCK       ; 0.500        ; 0.374      ; 9.934      ;
; -9.028  ; CPU:inst|CONTROL_UNIT:inst|CONTROL_STORE:inst8|altsyncram:altsyncram_component|altsyncram_n6a1:auto_generated|ram_block1a0~porta_address_reg4  ; CPU:inst|DATAPATH:inst2|BANK_REGS:inst2|MAR:inst|REGISTER32bit:inst1|REGISTER8bit:inst3|inst20  ; CLOCK        ; CLOCK       ; 0.500        ; 0.374      ; 9.934      ;
; -9.028  ; CPU:inst|CONTROL_UNIT:inst|CONTROL_STORE:inst8|altsyncram:altsyncram_component|altsyncram_n6a1:auto_generated|ram_block1a0~porta_address_reg5  ; CPU:inst|DATAPATH:inst2|BANK_REGS:inst2|MAR:inst|REGISTER32bit:inst1|REGISTER8bit:inst3|inst20  ; CLOCK        ; CLOCK       ; 0.500        ; 0.374      ; 9.934      ;
; -9.028  ; CPU:inst|CONTROL_UNIT:inst|CONTROL_STORE:inst8|altsyncram:altsyncram_component|altsyncram_n6a1:auto_generated|ram_block1a0~porta_address_reg6  ; CPU:inst|DATAPATH:inst2|BANK_REGS:inst2|MAR:inst|REGISTER32bit:inst1|REGISTER8bit:inst3|inst20  ; CLOCK        ; CLOCK       ; 0.500        ; 0.374      ; 9.934      ;
; -9.028  ; CPU:inst|CONTROL_UNIT:inst|CONTROL_STORE:inst8|altsyncram:altsyncram_component|altsyncram_n6a1:auto_generated|ram_block1a0~porta_address_reg7  ; CPU:inst|DATAPATH:inst2|BANK_REGS:inst2|MAR:inst|REGISTER32bit:inst1|REGISTER8bit:inst3|inst20  ; CLOCK        ; CLOCK       ; 0.500        ; 0.374      ; 9.934      ;
; -9.028  ; CPU:inst|CONTROL_UNIT:inst|CONTROL_STORE:inst8|altsyncram:altsyncram_component|altsyncram_n6a1:auto_generated|ram_block1a0~porta_address_reg8  ; CPU:inst|DATAPATH:inst2|BANK_REGS:inst2|MAR:inst|REGISTER32bit:inst1|REGISTER8bit:inst3|inst20  ; CLOCK        ; CLOCK       ; 0.500        ; 0.374      ; 9.934      ;
; -9.002  ; CPU:inst|DATAPATH:inst2|BANK_REGS:inst2|MDR:inst1|REGISTER32bit:inst1|REGISTER8bit:inst|inst5                                                  ; CPU:inst|CONTROL_UNIT:inst|MPC_GENERATOR:inst|inst8                                             ; CLOCK        ; CLOCK       ; 1.000        ; -1.511     ; 8.523      ;
; -8.922  ; CPU:inst|CONTROL_UNIT:inst|CONTROL_STORE:inst8|altsyncram:altsyncram_component|altsyncram_n6a1:auto_generated|ram_block1a0~porta_address_reg0  ; CPU:inst|DATAPATH:inst2|BANK_REGS:inst2|TOS:inst53|REGISTER32bit:inst1|REGISTER8bit:inst3|inst5 ; CLOCK        ; CLOCK       ; 0.500        ; 1.355      ; 10.809     ;
; -8.922  ; CPU:inst|CONTROL_UNIT:inst|CONTROL_STORE:inst8|altsyncram:altsyncram_component|altsyncram_n6a1:auto_generated|ram_block1a0~porta_address_reg1  ; CPU:inst|DATAPATH:inst2|BANK_REGS:inst2|TOS:inst53|REGISTER32bit:inst1|REGISTER8bit:inst3|inst5 ; CLOCK        ; CLOCK       ; 0.500        ; 1.355      ; 10.809     ;
; -8.922  ; CPU:inst|CONTROL_UNIT:inst|CONTROL_STORE:inst8|altsyncram:altsyncram_component|altsyncram_n6a1:auto_generated|ram_block1a0~porta_address_reg2  ; CPU:inst|DATAPATH:inst2|BANK_REGS:inst2|TOS:inst53|REGISTER32bit:inst1|REGISTER8bit:inst3|inst5 ; CLOCK        ; CLOCK       ; 0.500        ; 1.355      ; 10.809     ;
; -8.922  ; CPU:inst|CONTROL_UNIT:inst|CONTROL_STORE:inst8|altsyncram:altsyncram_component|altsyncram_n6a1:auto_generated|ram_block1a0~porta_address_reg3  ; CPU:inst|DATAPATH:inst2|BANK_REGS:inst2|TOS:inst53|REGISTER32bit:inst1|REGISTER8bit:inst3|inst5 ; CLOCK        ; CLOCK       ; 0.500        ; 1.355      ; 10.809     ;
; -8.922  ; CPU:inst|CONTROL_UNIT:inst|CONTROL_STORE:inst8|altsyncram:altsyncram_component|altsyncram_n6a1:auto_generated|ram_block1a0~porta_address_reg4  ; CPU:inst|DATAPATH:inst2|BANK_REGS:inst2|TOS:inst53|REGISTER32bit:inst1|REGISTER8bit:inst3|inst5 ; CLOCK        ; CLOCK       ; 0.500        ; 1.355      ; 10.809     ;
; -8.922  ; CPU:inst|CONTROL_UNIT:inst|CONTROL_STORE:inst8|altsyncram:altsyncram_component|altsyncram_n6a1:auto_generated|ram_block1a0~porta_address_reg5  ; CPU:inst|DATAPATH:inst2|BANK_REGS:inst2|TOS:inst53|REGISTER32bit:inst1|REGISTER8bit:inst3|inst5 ; CLOCK        ; CLOCK       ; 0.500        ; 1.355      ; 10.809     ;
; -8.922  ; CPU:inst|CONTROL_UNIT:inst|CONTROL_STORE:inst8|altsyncram:altsyncram_component|altsyncram_n6a1:auto_generated|ram_block1a0~porta_address_reg6  ; CPU:inst|DATAPATH:inst2|BANK_REGS:inst2|TOS:inst53|REGISTER32bit:inst1|REGISTER8bit:inst3|inst5 ; CLOCK        ; CLOCK       ; 0.500        ; 1.355      ; 10.809     ;
; -8.922  ; CPU:inst|CONTROL_UNIT:inst|CONTROL_STORE:inst8|altsyncram:altsyncram_component|altsyncram_n6a1:auto_generated|ram_block1a0~porta_address_reg7  ; CPU:inst|DATAPATH:inst2|BANK_REGS:inst2|TOS:inst53|REGISTER32bit:inst1|REGISTER8bit:inst3|inst5 ; CLOCK        ; CLOCK       ; 0.500        ; 1.355      ; 10.809     ;
; -8.922  ; CPU:inst|CONTROL_UNIT:inst|CONTROL_STORE:inst8|altsyncram:altsyncram_component|altsyncram_n6a1:auto_generated|ram_block1a0~porta_address_reg8  ; CPU:inst|DATAPATH:inst2|BANK_REGS:inst2|TOS:inst53|REGISTER32bit:inst1|REGISTER8bit:inst3|inst5 ; CLOCK        ; CLOCK       ; 0.500        ; 1.355      ; 10.809     ;
; -8.883  ; CPU:inst|CONTROL_UNIT:inst|CONTROL_STORE:inst8|altsyncram:altsyncram_component|altsyncram_n6a1:auto_generated|ram_block1a0~porta_address_reg0  ; CPU:inst|DATAPATH:inst2|BANK_REGS:inst2|CPP:inst52|REGISTER32bit:inst1|REGISTER8bit:inst3|inst5 ; CLOCK        ; CLOCK       ; 0.500        ; 1.201      ; 10.616     ;
; -8.883  ; CPU:inst|CONTROL_UNIT:inst|CONTROL_STORE:inst8|altsyncram:altsyncram_component|altsyncram_n6a1:auto_generated|ram_block1a0~porta_address_reg1  ; CPU:inst|DATAPATH:inst2|BANK_REGS:inst2|CPP:inst52|REGISTER32bit:inst1|REGISTER8bit:inst3|inst5 ; CLOCK        ; CLOCK       ; 0.500        ; 1.201      ; 10.616     ;
; -8.883  ; CPU:inst|CONTROL_UNIT:inst|CONTROL_STORE:inst8|altsyncram:altsyncram_component|altsyncram_n6a1:auto_generated|ram_block1a0~porta_address_reg2  ; CPU:inst|DATAPATH:inst2|BANK_REGS:inst2|CPP:inst52|REGISTER32bit:inst1|REGISTER8bit:inst3|inst5 ; CLOCK        ; CLOCK       ; 0.500        ; 1.201      ; 10.616     ;
; -8.883  ; CPU:inst|CONTROL_UNIT:inst|CONTROL_STORE:inst8|altsyncram:altsyncram_component|altsyncram_n6a1:auto_generated|ram_block1a0~porta_address_reg3  ; CPU:inst|DATAPATH:inst2|BANK_REGS:inst2|CPP:inst52|REGISTER32bit:inst1|REGISTER8bit:inst3|inst5 ; CLOCK        ; CLOCK       ; 0.500        ; 1.201      ; 10.616     ;
; -8.883  ; CPU:inst|CONTROL_UNIT:inst|CONTROL_STORE:inst8|altsyncram:altsyncram_component|altsyncram_n6a1:auto_generated|ram_block1a0~porta_address_reg4  ; CPU:inst|DATAPATH:inst2|BANK_REGS:inst2|CPP:inst52|REGISTER32bit:inst1|REGISTER8bit:inst3|inst5 ; CLOCK        ; CLOCK       ; 0.500        ; 1.201      ; 10.616     ;
+---------+------------------------------------------------------------------------------------------------------------------------------------------------+-------------------------------------------------------------------------------------------------+--------------+-------------+--------------+------------+------------+


+----------------------------------------------------------------------------------------------------------------------------------------------------------------------------------------------------------------------------------------------------------------------------------+
; Fast Model Hold: 'CLOCK'                                                                                                                                                                                                                                                         ;
+--------+------------------------------------------------------------------------------------------------+--------------------------------------------------------------------------------------------------+--------------+-------------+--------------+------------+------------+
; Slack  ; From Node                                                                                      ; To Node                                                                                          ; Launch Clock ; Latch Clock ; Relationship ; Clock Skew ; Data Delay ;
+--------+------------------------------------------------------------------------------------------------+--------------------------------------------------------------------------------------------------+--------------+-------------+--------------+------------+------------+
; -0.388 ; CPU:inst|DATAPATH:inst2|BANK_REGS:inst2|MDR:inst1|inst13                                       ; CPU:inst|DATAPATH:inst2|BANK_REGS:inst2|MDR:inst1|REGISTER32bit:inst1|REGISTER8bit:inst3|inst5   ; CLOCK        ; CLOCK       ; -0.500       ; 1.906      ; 1.170      ;
; -0.385 ; CPU:inst|DATAPATH:inst2|BANK_REGS:inst2|MDR:inst1|inst13                                       ; CPU:inst|DATAPATH:inst2|BANK_REGS:inst2|MDR:inst1|REGISTER32bit:inst1|REGISTER8bit:inst2|inst20  ; CLOCK        ; CLOCK       ; -0.500       ; 1.904      ; 1.171      ;
; -0.385 ; CPU:inst|DATAPATH:inst2|BANK_REGS:inst2|MDR:inst1|inst13                                       ; CPU:inst|DATAPATH:inst2|BANK_REGS:inst2|MDR:inst1|REGISTER32bit:inst1|REGISTER8bit:inst3|inst24  ; CLOCK        ; CLOCK       ; -0.500       ; 1.904      ; 1.171      ;
; -0.385 ; CPU:inst|DATAPATH:inst2|BANK_REGS:inst2|MDR:inst1|inst13                                       ; CPU:inst|DATAPATH:inst2|BANK_REGS:inst2|MDR:inst1|REGISTER32bit:inst1|REGISTER8bit:inst1|inst28  ; CLOCK        ; CLOCK       ; -0.500       ; 1.904      ; 1.171      ;
; -0.344 ; CPU:inst|DATAPATH:inst2|BANK_REGS:inst2|MDR:inst1|inst13                                       ; CPU:inst|DATAPATH:inst2|BANK_REGS:inst2|MDR:inst1|REGISTER32bit:inst1|REGISTER8bit:inst2|inst28  ; CLOCK        ; CLOCK       ; -0.500       ; 1.904      ; 1.212      ;
; -0.344 ; CPU:inst|DATAPATH:inst2|BANK_REGS:inst2|MDR:inst1|inst13                                       ; CPU:inst|DATAPATH:inst2|BANK_REGS:inst2|MDR:inst1|REGISTER32bit:inst1|REGISTER8bit:inst2|inst5   ; CLOCK        ; CLOCK       ; -0.500       ; 1.904      ; 1.212      ;
; -0.342 ; CPU:inst|DATAPATH:inst2|BANK_REGS:inst2|MDR:inst1|inst13                                       ; CPU:inst|DATAPATH:inst2|BANK_REGS:inst2|MDR:inst1|REGISTER32bit:inst1|REGISTER8bit:inst|inst28   ; CLOCK        ; CLOCK       ; -0.500       ; 1.902      ; 1.212      ;
; -0.341 ; CPU:inst|DATAPATH:inst2|BANK_REGS:inst2|MDR:inst1|inst13                                       ; CPU:inst|DATAPATH:inst2|BANK_REGS:inst2|MDR:inst1|REGISTER32bit:inst1|REGISTER8bit:inst2|inst24  ; CLOCK        ; CLOCK       ; -0.500       ; 1.904      ; 1.215      ;
; -0.341 ; CPU:inst|DATAPATH:inst2|BANK_REGS:inst2|MDR:inst1|inst13                                       ; CPU:inst|DATAPATH:inst2|BANK_REGS:inst2|MDR:inst1|REGISTER32bit:inst1|REGISTER8bit:inst2|inst8   ; CLOCK        ; CLOCK       ; -0.500       ; 1.904      ; 1.215      ;
; -0.312 ; CPU:inst|DATAPATH:inst2|BANK_REGS:inst2|MDR:inst1|inst13                                       ; CPU:inst|DATAPATH:inst2|BANK_REGS:inst2|MDR:inst1|REGISTER32bit:inst1|REGISTER8bit:inst|inst5    ; CLOCK        ; CLOCK       ; -0.500       ; 1.901      ; 1.241      ;
; -0.310 ; CPU:inst|DATAPATH:inst2|BANK_REGS:inst2|MDR:inst1|inst13                                       ; CPU:inst|DATAPATH:inst2|BANK_REGS:inst2|MDR:inst1|REGISTER32bit:inst1|REGISTER8bit:inst|inst20   ; CLOCK        ; CLOCK       ; -0.500       ; 1.901      ; 1.243      ;
; -0.282 ; CPU:inst|DATAPATH:inst2|BANK_REGS:inst2|MDR:inst1|inst13                                       ; CPU:inst|DATAPATH:inst2|BANK_REGS:inst2|MDR:inst1|REGISTER32bit:inst1|REGISTER8bit:inst1|inst    ; CLOCK        ; CLOCK       ; -0.500       ; 1.906      ; 1.276      ;
; -0.282 ; CPU:inst|DATAPATH:inst2|BANK_REGS:inst2|MDR:inst1|inst13                                       ; CPU:inst|DATAPATH:inst2|BANK_REGS:inst2|MDR:inst1|REGISTER32bit:inst1|REGISTER8bit:inst3|inst28  ; CLOCK        ; CLOCK       ; -0.500       ; 1.906      ; 1.276      ;
; -0.282 ; CPU:inst|DATAPATH:inst2|BANK_REGS:inst2|MDR:inst1|inst13                                       ; CPU:inst|DATAPATH:inst2|BANK_REGS:inst2|MDR:inst1|REGISTER32bit:inst1|REGISTER8bit:inst2|inst    ; CLOCK        ; CLOCK       ; -0.500       ; 1.906      ; 1.276      ;
; -0.282 ; CPU:inst|DATAPATH:inst2|BANK_REGS:inst2|MDR:inst1|inst13                                       ; CPU:inst|DATAPATH:inst2|BANK_REGS:inst2|MDR:inst1|REGISTER32bit:inst1|REGISTER8bit:inst3|inst    ; CLOCK        ; CLOCK       ; -0.500       ; 1.906      ; 1.276      ;
; -0.282 ; CPU:inst|DATAPATH:inst2|BANK_REGS:inst2|MDR:inst1|inst13                                       ; CPU:inst|DATAPATH:inst2|BANK_REGS:inst2|MDR:inst1|REGISTER32bit:inst1|REGISTER8bit:inst3|inst12  ; CLOCK        ; CLOCK       ; -0.500       ; 1.906      ; 1.276      ;
; -0.282 ; CPU:inst|DATAPATH:inst2|BANK_REGS:inst2|MDR:inst1|inst13                                       ; CPU:inst|DATAPATH:inst2|BANK_REGS:inst2|MDR:inst1|REGISTER32bit:inst1|REGISTER8bit:inst3|inst20  ; CLOCK        ; CLOCK       ; -0.500       ; 1.906      ; 1.276      ;
; -0.234 ; CPU:inst|DATAPATH:inst2|BANK_REGS:inst2|MDR:inst1|inst13                                       ; CPU:inst|DATAPATH:inst2|BANK_REGS:inst2|MDR:inst1|REGISTER32bit:inst1|REGISTER8bit:inst1|inst5   ; CLOCK        ; CLOCK       ; -0.500       ; 1.902      ; 1.320      ;
; -0.234 ; CPU:inst|DATAPATH:inst2|BANK_REGS:inst2|MDR:inst1|inst13                                       ; CPU:inst|DATAPATH:inst2|BANK_REGS:inst2|MDR:inst1|REGISTER32bit:inst1|REGISTER8bit:inst1|inst12  ; CLOCK        ; CLOCK       ; -0.500       ; 1.902      ; 1.320      ;
; -0.183 ; CPU:inst|DATAPATH:inst2|BANK_REGS:inst2|MDR:inst1|inst13                                       ; CPU:inst|DATAPATH:inst2|BANK_REGS:inst2|MDR:inst1|REGISTER32bit:inst1|REGISTER8bit:inst|inst16   ; CLOCK        ; CLOCK       ; -0.500       ; 1.901      ; 1.370      ;
; -0.182 ; CPU:inst|DATAPATH:inst2|BANK_REGS:inst2|MDR:inst1|inst13                                       ; CPU:inst|DATAPATH:inst2|BANK_REGS:inst2|MDR:inst1|REGISTER32bit:inst1|REGISTER8bit:inst|inst24   ; CLOCK        ; CLOCK       ; -0.500       ; 1.901      ; 1.371      ;
; -0.182 ; CPU:inst|DATAPATH:inst2|BANK_REGS:inst2|MDR:inst1|inst13                                       ; CPU:inst|DATAPATH:inst2|BANK_REGS:inst2|MDR:inst1|REGISTER32bit:inst1|REGISTER8bit:inst|inst     ; CLOCK        ; CLOCK       ; -0.500       ; 1.901      ; 1.371      ;
; -0.182 ; CPU:inst|DATAPATH:inst2|BANK_REGS:inst2|MDR:inst1|inst13                                       ; CPU:inst|DATAPATH:inst2|BANK_REGS:inst2|MDR:inst1|REGISTER32bit:inst1|REGISTER8bit:inst|inst12   ; CLOCK        ; CLOCK       ; -0.500       ; 1.901      ; 1.371      ;
; -0.181 ; CPU:inst|DATAPATH:inst2|BANK_REGS:inst2|MDR:inst1|inst13                                       ; CPU:inst|DATAPATH:inst2|BANK_REGS:inst2|MDR:inst1|REGISTER32bit:inst1|REGISTER8bit:inst|inst8    ; CLOCK        ; CLOCK       ; -0.500       ; 1.901      ; 1.372      ;
; -0.097 ; CPU:inst|DATAPATH:inst2|BANK_REGS:inst2|MDR:inst1|inst13                                       ; CPU:inst|DATAPATH:inst2|BANK_REGS:inst2|MDR:inst1|REGISTER32bit:inst1|REGISTER8bit:inst3|inst8   ; CLOCK        ; CLOCK       ; -0.500       ; 1.908      ; 1.463      ;
; -0.097 ; CPU:inst|DATAPATH:inst2|BANK_REGS:inst2|MDR:inst1|inst13                                       ; CPU:inst|DATAPATH:inst2|BANK_REGS:inst2|MDR:inst1|REGISTER32bit:inst1|REGISTER8bit:inst2|inst16  ; CLOCK        ; CLOCK       ; -0.500       ; 1.908      ; 1.463      ;
; -0.097 ; CPU:inst|DATAPATH:inst2|BANK_REGS:inst2|MDR:inst1|inst13                                       ; CPU:inst|DATAPATH:inst2|BANK_REGS:inst2|MDR:inst1|REGISTER32bit:inst1|REGISTER8bit:inst2|inst12  ; CLOCK        ; CLOCK       ; -0.500       ; 1.908      ; 1.463      ;
; -0.097 ; CPU:inst|DATAPATH:inst2|BANK_REGS:inst2|MDR:inst1|inst13                                       ; CPU:inst|DATAPATH:inst2|BANK_REGS:inst2|MDR:inst1|REGISTER32bit:inst1|REGISTER8bit:inst3|inst16  ; CLOCK        ; CLOCK       ; -0.500       ; 1.908      ; 1.463      ;
; -0.076 ; CPU:inst|DATAPATH:inst2|BANK_REGS:inst2|MDR:inst1|inst13                                       ; CPU:inst|DATAPATH:inst2|BANK_REGS:inst2|MDR:inst1|REGISTER32bit:inst1|REGISTER8bit:inst1|inst8   ; CLOCK        ; CLOCK       ; -0.500       ; 1.901      ; 1.477      ;
; -0.076 ; CPU:inst|DATAPATH:inst2|BANK_REGS:inst2|MDR:inst1|inst13                                       ; CPU:inst|DATAPATH:inst2|BANK_REGS:inst2|MDR:inst1|REGISTER32bit:inst1|REGISTER8bit:inst1|inst20  ; CLOCK        ; CLOCK       ; -0.500       ; 1.901      ; 1.477      ;
; -0.076 ; CPU:inst|DATAPATH:inst2|BANK_REGS:inst2|MDR:inst1|inst13                                       ; CPU:inst|DATAPATH:inst2|BANK_REGS:inst2|MDR:inst1|REGISTER32bit:inst1|REGISTER8bit:inst1|inst16  ; CLOCK        ; CLOCK       ; -0.500       ; 1.901      ; 1.477      ;
; -0.076 ; CPU:inst|DATAPATH:inst2|BANK_REGS:inst2|MDR:inst1|inst13                                       ; CPU:inst|DATAPATH:inst2|BANK_REGS:inst2|MDR:inst1|REGISTER32bit:inst1|REGISTER8bit:inst1|inst24  ; CLOCK        ; CLOCK       ; -0.500       ; 1.901      ; 1.477      ;
; 0.250  ; CPU:inst|DATAPATH:inst2|BANK_REGS:inst2|MBR:inst3|REGISTER32bit:inst1|REGISTER8bit:inst|inst12 ; CPU:inst|DATAPATH:inst2|BANK_REGS:inst2|CPP:inst52|REGISTER32bit:inst1|REGISTER8bit:inst|inst8   ; CLOCK        ; CLOCK       ; 0.000        ; 0.757      ; 1.159      ;
; 0.472  ; CPU:inst|DATAPATH:inst2|BANK_REGS:inst2|MBR:inst3|REGISTER32bit:inst1|REGISTER8bit:inst|inst20 ; CPU:inst|DATAPATH:inst2|BANK_REGS:inst2|SP:inst50|REGISTER32bit:inst1|REGISTER8bit:inst|inst20   ; CLOCK        ; CLOCK       ; 0.000        ; 0.890      ; 1.514      ;
; 0.491  ; CPU:inst|DATAPATH:inst2|BANK_REGS:inst2|MBR:inst3|REGISTER32bit:inst1|REGISTER8bit:inst|inst8  ; CPU:inst|DATAPATH:inst2|BANK_REGS:inst2|CPP:inst52|REGISTER32bit:inst1|REGISTER8bit:inst|inst8   ; CLOCK        ; CLOCK       ; 0.000        ; 0.758      ; 1.401      ;
; 0.526  ; CPU:inst|DATAPATH:inst2|BANK_REGS:inst2|MBR:inst3|REGISTER32bit:inst1|REGISTER8bit:inst|inst24 ; CPU:inst|DATAPATH:inst2|BANK_REGS:inst2|SP:inst50|REGISTER32bit:inst1|REGISTER8bit:inst|inst20   ; CLOCK        ; CLOCK       ; 0.000        ; 0.890      ; 1.568      ;
; 0.539  ; CPU:inst|DATAPATH:inst2|BANK_REGS:inst2|MBR:inst3|REGISTER32bit:inst5|REGISTER8bit:inst|inst28 ; CPU:inst|DATAPATH:inst2|BANK_REGS:inst2|PC:inst2|REGISTER32bit:inst1|REGISTER8bit:inst|inst24    ; CLOCK        ; CLOCK       ; 0.000        ; 0.897      ; 1.588      ;
; 0.540  ; CPU:inst|DATAPATH:inst2|BANK_REGS:inst2|MBR:inst3|REGISTER32bit:inst1|REGISTER8bit:inst|inst12 ; CPU:inst|DATAPATH:inst2|BANK_REGS:inst2|MDR:inst1|REGISTER32bit:inst1|REGISTER8bit:inst|inst12   ; CLOCK        ; CLOCK       ; 0.000        ; 1.010      ; 1.702      ;
; 0.556  ; CPU:inst|DATAPATH:inst2|BANK_REGS:inst2|MBR:inst3|REGISTER32bit:inst5|REGISTER8bit:inst|inst28 ; CPU:inst|DATAPATH:inst2|BANK_REGS:inst2|SP:inst50|REGISTER32bit:inst1|REGISTER8bit:inst|inst24   ; CLOCK        ; CLOCK       ; 0.000        ; 0.898      ; 1.606      ;
; 0.561  ; CPU:inst|DATAPATH:inst2|BANK_REGS:inst2|MBR:inst3|REGISTER32bit:inst5|REGISTER8bit:inst|inst28 ; CPU:inst|DATAPATH:inst2|BANK_REGS:inst2|TOS:inst53|REGISTER32bit:inst1|REGISTER8bit:inst|inst28  ; CLOCK        ; CLOCK       ; 0.000        ; 0.920      ; 1.633      ;
; 0.569  ; CPU:inst|DATAPATH:inst2|BANK_REGS:inst2|MBR:inst3|REGISTER32bit:inst1|REGISTER8bit:inst|inst12 ; CPU:inst|DATAPATH:inst2|BANK_REGS:inst2|CPP:inst52|REGISTER32bit:inst1|REGISTER8bit:inst1|inst16 ; CLOCK        ; CLOCK       ; 0.000        ; 0.757      ; 1.478      ;
; 0.599  ; CPU:inst|DATAPATH:inst2|BANK_REGS:inst2|MBR:inst3|REGISTER32bit:inst1|REGISTER8bit:inst|inst12 ; CPU:inst|DATAPATH:inst2|BANK_REGS:inst2|TOS:inst53|REGISTER32bit:inst1|REGISTER8bit:inst|inst12  ; CLOCK        ; CLOCK       ; 0.000        ; 0.910      ; 1.661      ;
; 0.599  ; CPU:inst|DATAPATH:inst2|BANK_REGS:inst2|MBR:inst3|REGISTER32bit:inst1|REGISTER8bit:inst|inst12 ; CPU:inst|DATAPATH:inst2|BANK_REGS:inst2|MDR:inst1|REGISTER32bit:inst1|REGISTER8bit:inst|inst8    ; CLOCK        ; CLOCK       ; 0.000        ; 1.010      ; 1.761      ;
; 0.604  ; CPU:inst|DATAPATH:inst2|BANK_REGS:inst2|MBR:inst3|REGISTER32bit:inst1|REGISTER8bit:inst|inst5  ; CPU:inst|DATAPATH:inst2|BANK_REGS:inst2|CPP:inst52|REGISTER32bit:inst1|REGISTER8bit:inst|inst8   ; CLOCK        ; CLOCK       ; 0.000        ; 0.758      ; 1.514      ;
; 0.608  ; CPU:inst|DATAPATH:inst2|BANK_REGS:inst2|MBR:inst3|REGISTER32bit:inst1|REGISTER8bit:inst|inst12 ; CPU:inst|DATAPATH:inst2|BANK_REGS:inst2|TOS:inst53|REGISTER32bit:inst1|REGISTER8bit:inst|inst8   ; CLOCK        ; CLOCK       ; 0.000        ; 0.910      ; 1.670      ;
; 0.636  ; CPU:inst|DATAPATH:inst2|BANK_REGS:inst2|MBR:inst3|REGISTER32bit:inst1|REGISTER8bit:inst|inst12 ; CPU:inst|DATAPATH:inst2|BANK_REGS:inst2|PC:inst2|REGISTER32bit:inst1|REGISTER8bit:inst|inst12    ; CLOCK        ; CLOCK       ; 0.000        ; 0.889      ; 1.677      ;
; 0.639  ; CPU:inst|DATAPATH:inst2|BANK_REGS:inst2|MBR:inst3|REGISTER32bit:inst1|REGISTER8bit:inst|inst12 ; CPU:inst|DATAPATH:inst2|BANK_REGS:inst2|SP:inst50|REGISTER32bit:inst1|REGISTER8bit:inst|inst12   ; CLOCK        ; CLOCK       ; 0.000        ; 0.890      ; 1.681      ;
; 0.646  ; CPU:inst|DATAPATH:inst2|BANK_REGS:inst2|MBR:inst3|REGISTER32bit:inst1|REGISTER8bit:inst|inst20 ; CPU:inst|DATAPATH:inst2|BANK_REGS:inst2|H:inst5|REGISTER32bit:inst1|REGISTER8bit:inst|inst16     ; CLOCK        ; CLOCK       ; 0.000        ; 0.870      ; 1.668      ;
; 0.654  ; CPU:inst|DATAPATH:inst2|BANK_REGS:inst2|MBR:inst3|REGISTER32bit:inst1|REGISTER8bit:inst|inst12 ; CPU:inst|DATAPATH:inst2|BANK_REGS:inst2|H:inst5|REGISTER32bit:inst1|REGISTER8bit:inst|inst16     ; CLOCK        ; CLOCK       ; 0.000        ; 0.869      ; 1.675      ;
; 0.655  ; CPU:inst|DATAPATH:inst2|BANK_REGS:inst2|MBR:inst3|REGISTER32bit:inst1|REGISTER8bit:inst|inst12 ; CPU:inst|DATAPATH:inst2|BANK_REGS:inst2|H:inst5|REGISTER32bit:inst1|REGISTER8bit:inst|inst8      ; CLOCK        ; CLOCK       ; 0.000        ; 0.863      ; 1.670      ;
; 0.656  ; CPU:inst|DATAPATH:inst2|BANK_REGS:inst2|MBR:inst3|REGISTER32bit:inst1|REGISTER8bit:inst|inst5  ; CPU:inst|DATAPATH:inst2|BANK_REGS:inst2|CPP:inst52|REGISTER32bit:inst1|REGISTER8bit:inst|inst5   ; CLOCK        ; CLOCK       ; 0.000        ; 0.758      ; 1.566      ;
; 0.662  ; CPU:inst|DATAPATH:inst2|BANK_REGS:inst2|MBR:inst3|REGISTER32bit:inst1|REGISTER8bit:inst|inst24 ; CPU:inst|DATAPATH:inst2|BANK_REGS:inst2|PC:inst2|REGISTER32bit:inst1|REGISTER8bit:inst|inst24    ; CLOCK        ; CLOCK       ; 0.000        ; 0.889      ; 1.703      ;
; 0.663  ; CPU:inst|DATAPATH:inst2|BANK_REGS:inst2|MBR:inst3|REGISTER32bit:inst1|REGISTER8bit:inst|inst12 ; CPU:inst|DATAPATH:inst2|BANK_REGS:inst2|TOS:inst53|REGISTER32bit:inst1|REGISTER8bit:inst1|inst16 ; CLOCK        ; CLOCK       ; 0.000        ; 0.911      ; 1.726      ;
; 0.663  ; CPU:inst|DATAPATH:inst2|BANK_REGS:inst2|MBR:inst3|REGISTER32bit:inst1|REGISTER8bit:inst|inst12 ; CPU:inst|DATAPATH:inst2|BANK_REGS:inst2|OPC:inst4|REGISTER32bit:inst1|REGISTER8bit:inst|inst12   ; CLOCK        ; CLOCK       ; 0.000        ; 0.847      ; 1.662      ;
; 0.663  ; CPU:inst|DATAPATH:inst2|BANK_REGS:inst2|MBR:inst3|REGISTER32bit:inst1|REGISTER8bit:inst|inst8  ; CPU:inst|DATAPATH:inst2|BANK_REGS:inst2|H:inst5|REGISTER32bit:inst1|REGISTER8bit:inst|inst16     ; CLOCK        ; CLOCK       ; 0.000        ; 0.870      ; 1.685      ;
; 0.673  ; CPU:inst|DATAPATH:inst2|BANK_REGS:inst2|MBR:inst3|REGISTER32bit:inst1|REGISTER8bit:inst|inst12 ; CPU:inst|DATAPATH:inst2|BANK_REGS:inst2|OPC:inst4|REGISTER32bit:inst1|REGISTER8bit:inst|inst8    ; CLOCK        ; CLOCK       ; 0.000        ; 0.847      ; 1.672      ;
; 0.674  ; CPU:inst|DATAPATH:inst2|BANK_REGS:inst2|MBR:inst3|REGISTER32bit:inst1|REGISTER8bit:inst|inst   ; CPU:inst|DATAPATH:inst2|BANK_REGS:inst2|CPP:inst52|REGISTER32bit:inst1|REGISTER8bit:inst|inst5   ; CLOCK        ; CLOCK       ; 0.000        ; 0.758      ; 1.584      ;
; 0.679  ; CPU:inst|DATAPATH:inst2|BANK_REGS:inst2|MBR:inst3|REGISTER32bit:inst1|REGISTER8bit:inst|inst24 ; CPU:inst|DATAPATH:inst2|BANK_REGS:inst2|SP:inst50|REGISTER32bit:inst1|REGISTER8bit:inst|inst24   ; CLOCK        ; CLOCK       ; 0.000        ; 0.890      ; 1.721      ;
; 0.680  ; CPU:inst|DATAPATH:inst2|BANK_REGS:inst2|MBR:inst3|REGISTER32bit:inst1|REGISTER8bit:inst|inst24 ; CPU:inst|DATAPATH:inst2|BANK_REGS:inst2|OPC:inst4|REGISTER32bit:inst1|REGISTER8bit:inst1|inst5   ; CLOCK        ; CLOCK       ; 0.000        ; 0.850      ; 1.682      ;
; 0.715  ; CPU:inst|DATAPATH:inst2|BANK_REGS:inst2|MBR:inst3|REGISTER32bit:inst1|REGISTER8bit:inst|inst20 ; CPU:inst|DATAPATH:inst2|BANK_REGS:inst2|CPP:inst52|REGISTER32bit:inst1|REGISTER8bit:inst1|inst8  ; CLOCK        ; CLOCK       ; 0.000        ; 0.759      ; 1.626      ;
; 0.741  ; CPU:inst|DATAPATH:inst2|BANK_REGS:inst2|MBR:inst3|REGISTER32bit:inst1|REGISTER8bit:inst|inst12 ; CPU:inst|DATAPATH:inst2|BANK_REGS:inst2|LV:inst51|REGISTER32bit:inst1|REGISTER8bit:inst|inst12   ; CLOCK        ; CLOCK       ; 0.000        ; 0.867      ; 1.760      ;
; 0.742  ; CPU:inst|DATAPATH:inst2|BANK_REGS:inst2|MBR:inst3|REGISTER32bit:inst1|REGISTER8bit:inst|inst20 ; CPU:inst|DATAPATH:inst2|BANK_REGS:inst2|MDR:inst1|REGISTER32bit:inst1|REGISTER8bit:inst|inst20   ; CLOCK        ; CLOCK       ; 0.000        ; 1.011      ; 1.905      ;
; 0.745  ; CPU:inst|DATAPATH:inst2|BANK_REGS:inst2|MBR:inst3|REGISTER32bit:inst1|REGISTER8bit:inst|inst20 ; CPU:inst|DATAPATH:inst2|BANK_REGS:inst2|LV:inst51|REGISTER32bit:inst1|REGISTER8bit:inst|inst16   ; CLOCK        ; CLOCK       ; 0.000        ; 0.868      ; 1.765      ;
; 0.749  ; CPU:inst|DATAPATH:inst2|BANK_REGS:inst2|MBR:inst3|REGISTER32bit:inst1|REGISTER8bit:inst3|inst5 ; CPU:inst|DATAPATH:inst2|BANK_REGS:inst2|PC:inst2|REGISTER32bit:inst1|REGISTER8bit:inst1|inst12   ; CLOCK        ; CLOCK       ; 0.000        ; 0.890      ; 1.791      ;
; 0.753  ; CPU:inst|DATAPATH:inst2|BANK_REGS:inst2|MBR:inst3|REGISTER32bit:inst1|REGISTER8bit:inst|inst12 ; CPU:inst|DATAPATH:inst2|BANK_REGS:inst2|LV:inst51|REGISTER32bit:inst1|REGISTER8bit:inst|inst16   ; CLOCK        ; CLOCK       ; 0.000        ; 0.867      ; 1.772      ;
; 0.759  ; CPU:inst|DATAPATH:inst2|BANK_REGS:inst2|MBR:inst3|REGISTER32bit:inst5|REGISTER8bit:inst|inst28 ; CPU:inst|DATAPATH:inst2|BANK_REGS:inst2|MDR:inst1|REGISTER32bit:inst1|REGISTER8bit:inst|inst24   ; CLOCK        ; CLOCK       ; 0.000        ; 1.019      ; 1.930      ;
; 0.762  ; CPU:inst|DATAPATH:inst2|BANK_REGS:inst2|MBR:inst3|REGISTER32bit:inst1|REGISTER8bit:inst|inst8  ; CPU:inst|DATAPATH:inst2|BANK_REGS:inst2|LV:inst51|REGISTER32bit:inst1|REGISTER8bit:inst|inst16   ; CLOCK        ; CLOCK       ; 0.000        ; 0.868      ; 1.782      ;
; 0.766  ; CPU:inst|DATAPATH:inst2|BANK_REGS:inst2|MBR:inst3|REGISTER32bit:inst1|REGISTER8bit:inst|inst12 ; CPU:inst|DATAPATH:inst2|BANK_REGS:inst2|H:inst5|REGISTER32bit:inst1|REGISTER8bit:inst|inst12     ; CLOCK        ; CLOCK       ; 0.000        ; 0.862      ; 1.780      ;
; 0.770  ; CPU:inst|DATAPATH:inst2|BANK_REGS:inst2|MBR:inst3|REGISTER32bit:inst5|REGISTER8bit:inst|inst28 ; CPU:inst|DATAPATH:inst2|BANK_REGS:inst2|LV:inst51|REGISTER32bit:inst1|REGISTER8bit:inst|inst24   ; CLOCK        ; CLOCK       ; 0.000        ; 0.874      ; 1.796      ;
; 0.776  ; CPU:inst|DATAPATH:inst2|BANK_REGS:inst2|MBR:inst3|REGISTER32bit:inst1|REGISTER8bit:inst|inst5  ; CPU:inst|DATAPATH:inst2|BANK_REGS:inst2|H:inst5|REGISTER32bit:inst1|REGISTER8bit:inst|inst16     ; CLOCK        ; CLOCK       ; 0.000        ; 0.870      ; 1.798      ;
; 0.779  ; CPU:inst|DATAPATH:inst2|BANK_REGS:inst2|MBR:inst3|REGISTER32bit:inst1|REGISTER8bit:inst|inst8  ; CPU:inst|DATAPATH:inst2|BANK_REGS:inst2|MDR:inst1|REGISTER32bit:inst1|REGISTER8bit:inst|inst12   ; CLOCK        ; CLOCK       ; 0.000        ; 1.011      ; 1.942      ;
; 0.783  ; CPU:inst|DATAPATH:inst2|BANK_REGS:inst2|MBR:inst3|REGISTER32bit:inst1|REGISTER8bit:inst|inst12 ; CPU:inst|DATAPATH:inst2|BANK_REGS:inst2|PC:inst2|REGISTER32bit:inst1|REGISTER8bit:inst|inst8     ; CLOCK        ; CLOCK       ; 0.000        ; 0.889      ; 1.824      ;
; 0.785  ; CPU:inst|DATAPATH:inst2|BANK_REGS:inst2|MBR:inst3|REGISTER32bit:inst1|REGISTER8bit:inst|inst20 ; CPU:inst|DATAPATH:inst2|BANK_REGS:inst2|MDR:inst1|REGISTER32bit:inst1|REGISTER8bit:inst|inst16   ; CLOCK        ; CLOCK       ; 0.000        ; 1.011      ; 1.948      ;
; 0.791  ; CPU:inst|DATAPATH:inst2|BANK_REGS:inst2|MBR:inst3|REGISTER32bit:inst1|REGISTER8bit:inst|inst16 ; CPU:inst|DATAPATH:inst2|BANK_REGS:inst2|H:inst5|REGISTER32bit:inst1|REGISTER8bit:inst|inst16     ; CLOCK        ; CLOCK       ; 0.000        ; 0.869      ; 1.812      ;
; 0.793  ; CPU:inst|DATAPATH:inst2|BANK_REGS:inst2|MBR:inst3|REGISTER32bit:inst1|REGISTER8bit:inst|inst12 ; CPU:inst|DATAPATH:inst2|BANK_REGS:inst2|MDR:inst1|REGISTER32bit:inst1|REGISTER8bit:inst|inst16   ; CLOCK        ; CLOCK       ; 0.000        ; 1.010      ; 1.955      ;
; 0.796  ; CPU:inst|DATAPATH:inst2|BANK_REGS:inst2|MBR:inst3|REGISTER32bit:inst1|REGISTER8bit:inst|inst24 ; CPU:inst|DATAPATH:inst2|BANK_REGS:inst2|MDR:inst1|REGISTER32bit:inst1|REGISTER8bit:inst|inst20   ; CLOCK        ; CLOCK       ; 0.000        ; 1.011      ; 1.959      ;
; 0.798  ; CPU:inst|DATAPATH:inst2|BANK_REGS:inst2|MBR:inst3|REGISTER32bit:inst5|REGISTER8bit:inst|inst28 ; CPU:inst|DATAPATH:inst2|BANK_REGS:inst2|TOS:inst53|REGISTER32bit:inst1|REGISTER8bit:inst|inst24  ; CLOCK        ; CLOCK       ; 0.000        ; 0.919      ; 1.869      ;
; 0.802  ; CPU:inst|DATAPATH:inst2|BANK_REGS:inst2|MBR:inst3|REGISTER32bit:inst1|REGISTER8bit:inst|inst   ; CPU:inst|DATAPATH:inst2|BANK_REGS:inst2|SP:inst50|REGISTER32bit:inst1|REGISTER8bit:inst|inst     ; CLOCK        ; CLOCK       ; 0.000        ; 0.890      ; 1.844      ;
; 0.802  ; CPU:inst|DATAPATH:inst2|BANK_REGS:inst2|MBR:inst3|REGISTER32bit:inst1|REGISTER8bit:inst|inst8  ; CPU:inst|DATAPATH:inst2|BANK_REGS:inst2|MDR:inst1|REGISTER32bit:inst1|REGISTER8bit:inst|inst16   ; CLOCK        ; CLOCK       ; 0.000        ; 1.011      ; 1.965      ;
; 0.810  ; CPU:inst|DATAPATH:inst2|BANK_REGS:inst2|MBR:inst3|REGISTER32bit:inst1|REGISTER8bit:inst|inst8  ; CPU:inst|DATAPATH:inst2|BANK_REGS:inst2|CPP:inst52|REGISTER32bit:inst1|REGISTER8bit:inst1|inst16 ; CLOCK        ; CLOCK       ; 0.000        ; 0.758      ; 1.720      ;
; 0.812  ; CPU:inst|DATAPATH:inst2|BANK_REGS:inst2|MBR:inst3|REGISTER32bit:inst1|REGISTER8bit:inst|inst20 ; CPU:inst|DATAPATH:inst2|BANK_REGS:inst2|TOS:inst53|REGISTER32bit:inst1|REGISTER8bit:inst|inst16  ; CLOCK        ; CLOCK       ; 0.000        ; 0.911      ; 1.875      ;
; 0.820  ; CPU:inst|DATAPATH:inst2|BANK_REGS:inst2|MBR:inst3|REGISTER32bit:inst1|REGISTER8bit:inst|inst   ; CPU:inst|DATAPATH:inst2|BANK_REGS:inst2|CPP:inst52|REGISTER32bit:inst1|REGISTER8bit:inst|inst8   ; CLOCK        ; CLOCK       ; 0.000        ; 0.758      ; 1.730      ;
; 0.820  ; CPU:inst|DATAPATH:inst2|BANK_REGS:inst2|MBR:inst3|REGISTER32bit:inst1|REGISTER8bit:inst|inst12 ; CPU:inst|DATAPATH:inst2|BANK_REGS:inst2|TOS:inst53|REGISTER32bit:inst1|REGISTER8bit:inst|inst16  ; CLOCK        ; CLOCK       ; 0.000        ; 0.910      ; 1.882      ;
; 0.827  ; CPU:inst|DATAPATH:inst2|BANK_REGS:inst2|MBR:inst3|REGISTER32bit:inst1|REGISTER8bit:inst|inst20 ; CPU:inst|DATAPATH:inst2|BANK_REGS:inst2|CPP:inst52|REGISTER32bit:inst1|REGISTER8bit:inst|inst16  ; CLOCK        ; CLOCK       ; 0.000        ; 0.757      ; 1.736      ;
; 0.829  ; CPU:inst|DATAPATH:inst2|BANK_REGS:inst2|MBR:inst3|REGISTER32bit:inst1|REGISTER8bit:inst|inst8  ; CPU:inst|DATAPATH:inst2|BANK_REGS:inst2|TOS:inst53|REGISTER32bit:inst1|REGISTER8bit:inst|inst16  ; CLOCK        ; CLOCK       ; 0.000        ; 0.911      ; 1.892      ;
; 0.835  ; CPU:inst|DATAPATH:inst2|BANK_REGS:inst2|MBR:inst3|REGISTER32bit:inst1|REGISTER8bit:inst|inst12 ; CPU:inst|DATAPATH:inst2|BANK_REGS:inst2|CPP:inst52|REGISTER32bit:inst1|REGISTER8bit:inst|inst16  ; CLOCK        ; CLOCK       ; 0.000        ; 0.756      ; 1.743      ;
; 0.838  ; CPU:inst|DATAPATH:inst2|BANK_REGS:inst2|MBR:inst3|REGISTER32bit:inst1|REGISTER8bit:inst|inst8  ; CPU:inst|DATAPATH:inst2|BANK_REGS:inst2|TOS:inst53|REGISTER32bit:inst1|REGISTER8bit:inst|inst12  ; CLOCK        ; CLOCK       ; 0.000        ; 0.911      ; 1.901      ;
; 0.840  ; CPU:inst|DATAPATH:inst2|BANK_REGS:inst2|MBR:inst3|REGISTER32bit:inst1|REGISTER8bit:inst|inst8  ; CPU:inst|DATAPATH:inst2|BANK_REGS:inst2|MDR:inst1|REGISTER32bit:inst1|REGISTER8bit:inst|inst8    ; CLOCK        ; CLOCK       ; 0.000        ; 1.011      ; 2.003      ;
; 0.844  ; CPU:inst|DATAPATH:inst2|BANK_REGS:inst2|MBR:inst3|REGISTER32bit:inst1|REGISTER8bit:inst|inst8  ; CPU:inst|DATAPATH:inst2|BANK_REGS:inst2|CPP:inst52|REGISTER32bit:inst1|REGISTER8bit:inst|inst16  ; CLOCK        ; CLOCK       ; 0.000        ; 0.757      ; 1.753      ;
; 0.847  ; CPU:inst|DATAPATH:inst2|BANK_REGS:inst2|MBR:inst3|REGISTER32bit:inst1|REGISTER8bit:inst|inst12 ; CPU:inst|DATAPATH:inst2|BANK_REGS:inst2|MDR:inst1|REGISTER32bit:inst1|REGISTER8bit:inst1|inst16  ; CLOCK        ; CLOCK       ; 0.000        ; 1.010      ; 2.009      ;
; 0.849  ; CPU:inst|DATAPATH:inst2|BANK_REGS:inst2|MBR:inst3|REGISTER32bit:inst1|REGISTER8bit:inst|inst8  ; CPU:inst|DATAPATH:inst2|BANK_REGS:inst2|TOS:inst53|REGISTER32bit:inst1|REGISTER8bit:inst|inst8   ; CLOCK        ; CLOCK       ; 0.000        ; 0.911      ; 1.912      ;
; 0.854  ; CPU:inst|DATAPATH:inst2|BANK_REGS:inst2|MBR:inst3|REGISTER32bit:inst1|REGISTER8bit:inst|inst12 ; CPU:inst|DATAPATH:inst2|BANK_REGS:inst2|LV:inst51|REGISTER32bit:inst1|REGISTER8bit:inst|inst8    ; CLOCK        ; CLOCK       ; 0.000        ; 0.867      ; 1.873      ;
; 0.857  ; CPU:inst|DATAPATH:inst2|BANK_REGS:inst2|MBR:inst3|REGISTER32bit:inst1|REGISTER8bit:inst|inst12 ; CPU:inst|DATAPATH:inst2|BANK_REGS:inst2|CPP:inst52|REGISTER32bit:inst1|REGISTER8bit:inst|inst12  ; CLOCK        ; CLOCK       ; 0.000        ; 0.756      ; 1.765      ;
; 0.862  ; CPU:inst|DATAPATH:inst2|BANK_REGS:inst2|MBR:inst3|REGISTER32bit:inst5|REGISTER8bit:inst|inst28 ; CPU:inst|DATAPATH:inst2|BANK_REGS:inst2|OPC:inst4|REGISTER32bit:inst1|REGISTER8bit:inst|inst24   ; CLOCK        ; CLOCK       ; 0.000        ; 0.856      ; 1.870      ;
; 0.873  ; CPU:inst|DATAPATH:inst2|BANK_REGS:inst2|MBR:inst3|REGISTER32bit:inst1|REGISTER8bit:inst|inst20 ; CPU:inst|DATAPATH:inst2|BANK_REGS:inst2|OPC:inst4|REGISTER32bit:inst1|REGISTER8bit:inst|inst16   ; CLOCK        ; CLOCK       ; 0.000        ; 0.848      ; 1.873      ;
; 0.875  ; CPU:inst|DATAPATH:inst2|BANK_REGS:inst2|MBR:inst3|REGISTER32bit:inst1|REGISTER8bit:inst|inst5  ; CPU:inst|DATAPATH:inst2|BANK_REGS:inst2|LV:inst51|REGISTER32bit:inst1|REGISTER8bit:inst|inst16   ; CLOCK        ; CLOCK       ; 0.000        ; 0.868      ; 1.895      ;
; 0.875  ; CPU:inst|DATAPATH:inst2|BANK_REGS:inst2|MBR:inst3|REGISTER32bit:inst1|REGISTER8bit:inst|inst8  ; CPU:inst|DATAPATH:inst2|BANK_REGS:inst2|PC:inst2|REGISTER32bit:inst1|REGISTER8bit:inst|inst12    ; CLOCK        ; CLOCK       ; 0.000        ; 0.890      ; 1.917      ;
; 0.878  ; CPU:inst|DATAPATH:inst2|BANK_REGS:inst2|MBR:inst3|REGISTER32bit:inst1|REGISTER8bit:inst|inst8  ; CPU:inst|DATAPATH:inst2|BANK_REGS:inst2|SP:inst50|REGISTER32bit:inst1|REGISTER8bit:inst|inst12   ; CLOCK        ; CLOCK       ; 0.000        ; 0.891      ; 1.921      ;
; 0.881  ; CPU:inst|DATAPATH:inst2|BANK_REGS:inst2|MBR:inst3|REGISTER32bit:inst1|REGISTER8bit:inst|inst12 ; CPU:inst|DATAPATH:inst2|BANK_REGS:inst2|OPC:inst4|REGISTER32bit:inst1|REGISTER8bit:inst|inst16   ; CLOCK        ; CLOCK       ; 0.000        ; 0.847      ; 1.880      ;
; 0.882  ; CPU:inst|DATAPATH:inst2|BANK_REGS:inst2|MBR:inst3|REGISTER32bit:inst1|REGISTER8bit:inst|inst24 ; CPU:inst|DATAPATH:inst2|BANK_REGS:inst2|MDR:inst1|REGISTER32bit:inst1|REGISTER8bit:inst|inst24   ; CLOCK        ; CLOCK       ; 0.000        ; 1.011      ; 2.045      ;
+--------+------------------------------------------------------------------------------------------------+--------------------------------------------------------------------------------------------------+--------------+-------------+--------------+------------+------------+


+--------------------------------------------------------------------------------------------------------------------------------------------------------------------------------------------+
; Fast Model Minimum Pulse Width: 'CLOCK'                                                                                                                                                    ;
+--------+--------------+----------------+------------------+-------+------------+-----------------------------------------------------------------------------------------------------------+
; Slack  ; Actual Width ; Required Width ; Type             ; Clock ; Clock Edge ; Target                                                                                                    ;
+--------+--------------+----------------+------------------+-------+------------+-----------------------------------------------------------------------------------------------------------+
; -2.000 ; 0.500        ; 2.500          ; High Pulse Width ; CLOCK ; Fall       ; RAM:inst3|altsyncram:altsyncram_component|altsyncram_fcb2:auto_generated|ram_block1a0~porta_address_reg0  ;
; -2.000 ; 0.500        ; 2.500          ; Low Pulse Width  ; CLOCK ; Fall       ; RAM:inst3|altsyncram:altsyncram_component|altsyncram_fcb2:auto_generated|ram_block1a0~porta_address_reg0  ;
; -2.000 ; 0.500        ; 2.500          ; High Pulse Width ; CLOCK ; Fall       ; RAM:inst3|altsyncram:altsyncram_component|altsyncram_fcb2:auto_generated|ram_block1a0~porta_address_reg1  ;
; -2.000 ; 0.500        ; 2.500          ; Low Pulse Width  ; CLOCK ; Fall       ; RAM:inst3|altsyncram:altsyncram_component|altsyncram_fcb2:auto_generated|ram_block1a0~porta_address_reg1  ;
; -2.000 ; 0.500        ; 2.500          ; High Pulse Width ; CLOCK ; Fall       ; RAM:inst3|altsyncram:altsyncram_component|altsyncram_fcb2:auto_generated|ram_block1a0~porta_address_reg10 ;
; -2.000 ; 0.500        ; 2.500          ; Low Pulse Width  ; CLOCK ; Fall       ; RAM:inst3|altsyncram:altsyncram_component|altsyncram_fcb2:auto_generated|ram_block1a0~porta_address_reg10 ;
; -2.000 ; 0.500        ; 2.500          ; High Pulse Width ; CLOCK ; Fall       ; RAM:inst3|altsyncram:altsyncram_component|altsyncram_fcb2:auto_generated|ram_block1a0~porta_address_reg11 ;
; -2.000 ; 0.500        ; 2.500          ; Low Pulse Width  ; CLOCK ; Fall       ; RAM:inst3|altsyncram:altsyncram_component|altsyncram_fcb2:auto_generated|ram_block1a0~porta_address_reg11 ;
; -2.000 ; 0.500        ; 2.500          ; High Pulse Width ; CLOCK ; Fall       ; RAM:inst3|altsyncram:altsyncram_component|altsyncram_fcb2:auto_generated|ram_block1a0~porta_address_reg2  ;
; -2.000 ; 0.500        ; 2.500          ; Low Pulse Width  ; CLOCK ; Fall       ; RAM:inst3|altsyncram:altsyncram_component|altsyncram_fcb2:auto_generated|ram_block1a0~porta_address_reg2  ;
; -2.000 ; 0.500        ; 2.500          ; High Pulse Width ; CLOCK ; Fall       ; RAM:inst3|altsyncram:altsyncram_component|altsyncram_fcb2:auto_generated|ram_block1a0~porta_address_reg3  ;
; -2.000 ; 0.500        ; 2.500          ; Low Pulse Width  ; CLOCK ; Fall       ; RAM:inst3|altsyncram:altsyncram_component|altsyncram_fcb2:auto_generated|ram_block1a0~porta_address_reg3  ;
; -2.000 ; 0.500        ; 2.500          ; High Pulse Width ; CLOCK ; Fall       ; RAM:inst3|altsyncram:altsyncram_component|altsyncram_fcb2:auto_generated|ram_block1a0~porta_address_reg4  ;
; -2.000 ; 0.500        ; 2.500          ; Low Pulse Width  ; CLOCK ; Fall       ; RAM:inst3|altsyncram:altsyncram_component|altsyncram_fcb2:auto_generated|ram_block1a0~porta_address_reg4  ;
; -2.000 ; 0.500        ; 2.500          ; High Pulse Width ; CLOCK ; Fall       ; RAM:inst3|altsyncram:altsyncram_component|altsyncram_fcb2:auto_generated|ram_block1a0~porta_address_reg5  ;
; -2.000 ; 0.500        ; 2.500          ; Low Pulse Width  ; CLOCK ; Fall       ; RAM:inst3|altsyncram:altsyncram_component|altsyncram_fcb2:auto_generated|ram_block1a0~porta_address_reg5  ;
; -2.000 ; 0.500        ; 2.500          ; High Pulse Width ; CLOCK ; Fall       ; RAM:inst3|altsyncram:altsyncram_component|altsyncram_fcb2:auto_generated|ram_block1a0~porta_address_reg6  ;
; -2.000 ; 0.500        ; 2.500          ; Low Pulse Width  ; CLOCK ; Fall       ; RAM:inst3|altsyncram:altsyncram_component|altsyncram_fcb2:auto_generated|ram_block1a0~porta_address_reg6  ;
; -2.000 ; 0.500        ; 2.500          ; High Pulse Width ; CLOCK ; Fall       ; RAM:inst3|altsyncram:altsyncram_component|altsyncram_fcb2:auto_generated|ram_block1a0~porta_address_reg7  ;
; -2.000 ; 0.500        ; 2.500          ; Low Pulse Width  ; CLOCK ; Fall       ; RAM:inst3|altsyncram:altsyncram_component|altsyncram_fcb2:auto_generated|ram_block1a0~porta_address_reg7  ;
; -2.000 ; 0.500        ; 2.500          ; High Pulse Width ; CLOCK ; Fall       ; RAM:inst3|altsyncram:altsyncram_component|altsyncram_fcb2:auto_generated|ram_block1a0~porta_address_reg8  ;
; -2.000 ; 0.500        ; 2.500          ; Low Pulse Width  ; CLOCK ; Fall       ; RAM:inst3|altsyncram:altsyncram_component|altsyncram_fcb2:auto_generated|ram_block1a0~porta_address_reg8  ;
; -2.000 ; 0.500        ; 2.500          ; High Pulse Width ; CLOCK ; Fall       ; RAM:inst3|altsyncram:altsyncram_component|altsyncram_fcb2:auto_generated|ram_block1a0~porta_address_reg9  ;
; -2.000 ; 0.500        ; 2.500          ; Low Pulse Width  ; CLOCK ; Fall       ; RAM:inst3|altsyncram:altsyncram_component|altsyncram_fcb2:auto_generated|ram_block1a0~porta_address_reg9  ;
; -2.000 ; 0.500        ; 2.500          ; High Pulse Width ; CLOCK ; Fall       ; RAM:inst3|altsyncram:altsyncram_component|altsyncram_fcb2:auto_generated|ram_block1a0~porta_datain_reg0   ;
; -2.000 ; 0.500        ; 2.500          ; Low Pulse Width  ; CLOCK ; Fall       ; RAM:inst3|altsyncram:altsyncram_component|altsyncram_fcb2:auto_generated|ram_block1a0~porta_datain_reg0   ;
; -2.000 ; 0.500        ; 2.500          ; High Pulse Width ; CLOCK ; Fall       ; RAM:inst3|altsyncram:altsyncram_component|altsyncram_fcb2:auto_generated|ram_block1a0~porta_memory_reg0   ;
; -2.000 ; 0.500        ; 2.500          ; Low Pulse Width  ; CLOCK ; Fall       ; RAM:inst3|altsyncram:altsyncram_component|altsyncram_fcb2:auto_generated|ram_block1a0~porta_memory_reg0   ;
; -2.000 ; 0.500        ; 2.500          ; High Pulse Width ; CLOCK ; Fall       ; RAM:inst3|altsyncram:altsyncram_component|altsyncram_fcb2:auto_generated|ram_block1a0~portb_address_reg0  ;
; -2.000 ; 0.500        ; 2.500          ; Low Pulse Width  ; CLOCK ; Fall       ; RAM:inst3|altsyncram:altsyncram_component|altsyncram_fcb2:auto_generated|ram_block1a0~portb_address_reg0  ;
; -2.000 ; 0.500        ; 2.500          ; High Pulse Width ; CLOCK ; Fall       ; RAM:inst3|altsyncram:altsyncram_component|altsyncram_fcb2:auto_generated|ram_block1a0~portb_address_reg1  ;
; -2.000 ; 0.500        ; 2.500          ; Low Pulse Width  ; CLOCK ; Fall       ; RAM:inst3|altsyncram:altsyncram_component|altsyncram_fcb2:auto_generated|ram_block1a0~portb_address_reg1  ;
; -2.000 ; 0.500        ; 2.500          ; High Pulse Width ; CLOCK ; Fall       ; RAM:inst3|altsyncram:altsyncram_component|altsyncram_fcb2:auto_generated|ram_block1a0~portb_address_reg2  ;
; -2.000 ; 0.500        ; 2.500          ; Low Pulse Width  ; CLOCK ; Fall       ; RAM:inst3|altsyncram:altsyncram_component|altsyncram_fcb2:auto_generated|ram_block1a0~portb_address_reg2  ;
; -2.000 ; 0.500        ; 2.500          ; High Pulse Width ; CLOCK ; Fall       ; RAM:inst3|altsyncram:altsyncram_component|altsyncram_fcb2:auto_generated|ram_block1a0~portb_address_reg3  ;
; -2.000 ; 0.500        ; 2.500          ; Low Pulse Width  ; CLOCK ; Fall       ; RAM:inst3|altsyncram:altsyncram_component|altsyncram_fcb2:auto_generated|ram_block1a0~portb_address_reg3  ;
; -2.000 ; 0.500        ; 2.500          ; High Pulse Width ; CLOCK ; Fall       ; RAM:inst3|altsyncram:altsyncram_component|altsyncram_fcb2:auto_generated|ram_block1a0~portb_address_reg4  ;
; -2.000 ; 0.500        ; 2.500          ; Low Pulse Width  ; CLOCK ; Fall       ; RAM:inst3|altsyncram:altsyncram_component|altsyncram_fcb2:auto_generated|ram_block1a0~portb_address_reg4  ;
; -2.000 ; 0.500        ; 2.500          ; High Pulse Width ; CLOCK ; Fall       ; RAM:inst3|altsyncram:altsyncram_component|altsyncram_fcb2:auto_generated|ram_block1a0~portb_address_reg5  ;
; -2.000 ; 0.500        ; 2.500          ; Low Pulse Width  ; CLOCK ; Fall       ; RAM:inst3|altsyncram:altsyncram_component|altsyncram_fcb2:auto_generated|ram_block1a0~portb_address_reg5  ;
; -2.000 ; 0.500        ; 2.500          ; High Pulse Width ; CLOCK ; Fall       ; RAM:inst3|altsyncram:altsyncram_component|altsyncram_fcb2:auto_generated|ram_block1a0~portb_address_reg6  ;
; -2.000 ; 0.500        ; 2.500          ; Low Pulse Width  ; CLOCK ; Fall       ; RAM:inst3|altsyncram:altsyncram_component|altsyncram_fcb2:auto_generated|ram_block1a0~portb_address_reg6  ;
; -2.000 ; 0.500        ; 2.500          ; High Pulse Width ; CLOCK ; Fall       ; RAM:inst3|altsyncram:altsyncram_component|altsyncram_fcb2:auto_generated|ram_block1a0~portb_address_reg7  ;
; -2.000 ; 0.500        ; 2.500          ; Low Pulse Width  ; CLOCK ; Fall       ; RAM:inst3|altsyncram:altsyncram_component|altsyncram_fcb2:auto_generated|ram_block1a0~portb_address_reg7  ;
; -2.000 ; 0.500        ; 2.500          ; High Pulse Width ; CLOCK ; Fall       ; RAM:inst3|altsyncram:altsyncram_component|altsyncram_fcb2:auto_generated|ram_block1a0~portb_address_reg8  ;
; -2.000 ; 0.500        ; 2.500          ; Low Pulse Width  ; CLOCK ; Fall       ; RAM:inst3|altsyncram:altsyncram_component|altsyncram_fcb2:auto_generated|ram_block1a0~portb_address_reg8  ;
; -2.000 ; 0.500        ; 2.500          ; High Pulse Width ; CLOCK ; Fall       ; RAM:inst3|altsyncram:altsyncram_component|altsyncram_fcb2:auto_generated|ram_block1a0~portb_address_reg9  ;
; -2.000 ; 0.500        ; 2.500          ; Low Pulse Width  ; CLOCK ; Fall       ; RAM:inst3|altsyncram:altsyncram_component|altsyncram_fcb2:auto_generated|ram_block1a0~portb_address_reg9  ;
; -2.000 ; 0.500        ; 2.500          ; High Pulse Width ; CLOCK ; Fall       ; RAM:inst3|altsyncram:altsyncram_component|altsyncram_fcb2:auto_generated|ram_block1a0~portb_datain_reg0   ;
; -2.000 ; 0.500        ; 2.500          ; Low Pulse Width  ; CLOCK ; Fall       ; RAM:inst3|altsyncram:altsyncram_component|altsyncram_fcb2:auto_generated|ram_block1a0~portb_datain_reg0   ;
; -2.000 ; 0.500        ; 2.500          ; High Pulse Width ; CLOCK ; Fall       ; RAM:inst3|altsyncram:altsyncram_component|altsyncram_fcb2:auto_generated|ram_block1a0~portb_datain_reg1   ;
; -2.000 ; 0.500        ; 2.500          ; Low Pulse Width  ; CLOCK ; Fall       ; RAM:inst3|altsyncram:altsyncram_component|altsyncram_fcb2:auto_generated|ram_block1a0~portb_datain_reg1   ;
; -2.000 ; 0.500        ; 2.500          ; High Pulse Width ; CLOCK ; Fall       ; RAM:inst3|altsyncram:altsyncram_component|altsyncram_fcb2:auto_generated|ram_block1a0~portb_datain_reg2   ;
; -2.000 ; 0.500        ; 2.500          ; Low Pulse Width  ; CLOCK ; Fall       ; RAM:inst3|altsyncram:altsyncram_component|altsyncram_fcb2:auto_generated|ram_block1a0~portb_datain_reg2   ;
; -2.000 ; 0.500        ; 2.500          ; High Pulse Width ; CLOCK ; Fall       ; RAM:inst3|altsyncram:altsyncram_component|altsyncram_fcb2:auto_generated|ram_block1a0~portb_datain_reg3   ;
; -2.000 ; 0.500        ; 2.500          ; Low Pulse Width  ; CLOCK ; Fall       ; RAM:inst3|altsyncram:altsyncram_component|altsyncram_fcb2:auto_generated|ram_block1a0~portb_datain_reg3   ;
; -2.000 ; 0.500        ; 2.500          ; High Pulse Width ; CLOCK ; Fall       ; RAM:inst3|altsyncram:altsyncram_component|altsyncram_fcb2:auto_generated|ram_block1a0~portb_memory_reg0   ;
; -2.000 ; 0.500        ; 2.500          ; Low Pulse Width  ; CLOCK ; Fall       ; RAM:inst3|altsyncram:altsyncram_component|altsyncram_fcb2:auto_generated|ram_block1a0~portb_memory_reg0   ;
; -2.000 ; 0.500        ; 2.500          ; High Pulse Width ; CLOCK ; Fall       ; RAM:inst3|altsyncram:altsyncram_component|altsyncram_fcb2:auto_generated|ram_block1a0~portb_memory_reg1   ;
; -2.000 ; 0.500        ; 2.500          ; Low Pulse Width  ; CLOCK ; Fall       ; RAM:inst3|altsyncram:altsyncram_component|altsyncram_fcb2:auto_generated|ram_block1a0~portb_memory_reg1   ;
; -2.000 ; 0.500        ; 2.500          ; High Pulse Width ; CLOCK ; Fall       ; RAM:inst3|altsyncram:altsyncram_component|altsyncram_fcb2:auto_generated|ram_block1a0~portb_memory_reg2   ;
; -2.000 ; 0.500        ; 2.500          ; Low Pulse Width  ; CLOCK ; Fall       ; RAM:inst3|altsyncram:altsyncram_component|altsyncram_fcb2:auto_generated|ram_block1a0~portb_memory_reg2   ;
; -2.000 ; 0.500        ; 2.500          ; High Pulse Width ; CLOCK ; Fall       ; RAM:inst3|altsyncram:altsyncram_component|altsyncram_fcb2:auto_generated|ram_block1a0~portb_memory_reg3   ;
; -2.000 ; 0.500        ; 2.500          ; Low Pulse Width  ; CLOCK ; Fall       ; RAM:inst3|altsyncram:altsyncram_component|altsyncram_fcb2:auto_generated|ram_block1a0~portb_memory_reg3   ;
; -2.000 ; 0.500        ; 2.500          ; High Pulse Width ; CLOCK ; Fall       ; RAM:inst3|altsyncram:altsyncram_component|altsyncram_fcb2:auto_generated|ram_block1a0~portb_we_reg        ;
; -2.000 ; 0.500        ; 2.500          ; Low Pulse Width  ; CLOCK ; Fall       ; RAM:inst3|altsyncram:altsyncram_component|altsyncram_fcb2:auto_generated|ram_block1a0~portb_we_reg        ;
; -2.000 ; 0.500        ; 2.500          ; High Pulse Width ; CLOCK ; Fall       ; RAM:inst3|altsyncram:altsyncram_component|altsyncram_fcb2:auto_generated|ram_block1a1~porta_address_reg0  ;
; -2.000 ; 0.500        ; 2.500          ; Low Pulse Width  ; CLOCK ; Fall       ; RAM:inst3|altsyncram:altsyncram_component|altsyncram_fcb2:auto_generated|ram_block1a1~porta_address_reg0  ;
; -2.000 ; 0.500        ; 2.500          ; High Pulse Width ; CLOCK ; Fall       ; RAM:inst3|altsyncram:altsyncram_component|altsyncram_fcb2:auto_generated|ram_block1a1~porta_address_reg1  ;
; -2.000 ; 0.500        ; 2.500          ; Low Pulse Width  ; CLOCK ; Fall       ; RAM:inst3|altsyncram:altsyncram_component|altsyncram_fcb2:auto_generated|ram_block1a1~porta_address_reg1  ;
; -2.000 ; 0.500        ; 2.500          ; High Pulse Width ; CLOCK ; Fall       ; RAM:inst3|altsyncram:altsyncram_component|altsyncram_fcb2:auto_generated|ram_block1a1~porta_address_reg10 ;
; -2.000 ; 0.500        ; 2.500          ; Low Pulse Width  ; CLOCK ; Fall       ; RAM:inst3|altsyncram:altsyncram_component|altsyncram_fcb2:auto_generated|ram_block1a1~porta_address_reg10 ;
; -2.000 ; 0.500        ; 2.500          ; High Pulse Width ; CLOCK ; Fall       ; RAM:inst3|altsyncram:altsyncram_component|altsyncram_fcb2:auto_generated|ram_block1a1~porta_address_reg11 ;
; -2.000 ; 0.500        ; 2.500          ; Low Pulse Width  ; CLOCK ; Fall       ; RAM:inst3|altsyncram:altsyncram_component|altsyncram_fcb2:auto_generated|ram_block1a1~porta_address_reg11 ;
; -2.000 ; 0.500        ; 2.500          ; High Pulse Width ; CLOCK ; Fall       ; RAM:inst3|altsyncram:altsyncram_component|altsyncram_fcb2:auto_generated|ram_block1a1~porta_address_reg2  ;
; -2.000 ; 0.500        ; 2.500          ; Low Pulse Width  ; CLOCK ; Fall       ; RAM:inst3|altsyncram:altsyncram_component|altsyncram_fcb2:auto_generated|ram_block1a1~porta_address_reg2  ;
; -2.000 ; 0.500        ; 2.500          ; High Pulse Width ; CLOCK ; Fall       ; RAM:inst3|altsyncram:altsyncram_component|altsyncram_fcb2:auto_generated|ram_block1a1~porta_address_reg3  ;
; -2.000 ; 0.500        ; 2.500          ; Low Pulse Width  ; CLOCK ; Fall       ; RAM:inst3|altsyncram:altsyncram_component|altsyncram_fcb2:auto_generated|ram_block1a1~porta_address_reg3  ;
; -2.000 ; 0.500        ; 2.500          ; High Pulse Width ; CLOCK ; Fall       ; RAM:inst3|altsyncram:altsyncram_component|altsyncram_fcb2:auto_generated|ram_block1a1~porta_address_reg4  ;
; -2.000 ; 0.500        ; 2.500          ; Low Pulse Width  ; CLOCK ; Fall       ; RAM:inst3|altsyncram:altsyncram_component|altsyncram_fcb2:auto_generated|ram_block1a1~porta_address_reg4  ;
; -2.000 ; 0.500        ; 2.500          ; High Pulse Width ; CLOCK ; Fall       ; RAM:inst3|altsyncram:altsyncram_component|altsyncram_fcb2:auto_generated|ram_block1a1~porta_address_reg5  ;
; -2.000 ; 0.500        ; 2.500          ; Low Pulse Width  ; CLOCK ; Fall       ; RAM:inst3|altsyncram:altsyncram_component|altsyncram_fcb2:auto_generated|ram_block1a1~porta_address_reg5  ;
; -2.000 ; 0.500        ; 2.500          ; High Pulse Width ; CLOCK ; Fall       ; RAM:inst3|altsyncram:altsyncram_component|altsyncram_fcb2:auto_generated|ram_block1a1~porta_address_reg6  ;
; -2.000 ; 0.500        ; 2.500          ; Low Pulse Width  ; CLOCK ; Fall       ; RAM:inst3|altsyncram:altsyncram_component|altsyncram_fcb2:auto_generated|ram_block1a1~porta_address_reg6  ;
; -2.000 ; 0.500        ; 2.500          ; High Pulse Width ; CLOCK ; Fall       ; RAM:inst3|altsyncram:altsyncram_component|altsyncram_fcb2:auto_generated|ram_block1a1~porta_address_reg7  ;
; -2.000 ; 0.500        ; 2.500          ; Low Pulse Width  ; CLOCK ; Fall       ; RAM:inst3|altsyncram:altsyncram_component|altsyncram_fcb2:auto_generated|ram_block1a1~porta_address_reg7  ;
; -2.000 ; 0.500        ; 2.500          ; High Pulse Width ; CLOCK ; Fall       ; RAM:inst3|altsyncram:altsyncram_component|altsyncram_fcb2:auto_generated|ram_block1a1~porta_address_reg8  ;
; -2.000 ; 0.500        ; 2.500          ; Low Pulse Width  ; CLOCK ; Fall       ; RAM:inst3|altsyncram:altsyncram_component|altsyncram_fcb2:auto_generated|ram_block1a1~porta_address_reg8  ;
; -2.000 ; 0.500        ; 2.500          ; High Pulse Width ; CLOCK ; Fall       ; RAM:inst3|altsyncram:altsyncram_component|altsyncram_fcb2:auto_generated|ram_block1a1~porta_address_reg9  ;
; -2.000 ; 0.500        ; 2.500          ; Low Pulse Width  ; CLOCK ; Fall       ; RAM:inst3|altsyncram:altsyncram_component|altsyncram_fcb2:auto_generated|ram_block1a1~porta_address_reg9  ;
; -2.000 ; 0.500        ; 2.500          ; High Pulse Width ; CLOCK ; Fall       ; RAM:inst3|altsyncram:altsyncram_component|altsyncram_fcb2:auto_generated|ram_block1a1~porta_datain_reg0   ;
; -2.000 ; 0.500        ; 2.500          ; Low Pulse Width  ; CLOCK ; Fall       ; RAM:inst3|altsyncram:altsyncram_component|altsyncram_fcb2:auto_generated|ram_block1a1~porta_datain_reg0   ;
; -2.000 ; 0.500        ; 2.500          ; High Pulse Width ; CLOCK ; Fall       ; RAM:inst3|altsyncram:altsyncram_component|altsyncram_fcb2:auto_generated|ram_block1a1~porta_memory_reg0   ;
; -2.000 ; 0.500        ; 2.500          ; Low Pulse Width  ; CLOCK ; Fall       ; RAM:inst3|altsyncram:altsyncram_component|altsyncram_fcb2:auto_generated|ram_block1a1~porta_memory_reg0   ;
; -2.000 ; 0.500        ; 2.500          ; High Pulse Width ; CLOCK ; Fall       ; RAM:inst3|altsyncram:altsyncram_component|altsyncram_fcb2:auto_generated|ram_block1a1~portb_address_reg0  ;
; -2.000 ; 0.500        ; 2.500          ; Low Pulse Width  ; CLOCK ; Fall       ; RAM:inst3|altsyncram:altsyncram_component|altsyncram_fcb2:auto_generated|ram_block1a1~portb_address_reg0  ;
; -2.000 ; 0.500        ; 2.500          ; High Pulse Width ; CLOCK ; Fall       ; RAM:inst3|altsyncram:altsyncram_component|altsyncram_fcb2:auto_generated|ram_block1a1~portb_address_reg1  ;
; -2.000 ; 0.500        ; 2.500          ; Low Pulse Width  ; CLOCK ; Fall       ; RAM:inst3|altsyncram:altsyncram_component|altsyncram_fcb2:auto_generated|ram_block1a1~portb_address_reg1  ;
; -2.000 ; 0.500        ; 2.500          ; High Pulse Width ; CLOCK ; Fall       ; RAM:inst3|altsyncram:altsyncram_component|altsyncram_fcb2:auto_generated|ram_block1a1~portb_address_reg2  ;
; -2.000 ; 0.500        ; 2.500          ; Low Pulse Width  ; CLOCK ; Fall       ; RAM:inst3|altsyncram:altsyncram_component|altsyncram_fcb2:auto_generated|ram_block1a1~portb_address_reg2  ;
+--------+--------------+----------------+------------------+-------+------------+-----------------------------------------------------------------------------------------------------------+


+-------------------------------------------------------------------------------------+
; Clock to Output Times                                                               ;
+-----------------------+------------+--------+--------+------------+-----------------+
; Data Port             ; Clock Port ; Rise   ; Fall   ; Clock Edge ; Clock Reference ;
+-----------------------+------------+--------+--------+------------+-----------------+
; C_BUS[*]              ; CLOCK      ; 13.717 ; 13.717 ; Rise       ; CLOCK           ;
;  C_BUS[0]             ; CLOCK      ; 8.630  ; 8.630  ; Rise       ; CLOCK           ;
;  C_BUS[1]             ; CLOCK      ; 9.310  ; 9.310  ; Rise       ; CLOCK           ;
;  C_BUS[2]             ; CLOCK      ; 9.040  ; 9.040  ; Rise       ; CLOCK           ;
;  C_BUS[3]             ; CLOCK      ; 8.575  ; 8.575  ; Rise       ; CLOCK           ;
;  C_BUS[4]             ; CLOCK      ; 9.332  ; 9.332  ; Rise       ; CLOCK           ;
;  C_BUS[5]             ; CLOCK      ; 9.308  ; 9.308  ; Rise       ; CLOCK           ;
;  C_BUS[6]             ; CLOCK      ; 9.178  ; 9.178  ; Rise       ; CLOCK           ;
;  C_BUS[7]             ; CLOCK      ; 9.666  ; 9.666  ; Rise       ; CLOCK           ;
;  C_BUS[8]             ; CLOCK      ; 10.044 ; 10.044 ; Rise       ; CLOCK           ;
;  C_BUS[9]             ; CLOCK      ; 10.071 ; 10.071 ; Rise       ; CLOCK           ;
;  C_BUS[10]            ; CLOCK      ; 10.151 ; 10.151 ; Rise       ; CLOCK           ;
;  C_BUS[11]            ; CLOCK      ; 10.584 ; 10.584 ; Rise       ; CLOCK           ;
;  C_BUS[12]            ; CLOCK      ; 10.319 ; 10.319 ; Rise       ; CLOCK           ;
;  C_BUS[13]            ; CLOCK      ; 10.685 ; 10.685 ; Rise       ; CLOCK           ;
;  C_BUS[14]            ; CLOCK      ; 10.554 ; 10.554 ; Rise       ; CLOCK           ;
;  C_BUS[15]            ; CLOCK      ; 10.482 ; 10.482 ; Rise       ; CLOCK           ;
;  C_BUS[16]            ; CLOCK      ; 10.947 ; 10.947 ; Rise       ; CLOCK           ;
;  C_BUS[17]            ; CLOCK      ; 11.313 ; 11.313 ; Rise       ; CLOCK           ;
;  C_BUS[18]            ; CLOCK      ; 11.641 ; 11.641 ; Rise       ; CLOCK           ;
;  C_BUS[19]            ; CLOCK      ; 11.666 ; 11.666 ; Rise       ; CLOCK           ;
;  C_BUS[20]            ; CLOCK      ; 11.874 ; 11.874 ; Rise       ; CLOCK           ;
;  C_BUS[21]            ; CLOCK      ; 12.075 ; 12.075 ; Rise       ; CLOCK           ;
;  C_BUS[22]            ; CLOCK      ; 12.262 ; 12.262 ; Rise       ; CLOCK           ;
;  C_BUS[23]            ; CLOCK      ; 12.458 ; 12.458 ; Rise       ; CLOCK           ;
;  C_BUS[24]            ; CLOCK      ; 12.454 ; 12.454 ; Rise       ; CLOCK           ;
;  C_BUS[25]            ; CLOCK      ; 12.794 ; 12.794 ; Rise       ; CLOCK           ;
;  C_BUS[26]            ; CLOCK      ; 12.749 ; 12.749 ; Rise       ; CLOCK           ;
;  C_BUS[27]            ; CLOCK      ; 12.970 ; 12.970 ; Rise       ; CLOCK           ;
;  C_BUS[28]            ; CLOCK      ; 13.717 ; 13.717 ; Rise       ; CLOCK           ;
;  C_BUS[29]            ; CLOCK      ; 13.405 ; 13.405 ; Rise       ; CLOCK           ;
;  C_BUS[30]            ; CLOCK      ; 13.699 ; 13.699 ; Rise       ; CLOCK           ;
;  C_BUS[31]            ; CLOCK      ; 13.481 ; 13.481 ; Rise       ; CLOCK           ;
; DATA_MEM_ADDR[*]      ; CLOCK      ; 5.362  ; 5.362  ; Rise       ; CLOCK           ;
;  DATA_MEM_ADDR[0]     ; CLOCK      ; 4.739  ; 4.739  ; Rise       ; CLOCK           ;
;  DATA_MEM_ADDR[1]     ; CLOCK      ; 4.668  ; 4.668  ; Rise       ; CLOCK           ;
;  DATA_MEM_ADDR[2]     ; CLOCK      ; 4.679  ; 4.679  ; Rise       ; CLOCK           ;
;  DATA_MEM_ADDR[3]     ; CLOCK      ; 4.920  ; 4.920  ; Rise       ; CLOCK           ;
;  DATA_MEM_ADDR[4]     ; CLOCK      ; 4.847  ; 4.847  ; Rise       ; CLOCK           ;
;  DATA_MEM_ADDR[5]     ; CLOCK      ; 4.623  ; 4.623  ; Rise       ; CLOCK           ;
;  DATA_MEM_ADDR[6]     ; CLOCK      ; 4.766  ; 4.766  ; Rise       ; CLOCK           ;
;  DATA_MEM_ADDR[7]     ; CLOCK      ; 4.465  ; 4.465  ; Rise       ; CLOCK           ;
;  DATA_MEM_ADDR[8]     ; CLOCK      ; 4.821  ; 4.821  ; Rise       ; CLOCK           ;
;  DATA_MEM_ADDR[9]     ; CLOCK      ; 4.662  ; 4.662  ; Rise       ; CLOCK           ;
;  DATA_MEM_ADDR[10]    ; CLOCK      ; 4.447  ; 4.447  ; Rise       ; CLOCK           ;
;  DATA_MEM_ADDR[11]    ; CLOCK      ; 4.571  ; 4.571  ; Rise       ; CLOCK           ;
;  DATA_MEM_ADDR[12]    ; CLOCK      ; 4.454  ; 4.454  ; Rise       ; CLOCK           ;
;  DATA_MEM_ADDR[13]    ; CLOCK      ; 4.541  ; 4.541  ; Rise       ; CLOCK           ;
;  DATA_MEM_ADDR[14]    ; CLOCK      ; 4.752  ; 4.752  ; Rise       ; CLOCK           ;
;  DATA_MEM_ADDR[15]    ; CLOCK      ; 4.973  ; 4.973  ; Rise       ; CLOCK           ;
;  DATA_MEM_ADDR[16]    ; CLOCK      ; 4.888  ; 4.888  ; Rise       ; CLOCK           ;
;  DATA_MEM_ADDR[17]    ; CLOCK      ; 5.362  ; 5.362  ; Rise       ; CLOCK           ;
;  DATA_MEM_ADDR[18]    ; CLOCK      ; 4.872  ; 4.872  ; Rise       ; CLOCK           ;
;  DATA_MEM_ADDR[19]    ; CLOCK      ; 4.503  ; 4.503  ; Rise       ; CLOCK           ;
;  DATA_MEM_ADDR[20]    ; CLOCK      ; 4.719  ; 4.719  ; Rise       ; CLOCK           ;
;  DATA_MEM_ADDR[21]    ; CLOCK      ; 4.356  ; 4.356  ; Rise       ; CLOCK           ;
;  DATA_MEM_ADDR[22]    ; CLOCK      ; 4.621  ; 4.621  ; Rise       ; CLOCK           ;
;  DATA_MEM_ADDR[23]    ; CLOCK      ; 4.544  ; 4.544  ; Rise       ; CLOCK           ;
;  DATA_MEM_ADDR[24]    ; CLOCK      ; 4.908  ; 4.908  ; Rise       ; CLOCK           ;
;  DATA_MEM_ADDR[25]    ; CLOCK      ; 4.505  ; 4.505  ; Rise       ; CLOCK           ;
;  DATA_MEM_ADDR[26]    ; CLOCK      ; 4.474  ; 4.474  ; Rise       ; CLOCK           ;
;  DATA_MEM_ADDR[27]    ; CLOCK      ; 4.651  ; 4.651  ; Rise       ; CLOCK           ;
;  DATA_MEM_ADDR[28]    ; CLOCK      ; 4.514  ; 4.514  ; Rise       ; CLOCK           ;
;  DATA_MEM_ADDR[29]    ; CLOCK      ; 4.734  ; 4.734  ; Rise       ; CLOCK           ;
;  DATA_MEM_ADDR[30]    ; CLOCK      ; 4.940  ; 4.940  ; Rise       ; CLOCK           ;
;  DATA_MEM_ADDR[31]    ; CLOCK      ; 4.767  ; 4.767  ; Rise       ; CLOCK           ;
; DATA_MEM_OUT[*]       ; CLOCK      ; 6.373  ; 6.373  ; Rise       ; CLOCK           ;
;  DATA_MEM_OUT[0]      ; CLOCK      ; 5.770  ; 5.770  ; Rise       ; CLOCK           ;
;  DATA_MEM_OUT[1]      ; CLOCK      ; 6.137  ; 6.137  ; Rise       ; CLOCK           ;
;  DATA_MEM_OUT[2]      ; CLOCK      ; 5.926  ; 5.926  ; Rise       ; CLOCK           ;
;  DATA_MEM_OUT[3]      ; CLOCK      ; 6.269  ; 6.269  ; Rise       ; CLOCK           ;
;  DATA_MEM_OUT[4]      ; CLOCK      ; 5.595  ; 5.595  ; Rise       ; CLOCK           ;
;  DATA_MEM_OUT[5]      ; CLOCK      ; 5.793  ; 5.793  ; Rise       ; CLOCK           ;
;  DATA_MEM_OUT[6]      ; CLOCK      ; 5.903  ; 5.903  ; Rise       ; CLOCK           ;
;  DATA_MEM_OUT[7]      ; CLOCK      ; 6.126  ; 6.126  ; Rise       ; CLOCK           ;
;  DATA_MEM_OUT[8]      ; CLOCK      ; 6.060  ; 6.060  ; Rise       ; CLOCK           ;
;  DATA_MEM_OUT[9]      ; CLOCK      ; 6.260  ; 6.260  ; Rise       ; CLOCK           ;
;  DATA_MEM_OUT[10]     ; CLOCK      ; 5.823  ; 5.823  ; Rise       ; CLOCK           ;
;  DATA_MEM_OUT[11]     ; CLOCK      ; 6.086  ; 6.086  ; Rise       ; CLOCK           ;
;  DATA_MEM_OUT[12]     ; CLOCK      ; 5.630  ; 5.630  ; Rise       ; CLOCK           ;
;  DATA_MEM_OUT[13]     ; CLOCK      ; 5.808  ; 5.808  ; Rise       ; CLOCK           ;
;  DATA_MEM_OUT[14]     ; CLOCK      ; 6.229  ; 6.229  ; Rise       ; CLOCK           ;
;  DATA_MEM_OUT[15]     ; CLOCK      ; 6.192  ; 6.192  ; Rise       ; CLOCK           ;
;  DATA_MEM_OUT[16]     ; CLOCK      ; 6.024  ; 6.024  ; Rise       ; CLOCK           ;
;  DATA_MEM_OUT[17]     ; CLOCK      ; 6.083  ; 6.083  ; Rise       ; CLOCK           ;
;  DATA_MEM_OUT[18]     ; CLOCK      ; 6.160  ; 6.160  ; Rise       ; CLOCK           ;
;  DATA_MEM_OUT[19]     ; CLOCK      ; 6.013  ; 6.013  ; Rise       ; CLOCK           ;
;  DATA_MEM_OUT[20]     ; CLOCK      ; 6.081  ; 6.081  ; Rise       ; CLOCK           ;
;  DATA_MEM_OUT[21]     ; CLOCK      ; 6.294  ; 6.294  ; Rise       ; CLOCK           ;
;  DATA_MEM_OUT[22]     ; CLOCK      ; 6.362  ; 6.362  ; Rise       ; CLOCK           ;
;  DATA_MEM_OUT[23]     ; CLOCK      ; 5.585  ; 5.585  ; Rise       ; CLOCK           ;
;  DATA_MEM_OUT[24]     ; CLOCK      ; 6.285  ; 6.285  ; Rise       ; CLOCK           ;
;  DATA_MEM_OUT[25]     ; CLOCK      ; 6.037  ; 6.037  ; Rise       ; CLOCK           ;
;  DATA_MEM_OUT[26]     ; CLOCK      ; 5.962  ; 5.962  ; Rise       ; CLOCK           ;
;  DATA_MEM_OUT[27]     ; CLOCK      ; 6.373  ; 6.373  ; Rise       ; CLOCK           ;
;  DATA_MEM_OUT[28]     ; CLOCK      ; 5.874  ; 5.874  ; Rise       ; CLOCK           ;
;  DATA_MEM_OUT[29]     ; CLOCK      ; 6.090  ; 6.090  ; Rise       ; CLOCK           ;
;  DATA_MEM_OUT[30]     ; CLOCK      ; 6.066  ; 6.066  ; Rise       ; CLOCK           ;
;  DATA_MEM_OUT[31]     ; CLOCK      ; 5.983  ; 5.983  ; Rise       ; CLOCK           ;
; DATA_MEM_write_enable ; CLOCK      ; 3.988  ; 3.988  ; Rise       ; CLOCK           ;
; MBR_OUT[*]            ; CLOCK      ; 5.202  ; 5.202  ; Rise       ; CLOCK           ;
;  MBR_OUT[0]           ; CLOCK      ; 5.023  ; 5.023  ; Rise       ; CLOCK           ;
;  MBR_OUT[1]           ; CLOCK      ; 4.963  ; 4.963  ; Rise       ; CLOCK           ;
;  MBR_OUT[2]           ; CLOCK      ; 4.950  ; 4.950  ; Rise       ; CLOCK           ;
;  MBR_OUT[3]           ; CLOCK      ; 4.746  ; 4.746  ; Rise       ; CLOCK           ;
;  MBR_OUT[4]           ; CLOCK      ; 4.724  ; 4.724  ; Rise       ; CLOCK           ;
;  MBR_OUT[5]           ; CLOCK      ; 5.202  ; 5.202  ; Rise       ; CLOCK           ;
;  MBR_OUT[6]           ; CLOCK      ; 4.941  ; 4.941  ; Rise       ; CLOCK           ;
;  MBR_OUT[7]           ; CLOCK      ; 5.019  ; 5.019  ; Rise       ; CLOCK           ;
; MPC[*]                ; CLOCK      ; 5.338  ; 5.338  ; Rise       ; CLOCK           ;
;  MPC[0]               ; CLOCK      ; 4.144  ; 4.144  ; Rise       ; CLOCK           ;
;  MPC[1]               ; CLOCK      ; 4.239  ; 4.239  ; Rise       ; CLOCK           ;
;  MPC[2]               ; CLOCK      ; 4.214  ; 4.214  ; Rise       ; CLOCK           ;
;  MPC[3]               ; CLOCK      ; 4.124  ; 4.124  ; Rise       ; CLOCK           ;
;  MPC[4]               ; CLOCK      ; 4.162  ; 4.162  ; Rise       ; CLOCK           ;
;  MPC[5]               ; CLOCK      ; 4.280  ; 4.280  ; Rise       ; CLOCK           ;
;  MPC[6]               ; CLOCK      ; 4.157  ; 4.157  ; Rise       ; CLOCK           ;
;  MPC[7]               ; CLOCK      ; 4.144  ; 4.144  ; Rise       ; CLOCK           ;
;  MPC[8]               ; CLOCK      ; 5.338  ; 5.338  ; Rise       ; CLOCK           ;
; PC[*]                 ; CLOCK      ; 6.123  ; 6.123  ; Rise       ; CLOCK           ;
;  PC[0]                ; CLOCK      ; 5.608  ; 5.608  ; Rise       ; CLOCK           ;
;  PC[1]                ; CLOCK      ; 5.900  ; 5.900  ; Rise       ; CLOCK           ;
;  PC[2]                ; CLOCK      ; 5.762  ; 5.762  ; Rise       ; CLOCK           ;
;  PC[3]                ; CLOCK      ; 5.763  ; 5.763  ; Rise       ; CLOCK           ;
;  PC[4]                ; CLOCK      ; 5.851  ; 5.851  ; Rise       ; CLOCK           ;
;  PC[5]                ; CLOCK      ; 5.710  ; 5.710  ; Rise       ; CLOCK           ;
;  PC[6]                ; CLOCK      ; 5.550  ; 5.550  ; Rise       ; CLOCK           ;
;  PC[7]                ; CLOCK      ; 5.755  ; 5.755  ; Rise       ; CLOCK           ;
;  PC[8]                ; CLOCK      ; 5.598  ; 5.598  ; Rise       ; CLOCK           ;
;  PC[9]                ; CLOCK      ; 5.781  ; 5.781  ; Rise       ; CLOCK           ;
;  PC[10]               ; CLOCK      ; 5.618  ; 5.618  ; Rise       ; CLOCK           ;
;  PC[11]               ; CLOCK      ; 5.795  ; 5.795  ; Rise       ; CLOCK           ;
;  PC[12]               ; CLOCK      ; 5.922  ; 5.922  ; Rise       ; CLOCK           ;
;  PC[13]               ; CLOCK      ; 5.904  ; 5.904  ; Rise       ; CLOCK           ;
;  PC[14]               ; CLOCK      ; 5.854  ; 5.854  ; Rise       ; CLOCK           ;
;  PC[15]               ; CLOCK      ; 5.591  ; 5.591  ; Rise       ; CLOCK           ;
;  PC[16]               ; CLOCK      ; 5.608  ; 5.608  ; Rise       ; CLOCK           ;
;  PC[17]               ; CLOCK      ; 5.584  ; 5.584  ; Rise       ; CLOCK           ;
;  PC[18]               ; CLOCK      ; 6.097  ; 6.097  ; Rise       ; CLOCK           ;
;  PC[19]               ; CLOCK      ; 6.123  ; 6.123  ; Rise       ; CLOCK           ;
;  PC[20]               ; CLOCK      ; 5.986  ; 5.986  ; Rise       ; CLOCK           ;
;  PC[21]               ; CLOCK      ; 5.857  ; 5.857  ; Rise       ; CLOCK           ;
;  PC[22]               ; CLOCK      ; 5.874  ; 5.874  ; Rise       ; CLOCK           ;
;  PC[23]               ; CLOCK      ; 5.843  ; 5.843  ; Rise       ; CLOCK           ;
;  PC[24]               ; CLOCK      ; 5.980  ; 5.980  ; Rise       ; CLOCK           ;
;  PC[25]               ; CLOCK      ; 5.834  ; 5.834  ; Rise       ; CLOCK           ;
;  PC[26]               ; CLOCK      ; 5.831  ; 5.831  ; Rise       ; CLOCK           ;
;  PC[27]               ; CLOCK      ; 6.043  ; 6.043  ; Rise       ; CLOCK           ;
;  PC[28]               ; CLOCK      ; 5.362  ; 5.362  ; Rise       ; CLOCK           ;
;  PC[29]               ; CLOCK      ; 5.780  ; 5.780  ; Rise       ; CLOCK           ;
;  PC[30]               ; CLOCK      ; 5.723  ; 5.723  ; Rise       ; CLOCK           ;
;  PC[31]               ; CLOCK      ; 5.786  ; 5.786  ; Rise       ; CLOCK           ;
; C_BUS[*]              ; CLOCK      ; 14.536 ; 14.536 ; Fall       ; CLOCK           ;
;  C_BUS[0]             ; CLOCK      ; 9.463  ; 9.463  ; Fall       ; CLOCK           ;
;  C_BUS[1]             ; CLOCK      ; 10.007 ; 10.007 ; Fall       ; CLOCK           ;
;  C_BUS[2]             ; CLOCK      ; 9.737  ; 9.737  ; Fall       ; CLOCK           ;
;  C_BUS[3]             ; CLOCK      ; 9.394  ; 9.394  ; Fall       ; CLOCK           ;
;  C_BUS[4]             ; CLOCK      ; 10.161 ; 10.161 ; Fall       ; CLOCK           ;
;  C_BUS[5]             ; CLOCK      ; 10.127 ; 10.127 ; Fall       ; CLOCK           ;
;  C_BUS[6]             ; CLOCK      ; 9.997  ; 9.997  ; Fall       ; CLOCK           ;
;  C_BUS[7]             ; CLOCK      ; 10.485 ; 10.485 ; Fall       ; CLOCK           ;
;  C_BUS[8]             ; CLOCK      ; 10.863 ; 10.863 ; Fall       ; CLOCK           ;
;  C_BUS[9]             ; CLOCK      ; 10.890 ; 10.890 ; Fall       ; CLOCK           ;
;  C_BUS[10]            ; CLOCK      ; 10.970 ; 10.970 ; Fall       ; CLOCK           ;
;  C_BUS[11]            ; CLOCK      ; 11.403 ; 11.403 ; Fall       ; CLOCK           ;
;  C_BUS[12]            ; CLOCK      ; 11.138 ; 11.138 ; Fall       ; CLOCK           ;
;  C_BUS[13]            ; CLOCK      ; 11.504 ; 11.504 ; Fall       ; CLOCK           ;
;  C_BUS[14]            ; CLOCK      ; 11.373 ; 11.373 ; Fall       ; CLOCK           ;
;  C_BUS[15]            ; CLOCK      ; 11.301 ; 11.301 ; Fall       ; CLOCK           ;
;  C_BUS[16]            ; CLOCK      ; 11.766 ; 11.766 ; Fall       ; CLOCK           ;
;  C_BUS[17]            ; CLOCK      ; 12.132 ; 12.132 ; Fall       ; CLOCK           ;
;  C_BUS[18]            ; CLOCK      ; 12.460 ; 12.460 ; Fall       ; CLOCK           ;
;  C_BUS[19]            ; CLOCK      ; 12.485 ; 12.485 ; Fall       ; CLOCK           ;
;  C_BUS[20]            ; CLOCK      ; 12.693 ; 12.693 ; Fall       ; CLOCK           ;
;  C_BUS[21]            ; CLOCK      ; 12.894 ; 12.894 ; Fall       ; CLOCK           ;
;  C_BUS[22]            ; CLOCK      ; 13.081 ; 13.081 ; Fall       ; CLOCK           ;
;  C_BUS[23]            ; CLOCK      ; 13.277 ; 13.277 ; Fall       ; CLOCK           ;
;  C_BUS[24]            ; CLOCK      ; 13.273 ; 13.273 ; Fall       ; CLOCK           ;
;  C_BUS[25]            ; CLOCK      ; 13.613 ; 13.613 ; Fall       ; CLOCK           ;
;  C_BUS[26]            ; CLOCK      ; 13.568 ; 13.568 ; Fall       ; CLOCK           ;
;  C_BUS[27]            ; CLOCK      ; 13.789 ; 13.789 ; Fall       ; CLOCK           ;
;  C_BUS[28]            ; CLOCK      ; 14.536 ; 14.536 ; Fall       ; CLOCK           ;
;  C_BUS[29]            ; CLOCK      ; 14.224 ; 14.224 ; Fall       ; CLOCK           ;
;  C_BUS[30]            ; CLOCK      ; 14.518 ; 14.518 ; Fall       ; CLOCK           ;
;  C_BUS[31]            ; CLOCK      ; 14.300 ; 14.300 ; Fall       ; CLOCK           ;
; MIR[*]                ; CLOCK      ; 6.573  ; 6.573  ; Fall       ; CLOCK           ;
;  MIR[0]               ; CLOCK      ; 6.013  ; 6.013  ; Fall       ; CLOCK           ;
;  MIR[1]               ; CLOCK      ; 6.042  ; 6.042  ; Fall       ; CLOCK           ;
;  MIR[2]               ; CLOCK      ; 6.295  ; 6.295  ; Fall       ; CLOCK           ;
;  MIR[3]               ; CLOCK      ; 6.064  ; 6.064  ; Fall       ; CLOCK           ;
;  MIR[4]               ; CLOCK      ; 6.466  ; 6.466  ; Fall       ; CLOCK           ;
;  MIR[5]               ; CLOCK      ; 6.027  ; 6.027  ; Fall       ; CLOCK           ;
;  MIR[6]               ; CLOCK      ; 5.884  ; 5.884  ; Fall       ; CLOCK           ;
;  MIR[7]               ; CLOCK      ; 6.069  ; 6.069  ; Fall       ; CLOCK           ;
;  MIR[8]               ; CLOCK      ; 5.935  ; 5.935  ; Fall       ; CLOCK           ;
;  MIR[9]               ; CLOCK      ; 5.788  ; 5.788  ; Fall       ; CLOCK           ;
;  MIR[10]              ; CLOCK      ; 5.830  ; 5.830  ; Fall       ; CLOCK           ;
;  MIR[11]              ; CLOCK      ; 5.986  ; 5.986  ; Fall       ; CLOCK           ;
;  MIR[12]              ; CLOCK      ; 5.709  ; 5.709  ; Fall       ; CLOCK           ;
;  MIR[13]              ; CLOCK      ; 5.999  ; 5.999  ; Fall       ; CLOCK           ;
;  MIR[14]              ; CLOCK      ; 5.644  ; 5.644  ; Fall       ; CLOCK           ;
;  MIR[15]              ; CLOCK      ; 5.910  ; 5.910  ; Fall       ; CLOCK           ;
;  MIR[16]              ; CLOCK      ; 5.906  ; 5.906  ; Fall       ; CLOCK           ;
;  MIR[17]              ; CLOCK      ; 6.213  ; 6.213  ; Fall       ; CLOCK           ;
;  MIR[18]              ; CLOCK      ; 5.993  ; 5.993  ; Fall       ; CLOCK           ;
;  MIR[19]              ; CLOCK      ; 6.157  ; 6.157  ; Fall       ; CLOCK           ;
;  MIR[20]              ; CLOCK      ; 6.343  ; 6.343  ; Fall       ; CLOCK           ;
;  MIR[21]              ; CLOCK      ; 6.346  ; 6.346  ; Fall       ; CLOCK           ;
;  MIR[22]              ; CLOCK      ; 6.573  ; 6.573  ; Fall       ; CLOCK           ;
;  MIR[23]              ; CLOCK      ; 6.442  ; 6.442  ; Fall       ; CLOCK           ;
;  MIR[24]              ; CLOCK      ; 6.041  ; 6.041  ; Fall       ; CLOCK           ;
;  MIR[25]              ; CLOCK      ; 6.032  ; 6.032  ; Fall       ; CLOCK           ;
;  MIR[26]              ; CLOCK      ; 6.128  ; 6.128  ; Fall       ; CLOCK           ;
;  MIR[27]              ; CLOCK      ; 5.921  ; 5.921  ; Fall       ; CLOCK           ;
;  MIR[28]              ; CLOCK      ; 5.911  ; 5.911  ; Fall       ; CLOCK           ;
;  MIR[29]              ; CLOCK      ; 6.180  ; 6.180  ; Fall       ; CLOCK           ;
;  MIR[30]              ; CLOCK      ; 6.189  ; 6.189  ; Fall       ; CLOCK           ;
;  MIR[31]              ; CLOCK      ; 6.138  ; 6.138  ; Fall       ; CLOCK           ;
;  MIR[32]              ; CLOCK      ; 6.265  ; 6.265  ; Fall       ; CLOCK           ;
;  MIR[33]              ; CLOCK      ; 6.287  ; 6.287  ; Fall       ; CLOCK           ;
;  MIR[34]              ; CLOCK      ; 6.194  ; 6.194  ; Fall       ; CLOCK           ;
;  MIR[35]              ; CLOCK      ; 5.908  ; 5.908  ; Fall       ; CLOCK           ;
; MPC[*]                ; CLOCK      ; 6.829  ; 6.829  ; Fall       ; CLOCK           ;
;  MPC[0]               ; CLOCK      ; 6.415  ; 6.415  ; Fall       ; CLOCK           ;
;  MPC[1]               ; CLOCK      ; 6.414  ; 6.414  ; Fall       ; CLOCK           ;
;  MPC[2]               ; CLOCK      ; 6.502  ; 6.502  ; Fall       ; CLOCK           ;
;  MPC[3]               ; CLOCK      ; 6.415  ; 6.415  ; Fall       ; CLOCK           ;
;  MPC[4]               ; CLOCK      ; 6.452  ; 6.452  ; Fall       ; CLOCK           ;
;  MPC[5]               ; CLOCK      ; 6.569  ; 6.569  ; Fall       ; CLOCK           ;
;  MPC[6]               ; CLOCK      ; 6.444  ; 6.444  ; Fall       ; CLOCK           ;
;  MPC[7]               ; CLOCK      ; 6.436  ; 6.436  ; Fall       ; CLOCK           ;
;  MPC[8]               ; CLOCK      ; 6.829  ; 6.829  ; Fall       ; CLOCK           ;
+-----------------------+------------+--------+--------+------------+-----------------+


+-----------------------------------------------------------------------------------+
; Minimum Clock to Output Times                                                     ;
+-----------------------+------------+-------+-------+------------+-----------------+
; Data Port             ; Clock Port ; Rise  ; Fall  ; Clock Edge ; Clock Reference ;
+-----------------------+------------+-------+-------+------------+-----------------+
; C_BUS[*]              ; CLOCK      ; 5.682 ; 5.682 ; Rise       ; CLOCK           ;
;  C_BUS[0]             ; CLOCK      ; 6.054 ; 6.054 ; Rise       ; CLOCK           ;
;  C_BUS[1]             ; CLOCK      ; 6.362 ; 6.362 ; Rise       ; CLOCK           ;
;  C_BUS[2]             ; CLOCK      ; 5.816 ; 5.816 ; Rise       ; CLOCK           ;
;  C_BUS[3]             ; CLOCK      ; 5.878 ; 5.878 ; Rise       ; CLOCK           ;
;  C_BUS[4]             ; CLOCK      ; 6.072 ; 6.072 ; Rise       ; CLOCK           ;
;  C_BUS[5]             ; CLOCK      ; 5.881 ; 5.881 ; Rise       ; CLOCK           ;
;  C_BUS[6]             ; CLOCK      ; 5.682 ; 5.682 ; Rise       ; CLOCK           ;
;  C_BUS[7]             ; CLOCK      ; 6.415 ; 6.415 ; Rise       ; CLOCK           ;
;  C_BUS[8]             ; CLOCK      ; 6.704 ; 6.704 ; Rise       ; CLOCK           ;
;  C_BUS[9]             ; CLOCK      ; 6.357 ; 6.357 ; Rise       ; CLOCK           ;
;  C_BUS[10]            ; CLOCK      ; 6.356 ; 6.356 ; Rise       ; CLOCK           ;
;  C_BUS[11]            ; CLOCK      ; 6.138 ; 6.138 ; Rise       ; CLOCK           ;
;  C_BUS[12]            ; CLOCK      ; 6.453 ; 6.453 ; Rise       ; CLOCK           ;
;  C_BUS[13]            ; CLOCK      ; 6.349 ; 6.349 ; Rise       ; CLOCK           ;
;  C_BUS[14]            ; CLOCK      ; 6.030 ; 6.030 ; Rise       ; CLOCK           ;
;  C_BUS[15]            ; CLOCK      ; 6.131 ; 6.131 ; Rise       ; CLOCK           ;
;  C_BUS[16]            ; CLOCK      ; 6.746 ; 6.746 ; Rise       ; CLOCK           ;
;  C_BUS[17]            ; CLOCK      ; 6.692 ; 6.692 ; Rise       ; CLOCK           ;
;  C_BUS[18]            ; CLOCK      ; 6.903 ; 6.903 ; Rise       ; CLOCK           ;
;  C_BUS[19]            ; CLOCK      ; 7.030 ; 7.030 ; Rise       ; CLOCK           ;
;  C_BUS[20]            ; CLOCK      ; 6.874 ; 6.874 ; Rise       ; CLOCK           ;
;  C_BUS[21]            ; CLOCK      ; 6.988 ; 6.988 ; Rise       ; CLOCK           ;
;  C_BUS[22]            ; CLOCK      ; 6.892 ; 6.892 ; Rise       ; CLOCK           ;
;  C_BUS[23]            ; CLOCK      ; 6.948 ; 6.948 ; Rise       ; CLOCK           ;
;  C_BUS[24]            ; CLOCK      ; 6.912 ; 6.912 ; Rise       ; CLOCK           ;
;  C_BUS[25]            ; CLOCK      ; 7.003 ; 7.003 ; Rise       ; CLOCK           ;
;  C_BUS[26]            ; CLOCK      ; 6.801 ; 6.801 ; Rise       ; CLOCK           ;
;  C_BUS[27]            ; CLOCK      ; 6.955 ; 6.955 ; Rise       ; CLOCK           ;
;  C_BUS[28]            ; CLOCK      ; 7.398 ; 7.398 ; Rise       ; CLOCK           ;
;  C_BUS[29]            ; CLOCK      ; 6.947 ; 6.947 ; Rise       ; CLOCK           ;
;  C_BUS[30]            ; CLOCK      ; 6.924 ; 6.924 ; Rise       ; CLOCK           ;
;  C_BUS[31]            ; CLOCK      ; 6.812 ; 6.812 ; Rise       ; CLOCK           ;
; DATA_MEM_ADDR[*]      ; CLOCK      ; 4.356 ; 4.356 ; Rise       ; CLOCK           ;
;  DATA_MEM_ADDR[0]     ; CLOCK      ; 4.739 ; 4.739 ; Rise       ; CLOCK           ;
;  DATA_MEM_ADDR[1]     ; CLOCK      ; 4.668 ; 4.668 ; Rise       ; CLOCK           ;
;  DATA_MEM_ADDR[2]     ; CLOCK      ; 4.679 ; 4.679 ; Rise       ; CLOCK           ;
;  DATA_MEM_ADDR[3]     ; CLOCK      ; 4.920 ; 4.920 ; Rise       ; CLOCK           ;
;  DATA_MEM_ADDR[4]     ; CLOCK      ; 4.847 ; 4.847 ; Rise       ; CLOCK           ;
;  DATA_MEM_ADDR[5]     ; CLOCK      ; 4.623 ; 4.623 ; Rise       ; CLOCK           ;
;  DATA_MEM_ADDR[6]     ; CLOCK      ; 4.766 ; 4.766 ; Rise       ; CLOCK           ;
;  DATA_MEM_ADDR[7]     ; CLOCK      ; 4.465 ; 4.465 ; Rise       ; CLOCK           ;
;  DATA_MEM_ADDR[8]     ; CLOCK      ; 4.821 ; 4.821 ; Rise       ; CLOCK           ;
;  DATA_MEM_ADDR[9]     ; CLOCK      ; 4.662 ; 4.662 ; Rise       ; CLOCK           ;
;  DATA_MEM_ADDR[10]    ; CLOCK      ; 4.447 ; 4.447 ; Rise       ; CLOCK           ;
;  DATA_MEM_ADDR[11]    ; CLOCK      ; 4.571 ; 4.571 ; Rise       ; CLOCK           ;
;  DATA_MEM_ADDR[12]    ; CLOCK      ; 4.454 ; 4.454 ; Rise       ; CLOCK           ;
;  DATA_MEM_ADDR[13]    ; CLOCK      ; 4.541 ; 4.541 ; Rise       ; CLOCK           ;
;  DATA_MEM_ADDR[14]    ; CLOCK      ; 4.752 ; 4.752 ; Rise       ; CLOCK           ;
;  DATA_MEM_ADDR[15]    ; CLOCK      ; 4.973 ; 4.973 ; Rise       ; CLOCK           ;
;  DATA_MEM_ADDR[16]    ; CLOCK      ; 4.888 ; 4.888 ; Rise       ; CLOCK           ;
;  DATA_MEM_ADDR[17]    ; CLOCK      ; 5.362 ; 5.362 ; Rise       ; CLOCK           ;
;  DATA_MEM_ADDR[18]    ; CLOCK      ; 4.872 ; 4.872 ; Rise       ; CLOCK           ;
;  DATA_MEM_ADDR[19]    ; CLOCK      ; 4.503 ; 4.503 ; Rise       ; CLOCK           ;
;  DATA_MEM_ADDR[20]    ; CLOCK      ; 4.719 ; 4.719 ; Rise       ; CLOCK           ;
;  DATA_MEM_ADDR[21]    ; CLOCK      ; 4.356 ; 4.356 ; Rise       ; CLOCK           ;
;  DATA_MEM_ADDR[22]    ; CLOCK      ; 4.621 ; 4.621 ; Rise       ; CLOCK           ;
;  DATA_MEM_ADDR[23]    ; CLOCK      ; 4.544 ; 4.544 ; Rise       ; CLOCK           ;
;  DATA_MEM_ADDR[24]    ; CLOCK      ; 4.908 ; 4.908 ; Rise       ; CLOCK           ;
;  DATA_MEM_ADDR[25]    ; CLOCK      ; 4.505 ; 4.505 ; Rise       ; CLOCK           ;
;  DATA_MEM_ADDR[26]    ; CLOCK      ; 4.474 ; 4.474 ; Rise       ; CLOCK           ;
;  DATA_MEM_ADDR[27]    ; CLOCK      ; 4.651 ; 4.651 ; Rise       ; CLOCK           ;
;  DATA_MEM_ADDR[28]    ; CLOCK      ; 4.514 ; 4.514 ; Rise       ; CLOCK           ;
;  DATA_MEM_ADDR[29]    ; CLOCK      ; 4.734 ; 4.734 ; Rise       ; CLOCK           ;
;  DATA_MEM_ADDR[30]    ; CLOCK      ; 4.940 ; 4.940 ; Rise       ; CLOCK           ;
;  DATA_MEM_ADDR[31]    ; CLOCK      ; 4.767 ; 4.767 ; Rise       ; CLOCK           ;
; DATA_MEM_OUT[*]       ; CLOCK      ; 5.585 ; 5.585 ; Rise       ; CLOCK           ;
;  DATA_MEM_OUT[0]      ; CLOCK      ; 5.770 ; 5.770 ; Rise       ; CLOCK           ;
;  DATA_MEM_OUT[1]      ; CLOCK      ; 6.137 ; 6.137 ; Rise       ; CLOCK           ;
;  DATA_MEM_OUT[2]      ; CLOCK      ; 5.926 ; 5.926 ; Rise       ; CLOCK           ;
;  DATA_MEM_OUT[3]      ; CLOCK      ; 6.269 ; 6.269 ; Rise       ; CLOCK           ;
;  DATA_MEM_OUT[4]      ; CLOCK      ; 5.595 ; 5.595 ; Rise       ; CLOCK           ;
;  DATA_MEM_OUT[5]      ; CLOCK      ; 5.793 ; 5.793 ; Rise       ; CLOCK           ;
;  DATA_MEM_OUT[6]      ; CLOCK      ; 5.903 ; 5.903 ; Rise       ; CLOCK           ;
;  DATA_MEM_OUT[7]      ; CLOCK      ; 6.126 ; 6.126 ; Rise       ; CLOCK           ;
;  DATA_MEM_OUT[8]      ; CLOCK      ; 6.060 ; 6.060 ; Rise       ; CLOCK           ;
;  DATA_MEM_OUT[9]      ; CLOCK      ; 6.260 ; 6.260 ; Rise       ; CLOCK           ;
;  DATA_MEM_OUT[10]     ; CLOCK      ; 5.823 ; 5.823 ; Rise       ; CLOCK           ;
;  DATA_MEM_OUT[11]     ; CLOCK      ; 6.086 ; 6.086 ; Rise       ; CLOCK           ;
;  DATA_MEM_OUT[12]     ; CLOCK      ; 5.630 ; 5.630 ; Rise       ; CLOCK           ;
;  DATA_MEM_OUT[13]     ; CLOCK      ; 5.808 ; 5.808 ; Rise       ; CLOCK           ;
;  DATA_MEM_OUT[14]     ; CLOCK      ; 6.229 ; 6.229 ; Rise       ; CLOCK           ;
;  DATA_MEM_OUT[15]     ; CLOCK      ; 6.192 ; 6.192 ; Rise       ; CLOCK           ;
;  DATA_MEM_OUT[16]     ; CLOCK      ; 6.024 ; 6.024 ; Rise       ; CLOCK           ;
;  DATA_MEM_OUT[17]     ; CLOCK      ; 6.083 ; 6.083 ; Rise       ; CLOCK           ;
;  DATA_MEM_OUT[18]     ; CLOCK      ; 6.160 ; 6.160 ; Rise       ; CLOCK           ;
;  DATA_MEM_OUT[19]     ; CLOCK      ; 6.013 ; 6.013 ; Rise       ; CLOCK           ;
;  DATA_MEM_OUT[20]     ; CLOCK      ; 6.081 ; 6.081 ; Rise       ; CLOCK           ;
;  DATA_MEM_OUT[21]     ; CLOCK      ; 6.294 ; 6.294 ; Rise       ; CLOCK           ;
;  DATA_MEM_OUT[22]     ; CLOCK      ; 6.362 ; 6.362 ; Rise       ; CLOCK           ;
;  DATA_MEM_OUT[23]     ; CLOCK      ; 5.585 ; 5.585 ; Rise       ; CLOCK           ;
;  DATA_MEM_OUT[24]     ; CLOCK      ; 6.285 ; 6.285 ; Rise       ; CLOCK           ;
;  DATA_MEM_OUT[25]     ; CLOCK      ; 6.037 ; 6.037 ; Rise       ; CLOCK           ;
;  DATA_MEM_OUT[26]     ; CLOCK      ; 5.962 ; 5.962 ; Rise       ; CLOCK           ;
;  DATA_MEM_OUT[27]     ; CLOCK      ; 6.373 ; 6.373 ; Rise       ; CLOCK           ;
;  DATA_MEM_OUT[28]     ; CLOCK      ; 5.874 ; 5.874 ; Rise       ; CLOCK           ;
;  DATA_MEM_OUT[29]     ; CLOCK      ; 6.090 ; 6.090 ; Rise       ; CLOCK           ;
;  DATA_MEM_OUT[30]     ; CLOCK      ; 6.066 ; 6.066 ; Rise       ; CLOCK           ;
;  DATA_MEM_OUT[31]     ; CLOCK      ; 5.983 ; 5.983 ; Rise       ; CLOCK           ;
; DATA_MEM_write_enable ; CLOCK      ; 3.988 ; 3.988 ; Rise       ; CLOCK           ;
; MBR_OUT[*]            ; CLOCK      ; 4.724 ; 4.724 ; Rise       ; CLOCK           ;
;  MBR_OUT[0]           ; CLOCK      ; 5.023 ; 5.023 ; Rise       ; CLOCK           ;
;  MBR_OUT[1]           ; CLOCK      ; 4.963 ; 4.963 ; Rise       ; CLOCK           ;
;  MBR_OUT[2]           ; CLOCK      ; 4.950 ; 4.950 ; Rise       ; CLOCK           ;
;  MBR_OUT[3]           ; CLOCK      ; 4.746 ; 4.746 ; Rise       ; CLOCK           ;
;  MBR_OUT[4]           ; CLOCK      ; 4.724 ; 4.724 ; Rise       ; CLOCK           ;
;  MBR_OUT[5]           ; CLOCK      ; 5.202 ; 5.202 ; Rise       ; CLOCK           ;
;  MBR_OUT[6]           ; CLOCK      ; 4.941 ; 4.941 ; Rise       ; CLOCK           ;
;  MBR_OUT[7]           ; CLOCK      ; 5.019 ; 5.019 ; Rise       ; CLOCK           ;
; MPC[*]                ; CLOCK      ; 4.124 ; 4.124 ; Rise       ; CLOCK           ;
;  MPC[0]               ; CLOCK      ; 4.144 ; 4.144 ; Rise       ; CLOCK           ;
;  MPC[1]               ; CLOCK      ; 4.239 ; 4.239 ; Rise       ; CLOCK           ;
;  MPC[2]               ; CLOCK      ; 4.214 ; 4.214 ; Rise       ; CLOCK           ;
;  MPC[3]               ; CLOCK      ; 4.124 ; 4.124 ; Rise       ; CLOCK           ;
;  MPC[4]               ; CLOCK      ; 4.162 ; 4.162 ; Rise       ; CLOCK           ;
;  MPC[5]               ; CLOCK      ; 4.280 ; 4.280 ; Rise       ; CLOCK           ;
;  MPC[6]               ; CLOCK      ; 4.157 ; 4.157 ; Rise       ; CLOCK           ;
;  MPC[7]               ; CLOCK      ; 4.144 ; 4.144 ; Rise       ; CLOCK           ;
;  MPC[8]               ; CLOCK      ; 5.239 ; 5.239 ; Rise       ; CLOCK           ;
; PC[*]                 ; CLOCK      ; 5.362 ; 5.362 ; Rise       ; CLOCK           ;
;  PC[0]                ; CLOCK      ; 5.608 ; 5.608 ; Rise       ; CLOCK           ;
;  PC[1]                ; CLOCK      ; 5.900 ; 5.900 ; Rise       ; CLOCK           ;
;  PC[2]                ; CLOCK      ; 5.762 ; 5.762 ; Rise       ; CLOCK           ;
;  PC[3]                ; CLOCK      ; 5.763 ; 5.763 ; Rise       ; CLOCK           ;
;  PC[4]                ; CLOCK      ; 5.851 ; 5.851 ; Rise       ; CLOCK           ;
;  PC[5]                ; CLOCK      ; 5.710 ; 5.710 ; Rise       ; CLOCK           ;
;  PC[6]                ; CLOCK      ; 5.550 ; 5.550 ; Rise       ; CLOCK           ;
;  PC[7]                ; CLOCK      ; 5.755 ; 5.755 ; Rise       ; CLOCK           ;
;  PC[8]                ; CLOCK      ; 5.598 ; 5.598 ; Rise       ; CLOCK           ;
;  PC[9]                ; CLOCK      ; 5.781 ; 5.781 ; Rise       ; CLOCK           ;
;  PC[10]               ; CLOCK      ; 5.618 ; 5.618 ; Rise       ; CLOCK           ;
;  PC[11]               ; CLOCK      ; 5.795 ; 5.795 ; Rise       ; CLOCK           ;
;  PC[12]               ; CLOCK      ; 5.922 ; 5.922 ; Rise       ; CLOCK           ;
;  PC[13]               ; CLOCK      ; 5.904 ; 5.904 ; Rise       ; CLOCK           ;
;  PC[14]               ; CLOCK      ; 5.854 ; 5.854 ; Rise       ; CLOCK           ;
;  PC[15]               ; CLOCK      ; 5.591 ; 5.591 ; Rise       ; CLOCK           ;
;  PC[16]               ; CLOCK      ; 5.608 ; 5.608 ; Rise       ; CLOCK           ;
;  PC[17]               ; CLOCK      ; 5.584 ; 5.584 ; Rise       ; CLOCK           ;
;  PC[18]               ; CLOCK      ; 6.097 ; 6.097 ; Rise       ; CLOCK           ;
;  PC[19]               ; CLOCK      ; 6.123 ; 6.123 ; Rise       ; CLOCK           ;
;  PC[20]               ; CLOCK      ; 5.986 ; 5.986 ; Rise       ; CLOCK           ;
;  PC[21]               ; CLOCK      ; 5.857 ; 5.857 ; Rise       ; CLOCK           ;
;  PC[22]               ; CLOCK      ; 5.874 ; 5.874 ; Rise       ; CLOCK           ;
;  PC[23]               ; CLOCK      ; 5.843 ; 5.843 ; Rise       ; CLOCK           ;
;  PC[24]               ; CLOCK      ; 5.980 ; 5.980 ; Rise       ; CLOCK           ;
;  PC[25]               ; CLOCK      ; 5.834 ; 5.834 ; Rise       ; CLOCK           ;
;  PC[26]               ; CLOCK      ; 5.831 ; 5.831 ; Rise       ; CLOCK           ;
;  PC[27]               ; CLOCK      ; 6.043 ; 6.043 ; Rise       ; CLOCK           ;
;  PC[28]               ; CLOCK      ; 5.362 ; 5.362 ; Rise       ; CLOCK           ;
;  PC[29]               ; CLOCK      ; 5.780 ; 5.780 ; Rise       ; CLOCK           ;
;  PC[30]               ; CLOCK      ; 5.723 ; 5.723 ; Rise       ; CLOCK           ;
;  PC[31]               ; CLOCK      ; 5.786 ; 5.786 ; Rise       ; CLOCK           ;
; C_BUS[*]              ; CLOCK      ; 6.558 ; 6.558 ; Fall       ; CLOCK           ;
;  C_BUS[0]             ; CLOCK      ; 6.750 ; 6.750 ; Fall       ; CLOCK           ;
;  C_BUS[1]             ; CLOCK      ; 7.225 ; 7.225 ; Fall       ; CLOCK           ;
;  C_BUS[2]             ; CLOCK      ; 7.212 ; 7.212 ; Fall       ; CLOCK           ;
;  C_BUS[3]             ; CLOCK      ; 7.125 ; 7.125 ; Fall       ; CLOCK           ;
;  C_BUS[4]             ; CLOCK      ; 7.093 ; 7.093 ; Fall       ; CLOCK           ;
;  C_BUS[5]             ; CLOCK      ; 7.069 ; 7.069 ; Fall       ; CLOCK           ;
;  C_BUS[6]             ; CLOCK      ; 6.558 ; 6.558 ; Fall       ; CLOCK           ;
;  C_BUS[7]             ; CLOCK      ; 7.217 ; 7.217 ; Fall       ; CLOCK           ;
;  C_BUS[8]             ; CLOCK      ; 7.651 ; 7.651 ; Fall       ; CLOCK           ;
;  C_BUS[9]             ; CLOCK      ; 7.305 ; 7.305 ; Fall       ; CLOCK           ;
;  C_BUS[10]            ; CLOCK      ; 7.426 ; 7.426 ; Fall       ; CLOCK           ;
;  C_BUS[11]            ; CLOCK      ; 7.556 ; 7.556 ; Fall       ; CLOCK           ;
;  C_BUS[12]            ; CLOCK      ; 7.390 ; 7.390 ; Fall       ; CLOCK           ;
;  C_BUS[13]            ; CLOCK      ; 7.551 ; 7.551 ; Fall       ; CLOCK           ;
;  C_BUS[14]            ; CLOCK      ; 7.138 ; 7.138 ; Fall       ; CLOCK           ;
;  C_BUS[15]            ; CLOCK      ; 6.950 ; 6.950 ; Fall       ; CLOCK           ;
;  C_BUS[16]            ; CLOCK      ; 7.503 ; 7.503 ; Fall       ; CLOCK           ;
;  C_BUS[17]            ; CLOCK      ; 7.614 ; 7.614 ; Fall       ; CLOCK           ;
;  C_BUS[18]            ; CLOCK      ; 7.469 ; 7.469 ; Fall       ; CLOCK           ;
;  C_BUS[19]            ; CLOCK      ; 7.758 ; 7.758 ; Fall       ; CLOCK           ;
;  C_BUS[20]            ; CLOCK      ; 7.537 ; 7.537 ; Fall       ; CLOCK           ;
;  C_BUS[21]            ; CLOCK      ; 7.674 ; 7.674 ; Fall       ; CLOCK           ;
;  C_BUS[22]            ; CLOCK      ; 7.518 ; 7.518 ; Fall       ; CLOCK           ;
;  C_BUS[23]            ; CLOCK      ; 7.466 ; 7.466 ; Fall       ; CLOCK           ;
;  C_BUS[24]            ; CLOCK      ; 7.585 ; 7.585 ; Fall       ; CLOCK           ;
;  C_BUS[25]            ; CLOCK      ; 7.673 ; 7.673 ; Fall       ; CLOCK           ;
;  C_BUS[26]            ; CLOCK      ; 7.416 ; 7.416 ; Fall       ; CLOCK           ;
;  C_BUS[27]            ; CLOCK      ; 7.606 ; 7.606 ; Fall       ; CLOCK           ;
;  C_BUS[28]            ; CLOCK      ; 8.145 ; 8.145 ; Fall       ; CLOCK           ;
;  C_BUS[29]            ; CLOCK      ; 7.657 ; 7.657 ; Fall       ; CLOCK           ;
;  C_BUS[30]            ; CLOCK      ; 7.522 ; 7.522 ; Fall       ; CLOCK           ;
;  C_BUS[31]            ; CLOCK      ; 7.487 ; 7.487 ; Fall       ; CLOCK           ;
; MIR[*]                ; CLOCK      ; 5.644 ; 5.644 ; Fall       ; CLOCK           ;
;  MIR[0]               ; CLOCK      ; 6.013 ; 6.013 ; Fall       ; CLOCK           ;
;  MIR[1]               ; CLOCK      ; 6.042 ; 6.042 ; Fall       ; CLOCK           ;
;  MIR[2]               ; CLOCK      ; 6.295 ; 6.295 ; Fall       ; CLOCK           ;
;  MIR[3]               ; CLOCK      ; 6.064 ; 6.064 ; Fall       ; CLOCK           ;
;  MIR[4]               ; CLOCK      ; 6.466 ; 6.466 ; Fall       ; CLOCK           ;
;  MIR[5]               ; CLOCK      ; 6.027 ; 6.027 ; Fall       ; CLOCK           ;
;  MIR[6]               ; CLOCK      ; 5.884 ; 5.884 ; Fall       ; CLOCK           ;
;  MIR[7]               ; CLOCK      ; 6.069 ; 6.069 ; Fall       ; CLOCK           ;
;  MIR[8]               ; CLOCK      ; 5.935 ; 5.935 ; Fall       ; CLOCK           ;
;  MIR[9]               ; CLOCK      ; 5.788 ; 5.788 ; Fall       ; CLOCK           ;
;  MIR[10]              ; CLOCK      ; 5.830 ; 5.830 ; Fall       ; CLOCK           ;
;  MIR[11]              ; CLOCK      ; 5.986 ; 5.986 ; Fall       ; CLOCK           ;
;  MIR[12]              ; CLOCK      ; 5.709 ; 5.709 ; Fall       ; CLOCK           ;
;  MIR[13]              ; CLOCK      ; 5.999 ; 5.999 ; Fall       ; CLOCK           ;
;  MIR[14]              ; CLOCK      ; 5.644 ; 5.644 ; Fall       ; CLOCK           ;
;  MIR[15]              ; CLOCK      ; 5.910 ; 5.910 ; Fall       ; CLOCK           ;
;  MIR[16]              ; CLOCK      ; 5.906 ; 5.906 ; Fall       ; CLOCK           ;
;  MIR[17]              ; CLOCK      ; 6.213 ; 6.213 ; Fall       ; CLOCK           ;
;  MIR[18]              ; CLOCK      ; 5.993 ; 5.993 ; Fall       ; CLOCK           ;
;  MIR[19]              ; CLOCK      ; 6.157 ; 6.157 ; Fall       ; CLOCK           ;
;  MIR[20]              ; CLOCK      ; 6.343 ; 6.343 ; Fall       ; CLOCK           ;
;  MIR[21]              ; CLOCK      ; 6.346 ; 6.346 ; Fall       ; CLOCK           ;
;  MIR[22]              ; CLOCK      ; 6.573 ; 6.573 ; Fall       ; CLOCK           ;
;  MIR[23]              ; CLOCK      ; 6.442 ; 6.442 ; Fall       ; CLOCK           ;
;  MIR[24]              ; CLOCK      ; 6.041 ; 6.041 ; Fall       ; CLOCK           ;
;  MIR[25]              ; CLOCK      ; 6.032 ; 6.032 ; Fall       ; CLOCK           ;
;  MIR[26]              ; CLOCK      ; 6.128 ; 6.128 ; Fall       ; CLOCK           ;
;  MIR[27]              ; CLOCK      ; 5.921 ; 5.921 ; Fall       ; CLOCK           ;
;  MIR[28]              ; CLOCK      ; 5.911 ; 5.911 ; Fall       ; CLOCK           ;
;  MIR[29]              ; CLOCK      ; 6.180 ; 6.180 ; Fall       ; CLOCK           ;
;  MIR[30]              ; CLOCK      ; 6.189 ; 6.189 ; Fall       ; CLOCK           ;
;  MIR[31]              ; CLOCK      ; 6.138 ; 6.138 ; Fall       ; CLOCK           ;
;  MIR[32]              ; CLOCK      ; 6.265 ; 6.265 ; Fall       ; CLOCK           ;
;  MIR[33]              ; CLOCK      ; 6.287 ; 6.287 ; Fall       ; CLOCK           ;
;  MIR[34]              ; CLOCK      ; 6.194 ; 6.194 ; Fall       ; CLOCK           ;
;  MIR[35]              ; CLOCK      ; 5.908 ; 5.908 ; Fall       ; CLOCK           ;
; MPC[*]                ; CLOCK      ; 6.288 ; 6.288 ; Fall       ; CLOCK           ;
;  MPC[0]               ; CLOCK      ; 6.317 ; 6.317 ; Fall       ; CLOCK           ;
;  MPC[1]               ; CLOCK      ; 6.410 ; 6.410 ; Fall       ; CLOCK           ;
;  MPC[2]               ; CLOCK      ; 6.388 ; 6.388 ; Fall       ; CLOCK           ;
;  MPC[3]               ; CLOCK      ; 6.288 ; 6.288 ; Fall       ; CLOCK           ;
;  MPC[4]               ; CLOCK      ; 6.328 ; 6.328 ; Fall       ; CLOCK           ;
;  MPC[5]               ; CLOCK      ; 6.442 ; 6.442 ; Fall       ; CLOCK           ;
;  MPC[6]               ; CLOCK      ; 6.331 ; 6.331 ; Fall       ; CLOCK           ;
;  MPC[7]               ; CLOCK      ; 6.321 ; 6.321 ; Fall       ; CLOCK           ;
;  MPC[8]               ; CLOCK      ; 6.472 ; 6.472 ; Fall       ; CLOCK           ;
+-----------------------+------------+-------+-------+------------+-----------------+


+----------------------------------------------------------------------------------+
; Multicorner Timing Analysis Summary                                              ;
+------------------+-----------+--------+----------+---------+---------------------+
; Clock            ; Setup     ; Hold   ; Recovery ; Removal ; Minimum Pulse Width ;
+------------------+-----------+--------+----------+---------+---------------------+
; Worst-case Slack ; -23.614   ; -0.697 ; N/A      ; N/A     ; -2.000              ;
;  CLOCK           ; -23.614   ; -0.697 ; N/A      ; N/A     ; -2.000              ;
; Design-wide TNS  ; -5237.531 ; -9.879 ; 0.0      ; 0.0     ; -1476.836           ;
;  CLOCK           ; -5237.531 ; -9.879 ; N/A      ; N/A     ; -1476.836           ;
+------------------+-----------+--------+----------+---------+---------------------+


+-------------------------------------------------------------------------------------+
; Clock to Output Times                                                               ;
+-----------------------+------------+--------+--------+------------+-----------------+
; Data Port             ; Clock Port ; Rise   ; Fall   ; Clock Edge ; Clock Reference ;
+-----------------------+------------+--------+--------+------------+-----------------+
; C_BUS[*]              ; CLOCK      ; 29.068 ; 29.068 ; Rise       ; CLOCK           ;
;  C_BUS[0]             ; CLOCK      ; 17.179 ; 17.179 ; Rise       ; CLOCK           ;
;  C_BUS[1]             ; CLOCK      ; 18.638 ; 18.638 ; Rise       ; CLOCK           ;
;  C_BUS[2]             ; CLOCK      ; 17.923 ; 17.923 ; Rise       ; CLOCK           ;
;  C_BUS[3]             ; CLOCK      ; 17.097 ; 17.097 ; Rise       ; CLOCK           ;
;  C_BUS[4]             ; CLOCK      ; 18.606 ; 18.606 ; Rise       ; CLOCK           ;
;  C_BUS[5]             ; CLOCK      ; 18.741 ; 18.741 ; Rise       ; CLOCK           ;
;  C_BUS[6]             ; CLOCK      ; 18.487 ; 18.487 ; Rise       ; CLOCK           ;
;  C_BUS[7]             ; CLOCK      ; 19.334 ; 19.334 ; Rise       ; CLOCK           ;
;  C_BUS[8]             ; CLOCK      ; 20.306 ; 20.306 ; Rise       ; CLOCK           ;
;  C_BUS[9]             ; CLOCK      ; 20.383 ; 20.383 ; Rise       ; CLOCK           ;
;  C_BUS[10]            ; CLOCK      ; 20.692 ; 20.692 ; Rise       ; CLOCK           ;
;  C_BUS[11]            ; CLOCK      ; 21.609 ; 21.609 ; Rise       ; CLOCK           ;
;  C_BUS[12]            ; CLOCK      ; 21.087 ; 21.087 ; Rise       ; CLOCK           ;
;  C_BUS[13]            ; CLOCK      ; 21.918 ; 21.918 ; Rise       ; CLOCK           ;
;  C_BUS[14]            ; CLOCK      ; 21.623 ; 21.623 ; Rise       ; CLOCK           ;
;  C_BUS[15]            ; CLOCK      ; 21.463 ; 21.463 ; Rise       ; CLOCK           ;
;  C_BUS[16]            ; CLOCK      ; 22.644 ; 22.644 ; Rise       ; CLOCK           ;
;  C_BUS[17]            ; CLOCK      ; 23.468 ; 23.468 ; Rise       ; CLOCK           ;
;  C_BUS[18]            ; CLOCK      ; 24.071 ; 24.071 ; Rise       ; CLOCK           ;
;  C_BUS[19]            ; CLOCK      ; 24.307 ; 24.307 ; Rise       ; CLOCK           ;
;  C_BUS[20]            ; CLOCK      ; 24.888 ; 24.888 ; Rise       ; CLOCK           ;
;  C_BUS[21]            ; CLOCK      ; 25.279 ; 25.279 ; Rise       ; CLOCK           ;
;  C_BUS[22]            ; CLOCK      ; 25.649 ; 25.649 ; Rise       ; CLOCK           ;
;  C_BUS[23]            ; CLOCK      ; 26.158 ; 26.158 ; Rise       ; CLOCK           ;
;  C_BUS[24]            ; CLOCK      ; 26.228 ; 26.228 ; Rise       ; CLOCK           ;
;  C_BUS[25]            ; CLOCK      ; 27.036 ; 27.036 ; Rise       ; CLOCK           ;
;  C_BUS[26]            ; CLOCK      ; 27.064 ; 27.064 ; Rise       ; CLOCK           ;
;  C_BUS[27]            ; CLOCK      ; 27.438 ; 27.438 ; Rise       ; CLOCK           ;
;  C_BUS[28]            ; CLOCK      ; 29.068 ; 29.068 ; Rise       ; CLOCK           ;
;  C_BUS[29]            ; CLOCK      ; 28.463 ; 28.463 ; Rise       ; CLOCK           ;
;  C_BUS[30]            ; CLOCK      ; 29.059 ; 29.059 ; Rise       ; CLOCK           ;
;  C_BUS[31]            ; CLOCK      ; 28.599 ; 28.599 ; Rise       ; CLOCK           ;
; DATA_MEM_ADDR[*]      ; CLOCK      ; 9.455  ; 9.455  ; Rise       ; CLOCK           ;
;  DATA_MEM_ADDR[0]     ; CLOCK      ; 8.338  ; 8.338  ; Rise       ; CLOCK           ;
;  DATA_MEM_ADDR[1]     ; CLOCK      ; 8.173  ; 8.173  ; Rise       ; CLOCK           ;
;  DATA_MEM_ADDR[2]     ; CLOCK      ; 8.197  ; 8.197  ; Rise       ; CLOCK           ;
;  DATA_MEM_ADDR[3]     ; CLOCK      ; 8.683  ; 8.683  ; Rise       ; CLOCK           ;
;  DATA_MEM_ADDR[4]     ; CLOCK      ; 8.516  ; 8.516  ; Rise       ; CLOCK           ;
;  DATA_MEM_ADDR[5]     ; CLOCK      ; 8.097  ; 8.097  ; Rise       ; CLOCK           ;
;  DATA_MEM_ADDR[6]     ; CLOCK      ; 8.355  ; 8.355  ; Rise       ; CLOCK           ;
;  DATA_MEM_ADDR[7]     ; CLOCK      ; 7.779  ; 7.779  ; Rise       ; CLOCK           ;
;  DATA_MEM_ADDR[8]     ; CLOCK      ; 8.501  ; 8.501  ; Rise       ; CLOCK           ;
;  DATA_MEM_ADDR[9]     ; CLOCK      ; 8.173  ; 8.173  ; Rise       ; CLOCK           ;
;  DATA_MEM_ADDR[10]    ; CLOCK      ; 7.733  ; 7.733  ; Rise       ; CLOCK           ;
;  DATA_MEM_ADDR[11]    ; CLOCK      ; 8.111  ; 8.111  ; Rise       ; CLOCK           ;
;  DATA_MEM_ADDR[12]    ; CLOCK      ; 7.743  ; 7.743  ; Rise       ; CLOCK           ;
;  DATA_MEM_ADDR[13]    ; CLOCK      ; 8.046  ; 8.046  ; Rise       ; CLOCK           ;
;  DATA_MEM_ADDR[14]    ; CLOCK      ; 8.512  ; 8.512  ; Rise       ; CLOCK           ;
;  DATA_MEM_ADDR[15]    ; CLOCK      ; 8.837  ; 8.837  ; Rise       ; CLOCK           ;
;  DATA_MEM_ADDR[16]    ; CLOCK      ; 8.646  ; 8.646  ; Rise       ; CLOCK           ;
;  DATA_MEM_ADDR[17]    ; CLOCK      ; 9.455  ; 9.455  ; Rise       ; CLOCK           ;
;  DATA_MEM_ADDR[18]    ; CLOCK      ; 8.619  ; 8.619  ; Rise       ; CLOCK           ;
;  DATA_MEM_ADDR[19]    ; CLOCK      ; 7.862  ; 7.862  ; Rise       ; CLOCK           ;
;  DATA_MEM_ADDR[20]    ; CLOCK      ; 8.199  ; 8.199  ; Rise       ; CLOCK           ;
;  DATA_MEM_ADDR[21]    ; CLOCK      ; 7.580  ; 7.580  ; Rise       ; CLOCK           ;
;  DATA_MEM_ADDR[22]    ; CLOCK      ; 8.244  ; 8.244  ; Rise       ; CLOCK           ;
;  DATA_MEM_ADDR[23]    ; CLOCK      ; 8.019  ; 8.019  ; Rise       ; CLOCK           ;
;  DATA_MEM_ADDR[24]    ; CLOCK      ; 8.663  ; 8.663  ; Rise       ; CLOCK           ;
;  DATA_MEM_ADDR[25]    ; CLOCK      ; 8.008  ; 8.008  ; Rise       ; CLOCK           ;
;  DATA_MEM_ADDR[26]    ; CLOCK      ; 7.691  ; 7.691  ; Rise       ; CLOCK           ;
;  DATA_MEM_ADDR[27]    ; CLOCK      ; 8.252  ; 8.252  ; Rise       ; CLOCK           ;
;  DATA_MEM_ADDR[28]    ; CLOCK      ; 7.895  ; 7.895  ; Rise       ; CLOCK           ;
;  DATA_MEM_ADDR[29]    ; CLOCK      ; 8.337  ; 8.337  ; Rise       ; CLOCK           ;
;  DATA_MEM_ADDR[30]    ; CLOCK      ; 8.886  ; 8.886  ; Rise       ; CLOCK           ;
;  DATA_MEM_ADDR[31]    ; CLOCK      ; 8.375  ; 8.375  ; Rise       ; CLOCK           ;
; DATA_MEM_OUT[*]       ; CLOCK      ; 11.883 ; 11.883 ; Rise       ; CLOCK           ;
;  DATA_MEM_OUT[0]      ; CLOCK      ; 10.661 ; 10.661 ; Rise       ; CLOCK           ;
;  DATA_MEM_OUT[1]      ; CLOCK      ; 11.319 ; 11.319 ; Rise       ; CLOCK           ;
;  DATA_MEM_OUT[2]      ; CLOCK      ; 10.986 ; 10.986 ; Rise       ; CLOCK           ;
;  DATA_MEM_OUT[3]      ; CLOCK      ; 11.476 ; 11.476 ; Rise       ; CLOCK           ;
;  DATA_MEM_OUT[4]      ; CLOCK      ; 10.205 ; 10.205 ; Rise       ; CLOCK           ;
;  DATA_MEM_OUT[5]      ; CLOCK      ; 10.680 ; 10.680 ; Rise       ; CLOCK           ;
;  DATA_MEM_OUT[6]      ; CLOCK      ; 10.845 ; 10.845 ; Rise       ; CLOCK           ;
;  DATA_MEM_OUT[7]      ; CLOCK      ; 11.289 ; 11.289 ; Rise       ; CLOCK           ;
;  DATA_MEM_OUT[8]      ; CLOCK      ; 11.140 ; 11.140 ; Rise       ; CLOCK           ;
;  DATA_MEM_OUT[9]      ; CLOCK      ; 11.702 ; 11.702 ; Rise       ; CLOCK           ;
;  DATA_MEM_OUT[10]     ; CLOCK      ; 10.665 ; 10.665 ; Rise       ; CLOCK           ;
;  DATA_MEM_OUT[11]     ; CLOCK      ; 11.287 ; 11.287 ; Rise       ; CLOCK           ;
;  DATA_MEM_OUT[12]     ; CLOCK      ; 10.261 ; 10.261 ; Rise       ; CLOCK           ;
;  DATA_MEM_OUT[13]     ; CLOCK      ; 10.688 ; 10.688 ; Rise       ; CLOCK           ;
;  DATA_MEM_OUT[14]     ; CLOCK      ; 11.552 ; 11.552 ; Rise       ; CLOCK           ;
;  DATA_MEM_OUT[15]     ; CLOCK      ; 11.381 ; 11.381 ; Rise       ; CLOCK           ;
;  DATA_MEM_OUT[16]     ; CLOCK      ; 11.090 ; 11.090 ; Rise       ; CLOCK           ;
;  DATA_MEM_OUT[17]     ; CLOCK      ; 11.168 ; 11.168 ; Rise       ; CLOCK           ;
;  DATA_MEM_OUT[18]     ; CLOCK      ; 11.290 ; 11.290 ; Rise       ; CLOCK           ;
;  DATA_MEM_OUT[19]     ; CLOCK      ; 11.163 ; 11.163 ; Rise       ; CLOCK           ;
;  DATA_MEM_OUT[20]     ; CLOCK      ; 11.251 ; 11.251 ; Rise       ; CLOCK           ;
;  DATA_MEM_OUT[21]     ; CLOCK      ; 11.629 ; 11.629 ; Rise       ; CLOCK           ;
;  DATA_MEM_OUT[22]     ; CLOCK      ; 11.768 ; 11.768 ; Rise       ; CLOCK           ;
;  DATA_MEM_OUT[23]     ; CLOCK      ; 10.160 ; 10.160 ; Rise       ; CLOCK           ;
;  DATA_MEM_OUT[24]     ; CLOCK      ; 11.538 ; 11.538 ; Rise       ; CLOCK           ;
;  DATA_MEM_OUT[25]     ; CLOCK      ; 11.104 ; 11.104 ; Rise       ; CLOCK           ;
;  DATA_MEM_OUT[26]     ; CLOCK      ; 10.907 ; 10.907 ; Rise       ; CLOCK           ;
;  DATA_MEM_OUT[27]     ; CLOCK      ; 11.883 ; 11.883 ; Rise       ; CLOCK           ;
;  DATA_MEM_OUT[28]     ; CLOCK      ; 10.895 ; 10.895 ; Rise       ; CLOCK           ;
;  DATA_MEM_OUT[29]     ; CLOCK      ; 11.042 ; 11.042 ; Rise       ; CLOCK           ;
;  DATA_MEM_OUT[30]     ; CLOCK      ; 11.033 ; 11.033 ; Rise       ; CLOCK           ;
;  DATA_MEM_OUT[31]     ; CLOCK      ; 11.001 ; 11.001 ; Rise       ; CLOCK           ;
; DATA_MEM_write_enable ; CLOCK      ; 6.762  ; 6.762  ; Rise       ; CLOCK           ;
; MBR_OUT[*]            ; CLOCK      ; 9.305  ; 9.305  ; Rise       ; CLOCK           ;
;  MBR_OUT[0]           ; CLOCK      ; 8.959  ; 8.959  ; Rise       ; CLOCK           ;
;  MBR_OUT[1]           ; CLOCK      ; 8.860  ; 8.860  ; Rise       ; CLOCK           ;
;  MBR_OUT[2]           ; CLOCK      ; 8.675  ; 8.675  ; Rise       ; CLOCK           ;
;  MBR_OUT[3]           ; CLOCK      ; 8.355  ; 8.355  ; Rise       ; CLOCK           ;
;  MBR_OUT[4]           ; CLOCK      ; 8.312  ; 8.312  ; Rise       ; CLOCK           ;
;  MBR_OUT[5]           ; CLOCK      ; 9.305  ; 9.305  ; Rise       ; CLOCK           ;
;  MBR_OUT[6]           ; CLOCK      ; 8.822  ; 8.822  ; Rise       ; CLOCK           ;
;  MBR_OUT[7]           ; CLOCK      ; 8.927  ; 8.927  ; Rise       ; CLOCK           ;
; MPC[*]                ; CLOCK      ; 9.734  ; 9.734  ; Rise       ; CLOCK           ;
;  MPC[0]               ; CLOCK      ; 7.113  ; 7.113  ; Rise       ; CLOCK           ;
;  MPC[1]               ; CLOCK      ; 7.323  ; 7.323  ; Rise       ; CLOCK           ;
;  MPC[2]               ; CLOCK      ; 7.292  ; 7.292  ; Rise       ; CLOCK           ;
;  MPC[3]               ; CLOCK      ; 7.090  ; 7.090  ; Rise       ; CLOCK           ;
;  MPC[4]               ; CLOCK      ; 7.235  ; 7.235  ; Rise       ; CLOCK           ;
;  MPC[5]               ; CLOCK      ; 7.513  ; 7.513  ; Rise       ; CLOCK           ;
;  MPC[6]               ; CLOCK      ; 7.121  ; 7.121  ; Rise       ; CLOCK           ;
;  MPC[7]               ; CLOCK      ; 7.116  ; 7.116  ; Rise       ; CLOCK           ;
;  MPC[8]               ; CLOCK      ; 9.734  ; 9.734  ; Rise       ; CLOCK           ;
; PC[*]                 ; CLOCK      ; 11.203 ; 11.203 ; Rise       ; CLOCK           ;
;  PC[0]                ; CLOCK      ; 10.069 ; 10.069 ; Rise       ; CLOCK           ;
;  PC[1]                ; CLOCK      ; 10.849 ; 10.849 ; Rise       ; CLOCK           ;
;  PC[2]                ; CLOCK      ; 10.377 ; 10.377 ; Rise       ; CLOCK           ;
;  PC[3]                ; CLOCK      ; 10.411 ; 10.411 ; Rise       ; CLOCK           ;
;  PC[4]                ; CLOCK      ; 10.590 ; 10.590 ; Rise       ; CLOCK           ;
;  PC[5]                ; CLOCK      ; 10.322 ; 10.322 ; Rise       ; CLOCK           ;
;  PC[6]                ; CLOCK      ; 9.940  ; 9.940  ; Rise       ; CLOCK           ;
;  PC[7]                ; CLOCK      ; 10.364 ; 10.364 ; Rise       ; CLOCK           ;
;  PC[8]                ; CLOCK      ; 10.047 ; 10.047 ; Rise       ; CLOCK           ;
;  PC[9]                ; CLOCK      ; 10.451 ; 10.451 ; Rise       ; CLOCK           ;
;  PC[10]               ; CLOCK      ; 10.065 ; 10.065 ; Rise       ; CLOCK           ;
;  PC[11]               ; CLOCK      ; 10.425 ; 10.425 ; Rise       ; CLOCK           ;
;  PC[12]               ; CLOCK      ; 10.942 ; 10.942 ; Rise       ; CLOCK           ;
;  PC[13]               ; CLOCK      ; 10.660 ; 10.660 ; Rise       ; CLOCK           ;
;  PC[14]               ; CLOCK      ; 10.588 ; 10.588 ; Rise       ; CLOCK           ;
;  PC[15]               ; CLOCK      ; 10.159 ; 10.159 ; Rise       ; CLOCK           ;
;  PC[16]               ; CLOCK      ; 10.113 ; 10.113 ; Rise       ; CLOCK           ;
;  PC[17]               ; CLOCK      ; 9.938  ; 9.938  ; Rise       ; CLOCK           ;
;  PC[18]               ; CLOCK      ; 11.203 ; 11.203 ; Rise       ; CLOCK           ;
;  PC[19]               ; CLOCK      ; 11.136 ; 11.136 ; Rise       ; CLOCK           ;
;  PC[20]               ; CLOCK      ; 10.856 ; 10.856 ; Rise       ; CLOCK           ;
;  PC[21]               ; CLOCK      ; 10.758 ; 10.758 ; Rise       ; CLOCK           ;
;  PC[22]               ; CLOCK      ; 10.632 ; 10.632 ; Rise       ; CLOCK           ;
;  PC[23]               ; CLOCK      ; 10.493 ; 10.493 ; Rise       ; CLOCK           ;
;  PC[24]               ; CLOCK      ; 10.851 ; 10.851 ; Rise       ; CLOCK           ;
;  PC[25]               ; CLOCK      ; 10.558 ; 10.558 ; Rise       ; CLOCK           ;
;  PC[26]               ; CLOCK      ; 10.552 ; 10.552 ; Rise       ; CLOCK           ;
;  PC[27]               ; CLOCK      ; 11.121 ; 11.121 ; Rise       ; CLOCK           ;
;  PC[28]               ; CLOCK      ; 9.609  ; 9.609  ; Rise       ; CLOCK           ;
;  PC[29]               ; CLOCK      ; 10.394 ; 10.394 ; Rise       ; CLOCK           ;
;  PC[30]               ; CLOCK      ; 10.495 ; 10.495 ; Rise       ; CLOCK           ;
;  PC[31]               ; CLOCK      ; 10.435 ; 10.435 ; Rise       ; CLOCK           ;
; C_BUS[*]              ; CLOCK      ; 29.737 ; 29.737 ; Fall       ; CLOCK           ;
;  C_BUS[0]             ; CLOCK      ; 17.871 ; 17.871 ; Fall       ; CLOCK           ;
;  C_BUS[1]             ; CLOCK      ; 19.130 ; 19.130 ; Fall       ; CLOCK           ;
;  C_BUS[2]             ; CLOCK      ; 18.415 ; 18.415 ; Fall       ; CLOCK           ;
;  C_BUS[3]             ; CLOCK      ; 17.760 ; 17.760 ; Fall       ; CLOCK           ;
;  C_BUS[4]             ; CLOCK      ; 19.269 ; 19.269 ; Fall       ; CLOCK           ;
;  C_BUS[5]             ; CLOCK      ; 19.410 ; 19.410 ; Fall       ; CLOCK           ;
;  C_BUS[6]             ; CLOCK      ; 19.156 ; 19.156 ; Fall       ; CLOCK           ;
;  C_BUS[7]             ; CLOCK      ; 20.003 ; 20.003 ; Fall       ; CLOCK           ;
;  C_BUS[8]             ; CLOCK      ; 20.975 ; 20.975 ; Fall       ; CLOCK           ;
;  C_BUS[9]             ; CLOCK      ; 21.052 ; 21.052 ; Fall       ; CLOCK           ;
;  C_BUS[10]            ; CLOCK      ; 21.361 ; 21.361 ; Fall       ; CLOCK           ;
;  C_BUS[11]            ; CLOCK      ; 22.278 ; 22.278 ; Fall       ; CLOCK           ;
;  C_BUS[12]            ; CLOCK      ; 21.756 ; 21.756 ; Fall       ; CLOCK           ;
;  C_BUS[13]            ; CLOCK      ; 22.587 ; 22.587 ; Fall       ; CLOCK           ;
;  C_BUS[14]            ; CLOCK      ; 22.292 ; 22.292 ; Fall       ; CLOCK           ;
;  C_BUS[15]            ; CLOCK      ; 22.132 ; 22.132 ; Fall       ; CLOCK           ;
;  C_BUS[16]            ; CLOCK      ; 23.313 ; 23.313 ; Fall       ; CLOCK           ;
;  C_BUS[17]            ; CLOCK      ; 24.137 ; 24.137 ; Fall       ; CLOCK           ;
;  C_BUS[18]            ; CLOCK      ; 24.740 ; 24.740 ; Fall       ; CLOCK           ;
;  C_BUS[19]            ; CLOCK      ; 24.976 ; 24.976 ; Fall       ; CLOCK           ;
;  C_BUS[20]            ; CLOCK      ; 25.557 ; 25.557 ; Fall       ; CLOCK           ;
;  C_BUS[21]            ; CLOCK      ; 25.948 ; 25.948 ; Fall       ; CLOCK           ;
;  C_BUS[22]            ; CLOCK      ; 26.318 ; 26.318 ; Fall       ; CLOCK           ;
;  C_BUS[23]            ; CLOCK      ; 26.827 ; 26.827 ; Fall       ; CLOCK           ;
;  C_BUS[24]            ; CLOCK      ; 26.897 ; 26.897 ; Fall       ; CLOCK           ;
;  C_BUS[25]            ; CLOCK      ; 27.705 ; 27.705 ; Fall       ; CLOCK           ;
;  C_BUS[26]            ; CLOCK      ; 27.733 ; 27.733 ; Fall       ; CLOCK           ;
;  C_BUS[27]            ; CLOCK      ; 28.107 ; 28.107 ; Fall       ; CLOCK           ;
;  C_BUS[28]            ; CLOCK      ; 29.737 ; 29.737 ; Fall       ; CLOCK           ;
;  C_BUS[29]            ; CLOCK      ; 29.132 ; 29.132 ; Fall       ; CLOCK           ;
;  C_BUS[30]            ; CLOCK      ; 29.728 ; 29.728 ; Fall       ; CLOCK           ;
;  C_BUS[31]            ; CLOCK      ; 29.268 ; 29.268 ; Fall       ; CLOCK           ;
; MIR[*]                ; CLOCK      ; 11.074 ; 11.074 ; Fall       ; CLOCK           ;
;  MIR[0]               ; CLOCK      ; 10.082 ; 10.082 ; Fall       ; CLOCK           ;
;  MIR[1]               ; CLOCK      ; 10.169 ; 10.169 ; Fall       ; CLOCK           ;
;  MIR[2]               ; CLOCK      ; 10.523 ; 10.523 ; Fall       ; CLOCK           ;
;  MIR[3]               ; CLOCK      ; 10.191 ; 10.191 ; Fall       ; CLOCK           ;
;  MIR[4]               ; CLOCK      ; 10.937 ; 10.937 ; Fall       ; CLOCK           ;
;  MIR[5]               ; CLOCK      ; 10.010 ; 10.010 ; Fall       ; CLOCK           ;
;  MIR[6]               ; CLOCK      ; 9.700  ; 9.700  ; Fall       ; CLOCK           ;
;  MIR[7]               ; CLOCK      ; 10.868 ; 10.868 ; Fall       ; CLOCK           ;
;  MIR[8]               ; CLOCK      ; 10.563 ; 10.563 ; Fall       ; CLOCK           ;
;  MIR[9]               ; CLOCK      ; 10.437 ; 10.437 ; Fall       ; CLOCK           ;
;  MIR[10]              ; CLOCK      ; 10.487 ; 10.487 ; Fall       ; CLOCK           ;
;  MIR[11]              ; CLOCK      ; 10.708 ; 10.708 ; Fall       ; CLOCK           ;
;  MIR[12]              ; CLOCK      ; 10.193 ; 10.193 ; Fall       ; CLOCK           ;
;  MIR[13]              ; CLOCK      ; 10.729 ; 10.729 ; Fall       ; CLOCK           ;
;  MIR[14]              ; CLOCK      ; 9.868  ; 9.868  ; Fall       ; CLOCK           ;
;  MIR[15]              ; CLOCK      ; 10.523 ; 10.523 ; Fall       ; CLOCK           ;
;  MIR[16]              ; CLOCK      ; 9.809  ; 9.809  ; Fall       ; CLOCK           ;
;  MIR[17]              ; CLOCK      ; 10.282 ; 10.282 ; Fall       ; CLOCK           ;
;  MIR[18]              ; CLOCK      ; 10.070 ; 10.070 ; Fall       ; CLOCK           ;
;  MIR[19]              ; CLOCK      ; 10.332 ; 10.332 ; Fall       ; CLOCK           ;
;  MIR[20]              ; CLOCK      ; 10.632 ; 10.632 ; Fall       ; CLOCK           ;
;  MIR[21]              ; CLOCK      ; 10.762 ; 10.762 ; Fall       ; CLOCK           ;
;  MIR[22]              ; CLOCK      ; 11.074 ; 11.074 ; Fall       ; CLOCK           ;
;  MIR[23]              ; CLOCK      ; 10.812 ; 10.812 ; Fall       ; CLOCK           ;
;  MIR[24]              ; CLOCK      ; 10.020 ; 10.020 ; Fall       ; CLOCK           ;
;  MIR[25]              ; CLOCK      ; 9.997  ; 9.997  ; Fall       ; CLOCK           ;
;  MIR[26]              ; CLOCK      ; 10.218 ; 10.218 ; Fall       ; CLOCK           ;
;  MIR[27]              ; CLOCK      ; 9.835  ; 9.835  ; Fall       ; CLOCK           ;
;  MIR[28]              ; CLOCK      ; 9.743  ; 9.743  ; Fall       ; CLOCK           ;
;  MIR[29]              ; CLOCK      ; 10.293 ; 10.293 ; Fall       ; CLOCK           ;
;  MIR[30]              ; CLOCK      ; 10.357 ; 10.357 ; Fall       ; CLOCK           ;
;  MIR[31]              ; CLOCK      ; 10.254 ; 10.254 ; Fall       ; CLOCK           ;
;  MIR[32]              ; CLOCK      ; 10.508 ; 10.508 ; Fall       ; CLOCK           ;
;  MIR[33]              ; CLOCK      ; 10.559 ; 10.559 ; Fall       ; CLOCK           ;
;  MIR[34]              ; CLOCK      ; 10.338 ; 10.338 ; Fall       ; CLOCK           ;
;  MIR[35]              ; CLOCK      ; 9.816  ; 9.816  ; Fall       ; CLOCK           ;
; MPC[*]                ; CLOCK      ; 11.751 ; 11.751 ; Fall       ; CLOCK           ;
;  MPC[0]               ; CLOCK      ; 10.923 ; 10.923 ; Fall       ; CLOCK           ;
;  MPC[1]               ; CLOCK      ; 10.903 ; 10.903 ; Fall       ; CLOCK           ;
;  MPC[2]               ; CLOCK      ; 11.126 ; 11.126 ; Fall       ; CLOCK           ;
;  MPC[3]               ; CLOCK      ; 10.920 ; 10.920 ; Fall       ; CLOCK           ;
;  MPC[4]               ; CLOCK      ; 11.064 ; 11.064 ; Fall       ; CLOCK           ;
;  MPC[5]               ; CLOCK      ; 11.341 ; 11.341 ; Fall       ; CLOCK           ;
;  MPC[6]               ; CLOCK      ; 10.930 ; 10.930 ; Fall       ; CLOCK           ;
;  MPC[7]               ; CLOCK      ; 10.942 ; 10.942 ; Fall       ; CLOCK           ;
;  MPC[8]               ; CLOCK      ; 11.751 ; 11.751 ; Fall       ; CLOCK           ;
+-----------------------+------------+--------+--------+------------+-----------------+


+-----------------------------------------------------------------------------------+
; Minimum Clock to Output Times                                                     ;
+-----------------------+------------+-------+-------+------------+-----------------+
; Data Port             ; Clock Port ; Rise  ; Fall  ; Clock Edge ; Clock Reference ;
+-----------------------+------------+-------+-------+------------+-----------------+
; C_BUS[*]              ; CLOCK      ; 5.682 ; 5.682 ; Rise       ; CLOCK           ;
;  C_BUS[0]             ; CLOCK      ; 6.054 ; 6.054 ; Rise       ; CLOCK           ;
;  C_BUS[1]             ; CLOCK      ; 6.362 ; 6.362 ; Rise       ; CLOCK           ;
;  C_BUS[2]             ; CLOCK      ; 5.816 ; 5.816 ; Rise       ; CLOCK           ;
;  C_BUS[3]             ; CLOCK      ; 5.878 ; 5.878 ; Rise       ; CLOCK           ;
;  C_BUS[4]             ; CLOCK      ; 6.072 ; 6.072 ; Rise       ; CLOCK           ;
;  C_BUS[5]             ; CLOCK      ; 5.881 ; 5.881 ; Rise       ; CLOCK           ;
;  C_BUS[6]             ; CLOCK      ; 5.682 ; 5.682 ; Rise       ; CLOCK           ;
;  C_BUS[7]             ; CLOCK      ; 6.415 ; 6.415 ; Rise       ; CLOCK           ;
;  C_BUS[8]             ; CLOCK      ; 6.704 ; 6.704 ; Rise       ; CLOCK           ;
;  C_BUS[9]             ; CLOCK      ; 6.357 ; 6.357 ; Rise       ; CLOCK           ;
;  C_BUS[10]            ; CLOCK      ; 6.356 ; 6.356 ; Rise       ; CLOCK           ;
;  C_BUS[11]            ; CLOCK      ; 6.138 ; 6.138 ; Rise       ; CLOCK           ;
;  C_BUS[12]            ; CLOCK      ; 6.453 ; 6.453 ; Rise       ; CLOCK           ;
;  C_BUS[13]            ; CLOCK      ; 6.349 ; 6.349 ; Rise       ; CLOCK           ;
;  C_BUS[14]            ; CLOCK      ; 6.030 ; 6.030 ; Rise       ; CLOCK           ;
;  C_BUS[15]            ; CLOCK      ; 6.131 ; 6.131 ; Rise       ; CLOCK           ;
;  C_BUS[16]            ; CLOCK      ; 6.746 ; 6.746 ; Rise       ; CLOCK           ;
;  C_BUS[17]            ; CLOCK      ; 6.692 ; 6.692 ; Rise       ; CLOCK           ;
;  C_BUS[18]            ; CLOCK      ; 6.903 ; 6.903 ; Rise       ; CLOCK           ;
;  C_BUS[19]            ; CLOCK      ; 7.030 ; 7.030 ; Rise       ; CLOCK           ;
;  C_BUS[20]            ; CLOCK      ; 6.874 ; 6.874 ; Rise       ; CLOCK           ;
;  C_BUS[21]            ; CLOCK      ; 6.988 ; 6.988 ; Rise       ; CLOCK           ;
;  C_BUS[22]            ; CLOCK      ; 6.892 ; 6.892 ; Rise       ; CLOCK           ;
;  C_BUS[23]            ; CLOCK      ; 6.948 ; 6.948 ; Rise       ; CLOCK           ;
;  C_BUS[24]            ; CLOCK      ; 6.912 ; 6.912 ; Rise       ; CLOCK           ;
;  C_BUS[25]            ; CLOCK      ; 7.003 ; 7.003 ; Rise       ; CLOCK           ;
;  C_BUS[26]            ; CLOCK      ; 6.801 ; 6.801 ; Rise       ; CLOCK           ;
;  C_BUS[27]            ; CLOCK      ; 6.955 ; 6.955 ; Rise       ; CLOCK           ;
;  C_BUS[28]            ; CLOCK      ; 7.398 ; 7.398 ; Rise       ; CLOCK           ;
;  C_BUS[29]            ; CLOCK      ; 6.947 ; 6.947 ; Rise       ; CLOCK           ;
;  C_BUS[30]            ; CLOCK      ; 6.924 ; 6.924 ; Rise       ; CLOCK           ;
;  C_BUS[31]            ; CLOCK      ; 6.812 ; 6.812 ; Rise       ; CLOCK           ;
; DATA_MEM_ADDR[*]      ; CLOCK      ; 4.356 ; 4.356 ; Rise       ; CLOCK           ;
;  DATA_MEM_ADDR[0]     ; CLOCK      ; 4.739 ; 4.739 ; Rise       ; CLOCK           ;
;  DATA_MEM_ADDR[1]     ; CLOCK      ; 4.668 ; 4.668 ; Rise       ; CLOCK           ;
;  DATA_MEM_ADDR[2]     ; CLOCK      ; 4.679 ; 4.679 ; Rise       ; CLOCK           ;
;  DATA_MEM_ADDR[3]     ; CLOCK      ; 4.920 ; 4.920 ; Rise       ; CLOCK           ;
;  DATA_MEM_ADDR[4]     ; CLOCK      ; 4.847 ; 4.847 ; Rise       ; CLOCK           ;
;  DATA_MEM_ADDR[5]     ; CLOCK      ; 4.623 ; 4.623 ; Rise       ; CLOCK           ;
;  DATA_MEM_ADDR[6]     ; CLOCK      ; 4.766 ; 4.766 ; Rise       ; CLOCK           ;
;  DATA_MEM_ADDR[7]     ; CLOCK      ; 4.465 ; 4.465 ; Rise       ; CLOCK           ;
;  DATA_MEM_ADDR[8]     ; CLOCK      ; 4.821 ; 4.821 ; Rise       ; CLOCK           ;
;  DATA_MEM_ADDR[9]     ; CLOCK      ; 4.662 ; 4.662 ; Rise       ; CLOCK           ;
;  DATA_MEM_ADDR[10]    ; CLOCK      ; 4.447 ; 4.447 ; Rise       ; CLOCK           ;
;  DATA_MEM_ADDR[11]    ; CLOCK      ; 4.571 ; 4.571 ; Rise       ; CLOCK           ;
;  DATA_MEM_ADDR[12]    ; CLOCK      ; 4.454 ; 4.454 ; Rise       ; CLOCK           ;
;  DATA_MEM_ADDR[13]    ; CLOCK      ; 4.541 ; 4.541 ; Rise       ; CLOCK           ;
;  DATA_MEM_ADDR[14]    ; CLOCK      ; 4.752 ; 4.752 ; Rise       ; CLOCK           ;
;  DATA_MEM_ADDR[15]    ; CLOCK      ; 4.973 ; 4.973 ; Rise       ; CLOCK           ;
;  DATA_MEM_ADDR[16]    ; CLOCK      ; 4.888 ; 4.888 ; Rise       ; CLOCK           ;
;  DATA_MEM_ADDR[17]    ; CLOCK      ; 5.362 ; 5.362 ; Rise       ; CLOCK           ;
;  DATA_MEM_ADDR[18]    ; CLOCK      ; 4.872 ; 4.872 ; Rise       ; CLOCK           ;
;  DATA_MEM_ADDR[19]    ; CLOCK      ; 4.503 ; 4.503 ; Rise       ; CLOCK           ;
;  DATA_MEM_ADDR[20]    ; CLOCK      ; 4.719 ; 4.719 ; Rise       ; CLOCK           ;
;  DATA_MEM_ADDR[21]    ; CLOCK      ; 4.356 ; 4.356 ; Rise       ; CLOCK           ;
;  DATA_MEM_ADDR[22]    ; CLOCK      ; 4.621 ; 4.621 ; Rise       ; CLOCK           ;
;  DATA_MEM_ADDR[23]    ; CLOCK      ; 4.544 ; 4.544 ; Rise       ; CLOCK           ;
;  DATA_MEM_ADDR[24]    ; CLOCK      ; 4.908 ; 4.908 ; Rise       ; CLOCK           ;
;  DATA_MEM_ADDR[25]    ; CLOCK      ; 4.505 ; 4.505 ; Rise       ; CLOCK           ;
;  DATA_MEM_ADDR[26]    ; CLOCK      ; 4.474 ; 4.474 ; Rise       ; CLOCK           ;
;  DATA_MEM_ADDR[27]    ; CLOCK      ; 4.651 ; 4.651 ; Rise       ; CLOCK           ;
;  DATA_MEM_ADDR[28]    ; CLOCK      ; 4.514 ; 4.514 ; Rise       ; CLOCK           ;
;  DATA_MEM_ADDR[29]    ; CLOCK      ; 4.734 ; 4.734 ; Rise       ; CLOCK           ;
;  DATA_MEM_ADDR[30]    ; CLOCK      ; 4.940 ; 4.940 ; Rise       ; CLOCK           ;
;  DATA_MEM_ADDR[31]    ; CLOCK      ; 4.767 ; 4.767 ; Rise       ; CLOCK           ;
; DATA_MEM_OUT[*]       ; CLOCK      ; 5.585 ; 5.585 ; Rise       ; CLOCK           ;
;  DATA_MEM_OUT[0]      ; CLOCK      ; 5.770 ; 5.770 ; Rise       ; CLOCK           ;
;  DATA_MEM_OUT[1]      ; CLOCK      ; 6.137 ; 6.137 ; Rise       ; CLOCK           ;
;  DATA_MEM_OUT[2]      ; CLOCK      ; 5.926 ; 5.926 ; Rise       ; CLOCK           ;
;  DATA_MEM_OUT[3]      ; CLOCK      ; 6.269 ; 6.269 ; Rise       ; CLOCK           ;
;  DATA_MEM_OUT[4]      ; CLOCK      ; 5.595 ; 5.595 ; Rise       ; CLOCK           ;
;  DATA_MEM_OUT[5]      ; CLOCK      ; 5.793 ; 5.793 ; Rise       ; CLOCK           ;
;  DATA_MEM_OUT[6]      ; CLOCK      ; 5.903 ; 5.903 ; Rise       ; CLOCK           ;
;  DATA_MEM_OUT[7]      ; CLOCK      ; 6.126 ; 6.126 ; Rise       ; CLOCK           ;
;  DATA_MEM_OUT[8]      ; CLOCK      ; 6.060 ; 6.060 ; Rise       ; CLOCK           ;
;  DATA_MEM_OUT[9]      ; CLOCK      ; 6.260 ; 6.260 ; Rise       ; CLOCK           ;
;  DATA_MEM_OUT[10]     ; CLOCK      ; 5.823 ; 5.823 ; Rise       ; CLOCK           ;
;  DATA_MEM_OUT[11]     ; CLOCK      ; 6.086 ; 6.086 ; Rise       ; CLOCK           ;
;  DATA_MEM_OUT[12]     ; CLOCK      ; 5.630 ; 5.630 ; Rise       ; CLOCK           ;
;  DATA_MEM_OUT[13]     ; CLOCK      ; 5.808 ; 5.808 ; Rise       ; CLOCK           ;
;  DATA_MEM_OUT[14]     ; CLOCK      ; 6.229 ; 6.229 ; Rise       ; CLOCK           ;
;  DATA_MEM_OUT[15]     ; CLOCK      ; 6.192 ; 6.192 ; Rise       ; CLOCK           ;
;  DATA_MEM_OUT[16]     ; CLOCK      ; 6.024 ; 6.024 ; Rise       ; CLOCK           ;
;  DATA_MEM_OUT[17]     ; CLOCK      ; 6.083 ; 6.083 ; Rise       ; CLOCK           ;
;  DATA_MEM_OUT[18]     ; CLOCK      ; 6.160 ; 6.160 ; Rise       ; CLOCK           ;
;  DATA_MEM_OUT[19]     ; CLOCK      ; 6.013 ; 6.013 ; Rise       ; CLOCK           ;
;  DATA_MEM_OUT[20]     ; CLOCK      ; 6.081 ; 6.081 ; Rise       ; CLOCK           ;
;  DATA_MEM_OUT[21]     ; CLOCK      ; 6.294 ; 6.294 ; Rise       ; CLOCK           ;
;  DATA_MEM_OUT[22]     ; CLOCK      ; 6.362 ; 6.362 ; Rise       ; CLOCK           ;
;  DATA_MEM_OUT[23]     ; CLOCK      ; 5.585 ; 5.585 ; Rise       ; CLOCK           ;
;  DATA_MEM_OUT[24]     ; CLOCK      ; 6.285 ; 6.285 ; Rise       ; CLOCK           ;
;  DATA_MEM_OUT[25]     ; CLOCK      ; 6.037 ; 6.037 ; Rise       ; CLOCK           ;
;  DATA_MEM_OUT[26]     ; CLOCK      ; 5.962 ; 5.962 ; Rise       ; CLOCK           ;
;  DATA_MEM_OUT[27]     ; CLOCK      ; 6.373 ; 6.373 ; Rise       ; CLOCK           ;
;  DATA_MEM_OUT[28]     ; CLOCK      ; 5.874 ; 5.874 ; Rise       ; CLOCK           ;
;  DATA_MEM_OUT[29]     ; CLOCK      ; 6.090 ; 6.090 ; Rise       ; CLOCK           ;
;  DATA_MEM_OUT[30]     ; CLOCK      ; 6.066 ; 6.066 ; Rise       ; CLOCK           ;
;  DATA_MEM_OUT[31]     ; CLOCK      ; 5.983 ; 5.983 ; Rise       ; CLOCK           ;
; DATA_MEM_write_enable ; CLOCK      ; 3.988 ; 3.988 ; Rise       ; CLOCK           ;
; MBR_OUT[*]            ; CLOCK      ; 4.724 ; 4.724 ; Rise       ; CLOCK           ;
;  MBR_OUT[0]           ; CLOCK      ; 5.023 ; 5.023 ; Rise       ; CLOCK           ;
;  MBR_OUT[1]           ; CLOCK      ; 4.963 ; 4.963 ; Rise       ; CLOCK           ;
;  MBR_OUT[2]           ; CLOCK      ; 4.950 ; 4.950 ; Rise       ; CLOCK           ;
;  MBR_OUT[3]           ; CLOCK      ; 4.746 ; 4.746 ; Rise       ; CLOCK           ;
;  MBR_OUT[4]           ; CLOCK      ; 4.724 ; 4.724 ; Rise       ; CLOCK           ;
;  MBR_OUT[5]           ; CLOCK      ; 5.202 ; 5.202 ; Rise       ; CLOCK           ;
;  MBR_OUT[6]           ; CLOCK      ; 4.941 ; 4.941 ; Rise       ; CLOCK           ;
;  MBR_OUT[7]           ; CLOCK      ; 5.019 ; 5.019 ; Rise       ; CLOCK           ;
; MPC[*]                ; CLOCK      ; 4.124 ; 4.124 ; Rise       ; CLOCK           ;
;  MPC[0]               ; CLOCK      ; 4.144 ; 4.144 ; Rise       ; CLOCK           ;
;  MPC[1]               ; CLOCK      ; 4.239 ; 4.239 ; Rise       ; CLOCK           ;
;  MPC[2]               ; CLOCK      ; 4.214 ; 4.214 ; Rise       ; CLOCK           ;
;  MPC[3]               ; CLOCK      ; 4.124 ; 4.124 ; Rise       ; CLOCK           ;
;  MPC[4]               ; CLOCK      ; 4.162 ; 4.162 ; Rise       ; CLOCK           ;
;  MPC[5]               ; CLOCK      ; 4.280 ; 4.280 ; Rise       ; CLOCK           ;
;  MPC[6]               ; CLOCK      ; 4.157 ; 4.157 ; Rise       ; CLOCK           ;
;  MPC[7]               ; CLOCK      ; 4.144 ; 4.144 ; Rise       ; CLOCK           ;
;  MPC[8]               ; CLOCK      ; 5.239 ; 5.239 ; Rise       ; CLOCK           ;
; PC[*]                 ; CLOCK      ; 5.362 ; 5.362 ; Rise       ; CLOCK           ;
;  PC[0]                ; CLOCK      ; 5.608 ; 5.608 ; Rise       ; CLOCK           ;
;  PC[1]                ; CLOCK      ; 5.900 ; 5.900 ; Rise       ; CLOCK           ;
;  PC[2]                ; CLOCK      ; 5.762 ; 5.762 ; Rise       ; CLOCK           ;
;  PC[3]                ; CLOCK      ; 5.763 ; 5.763 ; Rise       ; CLOCK           ;
;  PC[4]                ; CLOCK      ; 5.851 ; 5.851 ; Rise       ; CLOCK           ;
;  PC[5]                ; CLOCK      ; 5.710 ; 5.710 ; Rise       ; CLOCK           ;
;  PC[6]                ; CLOCK      ; 5.550 ; 5.550 ; Rise       ; CLOCK           ;
;  PC[7]                ; CLOCK      ; 5.755 ; 5.755 ; Rise       ; CLOCK           ;
;  PC[8]                ; CLOCK      ; 5.598 ; 5.598 ; Rise       ; CLOCK           ;
;  PC[9]                ; CLOCK      ; 5.781 ; 5.781 ; Rise       ; CLOCK           ;
;  PC[10]               ; CLOCK      ; 5.618 ; 5.618 ; Rise       ; CLOCK           ;
;  PC[11]               ; CLOCK      ; 5.795 ; 5.795 ; Rise       ; CLOCK           ;
;  PC[12]               ; CLOCK      ; 5.922 ; 5.922 ; Rise       ; CLOCK           ;
;  PC[13]               ; CLOCK      ; 5.904 ; 5.904 ; Rise       ; CLOCK           ;
;  PC[14]               ; CLOCK      ; 5.854 ; 5.854 ; Rise       ; CLOCK           ;
;  PC[15]               ; CLOCK      ; 5.591 ; 5.591 ; Rise       ; CLOCK           ;
;  PC[16]               ; CLOCK      ; 5.608 ; 5.608 ; Rise       ; CLOCK           ;
;  PC[17]               ; CLOCK      ; 5.584 ; 5.584 ; Rise       ; CLOCK           ;
;  PC[18]               ; CLOCK      ; 6.097 ; 6.097 ; Rise       ; CLOCK           ;
;  PC[19]               ; CLOCK      ; 6.123 ; 6.123 ; Rise       ; CLOCK           ;
;  PC[20]               ; CLOCK      ; 5.986 ; 5.986 ; Rise       ; CLOCK           ;
;  PC[21]               ; CLOCK      ; 5.857 ; 5.857 ; Rise       ; CLOCK           ;
;  PC[22]               ; CLOCK      ; 5.874 ; 5.874 ; Rise       ; CLOCK           ;
;  PC[23]               ; CLOCK      ; 5.843 ; 5.843 ; Rise       ; CLOCK           ;
;  PC[24]               ; CLOCK      ; 5.980 ; 5.980 ; Rise       ; CLOCK           ;
;  PC[25]               ; CLOCK      ; 5.834 ; 5.834 ; Rise       ; CLOCK           ;
;  PC[26]               ; CLOCK      ; 5.831 ; 5.831 ; Rise       ; CLOCK           ;
;  PC[27]               ; CLOCK      ; 6.043 ; 6.043 ; Rise       ; CLOCK           ;
;  PC[28]               ; CLOCK      ; 5.362 ; 5.362 ; Rise       ; CLOCK           ;
;  PC[29]               ; CLOCK      ; 5.780 ; 5.780 ; Rise       ; CLOCK           ;
;  PC[30]               ; CLOCK      ; 5.723 ; 5.723 ; Rise       ; CLOCK           ;
;  PC[31]               ; CLOCK      ; 5.786 ; 5.786 ; Rise       ; CLOCK           ;
; C_BUS[*]              ; CLOCK      ; 6.558 ; 6.558 ; Fall       ; CLOCK           ;
;  C_BUS[0]             ; CLOCK      ; 6.750 ; 6.750 ; Fall       ; CLOCK           ;
;  C_BUS[1]             ; CLOCK      ; 7.225 ; 7.225 ; Fall       ; CLOCK           ;
;  C_BUS[2]             ; CLOCK      ; 7.212 ; 7.212 ; Fall       ; CLOCK           ;
;  C_BUS[3]             ; CLOCK      ; 7.125 ; 7.125 ; Fall       ; CLOCK           ;
;  C_BUS[4]             ; CLOCK      ; 7.093 ; 7.093 ; Fall       ; CLOCK           ;
;  C_BUS[5]             ; CLOCK      ; 7.069 ; 7.069 ; Fall       ; CLOCK           ;
;  C_BUS[6]             ; CLOCK      ; 6.558 ; 6.558 ; Fall       ; CLOCK           ;
;  C_BUS[7]             ; CLOCK      ; 7.217 ; 7.217 ; Fall       ; CLOCK           ;
;  C_BUS[8]             ; CLOCK      ; 7.651 ; 7.651 ; Fall       ; CLOCK           ;
;  C_BUS[9]             ; CLOCK      ; 7.305 ; 7.305 ; Fall       ; CLOCK           ;
;  C_BUS[10]            ; CLOCK      ; 7.426 ; 7.426 ; Fall       ; CLOCK           ;
;  C_BUS[11]            ; CLOCK      ; 7.556 ; 7.556 ; Fall       ; CLOCK           ;
;  C_BUS[12]            ; CLOCK      ; 7.390 ; 7.390 ; Fall       ; CLOCK           ;
;  C_BUS[13]            ; CLOCK      ; 7.551 ; 7.551 ; Fall       ; CLOCK           ;
;  C_BUS[14]            ; CLOCK      ; 7.138 ; 7.138 ; Fall       ; CLOCK           ;
;  C_BUS[15]            ; CLOCK      ; 6.950 ; 6.950 ; Fall       ; CLOCK           ;
;  C_BUS[16]            ; CLOCK      ; 7.503 ; 7.503 ; Fall       ; CLOCK           ;
;  C_BUS[17]            ; CLOCK      ; 7.614 ; 7.614 ; Fall       ; CLOCK           ;
;  C_BUS[18]            ; CLOCK      ; 7.469 ; 7.469 ; Fall       ; CLOCK           ;
;  C_BUS[19]            ; CLOCK      ; 7.758 ; 7.758 ; Fall       ; CLOCK           ;
;  C_BUS[20]            ; CLOCK      ; 7.537 ; 7.537 ; Fall       ; CLOCK           ;
;  C_BUS[21]            ; CLOCK      ; 7.674 ; 7.674 ; Fall       ; CLOCK           ;
;  C_BUS[22]            ; CLOCK      ; 7.518 ; 7.518 ; Fall       ; CLOCK           ;
;  C_BUS[23]            ; CLOCK      ; 7.466 ; 7.466 ; Fall       ; CLOCK           ;
;  C_BUS[24]            ; CLOCK      ; 7.585 ; 7.585 ; Fall       ; CLOCK           ;
;  C_BUS[25]            ; CLOCK      ; 7.673 ; 7.673 ; Fall       ; CLOCK           ;
;  C_BUS[26]            ; CLOCK      ; 7.416 ; 7.416 ; Fall       ; CLOCK           ;
;  C_BUS[27]            ; CLOCK      ; 7.606 ; 7.606 ; Fall       ; CLOCK           ;
;  C_BUS[28]            ; CLOCK      ; 8.145 ; 8.145 ; Fall       ; CLOCK           ;
;  C_BUS[29]            ; CLOCK      ; 7.657 ; 7.657 ; Fall       ; CLOCK           ;
;  C_BUS[30]            ; CLOCK      ; 7.522 ; 7.522 ; Fall       ; CLOCK           ;
;  C_BUS[31]            ; CLOCK      ; 7.487 ; 7.487 ; Fall       ; CLOCK           ;
; MIR[*]                ; CLOCK      ; 5.644 ; 5.644 ; Fall       ; CLOCK           ;
;  MIR[0]               ; CLOCK      ; 6.013 ; 6.013 ; Fall       ; CLOCK           ;
;  MIR[1]               ; CLOCK      ; 6.042 ; 6.042 ; Fall       ; CLOCK           ;
;  MIR[2]               ; CLOCK      ; 6.295 ; 6.295 ; Fall       ; CLOCK           ;
;  MIR[3]               ; CLOCK      ; 6.064 ; 6.064 ; Fall       ; CLOCK           ;
;  MIR[4]               ; CLOCK      ; 6.466 ; 6.466 ; Fall       ; CLOCK           ;
;  MIR[5]               ; CLOCK      ; 6.027 ; 6.027 ; Fall       ; CLOCK           ;
;  MIR[6]               ; CLOCK      ; 5.884 ; 5.884 ; Fall       ; CLOCK           ;
;  MIR[7]               ; CLOCK      ; 6.069 ; 6.069 ; Fall       ; CLOCK           ;
;  MIR[8]               ; CLOCK      ; 5.935 ; 5.935 ; Fall       ; CLOCK           ;
;  MIR[9]               ; CLOCK      ; 5.788 ; 5.788 ; Fall       ; CLOCK           ;
;  MIR[10]              ; CLOCK      ; 5.830 ; 5.830 ; Fall       ; CLOCK           ;
;  MIR[11]              ; CLOCK      ; 5.986 ; 5.986 ; Fall       ; CLOCK           ;
;  MIR[12]              ; CLOCK      ; 5.709 ; 5.709 ; Fall       ; CLOCK           ;
;  MIR[13]              ; CLOCK      ; 5.999 ; 5.999 ; Fall       ; CLOCK           ;
;  MIR[14]              ; CLOCK      ; 5.644 ; 5.644 ; Fall       ; CLOCK           ;
;  MIR[15]              ; CLOCK      ; 5.910 ; 5.910 ; Fall       ; CLOCK           ;
;  MIR[16]              ; CLOCK      ; 5.906 ; 5.906 ; Fall       ; CLOCK           ;
;  MIR[17]              ; CLOCK      ; 6.213 ; 6.213 ; Fall       ; CLOCK           ;
;  MIR[18]              ; CLOCK      ; 5.993 ; 5.993 ; Fall       ; CLOCK           ;
;  MIR[19]              ; CLOCK      ; 6.157 ; 6.157 ; Fall       ; CLOCK           ;
;  MIR[20]              ; CLOCK      ; 6.343 ; 6.343 ; Fall       ; CLOCK           ;
;  MIR[21]              ; CLOCK      ; 6.346 ; 6.346 ; Fall       ; CLOCK           ;
;  MIR[22]              ; CLOCK      ; 6.573 ; 6.573 ; Fall       ; CLOCK           ;
;  MIR[23]              ; CLOCK      ; 6.442 ; 6.442 ; Fall       ; CLOCK           ;
;  MIR[24]              ; CLOCK      ; 6.041 ; 6.041 ; Fall       ; CLOCK           ;
;  MIR[25]              ; CLOCK      ; 6.032 ; 6.032 ; Fall       ; CLOCK           ;
;  MIR[26]              ; CLOCK      ; 6.128 ; 6.128 ; Fall       ; CLOCK           ;
;  MIR[27]              ; CLOCK      ; 5.921 ; 5.921 ; Fall       ; CLOCK           ;
;  MIR[28]              ; CLOCK      ; 5.911 ; 5.911 ; Fall       ; CLOCK           ;
;  MIR[29]              ; CLOCK      ; 6.180 ; 6.180 ; Fall       ; CLOCK           ;
;  MIR[30]              ; CLOCK      ; 6.189 ; 6.189 ; Fall       ; CLOCK           ;
;  MIR[31]              ; CLOCK      ; 6.138 ; 6.138 ; Fall       ; CLOCK           ;
;  MIR[32]              ; CLOCK      ; 6.265 ; 6.265 ; Fall       ; CLOCK           ;
;  MIR[33]              ; CLOCK      ; 6.287 ; 6.287 ; Fall       ; CLOCK           ;
;  MIR[34]              ; CLOCK      ; 6.194 ; 6.194 ; Fall       ; CLOCK           ;
;  MIR[35]              ; CLOCK      ; 5.908 ; 5.908 ; Fall       ; CLOCK           ;
; MPC[*]                ; CLOCK      ; 6.288 ; 6.288 ; Fall       ; CLOCK           ;
;  MPC[0]               ; CLOCK      ; 6.317 ; 6.317 ; Fall       ; CLOCK           ;
;  MPC[1]               ; CLOCK      ; 6.410 ; 6.410 ; Fall       ; CLOCK           ;
;  MPC[2]               ; CLOCK      ; 6.388 ; 6.388 ; Fall       ; CLOCK           ;
;  MPC[3]               ; CLOCK      ; 6.288 ; 6.288 ; Fall       ; CLOCK           ;
;  MPC[4]               ; CLOCK      ; 6.328 ; 6.328 ; Fall       ; CLOCK           ;
;  MPC[5]               ; CLOCK      ; 6.442 ; 6.442 ; Fall       ; CLOCK           ;
;  MPC[6]               ; CLOCK      ; 6.331 ; 6.331 ; Fall       ; CLOCK           ;
;  MPC[7]               ; CLOCK      ; 6.321 ; 6.321 ; Fall       ; CLOCK           ;
;  MPC[8]               ; CLOCK      ; 6.472 ; 6.472 ; Fall       ; CLOCK           ;
+-----------------------+------------+-------+-------+------------+-----------------+


+-------------------------------------------------------------------+
; Setup Transfers                                                   ;
+------------+----------+----------+----------+----------+----------+
; From Clock ; To Clock ; RR Paths ; FR Paths ; RF Paths ; FF Paths ;
+------------+----------+----------+----------+----------+----------+
; CLOCK      ; CLOCK    ; 158955   ; 5877378  ; 264      ; 742      ;
+------------+----------+----------+----------+----------+----------+
Entries labeled "false path" only account for clock-to-clock false paths and not path-based false paths. As a result, actual path counts may be lower than reported.


+-------------------------------------------------------------------+
; Hold Transfers                                                    ;
+------------+----------+----------+----------+----------+----------+
; From Clock ; To Clock ; RR Paths ; FR Paths ; RF Paths ; FF Paths ;
+------------+----------+----------+----------+----------+----------+
; CLOCK      ; CLOCK    ; 158955   ; 5877378  ; 264      ; 742      ;
+------------+----------+----------+----------+----------+----------+
Entries labeled "false path" only account for clock-to-clock false paths and not path-based false paths. As a result, actual path counts may be lower than reported.


---------------
; Report TCCS ;
---------------
No dedicated SERDES Transmitter circuitry present in device or used in design


---------------
; Report RSKM ;
---------------
No dedicated SERDES Receiver circuitry present in device or used in design


+------------------------------------------------+
; Unconstrained Paths                            ;
+---------------------------------+-------+------+
; Property                        ; Setup ; Hold ;
+---------------------------------+-------+------+
; Illegal Clocks                  ; 0     ; 0    ;
; Unconstrained Clocks            ; 0     ; 0    ;
; Unconstrained Input Ports       ; 1     ; 1    ;
; Unconstrained Input Port Paths  ; 304   ; 304  ;
; Unconstrained Output Ports      ; 182   ; 182  ;
; Unconstrained Output Port Paths ; 6092  ; 6092 ;
+---------------------------------+-------+------+


+------------------------------------+
; TimeQuest Timing Analyzer Messages ;
+------------------------------------+
Info: *******************************************************************
Info: Running Quartus II 64-Bit TimeQuest Timing Analyzer
    Info: Version 13.0.1 Build 232 06/12/2013 Service Pack 1 SJ Web Edition
    Info: Processing started: Fri Jan 17 08:00:28 2025
Info: Command: quartus_sta MIC1 -c MIC1
Info: qsta_default_script.tcl version: #1
Warning (20028): Parallel compilation is not licensed and has been disabled
Critical Warning (332012): Synopsys Design Constraints File file not found: 'MIC1.sdc'. A Synopsys Design Constraints File is required by the TimeQuest Timing Analyzer to get proper timing constraints. Without it, the Compiler will not properly optimize the design.
Info (332142): No user constrained base clocks found in the design. Calling "derive_clocks -period 1.0"
Info (332105): Deriving Clocks
    Info (332105): create_clock -period 1.000 -name CLOCK CLOCK
Info: Found TIMEQUEST_REPORT_SCRIPT_INCLUDE_DEFAULT_ANALYSIS = ON
Info: Analyzing Slow Model
Critical Warning (332148): Timing requirements not met
Info (332146): Worst-case setup slack is -23.614
    Info (332119):     Slack End Point TNS Clock 
    Info (332119): ========= ============= =====================
    Info (332119):   -23.614     -5237.531 CLOCK 
Info (332146): Worst-case hold slack is -0.697
    Info (332119):     Slack End Point TNS Clock 
    Info (332119): ========= ============= =====================
    Info (332119):    -0.697        -9.879 CLOCK 
Info (332140): No Recovery paths to report
Info (332140): No Removal paths to report
Info (332146): Worst-case minimum pulse width slack is -2.000
    Info (332119):     Slack End Point TNS Clock 
    Info (332119): ========= ============= =====================
    Info (332119):    -2.000     -1476.836 CLOCK 
Info (332001): The selected device family is not supported by the report_metastability command.
Info: Analyzing Fast Model
Critical Warning (332148): Timing requirements not met
Info (332146): Worst-case setup slack is -10.491
    Info (332119):     Slack End Point TNS Clock 
    Info (332119): ========= ============= =====================
    Info (332119):   -10.491     -2353.754 CLOCK 
Info (332146): Worst-case hold slack is -0.388
    Info (332119):     Slack End Point TNS Clock 
    Info (332119): ========= ============= =====================
    Info (332119):    -0.388        -7.639 CLOCK 
Info (332140): No Recovery paths to report
Info (332140): No Removal paths to report
Info (332146): Worst-case minimum pulse width slack is -2.000
    Info (332119):     Slack End Point TNS Clock 
    Info (332119): ========= ============= =====================
    Info (332119):    -2.000     -1476.836 CLOCK 
Info (332001): The selected device family is not supported by the report_metastability command.
Info (332102): Design is not fully constrained for setup requirements
Info (332102): Design is not fully constrained for hold requirements
Info: Quartus II 64-Bit TimeQuest Timing Analyzer was successful. 0 errors, 4 warnings
    Info: Peak virtual memory: 4556 megabytes
    Info: Processing ended: Fri Jan 17 08:00:32 2025
    Info: Elapsed time: 00:00:04
    Info: Total CPU time (on all processors): 00:00:03


