Simulator report for MIC1
Fri Jan 17 08:34:47 2025
Quartus II 64-Bit Version 13.0.1 Build 232 06/12/2013 Service Pack 1 SJ Web Edition


---------------------
; Table of Contents ;
---------------------
  1. Legal Notice
  2. Simulator Summary
  3. Simulator Settings
  4. Simulation Waveforms
  5. |computador_mic|CPU:inst|CONTROL_UNIT:inst|CONTROL_STORE:inst8|altsyncram:altsyncram_component|altsyncram_n6a1:auto_generated|ALTSYNCRAM
  6. |computador_mic|RAM:inst3|altsyncram:altsyncram_component|altsyncram_fcb2:auto_generated|ALTSYNCRAM
  7. Coverage Summary
  8. Complete 1/0-Value Coverage
  9. Missing 1-Value Coverage
 10. Missing 0-Value Coverage
 11. Simulator INI Usage
 12. Simulator Messages



----------------
; Legal Notice ;
----------------
Copyright (C) 1991-2013 Altera Corporation
Your use of Altera Corporation's design tools, logic functions 
and other software and tools, and its AMPP partner logic 
functions, and any output files from any of the foregoing 
(including device programming or simulation files), and any 
associated documentation or information are expressly subject 
to the terms and conditions of the Altera Program License 
Subscription Agreement, Altera MegaCore Function License 
Agreement, or other applicable license agreement, including, 
without limitation, that your use is for the sole purpose of 
programming logic devices manufactured by Altera and sold by 
Altera or its authorized distributors.  Please refer to the 
applicable agreement for further details.



+---------------------------------------------+
; Simulator Summary                           ;
+-----------------------------+---------------+
; Type                        ; Value         ;
+-----------------------------+---------------+
; Simulation Start Time       ; 0 ps          ;
; Simulation End Time         ; 40.0 us       ;
; Simulation Netlist Size     ; 1085 nodes    ;
; Simulation Coverage         ;      59.01 %  ;
; Total Number of Transitions ; 144361        ;
; Simulation Breakpoints      ; 0             ;
; Family                      ; Cyclone II    ;
; Device                      ; EP2C15AF484C6 ;
+-----------------------------+---------------+


+-------------------------------------------------------------------------------------------------------------------------------------------------------------------------------------------------+
; Simulator Settings                                                                                                                                                                              ;
+--------------------------------------------------------------------------------------------+------------------------------------------------------------------------------------+---------------+
; Option                                                                                     ; Setting                                                                            ; Default Value ;
+--------------------------------------------------------------------------------------------+------------------------------------------------------------------------------------+---------------+
; Simulation mode                                                                            ; Timing                                                                             ; Timing        ;
; Start time                                                                                 ; 0 ns                                                                               ; 0 ns          ;
; Simulation results format                                                                  ; VWF                                                                                ;               ;
; Vector input source                                                                        ; C:/Users/grego/Desktop/mmm/joaquim/MIC1-main/mic atualizado/MIC1_recursive_sum.vwf ;               ;
; Add pins automatically to simulation output waveforms                                      ; On                                                                                 ; On            ;
; Check outputs                                                                              ; Off                                                                                ; Off           ;
; Report simulation coverage                                                                 ; On                                                                                 ; On            ;
; Display complete 1/0 value coverage report                                                 ; On                                                                                 ; On            ;
; Display missing 1-value coverage report                                                    ; On                                                                                 ; On            ;
; Display missing 0-value coverage report                                                    ; On                                                                                 ; On            ;
; Detect setup and hold time violations                                                      ; Off                                                                                ; Off           ;
; Detect glitches                                                                            ; Off                                                                                ; Off           ;
; Disable timing delays in Timing Simulation                                                 ; Off                                                                                ; Off           ;
; Generate Signal Activity File                                                              ; Off                                                                                ; Off           ;
; Generate VCD File for PowerPlay Power Analyzer                                             ; Off                                                                                ; Off           ;
; Group bus channels in simulation results                                                   ; Off                                                                                ; Off           ;
; Preserve fewer signal transitions to reduce memory requirements                            ; On                                                                                 ; On            ;
; Trigger vector comparison with the specified mode                                          ; INPUT_EDGE                                                                         ; INPUT_EDGE    ;
; Disable setup and hold time violations detection in input registers of bi-directional pins ; Off                                                                                ; Off           ;
; Overwrite Waveform Inputs With Simulation Outputs                                          ; Off                                                                                ;               ;
; Perform Glitch Filtering in Timing Simulation                                              ; Auto                                                                               ; Auto          ;
+--------------------------------------------------------------------------------------------+------------------------------------------------------------------------------------+---------------+


+----------------------+
; Simulation Waveforms ;
+----------------------+
Waveform report data cannot be output to ASCII.
Please use Quartus II 64-Bit to view the waveform report data.


+------------------------------------------------------------------------------------------------------------------------------------------+
; |computador_mic|CPU:inst|CONTROL_UNIT:inst|CONTROL_STORE:inst8|altsyncram:altsyncram_component|altsyncram_n6a1:auto_generated|ALTSYNCRAM ;
+------------------------------------------------------------------------------------------------------------------------------------------+
Please refer to fitter text-based report (*.fit.rpt) to view logical memory report content in ASCII.


+-----------------------------------------------------------------------------------------------------+
; |computador_mic|RAM:inst3|altsyncram:altsyncram_component|altsyncram_fcb2:auto_generated|ALTSYNCRAM ;
+-----------------------------------------------------------------------------------------------------+
Please refer to fitter text-based report (*.fit.rpt) to view logical memory report content in ASCII.


+--------------------------------------------------------------------+
; Coverage Summary                                                   ;
+-----------------------------------------------------+--------------+
; Type                                                ; Value        ;
+-----------------------------------------------------+--------------+
; Total coverage as a percentage                      ;      59.01 % ;
; Total nodes checked                                 ; 1085         ;
; Total output ports checked                          ; 1149         ;
; Total output ports with complete 1/0-value coverage ; 678          ;
; Total output ports with no 1/0-value coverage       ; 442          ;
; Total output ports with no 1-value coverage         ; 445          ;
; Total output ports with no 0-value coverage         ; 468          ;
+-----------------------------------------------------+--------------+


The following table displays output ports that toggle between 1 and 0 during simulation.
+--------------------------------------------------------------------------------------------------------------------------------------------------------------------------------------------------------------------------------------------------------------------------------------------------------+
; Complete 1/0-Value Coverage                                                                                                                                                                                                                                                                            ;
+---------------------------------------------------------------------------------------------------------------------------------------------+---------------------------------------------------------------------------------------------------------------------------------------+------------------+
; Node Name                                                                                                                                   ; Output Port Name                                                                                                                      ; Output Port Type ;
+---------------------------------------------------------------------------------------------------------------------------------------------+---------------------------------------------------------------------------------------------------------------------------------------+------------------+
; |computador_mic|CPU:inst|CONTROL_UNIT:inst|CONTROL_STORE:inst8|altsyncram:altsyncram_component|altsyncram_n6a1:auto_generated|ram_block1a0  ; |computador_mic|CPU:inst|CONTROL_UNIT:inst|CONTROL_STORE:inst8|altsyncram:altsyncram_component|altsyncram_n6a1:auto_generated|q_a[0]  ; portadataout0    ;
; |computador_mic|CPU:inst|CONTROL_UNIT:inst|CONTROL_STORE:inst8|altsyncram:altsyncram_component|altsyncram_n6a1:auto_generated|ram_block1a0  ; |computador_mic|CPU:inst|CONTROL_UNIT:inst|CONTROL_STORE:inst8|altsyncram:altsyncram_component|altsyncram_n6a1:auto_generated|q_a[1]  ; portadataout1    ;
; |computador_mic|CPU:inst|CONTROL_UNIT:inst|CONTROL_STORE:inst8|altsyncram:altsyncram_component|altsyncram_n6a1:auto_generated|ram_block1a0  ; |computador_mic|CPU:inst|CONTROL_UNIT:inst|CONTROL_STORE:inst8|altsyncram:altsyncram_component|altsyncram_n6a1:auto_generated|q_a[2]  ; portadataout2    ;
; |computador_mic|CPU:inst|CONTROL_UNIT:inst|CONTROL_STORE:inst8|altsyncram:altsyncram_component|altsyncram_n6a1:auto_generated|ram_block1a0  ; |computador_mic|CPU:inst|CONTROL_UNIT:inst|CONTROL_STORE:inst8|altsyncram:altsyncram_component|altsyncram_n6a1:auto_generated|q_a[17] ; portadataout4    ;
; |computador_mic|CPU:inst|CONTROL_UNIT:inst|CONTROL_STORE:inst8|altsyncram:altsyncram_component|altsyncram_n6a1:auto_generated|ram_block1a0  ; |computador_mic|CPU:inst|CONTROL_UNIT:inst|CONTROL_STORE:inst8|altsyncram:altsyncram_component|altsyncram_n6a1:auto_generated|q_a[18] ; portadataout5    ;
; |computador_mic|CPU:inst|CONTROL_UNIT:inst|CONTROL_STORE:inst8|altsyncram:altsyncram_component|altsyncram_n6a1:auto_generated|ram_block1a0  ; |computador_mic|CPU:inst|CONTROL_UNIT:inst|CONTROL_STORE:inst8|altsyncram:altsyncram_component|altsyncram_n6a1:auto_generated|q_a[19] ; portadataout6    ;
; |computador_mic|CPU:inst|CONTROL_UNIT:inst|CONTROL_STORE:inst8|altsyncram:altsyncram_component|altsyncram_n6a1:auto_generated|ram_block1a0  ; |computador_mic|CPU:inst|CONTROL_UNIT:inst|CONTROL_STORE:inst8|altsyncram:altsyncram_component|altsyncram_n6a1:auto_generated|q_a[20] ; portadataout7    ;
; |computador_mic|CPU:inst|CONTROL_UNIT:inst|CONTROL_STORE:inst8|altsyncram:altsyncram_component|altsyncram_n6a1:auto_generated|ram_block1a0  ; |computador_mic|CPU:inst|CONTROL_UNIT:inst|CONTROL_STORE:inst8|altsyncram:altsyncram_component|altsyncram_n6a1:auto_generated|q_a[21] ; portadataout8    ;
; |computador_mic|CPU:inst|DATAPATH:inst2|BANK_REGS:inst2|MDR:inst1|REGISTER32bit:inst1|REGISTER8bit:inst3|inst16                             ; |computador_mic|CPU:inst|DATAPATH:inst2|BANK_REGS:inst2|MDR:inst1|REGISTER32bit:inst1|REGISTER8bit:inst3|inst16                       ; regout           ;
; |computador_mic|CPU:inst|DATAPATH:inst2|BANK_REGS:inst2|MDR:inst1|REGISTER32bit:inst1|REGISTER8bit:inst3|inst20                             ; |computador_mic|CPU:inst|DATAPATH:inst2|BANK_REGS:inst2|MDR:inst1|REGISTER32bit:inst1|REGISTER8bit:inst3|inst20                       ; regout           ;
; |computador_mic|CPU:inst|DATAPATH:inst2|BANK_REGS:inst2|MDR:inst1|REGISTER32bit:inst1|REGISTER8bit:inst2|inst16                             ; |computador_mic|CPU:inst|DATAPATH:inst2|BANK_REGS:inst2|MDR:inst1|REGISTER32bit:inst1|REGISTER8bit:inst2|inst16                       ; regout           ;
; |computador_mic|CPU:inst|DATAPATH:inst2|BANK_REGS:inst2|MDR:inst1|REGISTER32bit:inst1|REGISTER8bit:inst2|inst20                             ; |computador_mic|CPU:inst|DATAPATH:inst2|BANK_REGS:inst2|MDR:inst1|REGISTER32bit:inst1|REGISTER8bit:inst2|inst20                       ; regout           ;
; |computador_mic|CPU:inst|DATAPATH:inst2|BANK_REGS:inst2|MDR:inst1|REGISTER32bit:inst1|REGISTER8bit:inst2|inst24                             ; |computador_mic|CPU:inst|DATAPATH:inst2|BANK_REGS:inst2|MDR:inst1|REGISTER32bit:inst1|REGISTER8bit:inst2|inst24                       ; regout           ;
; |computador_mic|CPU:inst|DATAPATH:inst2|BANK_REGS:inst2|MDR:inst1|REGISTER32bit:inst1|REGISTER8bit:inst2|inst28                             ; |computador_mic|CPU:inst|DATAPATH:inst2|BANK_REGS:inst2|MDR:inst1|REGISTER32bit:inst1|REGISTER8bit:inst2|inst28                       ; regout           ;
; |computador_mic|CPU:inst|DATAPATH:inst2|BANK_REGS:inst2|MDR:inst1|REGISTER32bit:inst1|REGISTER8bit:inst1|inst16                             ; |computador_mic|CPU:inst|DATAPATH:inst2|BANK_REGS:inst2|MDR:inst1|REGISTER32bit:inst1|REGISTER8bit:inst1|inst16                       ; regout           ;
; |computador_mic|CPU:inst|DATAPATH:inst2|BANK_REGS:inst2|MDR:inst1|REGISTER32bit:inst1|REGISTER8bit:inst1|inst20                             ; |computador_mic|CPU:inst|DATAPATH:inst2|BANK_REGS:inst2|MDR:inst1|REGISTER32bit:inst1|REGISTER8bit:inst1|inst20                       ; regout           ;
; |computador_mic|CPU:inst|DATAPATH:inst2|BANK_REGS:inst2|MDR:inst1|REGISTER32bit:inst1|REGISTER8bit:inst1|inst24                             ; |computador_mic|CPU:inst|DATAPATH:inst2|BANK_REGS:inst2|MDR:inst1|REGISTER32bit:inst1|REGISTER8bit:inst1|inst24                       ; regout           ;
; |computador_mic|CPU:inst|CONTROL_UNIT:inst|CONTROL_STORE:inst8|altsyncram:altsyncram_component|altsyncram_n6a1:auto_generated|ram_block1a16 ; |computador_mic|CPU:inst|CONTROL_UNIT:inst|CONTROL_STORE:inst8|altsyncram:altsyncram_component|altsyncram_n6a1:auto_generated|q_a[16] ; portadataout0    ;
; |computador_mic|CPU:inst|CONTROL_UNIT:inst|CONTROL_STORE:inst8|altsyncram:altsyncram_component|altsyncram_n6a1:auto_generated|ram_block1a16 ; |computador_mic|CPU:inst|CONTROL_UNIT:inst|CONTROL_STORE:inst8|altsyncram:altsyncram_component|altsyncram_n6a1:auto_generated|q_a[23] ; portadataout2    ;
; |computador_mic|CPU:inst|CONTROL_UNIT:inst|CONTROL_STORE:inst8|altsyncram:altsyncram_component|altsyncram_n6a1:auto_generated|ram_block1a16 ; |computador_mic|CPU:inst|CONTROL_UNIT:inst|CONTROL_STORE:inst8|altsyncram:altsyncram_component|altsyncram_n6a1:auto_generated|q_a[30] ; portadataout3    ;
; |computador_mic|CPU:inst|CONTROL_UNIT:inst|CONTROL_STORE:inst8|altsyncram:altsyncram_component|altsyncram_n6a1:auto_generated|ram_block1a16 ; |computador_mic|CPU:inst|CONTROL_UNIT:inst|CONTROL_STORE:inst8|altsyncram:altsyncram_component|altsyncram_n6a1:auto_generated|q_a[32] ; portadataout5    ;
; |computador_mic|CPU:inst|DATAPATH:inst2|BANK_REGS:inst2|MDR:inst1|REGISTER32bit:inst1|REGISTER8bit:inst3|inst~0                             ; |computador_mic|CPU:inst|DATAPATH:inst2|BANK_REGS:inst2|MDR:inst1|REGISTER32bit:inst1|REGISTER8bit:inst3|inst~0                       ; combout          ;
; |computador_mic|CPU:inst|DATAPATH:inst2|BANK_REGS:inst2|MDR:inst1|REGISTER32bit:inst1|REGISTER8bit:inst3|inst8~0                            ; |computador_mic|CPU:inst|DATAPATH:inst2|BANK_REGS:inst2|MDR:inst1|REGISTER32bit:inst1|REGISTER8bit:inst3|inst8~0                      ; combout          ;
; |computador_mic|CPU:inst|DATAPATH:inst2|BANK_REGS:inst2|MDR:inst1|REGISTER32bit:inst1|REGISTER8bit:inst3|inst12~0                           ; |computador_mic|CPU:inst|DATAPATH:inst2|BANK_REGS:inst2|MDR:inst1|REGISTER32bit:inst1|REGISTER8bit:inst3|inst12~0                     ; combout          ;
; |computador_mic|CPU:inst|DATAPATH:inst2|BANK_REGS:inst2|MDR:inst1|REGISTER32bit:inst1|REGISTER8bit:inst3|inst16~0                           ; |computador_mic|CPU:inst|DATAPATH:inst2|BANK_REGS:inst2|MDR:inst1|REGISTER32bit:inst1|REGISTER8bit:inst3|inst16~0                     ; combout          ;
; |computador_mic|CPU:inst|DATAPATH:inst2|BANK_REGS:inst2|MDR:inst1|REGISTER32bit:inst1|REGISTER8bit:inst3|inst20~0                           ; |computador_mic|CPU:inst|DATAPATH:inst2|BANK_REGS:inst2|MDR:inst1|REGISTER32bit:inst1|REGISTER8bit:inst3|inst20~0                     ; combout          ;
; |computador_mic|CPU:inst|DATAPATH:inst2|BANK_REGS:inst2|MDR:inst1|REGISTER32bit:inst1|REGISTER8bit:inst3|inst24~0                           ; |computador_mic|CPU:inst|DATAPATH:inst2|BANK_REGS:inst2|MDR:inst1|REGISTER32bit:inst1|REGISTER8bit:inst3|inst24~0                     ; combout          ;
; |computador_mic|CPU:inst|DATAPATH:inst2|BANK_REGS:inst2|MDR:inst1|REGISTER32bit:inst1|REGISTER8bit:inst3|inst28~0                           ; |computador_mic|CPU:inst|DATAPATH:inst2|BANK_REGS:inst2|MDR:inst1|REGISTER32bit:inst1|REGISTER8bit:inst3|inst28~0                     ; combout          ;
; |computador_mic|CPU:inst|DATAPATH:inst2|BANK_REGS:inst2|MDR:inst1|REGISTER32bit:inst1|REGISTER8bit:inst2|inst~0                             ; |computador_mic|CPU:inst|DATAPATH:inst2|BANK_REGS:inst2|MDR:inst1|REGISTER32bit:inst1|REGISTER8bit:inst2|inst~0                       ; combout          ;
; |computador_mic|CPU:inst|DATAPATH:inst2|BANK_REGS:inst2|MDR:inst1|REGISTER32bit:inst1|REGISTER8bit:inst2|inst5~0                            ; |computador_mic|CPU:inst|DATAPATH:inst2|BANK_REGS:inst2|MDR:inst1|REGISTER32bit:inst1|REGISTER8bit:inst2|inst5~0                      ; combout          ;
; |computador_mic|CPU:inst|DATAPATH:inst2|BANK_REGS:inst2|MDR:inst1|REGISTER32bit:inst1|REGISTER8bit:inst2|inst8~0                            ; |computador_mic|CPU:inst|DATAPATH:inst2|BANK_REGS:inst2|MDR:inst1|REGISTER32bit:inst1|REGISTER8bit:inst2|inst8~0                      ; combout          ;
; |computador_mic|CPU:inst|DATAPATH:inst2|BANK_REGS:inst2|MDR:inst1|REGISTER32bit:inst1|REGISTER8bit:inst2|inst12~0                           ; |computador_mic|CPU:inst|DATAPATH:inst2|BANK_REGS:inst2|MDR:inst1|REGISTER32bit:inst1|REGISTER8bit:inst2|inst12~0                     ; combout          ;
; |computador_mic|CPU:inst|DATAPATH:inst2|BANK_REGS:inst2|MDR:inst1|REGISTER32bit:inst1|REGISTER8bit:inst2|inst16~0                           ; |computador_mic|CPU:inst|DATAPATH:inst2|BANK_REGS:inst2|MDR:inst1|REGISTER32bit:inst1|REGISTER8bit:inst2|inst16~0                     ; combout          ;
; |computador_mic|CPU:inst|DATAPATH:inst2|BANK_REGS:inst2|MDR:inst1|REGISTER32bit:inst1|REGISTER8bit:inst2|inst20~0                           ; |computador_mic|CPU:inst|DATAPATH:inst2|BANK_REGS:inst2|MDR:inst1|REGISTER32bit:inst1|REGISTER8bit:inst2|inst20~0                     ; combout          ;
; |computador_mic|CPU:inst|DATAPATH:inst2|BANK_REGS:inst2|MDR:inst1|REGISTER32bit:inst1|REGISTER8bit:inst2|inst24~0                           ; |computador_mic|CPU:inst|DATAPATH:inst2|BANK_REGS:inst2|MDR:inst1|REGISTER32bit:inst1|REGISTER8bit:inst2|inst24~0                     ; combout          ;
; |computador_mic|CPU:inst|DATAPATH:inst2|BANK_REGS:inst2|MDR:inst1|REGISTER32bit:inst1|REGISTER8bit:inst2|inst28~0                           ; |computador_mic|CPU:inst|DATAPATH:inst2|BANK_REGS:inst2|MDR:inst1|REGISTER32bit:inst1|REGISTER8bit:inst2|inst28~0                     ; combout          ;
; |computador_mic|CPU:inst|DATAPATH:inst2|BANK_REGS:inst2|MDR:inst1|REGISTER32bit:inst1|REGISTER8bit:inst1|inst~0                             ; |computador_mic|CPU:inst|DATAPATH:inst2|BANK_REGS:inst2|MDR:inst1|REGISTER32bit:inst1|REGISTER8bit:inst1|inst~0                       ; combout          ;
; |computador_mic|CPU:inst|DATAPATH:inst2|BANK_REGS:inst2|MDR:inst1|REGISTER32bit:inst1|REGISTER8bit:inst1|inst5~0                            ; |computador_mic|CPU:inst|DATAPATH:inst2|BANK_REGS:inst2|MDR:inst1|REGISTER32bit:inst1|REGISTER8bit:inst1|inst5~0                      ; combout          ;
; |computador_mic|CPU:inst|DATAPATH:inst2|BANK_REGS:inst2|MDR:inst1|REGISTER32bit:inst1|REGISTER8bit:inst1|inst8~0                            ; |computador_mic|CPU:inst|DATAPATH:inst2|BANK_REGS:inst2|MDR:inst1|REGISTER32bit:inst1|REGISTER8bit:inst1|inst8~0                      ; combout          ;
; |computador_mic|CPU:inst|DATAPATH:inst2|BANK_REGS:inst2|MDR:inst1|REGISTER32bit:inst1|REGISTER8bit:inst1|inst12~0                           ; |computador_mic|CPU:inst|DATAPATH:inst2|BANK_REGS:inst2|MDR:inst1|REGISTER32bit:inst1|REGISTER8bit:inst1|inst12~0                     ; combout          ;
; |computador_mic|CPU:inst|DATAPATH:inst2|BANK_REGS:inst2|MDR:inst1|REGISTER32bit:inst1|REGISTER8bit:inst1|inst16~0                           ; |computador_mic|CPU:inst|DATAPATH:inst2|BANK_REGS:inst2|MDR:inst1|REGISTER32bit:inst1|REGISTER8bit:inst1|inst16~0                     ; combout          ;
; |computador_mic|CPU:inst|DATAPATH:inst2|BANK_REGS:inst2|MDR:inst1|REGISTER32bit:inst1|REGISTER8bit:inst1|inst20~0                           ; |computador_mic|CPU:inst|DATAPATH:inst2|BANK_REGS:inst2|MDR:inst1|REGISTER32bit:inst1|REGISTER8bit:inst1|inst20~0                     ; combout          ;
; |computador_mic|CPU:inst|DATAPATH:inst2|BANK_REGS:inst2|MDR:inst1|REGISTER32bit:inst1|REGISTER8bit:inst1|inst24~0                           ; |computador_mic|CPU:inst|DATAPATH:inst2|BANK_REGS:inst2|MDR:inst1|REGISTER32bit:inst1|REGISTER8bit:inst1|inst24~0                     ; combout          ;
; |computador_mic|CPU:inst|DATAPATH:inst2|BANK_REGS:inst2|MDR:inst1|REGISTER32bit:inst1|REGISTER8bit:inst1|inst28~0                           ; |computador_mic|CPU:inst|DATAPATH:inst2|BANK_REGS:inst2|MDR:inst1|REGISTER32bit:inst1|REGISTER8bit:inst1|inst28~0                     ; combout          ;
; |computador_mic|CPU:inst|CONTROL_UNIT:inst|CONTROL_STORE:inst8|altsyncram:altsyncram_component|altsyncram_n6a1:auto_generated|ram_block1a7  ; |computador_mic|CPU:inst|CONTROL_UNIT:inst|CONTROL_STORE:inst8|altsyncram:altsyncram_component|altsyncram_n6a1:auto_generated|q_a[7]  ; portadataout0    ;
; |computador_mic|CPU:inst|CONTROL_UNIT:inst|CONTROL_STORE:inst8|altsyncram:altsyncram_component|altsyncram_n6a1:auto_generated|ram_block1a7  ; |computador_mic|CPU:inst|CONTROL_UNIT:inst|CONTROL_STORE:inst8|altsyncram:altsyncram_component|altsyncram_n6a1:auto_generated|q_a[8]  ; portadataout1    ;
; |computador_mic|CPU:inst|CONTROL_UNIT:inst|CONTROL_STORE:inst8|altsyncram:altsyncram_component|altsyncram_n6a1:auto_generated|ram_block1a7  ; |computador_mic|CPU:inst|CONTROL_UNIT:inst|CONTROL_STORE:inst8|altsyncram:altsyncram_component|altsyncram_n6a1:auto_generated|q_a[9]  ; portadataout2    ;
; |computador_mic|CPU:inst|CONTROL_UNIT:inst|CONTROL_STORE:inst8|altsyncram:altsyncram_component|altsyncram_n6a1:auto_generated|ram_block1a7  ; |computador_mic|CPU:inst|CONTROL_UNIT:inst|CONTROL_STORE:inst8|altsyncram:altsyncram_component|altsyncram_n6a1:auto_generated|q_a[10] ; portadataout3    ;
; |computador_mic|CPU:inst|CONTROL_UNIT:inst|CONTROL_STORE:inst8|altsyncram:altsyncram_component|altsyncram_n6a1:auto_generated|ram_block1a7  ; |computador_mic|CPU:inst|CONTROL_UNIT:inst|CONTROL_STORE:inst8|altsyncram:altsyncram_component|altsyncram_n6a1:auto_generated|q_a[13] ; portadataout6    ;
; |computador_mic|CPU:inst|CONTROL_UNIT:inst|CONTROL_STORE:inst8|altsyncram:altsyncram_component|altsyncram_n6a1:auto_generated|ram_block1a7  ; |computador_mic|CPU:inst|CONTROL_UNIT:inst|CONTROL_STORE:inst8|altsyncram:altsyncram_component|altsyncram_n6a1:auto_generated|q_a[15] ; portadataout8    ;
; |computador_mic|CPU:inst|CONTROL_UNIT:inst|CONTROL_STORE:inst8|altsyncram:altsyncram_component|altsyncram_n6a1:auto_generated|ram_block1a4  ; |computador_mic|CPU:inst|CONTROL_UNIT:inst|CONTROL_STORE:inst8|altsyncram:altsyncram_component|altsyncram_n6a1:auto_generated|q_a[4]  ; portadataout0    ;
; |computador_mic|CPU:inst|CONTROL_UNIT:inst|CONTROL_STORE:inst8|altsyncram:altsyncram_component|altsyncram_n6a1:auto_generated|ram_block1a4  ; |computador_mic|CPU:inst|CONTROL_UNIT:inst|CONTROL_STORE:inst8|altsyncram:altsyncram_component|altsyncram_n6a1:auto_generated|q_a[5]  ; portadataout1    ;
; |computador_mic|CPU:inst|CONTROL_UNIT:inst|CONTROL_STORE:inst8|altsyncram:altsyncram_component|altsyncram_n6a1:auto_generated|ram_block1a4  ; |computador_mic|CPU:inst|CONTROL_UNIT:inst|CONTROL_STORE:inst8|altsyncram:altsyncram_component|altsyncram_n6a1:auto_generated|q_a[6]  ; portadataout2    ;
; |computador_mic|CPU:inst|CONTROL_UNIT:inst|CONTROL_STORE:inst8|altsyncram:altsyncram_component|altsyncram_n6a1:auto_generated|ram_block1a4  ; |computador_mic|CPU:inst|CONTROL_UNIT:inst|CONTROL_STORE:inst8|altsyncram:altsyncram_component|altsyncram_n6a1:auto_generated|q_a[26] ; portadataout5    ;
; |computador_mic|CPU:inst|CONTROL_UNIT:inst|CONTROL_STORE:inst8|altsyncram:altsyncram_component|altsyncram_n6a1:auto_generated|ram_block1a4  ; |computador_mic|CPU:inst|CONTROL_UNIT:inst|CONTROL_STORE:inst8|altsyncram:altsyncram_component|altsyncram_n6a1:auto_generated|q_a[27] ; portadataout6    ;
; |computador_mic|CPU:inst|CONTROL_UNIT:inst|CONTROL_STORE:inst8|altsyncram:altsyncram_component|altsyncram_n6a1:auto_generated|ram_block1a4  ; |computador_mic|CPU:inst|CONTROL_UNIT:inst|CONTROL_STORE:inst8|altsyncram:altsyncram_component|altsyncram_n6a1:auto_generated|q_a[28] ; portadataout7    ;
; |computador_mic|CPU:inst|CONTROL_UNIT:inst|CONTROL_STORE:inst8|altsyncram:altsyncram_component|altsyncram_n6a1:auto_generated|ram_block1a4  ; |computador_mic|CPU:inst|CONTROL_UNIT:inst|CONTROL_STORE:inst8|altsyncram:altsyncram_component|altsyncram_n6a1:auto_generated|q_a[29] ; portadataout8    ;
; |computador_mic|RAM:inst3|altsyncram:altsyncram_component|altsyncram_fcb2:auto_generated|ram_block1a6                                       ; |computador_mic|RAM:inst3|altsyncram:altsyncram_component|altsyncram_fcb2:auto_generated|q_a[6]                                       ; portadataout0    ;
; |computador_mic|RAM:inst3|altsyncram:altsyncram_component|altsyncram_fcb2:auto_generated|ram_block1a5                                       ; |computador_mic|RAM:inst3|altsyncram:altsyncram_component|altsyncram_fcb2:auto_generated|q_a[5]                                       ; portadataout0    ;
; |computador_mic|RAM:inst3|altsyncram:altsyncram_component|altsyncram_fcb2:auto_generated|ram_block1a4                                       ; |computador_mic|RAM:inst3|altsyncram:altsyncram_component|altsyncram_fcb2:auto_generated|q_a[4]                                       ; portadataout0    ;
; |computador_mic|RAM:inst3|altsyncram:altsyncram_component|altsyncram_fcb2:auto_generated|ram_block1a4                                       ; |computador_mic|RAM:inst3|altsyncram:altsyncram_component|altsyncram_fcb2:auto_generated|q_b[12]                                      ; portbdataout1    ;
; |computador_mic|RAM:inst3|altsyncram:altsyncram_component|altsyncram_fcb2:auto_generated|ram_block1a3                                       ; |computador_mic|RAM:inst3|altsyncram:altsyncram_component|altsyncram_fcb2:auto_generated|q_a[3]                                       ; portadataout0    ;
; |computador_mic|RAM:inst3|altsyncram:altsyncram_component|altsyncram_fcb2:auto_generated|ram_block1a3                                       ; |computador_mic|RAM:inst3|altsyncram:altsyncram_component|altsyncram_fcb2:auto_generated|q_b[11]                                      ; portbdataout1    ;
; |computador_mic|RAM:inst3|altsyncram:altsyncram_component|altsyncram_fcb2:auto_generated|ram_block1a3                                       ; |computador_mic|RAM:inst3|altsyncram:altsyncram_component|altsyncram_fcb2:auto_generated|q_b[19]                                      ; portbdataout2    ;
; |computador_mic|RAM:inst3|altsyncram:altsyncram_component|altsyncram_fcb2:auto_generated|ram_block1a3                                       ; |computador_mic|RAM:inst3|altsyncram:altsyncram_component|altsyncram_fcb2:auto_generated|q_b[27]                                      ; portbdataout3    ;
; |computador_mic|RAM:inst3|altsyncram:altsyncram_component|altsyncram_fcb2:auto_generated|ram_block1a2                                       ; |computador_mic|RAM:inst3|altsyncram:altsyncram_component|altsyncram_fcb2:auto_generated|q_a[2]                                       ; portadataout0    ;
; |computador_mic|RAM:inst3|altsyncram:altsyncram_component|altsyncram_fcb2:auto_generated|ram_block1a2                                       ; |computador_mic|RAM:inst3|altsyncram:altsyncram_component|altsyncram_fcb2:auto_generated|q_b[2]                                       ; portbdataout0    ;
; |computador_mic|RAM:inst3|altsyncram:altsyncram_component|altsyncram_fcb2:auto_generated|ram_block1a2                                       ; |computador_mic|RAM:inst3|altsyncram:altsyncram_component|altsyncram_fcb2:auto_generated|q_b[10]                                      ; portbdataout1    ;
; |computador_mic|RAM:inst3|altsyncram:altsyncram_component|altsyncram_fcb2:auto_generated|ram_block1a2                                       ; |computador_mic|RAM:inst3|altsyncram:altsyncram_component|altsyncram_fcb2:auto_generated|q_b[18]                                      ; portbdataout2    ;
; |computador_mic|RAM:inst3|altsyncram:altsyncram_component|altsyncram_fcb2:auto_generated|ram_block1a2                                       ; |computador_mic|RAM:inst3|altsyncram:altsyncram_component|altsyncram_fcb2:auto_generated|q_b[26]                                      ; portbdataout3    ;
; |computador_mic|RAM:inst3|altsyncram:altsyncram_component|altsyncram_fcb2:auto_generated|ram_block1a1                                       ; |computador_mic|RAM:inst3|altsyncram:altsyncram_component|altsyncram_fcb2:auto_generated|q_a[1]                                       ; portadataout0    ;
; |computador_mic|RAM:inst3|altsyncram:altsyncram_component|altsyncram_fcb2:auto_generated|ram_block1a1                                       ; |computador_mic|RAM:inst3|altsyncram:altsyncram_component|altsyncram_fcb2:auto_generated|q_b[1]                                       ; portbdataout0    ;
; |computador_mic|RAM:inst3|altsyncram:altsyncram_component|altsyncram_fcb2:auto_generated|ram_block1a1                                       ; |computador_mic|RAM:inst3|altsyncram:altsyncram_component|altsyncram_fcb2:auto_generated|q_b[9]                                       ; portbdataout1    ;
; |computador_mic|RAM:inst3|altsyncram:altsyncram_component|altsyncram_fcb2:auto_generated|ram_block1a1                                       ; |computador_mic|RAM:inst3|altsyncram:altsyncram_component|altsyncram_fcb2:auto_generated|q_b[17]                                      ; portbdataout2    ;
; |computador_mic|RAM:inst3|altsyncram:altsyncram_component|altsyncram_fcb2:auto_generated|ram_block1a0                                       ; |computador_mic|RAM:inst3|altsyncram:altsyncram_component|altsyncram_fcb2:auto_generated|q_a[0]                                       ; portadataout0    ;
; |computador_mic|RAM:inst3|altsyncram:altsyncram_component|altsyncram_fcb2:auto_generated|ram_block1a0                                       ; |computador_mic|RAM:inst3|altsyncram:altsyncram_component|altsyncram_fcb2:auto_generated|q_b[0]                                       ; portbdataout0    ;
; |computador_mic|RAM:inst3|altsyncram:altsyncram_component|altsyncram_fcb2:auto_generated|ram_block1a0                                       ; |computador_mic|RAM:inst3|altsyncram:altsyncram_component|altsyncram_fcb2:auto_generated|q_b[16]                                      ; portbdataout2    ;
; |computador_mic|CPU:inst|CONTROL_UNIT:inst|inst1                                                                                            ; |computador_mic|CPU:inst|CONTROL_UNIT:inst|inst1                                                                                      ; regout           ;
; |computador_mic|CPU:inst|DATAPATH:inst2|BANK_REGS:inst2|PC:inst2|REGISTER32bit:inst1|REGISTER8bit:inst|inst24                               ; |computador_mic|CPU:inst|DATAPATH:inst2|BANK_REGS:inst2|PC:inst2|REGISTER32bit:inst1|REGISTER8bit:inst|inst24                         ; regout           ;
; |computador_mic|CPU:inst|DATAPATH:inst2|BANK_REGS:inst2|PC:inst2|REGISTER32bit:inst1|REGISTER8bit:inst|inst20                               ; |computador_mic|CPU:inst|DATAPATH:inst2|BANK_REGS:inst2|PC:inst2|REGISTER32bit:inst1|REGISTER8bit:inst|inst20                         ; regout           ;
; |computador_mic|CPU:inst|DATAPATH:inst2|BANK_REGS:inst2|PC:inst2|REGISTER32bit:inst1|REGISTER8bit:inst|inst16                               ; |computador_mic|CPU:inst|DATAPATH:inst2|BANK_REGS:inst2|PC:inst2|REGISTER32bit:inst1|REGISTER8bit:inst|inst16                         ; regout           ;
; |computador_mic|CPU:inst|DATAPATH:inst2|BANK_REGS:inst2|PC:inst2|REGISTER32bit:inst1|REGISTER8bit:inst|inst12                               ; |computador_mic|CPU:inst|DATAPATH:inst2|BANK_REGS:inst2|PC:inst2|REGISTER32bit:inst1|REGISTER8bit:inst|inst12                         ; regout           ;
; |computador_mic|CPU:inst|DATAPATH:inst2|BANK_REGS:inst2|PC:inst2|REGISTER32bit:inst1|REGISTER8bit:inst|inst8                                ; |computador_mic|CPU:inst|DATAPATH:inst2|BANK_REGS:inst2|PC:inst2|REGISTER32bit:inst1|REGISTER8bit:inst|inst8                          ; regout           ;
; |computador_mic|CPU:inst|DATAPATH:inst2|BANK_REGS:inst2|PC:inst2|REGISTER32bit:inst1|REGISTER8bit:inst|inst5                                ; |computador_mic|CPU:inst|DATAPATH:inst2|BANK_REGS:inst2|PC:inst2|REGISTER32bit:inst1|REGISTER8bit:inst|inst5                          ; regout           ;
; |computador_mic|CPU:inst|DATAPATH:inst2|BANK_REGS:inst2|PC:inst2|REGISTER32bit:inst1|REGISTER8bit:inst|inst                                 ; |computador_mic|CPU:inst|DATAPATH:inst2|BANK_REGS:inst2|PC:inst2|REGISTER32bit:inst1|REGISTER8bit:inst|inst                           ; regout           ;
; |computador_mic|CPU:inst|DATAPATH:inst2|BANK_REGS:inst2|MAR:inst|REGISTER32bit:inst1|REGISTER8bit:inst1|inst24                              ; |computador_mic|CPU:inst|DATAPATH:inst2|BANK_REGS:inst2|MAR:inst|REGISTER32bit:inst1|REGISTER8bit:inst1|inst24                        ; regout           ;
; |computador_mic|CPU:inst|DATAPATH:inst2|BANK_REGS:inst2|MAR:inst|REGISTER32bit:inst1|REGISTER8bit:inst1|inst28                              ; |computador_mic|CPU:inst|DATAPATH:inst2|BANK_REGS:inst2|MAR:inst|REGISTER32bit:inst1|REGISTER8bit:inst1|inst28                        ; regout           ;
; |computador_mic|CPU:inst|DATAPATH:inst2|BANK_REGS:inst2|MAR:inst|REGISTER32bit:inst1|REGISTER8bit:inst|inst28                               ; |computador_mic|CPU:inst|DATAPATH:inst2|BANK_REGS:inst2|MAR:inst|REGISTER32bit:inst1|REGISTER8bit:inst|inst28                         ; regout           ;
; |computador_mic|CPU:inst|DATAPATH:inst2|BANK_REGS:inst2|MAR:inst|REGISTER32bit:inst1|REGISTER8bit:inst|inst20                               ; |computador_mic|CPU:inst|DATAPATH:inst2|BANK_REGS:inst2|MAR:inst|REGISTER32bit:inst1|REGISTER8bit:inst|inst20                         ; regout           ;
; |computador_mic|CPU:inst|DATAPATH:inst2|BANK_REGS:inst2|MAR:inst|REGISTER32bit:inst1|REGISTER8bit:inst|inst16                               ; |computador_mic|CPU:inst|DATAPATH:inst2|BANK_REGS:inst2|MAR:inst|REGISTER32bit:inst1|REGISTER8bit:inst|inst16                         ; regout           ;
; |computador_mic|CPU:inst|DATAPATH:inst2|BANK_REGS:inst2|MAR:inst|REGISTER32bit:inst1|REGISTER8bit:inst|inst8                                ; |computador_mic|CPU:inst|DATAPATH:inst2|BANK_REGS:inst2|MAR:inst|REGISTER32bit:inst1|REGISTER8bit:inst|inst8                          ; regout           ;
; |computador_mic|CPU:inst|DATAPATH:inst2|BANK_REGS:inst2|MAR:inst|REGISTER32bit:inst1|REGISTER8bit:inst|inst5                                ; |computador_mic|CPU:inst|DATAPATH:inst2|BANK_REGS:inst2|MAR:inst|REGISTER32bit:inst1|REGISTER8bit:inst|inst5                          ; regout           ;
; |computador_mic|CPU:inst|DATAPATH:inst2|BANK_REGS:inst2|MAR:inst|REGISTER32bit:inst1|REGISTER8bit:inst|inst                                 ; |computador_mic|CPU:inst|DATAPATH:inst2|BANK_REGS:inst2|MAR:inst|REGISTER32bit:inst1|REGISTER8bit:inst|inst                           ; regout           ;
; |computador_mic|CPU:inst|DATAPATH:inst2|ULA_32bit:inst|ULA_8bit:inst3|ULA_1bit:inst8|inst                                                   ; |computador_mic|CPU:inst|DATAPATH:inst2|ULA_32bit:inst|ULA_8bit:inst3|ULA_1bit:inst8|inst                                             ; combout          ;
; |computador_mic|CPU:inst|DATAPATH:inst2|BANK_REGS:inst2|OUT_B[31]~0                                                                         ; |computador_mic|CPU:inst|DATAPATH:inst2|BANK_REGS:inst2|OUT_B[31]~0                                                                   ; combout          ;
; |computador_mic|CPU:inst|DATAPATH:inst2|BANK_REGS:inst2|OUT_B[31]~1                                                                         ; |computador_mic|CPU:inst|DATAPATH:inst2|BANK_REGS:inst2|OUT_B[31]~1                                                                   ; combout          ;
; |computador_mic|CPU:inst|DATAPATH:inst2|BANK_REGS:inst2|OUT_B[31]~3                                                                         ; |computador_mic|CPU:inst|DATAPATH:inst2|BANK_REGS:inst2|OUT_B[31]~3                                                                   ; combout          ;
; |computador_mic|CPU:inst|DATAPATH:inst2|BANK_REGS:inst2|OUT_B[31]~4                                                                         ; |computador_mic|CPU:inst|DATAPATH:inst2|BANK_REGS:inst2|OUT_B[31]~4                                                                   ; combout          ;
; |computador_mic|CPU:inst|DATAPATH:inst2|BANK_REGS:inst2|OUT_B[31]~6                                                                         ; |computador_mic|CPU:inst|DATAPATH:inst2|BANK_REGS:inst2|OUT_B[31]~6                                                                   ; combout          ;
; |computador_mic|CPU:inst|DATAPATH:inst2|BANK_REGS:inst2|OUT_B[31]~8                                                                         ; |computador_mic|CPU:inst|DATAPATH:inst2|BANK_REGS:inst2|OUT_B[31]~8                                                                   ; combout          ;
; |computador_mic|CPU:inst|DATAPATH:inst2|BANK_REGS:inst2|OUT_B[31]~11                                                                        ; |computador_mic|CPU:inst|DATAPATH:inst2|BANK_REGS:inst2|OUT_B[31]~11                                                                  ; combout          ;
; |computador_mic|CPU:inst|DATAPATH:inst2|ULA_32bit:inst|ULA_8bit:inst3|ULA_1bit:inst8|inst666~2                                              ; |computador_mic|CPU:inst|DATAPATH:inst2|ULA_32bit:inst|ULA_8bit:inst3|ULA_1bit:inst8|inst666~2                                        ; combout          ;
; |computador_mic|CPU:inst|DATAPATH:inst2|ULA_32bit:inst|ULA_8bit:inst3|ULA_1bit:inst|decoder2x4:inst6|inst7~0                                ; |computador_mic|CPU:inst|DATAPATH:inst2|ULA_32bit:inst|ULA_8bit:inst3|ULA_1bit:inst|decoder2x4:inst6|inst7~0                          ; combout          ;
; |computador_mic|CPU:inst|DATAPATH:inst2|ULA_32bit:inst|ULA_8bit:inst3|ULA_1bit:inst7|inst                                                   ; |computador_mic|CPU:inst|DATAPATH:inst2|ULA_32bit:inst|ULA_8bit:inst3|ULA_1bit:inst7|inst                                             ; combout          ;
; |computador_mic|CPU:inst|DATAPATH:inst2|ULA_32bit:inst|ULA_8bit:inst3|ULA_1bit:inst6|inst                                                   ; |computador_mic|CPU:inst|DATAPATH:inst2|ULA_32bit:inst|ULA_8bit:inst3|ULA_1bit:inst6|inst                                             ; combout          ;
; |computador_mic|CPU:inst|DATAPATH:inst2|BANK_REGS:inst2|OUT_B[28]~24                                                                        ; |computador_mic|CPU:inst|DATAPATH:inst2|BANK_REGS:inst2|OUT_B[28]~24                                                                  ; combout          ;
; |computador_mic|CPU:inst|DATAPATH:inst2|ULA_32bit:inst|ULA_8bit:inst3|ULA_1bit:inst5|inst5                                                  ; |computador_mic|CPU:inst|DATAPATH:inst2|ULA_32bit:inst|ULA_8bit:inst3|ULA_1bit:inst5|inst5                                            ; combout          ;
; |computador_mic|CPU:inst|DATAPATH:inst2|ULA_32bit:inst|ULA_8bit:inst3|ULA_1bit:inst5|FULLADDER_1bit:inst7|inst6~0                           ; |computador_mic|CPU:inst|DATAPATH:inst2|ULA_32bit:inst|ULA_8bit:inst3|ULA_1bit:inst5|FULLADDER_1bit:inst7|inst6~0                     ; combout          ;
; |computador_mic|CPU:inst|DATAPATH:inst2|BANK_REGS:inst2|TOS:inst53|REGISTER32bit:inst1|REGISTER8bit:inst3|inst16                            ; |computador_mic|CPU:inst|DATAPATH:inst2|BANK_REGS:inst2|TOS:inst53|REGISTER32bit:inst1|REGISTER8bit:inst3|inst16                      ; regout           ;
; |computador_mic|CPU:inst|DATAPATH:inst2|BANK_REGS:inst2|OUT_B[27]~27                                                                        ; |computador_mic|CPU:inst|DATAPATH:inst2|BANK_REGS:inst2|OUT_B[27]~27                                                                  ; combout          ;
; |computador_mic|CPU:inst|DATAPATH:inst2|BANK_REGS:inst2|OUT_B[27]~28                                                                        ; |computador_mic|CPU:inst|DATAPATH:inst2|BANK_REGS:inst2|OUT_B[27]~28                                                                  ; combout          ;
; |computador_mic|CPU:inst|DATAPATH:inst2|ULA_32bit:inst|ULA_8bit:inst3|ULA_1bit:inst4|inst5                                                  ; |computador_mic|CPU:inst|DATAPATH:inst2|ULA_32bit:inst|ULA_8bit:inst3|ULA_1bit:inst4|inst5                                            ; combout          ;
; |computador_mic|CPU:inst|DATAPATH:inst2|ULA_32bit:inst|ULA_8bit:inst3|ULA_1bit:inst4|inst                                                   ; |computador_mic|CPU:inst|DATAPATH:inst2|ULA_32bit:inst|ULA_8bit:inst3|ULA_1bit:inst4|inst                                             ; combout          ;
; |computador_mic|CPU:inst|DATAPATH:inst2|BANK_REGS:inst2|TOS:inst53|REGISTER32bit:inst1|REGISTER8bit:inst3|inst20                            ; |computador_mic|CPU:inst|DATAPATH:inst2|BANK_REGS:inst2|TOS:inst53|REGISTER32bit:inst1|REGISTER8bit:inst3|inst20                      ; regout           ;
; |computador_mic|CPU:inst|DATAPATH:inst2|BANK_REGS:inst2|OUT_B[26]~31                                                                        ; |computador_mic|CPU:inst|DATAPATH:inst2|BANK_REGS:inst2|OUT_B[26]~31                                                                  ; combout          ;
; |computador_mic|CPU:inst|DATAPATH:inst2|BANK_REGS:inst2|OUT_B[26]~32                                                                        ; |computador_mic|CPU:inst|DATAPATH:inst2|BANK_REGS:inst2|OUT_B[26]~32                                                                  ; combout          ;
; |computador_mic|CPU:inst|DATAPATH:inst2|ULA_32bit:inst|ULA_8bit:inst3|ULA_1bit:inst3|inst5                                                  ; |computador_mic|CPU:inst|DATAPATH:inst2|ULA_32bit:inst|ULA_8bit:inst3|ULA_1bit:inst3|inst5                                            ; combout          ;
; |computador_mic|CPU:inst|DATAPATH:inst2|ULA_32bit:inst|ULA_8bit:inst3|ULA_1bit:inst3|inst                                                   ; |computador_mic|CPU:inst|DATAPATH:inst2|ULA_32bit:inst|ULA_8bit:inst3|ULA_1bit:inst3|inst                                             ; combout          ;
; |computador_mic|CPU:inst|DATAPATH:inst2|ULA_32bit:inst|ULA_8bit:inst3|ULA_1bit:inst2|inst                                                   ; |computador_mic|CPU:inst|DATAPATH:inst2|ULA_32bit:inst|ULA_8bit:inst3|ULA_1bit:inst2|inst                                             ; combout          ;
; |computador_mic|CPU:inst|DATAPATH:inst2|ULA_32bit:inst|ULA_8bit:inst3|ULA_1bit:inst|inst                                                    ; |computador_mic|CPU:inst|DATAPATH:inst2|ULA_32bit:inst|ULA_8bit:inst3|ULA_1bit:inst|inst                                              ; combout          ;
; |computador_mic|CPU:inst|DATAPATH:inst2|ULA_32bit:inst|ULA_8bit:inst2|ULA_1bit:inst8|inst                                                   ; |computador_mic|CPU:inst|DATAPATH:inst2|ULA_32bit:inst|ULA_8bit:inst2|ULA_1bit:inst8|inst                                             ; combout          ;
; |computador_mic|CPU:inst|DATAPATH:inst2|ULA_32bit:inst|ULA_8bit:inst2|ULA_1bit:inst7|inst                                                   ; |computador_mic|CPU:inst|DATAPATH:inst2|ULA_32bit:inst|ULA_8bit:inst2|ULA_1bit:inst7|inst                                             ; combout          ;
; |computador_mic|CPU:inst|DATAPATH:inst2|ULA_32bit:inst|ULA_8bit:inst2|ULA_1bit:inst6|inst                                                   ; |computador_mic|CPU:inst|DATAPATH:inst2|ULA_32bit:inst|ULA_8bit:inst2|ULA_1bit:inst6|inst                                             ; combout          ;
; |computador_mic|CPU:inst|DATAPATH:inst2|BANK_REGS:inst2|OUT_B[20]~56                                                                        ; |computador_mic|CPU:inst|DATAPATH:inst2|BANK_REGS:inst2|OUT_B[20]~56                                                                  ; combout          ;
; |computador_mic|CPU:inst|DATAPATH:inst2|ULA_32bit:inst|ULA_8bit:inst2|ULA_1bit:inst5|inst5                                                  ; |computador_mic|CPU:inst|DATAPATH:inst2|ULA_32bit:inst|ULA_8bit:inst2|ULA_1bit:inst5|inst5                                            ; combout          ;
; |computador_mic|CPU:inst|DATAPATH:inst2|ULA_32bit:inst|ULA_8bit:inst2|ULA_1bit:inst5|inst                                                   ; |computador_mic|CPU:inst|DATAPATH:inst2|ULA_32bit:inst|ULA_8bit:inst2|ULA_1bit:inst5|inst                                             ; combout          ;
; |computador_mic|CPU:inst|DATAPATH:inst2|BANK_REGS:inst2|TOS:inst53|REGISTER32bit:inst1|REGISTER8bit:inst2|inst16                            ; |computador_mic|CPU:inst|DATAPATH:inst2|BANK_REGS:inst2|TOS:inst53|REGISTER32bit:inst1|REGISTER8bit:inst2|inst16                      ; regout           ;
; |computador_mic|CPU:inst|DATAPATH:inst2|BANK_REGS:inst2|OUT_B[19]~59                                                                        ; |computador_mic|CPU:inst|DATAPATH:inst2|BANK_REGS:inst2|OUT_B[19]~59                                                                  ; combout          ;
; |computador_mic|CPU:inst|DATAPATH:inst2|BANK_REGS:inst2|OUT_B[19]~60                                                                        ; |computador_mic|CPU:inst|DATAPATH:inst2|BANK_REGS:inst2|OUT_B[19]~60                                                                  ; combout          ;
; |computador_mic|CPU:inst|DATAPATH:inst2|ULA_32bit:inst|ULA_8bit:inst2|ULA_1bit:inst4|inst5                                                  ; |computador_mic|CPU:inst|DATAPATH:inst2|ULA_32bit:inst|ULA_8bit:inst2|ULA_1bit:inst4|inst5                                            ; combout          ;
; |computador_mic|CPU:inst|DATAPATH:inst2|ULA_32bit:inst|ULA_8bit:inst2|ULA_1bit:inst4|inst                                                   ; |computador_mic|CPU:inst|DATAPATH:inst2|ULA_32bit:inst|ULA_8bit:inst2|ULA_1bit:inst4|inst                                             ; combout          ;
; |computador_mic|CPU:inst|DATAPATH:inst2|BANK_REGS:inst2|TOS:inst53|REGISTER32bit:inst1|REGISTER8bit:inst2|inst20                            ; |computador_mic|CPU:inst|DATAPATH:inst2|BANK_REGS:inst2|TOS:inst53|REGISTER32bit:inst1|REGISTER8bit:inst2|inst20                      ; regout           ;
; |computador_mic|CPU:inst|DATAPATH:inst2|BANK_REGS:inst2|OUT_B[18]~63                                                                        ; |computador_mic|CPU:inst|DATAPATH:inst2|BANK_REGS:inst2|OUT_B[18]~63                                                                  ; combout          ;
; |computador_mic|CPU:inst|DATAPATH:inst2|BANK_REGS:inst2|OUT_B[18]~64                                                                        ; |computador_mic|CPU:inst|DATAPATH:inst2|BANK_REGS:inst2|OUT_B[18]~64                                                                  ; combout          ;
; |computador_mic|CPU:inst|DATAPATH:inst2|ULA_32bit:inst|ULA_8bit:inst2|ULA_1bit:inst3|inst5                                                  ; |computador_mic|CPU:inst|DATAPATH:inst2|ULA_32bit:inst|ULA_8bit:inst2|ULA_1bit:inst3|inst5                                            ; combout          ;
; |computador_mic|CPU:inst|DATAPATH:inst2|BANK_REGS:inst2|H:inst5|REGISTER32bit:inst1|REGISTER8bit:inst2|inst20                               ; |computador_mic|CPU:inst|DATAPATH:inst2|BANK_REGS:inst2|H:inst5|REGISTER32bit:inst1|REGISTER8bit:inst2|inst20                         ; regout           ;
; |computador_mic|CPU:inst|DATAPATH:inst2|ULA_32bit:inst|ULA_8bit:inst2|ULA_1bit:inst3|inst                                                   ; |computador_mic|CPU:inst|DATAPATH:inst2|ULA_32bit:inst|ULA_8bit:inst2|ULA_1bit:inst3|inst                                             ; combout          ;
; |computador_mic|CPU:inst|DATAPATH:inst2|BANK_REGS:inst2|TOS:inst53|REGISTER32bit:inst1|REGISTER8bit:inst2|inst24                            ; |computador_mic|CPU:inst|DATAPATH:inst2|BANK_REGS:inst2|TOS:inst53|REGISTER32bit:inst1|REGISTER8bit:inst2|inst24                      ; regout           ;
; |computador_mic|CPU:inst|DATAPATH:inst2|BANK_REGS:inst2|OUT_B[17]~67                                                                        ; |computador_mic|CPU:inst|DATAPATH:inst2|BANK_REGS:inst2|OUT_B[17]~67                                                                  ; combout          ;
; |computador_mic|CPU:inst|DATAPATH:inst2|BANK_REGS:inst2|OUT_B[17]~68                                                                        ; |computador_mic|CPU:inst|DATAPATH:inst2|BANK_REGS:inst2|OUT_B[17]~68                                                                  ; combout          ;
; |computador_mic|CPU:inst|DATAPATH:inst2|ULA_32bit:inst|ULA_8bit:inst2|ULA_1bit:inst2|inst5                                                  ; |computador_mic|CPU:inst|DATAPATH:inst2|ULA_32bit:inst|ULA_8bit:inst2|ULA_1bit:inst2|inst5                                            ; combout          ;
; |computador_mic|CPU:inst|DATAPATH:inst2|ULA_32bit:inst|ULA_8bit:inst2|ULA_1bit:inst2|inst                                                   ; |computador_mic|CPU:inst|DATAPATH:inst2|ULA_32bit:inst|ULA_8bit:inst2|ULA_1bit:inst2|inst                                             ; combout          ;
; |computador_mic|CPU:inst|DATAPATH:inst2|BANK_REGS:inst2|TOS:inst53|REGISTER32bit:inst1|REGISTER8bit:inst2|inst28                            ; |computador_mic|CPU:inst|DATAPATH:inst2|BANK_REGS:inst2|TOS:inst53|REGISTER32bit:inst1|REGISTER8bit:inst2|inst28                      ; regout           ;
; |computador_mic|CPU:inst|DATAPATH:inst2|BANK_REGS:inst2|OUT_B[16]~71                                                                        ; |computador_mic|CPU:inst|DATAPATH:inst2|BANK_REGS:inst2|OUT_B[16]~71                                                                  ; combout          ;
; |computador_mic|CPU:inst|DATAPATH:inst2|BANK_REGS:inst2|OUT_B[16]~72                                                                        ; |computador_mic|CPU:inst|DATAPATH:inst2|BANK_REGS:inst2|OUT_B[16]~72                                                                  ; combout          ;
; |computador_mic|CPU:inst|DATAPATH:inst2|ULA_32bit:inst|ULA_8bit:inst2|ULA_1bit:inst|inst5                                                   ; |computador_mic|CPU:inst|DATAPATH:inst2|ULA_32bit:inst|ULA_8bit:inst2|ULA_1bit:inst|inst5                                             ; combout          ;
; |computador_mic|CPU:inst|DATAPATH:inst2|BANK_REGS:inst2|H:inst5|REGISTER32bit:inst1|REGISTER8bit:inst2|inst28                               ; |computador_mic|CPU:inst|DATAPATH:inst2|BANK_REGS:inst2|H:inst5|REGISTER32bit:inst1|REGISTER8bit:inst2|inst28                         ; regout           ;
; |computador_mic|CPU:inst|DATAPATH:inst2|ULA_32bit:inst|ULA_8bit:inst2|ULA_1bit:inst|inst                                                    ; |computador_mic|CPU:inst|DATAPATH:inst2|ULA_32bit:inst|ULA_8bit:inst2|ULA_1bit:inst|inst                                              ; combout          ;
; |computador_mic|CPU:inst|DATAPATH:inst2|ULA_32bit:inst|ULA_8bit:inst1|ULA_1bit:inst8|inst                                                   ; |computador_mic|CPU:inst|DATAPATH:inst2|ULA_32bit:inst|ULA_8bit:inst1|ULA_1bit:inst8|inst                                             ; combout          ;
; |computador_mic|CPU:inst|DATAPATH:inst2|ULA_32bit:inst|ULA_8bit:inst1|ULA_1bit:inst7|inst                                                   ; |computador_mic|CPU:inst|DATAPATH:inst2|ULA_32bit:inst|ULA_8bit:inst1|ULA_1bit:inst7|inst                                             ; combout          ;
; |computador_mic|CPU:inst|DATAPATH:inst2|ULA_32bit:inst|ULA_8bit:inst1|ULA_1bit:inst6|inst                                                   ; |computador_mic|CPU:inst|DATAPATH:inst2|ULA_32bit:inst|ULA_8bit:inst1|ULA_1bit:inst6|inst                                             ; combout          ;
; |computador_mic|CPU:inst|DATAPATH:inst2|BANK_REGS:inst2|OUT_B[12]~88                                                                        ; |computador_mic|CPU:inst|DATAPATH:inst2|BANK_REGS:inst2|OUT_B[12]~88                                                                  ; combout          ;
; |computador_mic|CPU:inst|DATAPATH:inst2|ULA_32bit:inst|ULA_8bit:inst1|ULA_1bit:inst5|inst5                                                  ; |computador_mic|CPU:inst|DATAPATH:inst2|ULA_32bit:inst|ULA_8bit:inst1|ULA_1bit:inst5|inst5                                            ; combout          ;
; |computador_mic|CPU:inst|DATAPATH:inst2|ULA_32bit:inst|ULA_8bit:inst1|ULA_1bit:inst5|inst                                                   ; |computador_mic|CPU:inst|DATAPATH:inst2|ULA_32bit:inst|ULA_8bit:inst1|ULA_1bit:inst5|inst                                             ; combout          ;
; |computador_mic|CPU:inst|DATAPATH:inst2|BANK_REGS:inst2|TOS:inst53|REGISTER32bit:inst1|REGISTER8bit:inst1|inst16                            ; |computador_mic|CPU:inst|DATAPATH:inst2|BANK_REGS:inst2|TOS:inst53|REGISTER32bit:inst1|REGISTER8bit:inst1|inst16                      ; regout           ;
; |computador_mic|CPU:inst|DATAPATH:inst2|BANK_REGS:inst2|OUT_B[11]~91                                                                        ; |computador_mic|CPU:inst|DATAPATH:inst2|BANK_REGS:inst2|OUT_B[11]~91                                                                  ; combout          ;
; |computador_mic|CPU:inst|DATAPATH:inst2|BANK_REGS:inst2|OUT_B[11]~92                                                                        ; |computador_mic|CPU:inst|DATAPATH:inst2|BANK_REGS:inst2|OUT_B[11]~92                                                                  ; combout          ;
; |computador_mic|CPU:inst|DATAPATH:inst2|ULA_32bit:inst|ULA_8bit:inst1|ULA_1bit:inst4|inst5                                                  ; |computador_mic|CPU:inst|DATAPATH:inst2|ULA_32bit:inst|ULA_8bit:inst1|ULA_1bit:inst4|inst5                                            ; combout          ;
; |computador_mic|CPU:inst|DATAPATH:inst2|ULA_32bit:inst|ULA_8bit:inst1|ULA_1bit:inst4|inst                                                   ; |computador_mic|CPU:inst|DATAPATH:inst2|ULA_32bit:inst|ULA_8bit:inst1|ULA_1bit:inst4|inst                                             ; combout          ;
; |computador_mic|CPU:inst|DATAPATH:inst2|BANK_REGS:inst2|TOS:inst53|REGISTER32bit:inst1|REGISTER8bit:inst1|inst20                            ; |computador_mic|CPU:inst|DATAPATH:inst2|BANK_REGS:inst2|TOS:inst53|REGISTER32bit:inst1|REGISTER8bit:inst1|inst20                      ; regout           ;
; |computador_mic|CPU:inst|DATAPATH:inst2|BANK_REGS:inst2|OUT_B[10]~95                                                                        ; |computador_mic|CPU:inst|DATAPATH:inst2|BANK_REGS:inst2|OUT_B[10]~95                                                                  ; combout          ;
; |computador_mic|CPU:inst|DATAPATH:inst2|BANK_REGS:inst2|OUT_B[10]~96                                                                        ; |computador_mic|CPU:inst|DATAPATH:inst2|BANK_REGS:inst2|OUT_B[10]~96                                                                  ; combout          ;
; |computador_mic|CPU:inst|DATAPATH:inst2|ULA_32bit:inst|ULA_8bit:inst1|ULA_1bit:inst3|inst5                                                  ; |computador_mic|CPU:inst|DATAPATH:inst2|ULA_32bit:inst|ULA_8bit:inst1|ULA_1bit:inst3|inst5                                            ; combout          ;
; |computador_mic|CPU:inst|DATAPATH:inst2|BANK_REGS:inst2|H:inst5|REGISTER32bit:inst1|REGISTER8bit:inst1|inst20                               ; |computador_mic|CPU:inst|DATAPATH:inst2|BANK_REGS:inst2|H:inst5|REGISTER32bit:inst1|REGISTER8bit:inst1|inst20                         ; regout           ;
; |computador_mic|CPU:inst|DATAPATH:inst2|ULA_32bit:inst|ULA_8bit:inst1|ULA_1bit:inst3|inst                                                   ; |computador_mic|CPU:inst|DATAPATH:inst2|ULA_32bit:inst|ULA_8bit:inst1|ULA_1bit:inst3|inst                                             ; combout          ;
; |computador_mic|CPU:inst|DATAPATH:inst2|BANK_REGS:inst2|TOS:inst53|REGISTER32bit:inst1|REGISTER8bit:inst1|inst24                            ; |computador_mic|CPU:inst|DATAPATH:inst2|BANK_REGS:inst2|TOS:inst53|REGISTER32bit:inst1|REGISTER8bit:inst1|inst24                      ; regout           ;
; |computador_mic|CPU:inst|DATAPATH:inst2|BANK_REGS:inst2|OUT_B[9]~99                                                                         ; |computador_mic|CPU:inst|DATAPATH:inst2|BANK_REGS:inst2|OUT_B[9]~99                                                                   ; combout          ;
; |computador_mic|CPU:inst|DATAPATH:inst2|BANK_REGS:inst2|OUT_B[9]~100                                                                        ; |computador_mic|CPU:inst|DATAPATH:inst2|BANK_REGS:inst2|OUT_B[9]~100                                                                  ; combout          ;
; |computador_mic|CPU:inst|DATAPATH:inst2|BANK_REGS:inst2|OUT_B[9]~101                                                                        ; |computador_mic|CPU:inst|DATAPATH:inst2|BANK_REGS:inst2|OUT_B[9]~101                                                                  ; combout          ;
; |computador_mic|CPU:inst|DATAPATH:inst2|BANK_REGS:inst2|H:inst5|REGISTER32bit:inst1|REGISTER8bit:inst1|inst24                               ; |computador_mic|CPU:inst|DATAPATH:inst2|BANK_REGS:inst2|H:inst5|REGISTER32bit:inst1|REGISTER8bit:inst1|inst24                         ; regout           ;
; |computador_mic|CPU:inst|DATAPATH:inst2|ULA_32bit:inst|ULA_8bit:inst1|ULA_1bit:inst2|inst                                                   ; |computador_mic|CPU:inst|DATAPATH:inst2|ULA_32bit:inst|ULA_8bit:inst1|ULA_1bit:inst2|inst                                             ; combout          ;
; |computador_mic|CPU:inst|DATAPATH:inst2|BANK_REGS:inst2|OUT_B[8]~104                                                                        ; |computador_mic|CPU:inst|DATAPATH:inst2|BANK_REGS:inst2|OUT_B[8]~104                                                                  ; combout          ;
; |computador_mic|CPU:inst|DATAPATH:inst2|ULA_32bit:inst|ULA_8bit:inst1|ULA_1bit:inst|inst5                                                   ; |computador_mic|CPU:inst|DATAPATH:inst2|ULA_32bit:inst|ULA_8bit:inst1|ULA_1bit:inst|inst5                                             ; combout          ;
; |computador_mic|CPU:inst|DATAPATH:inst2|ULA_32bit:inst|ULA_8bit:inst1|ULA_1bit:inst|inst                                                    ; |computador_mic|CPU:inst|DATAPATH:inst2|ULA_32bit:inst|ULA_8bit:inst1|ULA_1bit:inst|inst                                              ; combout          ;
; |computador_mic|CPU:inst|DATAPATH:inst2|BANK_REGS:inst2|OUT_B[7]~106                                                                        ; |computador_mic|CPU:inst|DATAPATH:inst2|BANK_REGS:inst2|OUT_B[7]~106                                                                  ; combout          ;
; |computador_mic|CPU:inst|DATAPATH:inst2|BANK_REGS:inst2|OUT_B[7]~108                                                                        ; |computador_mic|CPU:inst|DATAPATH:inst2|BANK_REGS:inst2|OUT_B[7]~108                                                                  ; combout          ;
; |computador_mic|CPU:inst|DATAPATH:inst2|BANK_REGS:inst2|OUT_B[7]~110                                                                        ; |computador_mic|CPU:inst|DATAPATH:inst2|BANK_REGS:inst2|OUT_B[7]~110                                                                  ; combout          ;
; |computador_mic|CPU:inst|DATAPATH:inst2|BANK_REGS:inst2|OUT_B[31]~111                                                                       ; |computador_mic|CPU:inst|DATAPATH:inst2|BANK_REGS:inst2|OUT_B[31]~111                                                                 ; combout          ;
; |computador_mic|CPU:inst|DATAPATH:inst2|ULA_32bit:inst|ULA_8bit:inst|ULA_1bit:inst8|inst5                                                   ; |computador_mic|CPU:inst|DATAPATH:inst2|ULA_32bit:inst|ULA_8bit:inst|ULA_1bit:inst8|inst5                                             ; combout          ;
; |computador_mic|CPU:inst|DATAPATH:inst2|ULA_32bit:inst|ULA_8bit:inst|ULA_1bit:inst8|inst                                                    ; |computador_mic|CPU:inst|DATAPATH:inst2|ULA_32bit:inst|ULA_8bit:inst|ULA_1bit:inst8|inst                                              ; combout          ;
; |computador_mic|CPU:inst|DATAPATH:inst2|BANK_REGS:inst2|OUT_B[6]~112                                                                        ; |computador_mic|CPU:inst|DATAPATH:inst2|BANK_REGS:inst2|OUT_B[6]~112                                                                  ; combout          ;
; |computador_mic|CPU:inst|DATAPATH:inst2|BANK_REGS:inst2|OUT_B[6]~113                                                                        ; |computador_mic|CPU:inst|DATAPATH:inst2|BANK_REGS:inst2|OUT_B[6]~113                                                                  ; combout          ;
; |computador_mic|CPU:inst|DATAPATH:inst2|BANK_REGS:inst2|MBR:inst3|REGISTER32bit:inst5|REGISTER8bit:inst|inst24                              ; |computador_mic|CPU:inst|DATAPATH:inst2|BANK_REGS:inst2|MBR:inst3|REGISTER32bit:inst5|REGISTER8bit:inst|inst24                        ; regout           ;
; |computador_mic|CPU:inst|DATAPATH:inst2|BANK_REGS:inst2|OUT_B[6]~115                                                                        ; |computador_mic|CPU:inst|DATAPATH:inst2|BANK_REGS:inst2|OUT_B[6]~115                                                                  ; combout          ;
; |computador_mic|CPU:inst|DATAPATH:inst2|BANK_REGS:inst2|OUT_B[6]~116                                                                        ; |computador_mic|CPU:inst|DATAPATH:inst2|BANK_REGS:inst2|OUT_B[6]~116                                                                  ; combout          ;
; |computador_mic|CPU:inst|DATAPATH:inst2|BANK_REGS:inst2|MBR:inst3|REGISTER32bit:inst1|REGISTER8bit:inst|inst24                              ; |computador_mic|CPU:inst|DATAPATH:inst2|BANK_REGS:inst2|MBR:inst3|REGISTER32bit:inst1|REGISTER8bit:inst|inst24                        ; regout           ;
; |computador_mic|CPU:inst|DATAPATH:inst2|ULA_32bit:inst|ULA_8bit:inst|ULA_1bit:inst7|inst5                                                   ; |computador_mic|CPU:inst|DATAPATH:inst2|ULA_32bit:inst|ULA_8bit:inst|ULA_1bit:inst7|inst5                                             ; combout          ;
; |computador_mic|CPU:inst|DATAPATH:inst2|BANK_REGS:inst2|H:inst5|REGISTER32bit:inst1|REGISTER8bit:inst|inst24                                ; |computador_mic|CPU:inst|DATAPATH:inst2|BANK_REGS:inst2|H:inst5|REGISTER32bit:inst1|REGISTER8bit:inst|inst24                          ; regout           ;
; |computador_mic|CPU:inst|DATAPATH:inst2|ULA_32bit:inst|ULA_8bit:inst|ULA_1bit:inst7|inst                                                    ; |computador_mic|CPU:inst|DATAPATH:inst2|ULA_32bit:inst|ULA_8bit:inst|ULA_1bit:inst7|inst                                              ; combout          ;
; |computador_mic|CPU:inst|DATAPATH:inst2|BANK_REGS:inst2|OUT_B[5]~117                                                                        ; |computador_mic|CPU:inst|DATAPATH:inst2|BANK_REGS:inst2|OUT_B[5]~117                                                                  ; combout          ;
; |computador_mic|CPU:inst|DATAPATH:inst2|BANK_REGS:inst2|OUT_B[5]~118                                                                        ; |computador_mic|CPU:inst|DATAPATH:inst2|BANK_REGS:inst2|OUT_B[5]~118                                                                  ; combout          ;
; |computador_mic|CPU:inst|DATAPATH:inst2|BANK_REGS:inst2|MBR:inst3|REGISTER32bit:inst5|REGISTER8bit:inst|inst20                              ; |computador_mic|CPU:inst|DATAPATH:inst2|BANK_REGS:inst2|MBR:inst3|REGISTER32bit:inst5|REGISTER8bit:inst|inst20                        ; regout           ;
; |computador_mic|CPU:inst|DATAPATH:inst2|BANK_REGS:inst2|OUT_B[5]~121                                                                        ; |computador_mic|CPU:inst|DATAPATH:inst2|BANK_REGS:inst2|OUT_B[5]~121                                                                  ; combout          ;
; |computador_mic|CPU:inst|DATAPATH:inst2|BANK_REGS:inst2|MBR:inst3|REGISTER32bit:inst1|REGISTER8bit:inst|inst20                              ; |computador_mic|CPU:inst|DATAPATH:inst2|BANK_REGS:inst2|MBR:inst3|REGISTER32bit:inst1|REGISTER8bit:inst|inst20                        ; regout           ;
; |computador_mic|CPU:inst|DATAPATH:inst2|ULA_32bit:inst|ULA_8bit:inst|ULA_1bit:inst6|inst5                                                   ; |computador_mic|CPU:inst|DATAPATH:inst2|ULA_32bit:inst|ULA_8bit:inst|ULA_1bit:inst6|inst5                                             ; combout          ;
; |computador_mic|CPU:inst|DATAPATH:inst2|ULA_32bit:inst|ULA_8bit:inst|ULA_1bit:inst6|inst                                                    ; |computador_mic|CPU:inst|DATAPATH:inst2|ULA_32bit:inst|ULA_8bit:inst|ULA_1bit:inst6|inst                                              ; combout          ;
; |computador_mic|CPU:inst|DATAPATH:inst2|ULA_32bit:inst|ULA_8bit:inst|ULA_1bit:inst6|FULLADDER_1bit:inst7|inst5~0                            ; |computador_mic|CPU:inst|DATAPATH:inst2|ULA_32bit:inst|ULA_8bit:inst|ULA_1bit:inst6|FULLADDER_1bit:inst7|inst5~0                      ; combout          ;
; |computador_mic|CPU:inst|DATAPATH:inst2|BANK_REGS:inst2|OUT_B[4]~122                                                                        ; |computador_mic|CPU:inst|DATAPATH:inst2|BANK_REGS:inst2|OUT_B[4]~122                                                                  ; combout          ;
; |computador_mic|CPU:inst|DATAPATH:inst2|BANK_REGS:inst2|OUT_B[4]~123                                                                        ; |computador_mic|CPU:inst|DATAPATH:inst2|BANK_REGS:inst2|OUT_B[4]~123                                                                  ; combout          ;
; |computador_mic|CPU:inst|DATAPATH:inst2|BANK_REGS:inst2|MBR:inst3|REGISTER32bit:inst5|REGISTER8bit:inst|inst16                              ; |computador_mic|CPU:inst|DATAPATH:inst2|BANK_REGS:inst2|MBR:inst3|REGISTER32bit:inst5|REGISTER8bit:inst|inst16                        ; regout           ;
; |computador_mic|CPU:inst|DATAPATH:inst2|BANK_REGS:inst2|OUT_B[4]~125                                                                        ; |computador_mic|CPU:inst|DATAPATH:inst2|BANK_REGS:inst2|OUT_B[4]~125                                                                  ; combout          ;
; |computador_mic|CPU:inst|DATAPATH:inst2|BANK_REGS:inst2|OUT_B[4]~126                                                                        ; |computador_mic|CPU:inst|DATAPATH:inst2|BANK_REGS:inst2|OUT_B[4]~126                                                                  ; combout          ;
; |computador_mic|CPU:inst|DATAPATH:inst2|BANK_REGS:inst2|MBR:inst3|REGISTER32bit:inst1|REGISTER8bit:inst|inst16                              ; |computador_mic|CPU:inst|DATAPATH:inst2|BANK_REGS:inst2|MBR:inst3|REGISTER32bit:inst1|REGISTER8bit:inst|inst16                        ; regout           ;
; |computador_mic|CPU:inst|DATAPATH:inst2|ULA_32bit:inst|ULA_8bit:inst|ULA_1bit:inst5|inst5                                                   ; |computador_mic|CPU:inst|DATAPATH:inst2|ULA_32bit:inst|ULA_8bit:inst|ULA_1bit:inst5|inst5                                             ; combout          ;
; |computador_mic|CPU:inst|DATAPATH:inst2|ULA_32bit:inst|ULA_8bit:inst|ULA_1bit:inst5|FULLADDER_1bit:inst7|inst5~0                            ; |computador_mic|CPU:inst|DATAPATH:inst2|ULA_32bit:inst|ULA_8bit:inst|ULA_1bit:inst5|FULLADDER_1bit:inst7|inst5~0                      ; combout          ;
; |computador_mic|CPU:inst|DATAPATH:inst2|BANK_REGS:inst2|OUT_B[3]~127                                                                        ; |computador_mic|CPU:inst|DATAPATH:inst2|BANK_REGS:inst2|OUT_B[3]~127                                                                  ; combout          ;
; |computador_mic|CPU:inst|DATAPATH:inst2|BANK_REGS:inst2|MBR:inst3|REGISTER32bit:inst5|REGISTER8bit:inst|inst12                              ; |computador_mic|CPU:inst|DATAPATH:inst2|BANK_REGS:inst2|MBR:inst3|REGISTER32bit:inst5|REGISTER8bit:inst|inst12                        ; regout           ;
; |computador_mic|CPU:inst|DATAPATH:inst2|BANK_REGS:inst2|OUT_B[3]~130                                                                        ; |computador_mic|CPU:inst|DATAPATH:inst2|BANK_REGS:inst2|OUT_B[3]~130                                                                  ; combout          ;
; |computador_mic|CPU:inst|DATAPATH:inst2|BANK_REGS:inst2|OUT_B[3]~131                                                                        ; |computador_mic|CPU:inst|DATAPATH:inst2|BANK_REGS:inst2|OUT_B[3]~131                                                                  ; combout          ;
; |computador_mic|CPU:inst|DATAPATH:inst2|BANK_REGS:inst2|MBR:inst3|REGISTER32bit:inst1|REGISTER8bit:inst|inst12                              ; |computador_mic|CPU:inst|DATAPATH:inst2|BANK_REGS:inst2|MBR:inst3|REGISTER32bit:inst1|REGISTER8bit:inst|inst12                        ; regout           ;
; |computador_mic|CPU:inst|DATAPATH:inst2|ULA_32bit:inst|ULA_8bit:inst|ULA_1bit:inst4|inst5                                                   ; |computador_mic|CPU:inst|DATAPATH:inst2|ULA_32bit:inst|ULA_8bit:inst|ULA_1bit:inst4|inst5                                             ; combout          ;
; |computador_mic|CPU:inst|DATAPATH:inst2|ULA_32bit:inst|ULA_8bit:inst|ULA_1bit:inst4|FULLADDER_1bit:inst7|inst4                              ; |computador_mic|CPU:inst|DATAPATH:inst2|ULA_32bit:inst|ULA_8bit:inst|ULA_1bit:inst4|FULLADDER_1bit:inst7|inst4                        ; combout          ;
; |computador_mic|CPU:inst|DATAPATH:inst2|BANK_REGS:inst2|SP:inst50|REGISTER32bit:inst1|REGISTER8bit:inst|inst8                               ; |computador_mic|CPU:inst|DATAPATH:inst2|BANK_REGS:inst2|SP:inst50|REGISTER32bit:inst1|REGISTER8bit:inst|inst8                         ; regout           ;
; |computador_mic|CPU:inst|DATAPATH:inst2|BANK_REGS:inst2|OUT_B[2]~132                                                                        ; |computador_mic|CPU:inst|DATAPATH:inst2|BANK_REGS:inst2|OUT_B[2]~132                                                                  ; combout          ;
; |computador_mic|CPU:inst|DATAPATH:inst2|BANK_REGS:inst2|TOS:inst53|REGISTER32bit:inst1|REGISTER8bit:inst|inst8                              ; |computador_mic|CPU:inst|DATAPATH:inst2|BANK_REGS:inst2|TOS:inst53|REGISTER32bit:inst1|REGISTER8bit:inst|inst8                        ; regout           ;
; |computador_mic|CPU:inst|DATAPATH:inst2|BANK_REGS:inst2|OUT_B[2]~134                                                                        ; |computador_mic|CPU:inst|DATAPATH:inst2|BANK_REGS:inst2|OUT_B[2]~134                                                                  ; combout          ;
; |computador_mic|CPU:inst|DATAPATH:inst2|BANK_REGS:inst2|MBR:inst3|REGISTER32bit:inst5|REGISTER8bit:inst|inst8                               ; |computador_mic|CPU:inst|DATAPATH:inst2|BANK_REGS:inst2|MBR:inst3|REGISTER32bit:inst5|REGISTER8bit:inst|inst8                         ; regout           ;
; |computador_mic|CPU:inst|DATAPATH:inst2|BANK_REGS:inst2|MDR:inst1|REGISTER32bit:inst1|REGISTER8bit:inst|inst8                               ; |computador_mic|CPU:inst|DATAPATH:inst2|BANK_REGS:inst2|MDR:inst1|REGISTER32bit:inst1|REGISTER8bit:inst|inst8                         ; regout           ;
; |computador_mic|CPU:inst|DATAPATH:inst2|BANK_REGS:inst2|OUT_B[2]~135                                                                        ; |computador_mic|CPU:inst|DATAPATH:inst2|BANK_REGS:inst2|OUT_B[2]~135                                                                  ; combout          ;
; |computador_mic|CPU:inst|DATAPATH:inst2|BANK_REGS:inst2|OUT_B[2]~136                                                                        ; |computador_mic|CPU:inst|DATAPATH:inst2|BANK_REGS:inst2|OUT_B[2]~136                                                                  ; combout          ;
; |computador_mic|CPU:inst|DATAPATH:inst2|BANK_REGS:inst2|MBR:inst3|REGISTER32bit:inst1|REGISTER8bit:inst|inst8                               ; |computador_mic|CPU:inst|DATAPATH:inst2|BANK_REGS:inst2|MBR:inst3|REGISTER32bit:inst1|REGISTER8bit:inst|inst8                         ; regout           ;
; |computador_mic|CPU:inst|DATAPATH:inst2|ULA_32bit:inst|ULA_8bit:inst|ULA_1bit:inst3|inst5                                                   ; |computador_mic|CPU:inst|DATAPATH:inst2|ULA_32bit:inst|ULA_8bit:inst|ULA_1bit:inst3|inst5                                             ; combout          ;
; |computador_mic|CPU:inst|DATAPATH:inst2|ULA_32bit:inst|ULA_8bit:inst|ULA_1bit:inst3|inst                                                    ; |computador_mic|CPU:inst|DATAPATH:inst2|ULA_32bit:inst|ULA_8bit:inst|ULA_1bit:inst3|inst                                              ; combout          ;
; |computador_mic|CPU:inst|DATAPATH:inst2|BANK_REGS:inst2|SP:inst50|REGISTER32bit:inst1|REGISTER8bit:inst|inst5                               ; |computador_mic|CPU:inst|DATAPATH:inst2|BANK_REGS:inst2|SP:inst50|REGISTER32bit:inst1|REGISTER8bit:inst|inst5                         ; regout           ;
; |computador_mic|CPU:inst|DATAPATH:inst2|BANK_REGS:inst2|OUT_B[1]~137                                                                        ; |computador_mic|CPU:inst|DATAPATH:inst2|BANK_REGS:inst2|OUT_B[1]~137                                                                  ; combout          ;
; |computador_mic|CPU:inst|DATAPATH:inst2|BANK_REGS:inst2|TOS:inst53|REGISTER32bit:inst1|REGISTER8bit:inst|inst5                              ; |computador_mic|CPU:inst|DATAPATH:inst2|BANK_REGS:inst2|TOS:inst53|REGISTER32bit:inst1|REGISTER8bit:inst|inst5                        ; regout           ;
; |computador_mic|CPU:inst|DATAPATH:inst2|BANK_REGS:inst2|OUT_B[1]~139                                                                        ; |computador_mic|CPU:inst|DATAPATH:inst2|BANK_REGS:inst2|OUT_B[1]~139                                                                  ; combout          ;
; |computador_mic|CPU:inst|DATAPATH:inst2|BANK_REGS:inst2|MBR:inst3|REGISTER32bit:inst5|REGISTER8bit:inst|inst5                               ; |computador_mic|CPU:inst|DATAPATH:inst2|BANK_REGS:inst2|MBR:inst3|REGISTER32bit:inst5|REGISTER8bit:inst|inst5                         ; regout           ;
; |computador_mic|CPU:inst|DATAPATH:inst2|BANK_REGS:inst2|MDR:inst1|REGISTER32bit:inst1|REGISTER8bit:inst|inst5                               ; |computador_mic|CPU:inst|DATAPATH:inst2|BANK_REGS:inst2|MDR:inst1|REGISTER32bit:inst1|REGISTER8bit:inst|inst5                         ; regout           ;
; |computador_mic|CPU:inst|DATAPATH:inst2|BANK_REGS:inst2|OUT_B[1]~140                                                                        ; |computador_mic|CPU:inst|DATAPATH:inst2|BANK_REGS:inst2|OUT_B[1]~140                                                                  ; combout          ;
; |computador_mic|CPU:inst|DATAPATH:inst2|BANK_REGS:inst2|OUT_B[1]~141                                                                        ; |computador_mic|CPU:inst|DATAPATH:inst2|BANK_REGS:inst2|OUT_B[1]~141                                                                  ; combout          ;
; |computador_mic|CPU:inst|DATAPATH:inst2|BANK_REGS:inst2|MBR:inst3|REGISTER32bit:inst1|REGISTER8bit:inst|inst5                               ; |computador_mic|CPU:inst|DATAPATH:inst2|BANK_REGS:inst2|MBR:inst3|REGISTER32bit:inst1|REGISTER8bit:inst|inst5                         ; regout           ;
; |computador_mic|CPU:inst|DATAPATH:inst2|ULA_32bit:inst|ULA_8bit:inst|ULA_1bit:inst2|inst5                                                   ; |computador_mic|CPU:inst|DATAPATH:inst2|ULA_32bit:inst|ULA_8bit:inst|ULA_1bit:inst2|inst5                                             ; combout          ;
; |computador_mic|CPU:inst|DATAPATH:inst2|ULA_32bit:inst|ULA_8bit:inst|ULA_1bit:inst2|inst                                                    ; |computador_mic|CPU:inst|DATAPATH:inst2|ULA_32bit:inst|ULA_8bit:inst|ULA_1bit:inst2|inst                                              ; combout          ;
; |computador_mic|CPU:inst|DATAPATH:inst2|BANK_REGS:inst2|SP:inst50|REGISTER32bit:inst1|REGISTER8bit:inst|inst                                ; |computador_mic|CPU:inst|DATAPATH:inst2|BANK_REGS:inst2|SP:inst50|REGISTER32bit:inst1|REGISTER8bit:inst|inst                          ; regout           ;
; |computador_mic|CPU:inst|DATAPATH:inst2|BANK_REGS:inst2|OUT_B[0]~142                                                                        ; |computador_mic|CPU:inst|DATAPATH:inst2|BANK_REGS:inst2|OUT_B[0]~142                                                                  ; combout          ;
; |computador_mic|CPU:inst|DATAPATH:inst2|BANK_REGS:inst2|TOS:inst53|REGISTER32bit:inst1|REGISTER8bit:inst|inst                               ; |computador_mic|CPU:inst|DATAPATH:inst2|BANK_REGS:inst2|TOS:inst53|REGISTER32bit:inst1|REGISTER8bit:inst|inst                         ; regout           ;
; |computador_mic|CPU:inst|DATAPATH:inst2|BANK_REGS:inst2|OUT_B[0]~144                                                                        ; |computador_mic|CPU:inst|DATAPATH:inst2|BANK_REGS:inst2|OUT_B[0]~144                                                                  ; combout          ;
; |computador_mic|CPU:inst|DATAPATH:inst2|BANK_REGS:inst2|MBR:inst3|REGISTER32bit:inst5|REGISTER8bit:inst|inst                                ; |computador_mic|CPU:inst|DATAPATH:inst2|BANK_REGS:inst2|MBR:inst3|REGISTER32bit:inst5|REGISTER8bit:inst|inst                          ; regout           ;
; |computador_mic|CPU:inst|DATAPATH:inst2|BANK_REGS:inst2|MDR:inst1|REGISTER32bit:inst1|REGISTER8bit:inst|inst                                ; |computador_mic|CPU:inst|DATAPATH:inst2|BANK_REGS:inst2|MDR:inst1|REGISTER32bit:inst1|REGISTER8bit:inst|inst                          ; regout           ;
; |computador_mic|CPU:inst|DATAPATH:inst2|BANK_REGS:inst2|OUT_B[0]~145                                                                        ; |computador_mic|CPU:inst|DATAPATH:inst2|BANK_REGS:inst2|OUT_B[0]~145                                                                  ; combout          ;
; |computador_mic|CPU:inst|DATAPATH:inst2|BANK_REGS:inst2|OUT_B[0]~146                                                                        ; |computador_mic|CPU:inst|DATAPATH:inst2|BANK_REGS:inst2|OUT_B[0]~146                                                                  ; combout          ;
; |computador_mic|CPU:inst|DATAPATH:inst2|BANK_REGS:inst2|MBR:inst3|REGISTER32bit:inst1|REGISTER8bit:inst|inst                                ; |computador_mic|CPU:inst|DATAPATH:inst2|BANK_REGS:inst2|MBR:inst3|REGISTER32bit:inst1|REGISTER8bit:inst|inst                          ; regout           ;
; |computador_mic|CPU:inst|DATAPATH:inst2|ULA_32bit:inst|ULA_8bit:inst|ULA_1bit:inst|inst5                                                    ; |computador_mic|CPU:inst|DATAPATH:inst2|ULA_32bit:inst|ULA_8bit:inst|ULA_1bit:inst|inst5                                              ; combout          ;
; |computador_mic|CPU:inst|DATAPATH:inst2|BANK_REGS:inst2|H:inst5|REGISTER32bit:inst1|REGISTER8bit:inst|inst                                  ; |computador_mic|CPU:inst|DATAPATH:inst2|BANK_REGS:inst2|H:inst5|REGISTER32bit:inst1|REGISTER8bit:inst|inst                            ; regout           ;
; |computador_mic|CPU:inst|DATAPATH:inst2|ULA_32bit:inst|ULA_8bit:inst|ULA_1bit:inst|inst                                                     ; |computador_mic|CPU:inst|DATAPATH:inst2|ULA_32bit:inst|ULA_8bit:inst|ULA_1bit:inst|inst                                               ; combout          ;
; |computador_mic|CPU:inst|DATAPATH:inst2|ULA_32bit:inst|ULA_8bit:inst|ULA_1bit:inst|FULLADDER_1bit:inst7|inst6                               ; |computador_mic|CPU:inst|DATAPATH:inst2|ULA_32bit:inst|ULA_8bit:inst|ULA_1bit:inst|FULLADDER_1bit:inst7|inst6                         ; combout          ;
; |computador_mic|CPU:inst|DATAPATH:inst2|ULA_32bit:inst|ULA_8bit:inst|ULA_1bit:inst2|FULLADDER_1bit:inst7|inst6                              ; |computador_mic|CPU:inst|DATAPATH:inst2|ULA_32bit:inst|ULA_8bit:inst|ULA_1bit:inst2|FULLADDER_1bit:inst7|inst6                        ; combout          ;
; |computador_mic|CPU:inst|DATAPATH:inst2|ULA_32bit:inst|ULA_8bit:inst|ULA_1bit:inst3|FULLADDER_1bit:inst7|inst6                              ; |computador_mic|CPU:inst|DATAPATH:inst2|ULA_32bit:inst|ULA_8bit:inst|ULA_1bit:inst3|FULLADDER_1bit:inst7|inst6                        ; combout          ;
; |computador_mic|CPU:inst|DATAPATH:inst2|ULA_32bit:inst|ULA_8bit:inst|ULA_1bit:inst4|FULLADDER_1bit:inst7|inst5~0                            ; |computador_mic|CPU:inst|DATAPATH:inst2|ULA_32bit:inst|ULA_8bit:inst|ULA_1bit:inst4|FULLADDER_1bit:inst7|inst5~0                      ; combout          ;
; |computador_mic|CPU:inst|DATAPATH:inst2|ULA_32bit:inst|ULA_8bit:inst|ULA_1bit:inst5|FULLADDER_1bit:inst7|inst5                              ; |computador_mic|CPU:inst|DATAPATH:inst2|ULA_32bit:inst|ULA_8bit:inst|ULA_1bit:inst5|FULLADDER_1bit:inst7|inst5                        ; combout          ;
; |computador_mic|CPU:inst|DATAPATH:inst2|ULA_32bit:inst|ULA_8bit:inst|ULA_1bit:inst7|FULLADDER_1bit:inst7|inst6~0                            ; |computador_mic|CPU:inst|DATAPATH:inst2|ULA_32bit:inst|ULA_8bit:inst|ULA_1bit:inst7|FULLADDER_1bit:inst7|inst6~0                      ; combout          ;
; |computador_mic|CPU:inst|DATAPATH:inst2|ULA_32bit:inst|ULA_8bit:inst|ULA_1bit:inst7|FULLADDER_1bit:inst7|inst6~1                            ; |computador_mic|CPU:inst|DATAPATH:inst2|ULA_32bit:inst|ULA_8bit:inst|ULA_1bit:inst7|FULLADDER_1bit:inst7|inst6~1                      ; combout          ;
; |computador_mic|CPU:inst|DATAPATH:inst2|ULA_32bit:inst|ULA_8bit:inst|ULA_1bit:inst8|FULLADDER_1bit:inst7|inst6                              ; |computador_mic|CPU:inst|DATAPATH:inst2|ULA_32bit:inst|ULA_8bit:inst|ULA_1bit:inst8|FULLADDER_1bit:inst7|inst6                        ; combout          ;
; |computador_mic|CPU:inst|DATAPATH:inst2|ULA_32bit:inst|ULA_8bit:inst1|ULA_1bit:inst|FULLADDER_1bit:inst7|inst6                              ; |computador_mic|CPU:inst|DATAPATH:inst2|ULA_32bit:inst|ULA_8bit:inst1|ULA_1bit:inst|FULLADDER_1bit:inst7|inst6                        ; combout          ;
; |computador_mic|CPU:inst|DATAPATH:inst2|ULA_32bit:inst|ULA_8bit:inst1|ULA_1bit:inst3|FULLADDER_1bit:inst7|inst5~2                           ; |computador_mic|CPU:inst|DATAPATH:inst2|ULA_32bit:inst|ULA_8bit:inst1|ULA_1bit:inst3|FULLADDER_1bit:inst7|inst5~2                     ; combout          ;
; |computador_mic|CPU:inst|DATAPATH:inst2|ULA_32bit:inst|ULA_8bit:inst1|ULA_1bit:inst4|FULLADDER_1bit:inst7|inst6~2                           ; |computador_mic|CPU:inst|DATAPATH:inst2|ULA_32bit:inst|ULA_8bit:inst1|ULA_1bit:inst4|FULLADDER_1bit:inst7|inst6~2                     ; combout          ;
; |computador_mic|CPU:inst|DATAPATH:inst2|ULA_32bit:inst|ULA_8bit:inst1|ULA_1bit:inst5|FULLADDER_1bit:inst7|inst6                             ; |computador_mic|CPU:inst|DATAPATH:inst2|ULA_32bit:inst|ULA_8bit:inst1|ULA_1bit:inst5|FULLADDER_1bit:inst7|inst6                       ; combout          ;
; |computador_mic|CPU:inst|DATAPATH:inst2|ULA_32bit:inst|ULA_8bit:inst1|ULA_1bit:inst6|FULLADDER_1bit:inst7|inst6                             ; |computador_mic|CPU:inst|DATAPATH:inst2|ULA_32bit:inst|ULA_8bit:inst1|ULA_1bit:inst6|FULLADDER_1bit:inst7|inst6                       ; combout          ;
; |computador_mic|CPU:inst|DATAPATH:inst2|ULA_32bit:inst|ULA_8bit:inst1|ULA_1bit:inst7|FULLADDER_1bit:inst7|inst6                             ; |computador_mic|CPU:inst|DATAPATH:inst2|ULA_32bit:inst|ULA_8bit:inst1|ULA_1bit:inst7|FULLADDER_1bit:inst7|inst6                       ; combout          ;
; |computador_mic|CPU:inst|DATAPATH:inst2|ULA_32bit:inst|ULA_8bit:inst1|ULA_1bit:inst8|FULLADDER_1bit:inst7|inst6                             ; |computador_mic|CPU:inst|DATAPATH:inst2|ULA_32bit:inst|ULA_8bit:inst1|ULA_1bit:inst8|FULLADDER_1bit:inst7|inst6                       ; combout          ;
; |computador_mic|CPU:inst|DATAPATH:inst2|ULA_32bit:inst|ULA_8bit:inst2|ULA_1bit:inst|FULLADDER_1bit:inst7|inst6                              ; |computador_mic|CPU:inst|DATAPATH:inst2|ULA_32bit:inst|ULA_8bit:inst2|ULA_1bit:inst|FULLADDER_1bit:inst7|inst6                        ; combout          ;
; |computador_mic|CPU:inst|DATAPATH:inst2|ULA_32bit:inst|ULA_8bit:inst2|ULA_1bit:inst2|FULLADDER_1bit:inst7|inst6                             ; |computador_mic|CPU:inst|DATAPATH:inst2|ULA_32bit:inst|ULA_8bit:inst2|ULA_1bit:inst2|FULLADDER_1bit:inst7|inst6                       ; combout          ;
; |computador_mic|CPU:inst|DATAPATH:inst2|ULA_32bit:inst|ULA_8bit:inst2|ULA_1bit:inst3|FULLADDER_1bit:inst7|inst6                             ; |computador_mic|CPU:inst|DATAPATH:inst2|ULA_32bit:inst|ULA_8bit:inst2|ULA_1bit:inst3|FULLADDER_1bit:inst7|inst6                       ; combout          ;
; |computador_mic|CPU:inst|DATAPATH:inst2|ULA_32bit:inst|ULA_8bit:inst2|ULA_1bit:inst4|FULLADDER_1bit:inst7|inst6                             ; |computador_mic|CPU:inst|DATAPATH:inst2|ULA_32bit:inst|ULA_8bit:inst2|ULA_1bit:inst4|FULLADDER_1bit:inst7|inst6                       ; combout          ;
; |computador_mic|CPU:inst|DATAPATH:inst2|ULA_32bit:inst|ULA_8bit:inst2|ULA_1bit:inst5|FULLADDER_1bit:inst7|inst6                             ; |computador_mic|CPU:inst|DATAPATH:inst2|ULA_32bit:inst|ULA_8bit:inst2|ULA_1bit:inst5|FULLADDER_1bit:inst7|inst6                       ; combout          ;
; |computador_mic|CPU:inst|DATAPATH:inst2|ULA_32bit:inst|ULA_8bit:inst2|ULA_1bit:inst6|FULLADDER_1bit:inst7|inst6                             ; |computador_mic|CPU:inst|DATAPATH:inst2|ULA_32bit:inst|ULA_8bit:inst2|ULA_1bit:inst6|FULLADDER_1bit:inst7|inst6                       ; combout          ;
; |computador_mic|CPU:inst|DATAPATH:inst2|ULA_32bit:inst|ULA_8bit:inst2|ULA_1bit:inst7|FULLADDER_1bit:inst7|inst6                             ; |computador_mic|CPU:inst|DATAPATH:inst2|ULA_32bit:inst|ULA_8bit:inst2|ULA_1bit:inst7|FULLADDER_1bit:inst7|inst6                       ; combout          ;
; |computador_mic|CPU:inst|DATAPATH:inst2|ULA_32bit:inst|ULA_8bit:inst2|ULA_1bit:inst8|FULLADDER_1bit:inst7|inst6                             ; |computador_mic|CPU:inst|DATAPATH:inst2|ULA_32bit:inst|ULA_8bit:inst2|ULA_1bit:inst8|FULLADDER_1bit:inst7|inst6                       ; combout          ;
; |computador_mic|CPU:inst|DATAPATH:inst2|ULA_32bit:inst|ULA_8bit:inst3|ULA_1bit:inst|FULLADDER_1bit:inst7|inst6                              ; |computador_mic|CPU:inst|DATAPATH:inst2|ULA_32bit:inst|ULA_8bit:inst3|ULA_1bit:inst|FULLADDER_1bit:inst7|inst6                        ; combout          ;
; |computador_mic|CPU:inst|DATAPATH:inst2|ULA_32bit:inst|ULA_8bit:inst3|ULA_1bit:inst2|FULLADDER_1bit:inst7|inst6                             ; |computador_mic|CPU:inst|DATAPATH:inst2|ULA_32bit:inst|ULA_8bit:inst3|ULA_1bit:inst2|FULLADDER_1bit:inst7|inst6                       ; combout          ;
; |computador_mic|CPU:inst|DATAPATH:inst2|ULA_32bit:inst|ULA_8bit:inst3|ULA_1bit:inst5|FULLADDER_1bit:inst7|inst6~1                           ; |computador_mic|CPU:inst|DATAPATH:inst2|ULA_32bit:inst|ULA_8bit:inst3|ULA_1bit:inst5|FULLADDER_1bit:inst7|inst6~1                     ; combout          ;
; |computador_mic|CPU:inst|DATAPATH:inst2|ULA_32bit:inst|ULA_8bit:inst3|ULA_1bit:inst5|FULLADDER_1bit:inst7|inst6~2                           ; |computador_mic|CPU:inst|DATAPATH:inst2|ULA_32bit:inst|ULA_8bit:inst3|ULA_1bit:inst5|FULLADDER_1bit:inst7|inst6~2                     ; combout          ;
; |computador_mic|CPU:inst|DATAPATH:inst2|ULA_32bit:inst|ULA_8bit:inst3|ULA_1bit:inst6|FULLADDER_1bit:inst7|inst6                             ; |computador_mic|CPU:inst|DATAPATH:inst2|ULA_32bit:inst|ULA_8bit:inst3|ULA_1bit:inst6|FULLADDER_1bit:inst7|inst6                       ; combout          ;
; |computador_mic|CPU:inst|DATAPATH:inst2|ULA_32bit:inst|ULA_8bit:inst3|ULA_1bit:inst8|FULLADDER_1bit:inst7|inst3~0                           ; |computador_mic|CPU:inst|DATAPATH:inst2|ULA_32bit:inst|ULA_8bit:inst3|ULA_1bit:inst8|FULLADDER_1bit:inst7|inst3~0                     ; combout          ;
; |computador_mic|CPU:inst|DATAPATH:inst2|ULA_32bit:inst|ULA_8bit:inst3|ULA_1bit:inst8|FULLADDER_1bit:inst7|inst3                             ; |computador_mic|CPU:inst|DATAPATH:inst2|ULA_32bit:inst|ULA_8bit:inst3|ULA_1bit:inst8|FULLADDER_1bit:inst7|inst3                       ; combout          ;
; |computador_mic|CPU:inst|DATAPATH:inst2|ULA_32bit:inst|ULA_8bit:inst2|ULA_1bit:inst8|inst666~0                                              ; |computador_mic|CPU:inst|DATAPATH:inst2|ULA_32bit:inst|ULA_8bit:inst2|ULA_1bit:inst8|inst666~0                                        ; combout          ;
; |computador_mic|CPU:inst|DATAPATH:inst2|ULA_32bit:inst|ULA_8bit:inst2|ULA_1bit:inst8|inst666~1                                              ; |computador_mic|CPU:inst|DATAPATH:inst2|ULA_32bit:inst|ULA_8bit:inst2|ULA_1bit:inst8|inst666~1                                        ; combout          ;
; |computador_mic|CPU:inst|DATAPATH:inst2|SHIFTER:inst1|inst1[31]~0                                                                           ; |computador_mic|CPU:inst|DATAPATH:inst2|SHIFTER:inst1|inst1[31]~0                                                                     ; combout          ;
; |computador_mic|CPU:inst|DATAPATH:inst2|ULA_32bit:inst|ULA_8bit:inst2|ULA_1bit:inst7|inst666~0                                              ; |computador_mic|CPU:inst|DATAPATH:inst2|ULA_32bit:inst|ULA_8bit:inst2|ULA_1bit:inst7|inst666~0                                        ; combout          ;
; |computador_mic|CPU:inst|DATAPATH:inst2|ULA_32bit:inst|ULA_8bit:inst2|ULA_1bit:inst7|inst666~1                                              ; |computador_mic|CPU:inst|DATAPATH:inst2|ULA_32bit:inst|ULA_8bit:inst2|ULA_1bit:inst7|inst666~1                                        ; combout          ;
; |computador_mic|CPU:inst|DATAPATH:inst2|ULA_32bit:inst|ULA_8bit:inst3|ULA_1bit:inst7|inst666~0                                              ; |computador_mic|CPU:inst|DATAPATH:inst2|ULA_32bit:inst|ULA_8bit:inst3|ULA_1bit:inst7|inst666~0                                        ; combout          ;
; |computador_mic|CPU:inst|DATAPATH:inst2|ULA_32bit:inst|ULA_8bit:inst3|ULA_1bit:inst7|inst666~1                                              ; |computador_mic|CPU:inst|DATAPATH:inst2|ULA_32bit:inst|ULA_8bit:inst3|ULA_1bit:inst7|inst666~1                                        ; combout          ;
; |computador_mic|CPU:inst|DATAPATH:inst2|SHIFTER:inst1|inst5~0                                                                               ; |computador_mic|CPU:inst|DATAPATH:inst2|SHIFTER:inst1|inst5~0                                                                         ; combout          ;
; |computador_mic|CPU:inst|DATAPATH:inst2|SHIFTER:inst1|inst1[30]~1                                                                           ; |computador_mic|CPU:inst|DATAPATH:inst2|SHIFTER:inst1|inst1[30]~1                                                                     ; combout          ;
; |computador_mic|CPU:inst|DATAPATH:inst2|SHIFTER:inst1|inst1[30]                                                                             ; |computador_mic|CPU:inst|DATAPATH:inst2|SHIFTER:inst1|inst1[30]                                                                       ; combout          ;
; |computador_mic|CPU:inst|DATAPATH:inst2|ULA_32bit:inst|ULA_8bit:inst3|ULA_1bit:inst6|inst666~0                                              ; |computador_mic|CPU:inst|DATAPATH:inst2|ULA_32bit:inst|ULA_8bit:inst3|ULA_1bit:inst6|inst666~0                                        ; combout          ;
; |computador_mic|CPU:inst|DATAPATH:inst2|ULA_32bit:inst|ULA_8bit:inst3|ULA_1bit:inst6|inst666~1                                              ; |computador_mic|CPU:inst|DATAPATH:inst2|ULA_32bit:inst|ULA_8bit:inst3|ULA_1bit:inst6|inst666~1                                        ; combout          ;
; |computador_mic|CPU:inst|DATAPATH:inst2|ULA_32bit:inst|ULA_8bit:inst2|ULA_1bit:inst6|inst666~0                                              ; |computador_mic|CPU:inst|DATAPATH:inst2|ULA_32bit:inst|ULA_8bit:inst2|ULA_1bit:inst6|inst666~0                                        ; combout          ;
; |computador_mic|CPU:inst|DATAPATH:inst2|ULA_32bit:inst|ULA_8bit:inst2|ULA_1bit:inst6|inst666~1                                              ; |computador_mic|CPU:inst|DATAPATH:inst2|ULA_32bit:inst|ULA_8bit:inst2|ULA_1bit:inst6|inst666~1                                        ; combout          ;
; |computador_mic|CPU:inst|DATAPATH:inst2|SHIFTER:inst1|inst1[29]~2                                                                           ; |computador_mic|CPU:inst|DATAPATH:inst2|SHIFTER:inst1|inst1[29]~2                                                                     ; combout          ;
; |computador_mic|CPU:inst|DATAPATH:inst2|ULA_32bit:inst|ULA_8bit:inst3|ULA_1bit:inst5|inst                                                   ; |computador_mic|CPU:inst|DATAPATH:inst2|ULA_32bit:inst|ULA_8bit:inst3|ULA_1bit:inst5|inst                                             ; combout          ;
; |computador_mic|CPU:inst|DATAPATH:inst2|ULA_32bit:inst|ULA_8bit:inst3|ULA_1bit:inst5|inst666~0                                              ; |computador_mic|CPU:inst|DATAPATH:inst2|ULA_32bit:inst|ULA_8bit:inst3|ULA_1bit:inst5|inst666~0                                        ; combout          ;
; |computador_mic|CPU:inst|DATAPATH:inst2|ULA_32bit:inst|ULA_8bit:inst3|ULA_1bit:inst3|FULLADDER_1bit:inst7|inst6                             ; |computador_mic|CPU:inst|DATAPATH:inst2|ULA_32bit:inst|ULA_8bit:inst3|ULA_1bit:inst3|FULLADDER_1bit:inst7|inst6                       ; combout          ;
; |computador_mic|CPU:inst|DATAPATH:inst2|ULA_32bit:inst|ULA_8bit:inst3|ULA_1bit:inst4|FULLADDER_1bit:inst7|inst6                             ; |computador_mic|CPU:inst|DATAPATH:inst2|ULA_32bit:inst|ULA_8bit:inst3|ULA_1bit:inst4|FULLADDER_1bit:inst7|inst6                       ; combout          ;
; |computador_mic|CPU:inst|DATAPATH:inst2|ULA_32bit:inst|ULA_8bit:inst3|ULA_1bit:inst5|inst666~1                                              ; |computador_mic|CPU:inst|DATAPATH:inst2|ULA_32bit:inst|ULA_8bit:inst3|ULA_1bit:inst5|inst666~1                                        ; combout          ;
; |computador_mic|CPU:inst|DATAPATH:inst2|ULA_32bit:inst|ULA_8bit:inst2|ULA_1bit:inst5|inst666~0                                              ; |computador_mic|CPU:inst|DATAPATH:inst2|ULA_32bit:inst|ULA_8bit:inst2|ULA_1bit:inst5|inst666~0                                        ; combout          ;
; |computador_mic|CPU:inst|DATAPATH:inst2|ULA_32bit:inst|ULA_8bit:inst2|ULA_1bit:inst5|inst666~1                                              ; |computador_mic|CPU:inst|DATAPATH:inst2|ULA_32bit:inst|ULA_8bit:inst2|ULA_1bit:inst5|inst666~1                                        ; combout          ;
; |computador_mic|CPU:inst|DATAPATH:inst2|SHIFTER:inst1|inst1[28]~3                                                                           ; |computador_mic|CPU:inst|DATAPATH:inst2|SHIFTER:inst1|inst1[28]~3                                                                     ; combout          ;
; |computador_mic|CPU:inst|DATAPATH:inst2|ULA_32bit:inst|ULA_8bit:inst3|ULA_1bit:inst4|inst666~0                                              ; |computador_mic|CPU:inst|DATAPATH:inst2|ULA_32bit:inst|ULA_8bit:inst3|ULA_1bit:inst4|inst666~0                                        ; combout          ;
; |computador_mic|CPU:inst|DATAPATH:inst2|ULA_32bit:inst|ULA_8bit:inst3|ULA_1bit:inst4|inst666~1                                              ; |computador_mic|CPU:inst|DATAPATH:inst2|ULA_32bit:inst|ULA_8bit:inst3|ULA_1bit:inst4|inst666~1                                        ; combout          ;
; |computador_mic|CPU:inst|DATAPATH:inst2|ULA_32bit:inst|ULA_8bit:inst2|ULA_1bit:inst4|inst666~0                                              ; |computador_mic|CPU:inst|DATAPATH:inst2|ULA_32bit:inst|ULA_8bit:inst2|ULA_1bit:inst4|inst666~0                                        ; combout          ;
; |computador_mic|CPU:inst|DATAPATH:inst2|ULA_32bit:inst|ULA_8bit:inst2|ULA_1bit:inst4|inst666~1                                              ; |computador_mic|CPU:inst|DATAPATH:inst2|ULA_32bit:inst|ULA_8bit:inst2|ULA_1bit:inst4|inst666~1                                        ; combout          ;
; |computador_mic|CPU:inst|DATAPATH:inst2|SHIFTER:inst1|inst1[27]~4                                                                           ; |computador_mic|CPU:inst|DATAPATH:inst2|SHIFTER:inst1|inst1[27]~4                                                                     ; combout          ;
; |computador_mic|CPU:inst|DATAPATH:inst2|ULA_32bit:inst|ULA_8bit:inst3|ULA_1bit:inst3|inst666~0                                              ; |computador_mic|CPU:inst|DATAPATH:inst2|ULA_32bit:inst|ULA_8bit:inst3|ULA_1bit:inst3|inst666~0                                        ; combout          ;
; |computador_mic|CPU:inst|DATAPATH:inst2|ULA_32bit:inst|ULA_8bit:inst3|ULA_1bit:inst3|inst666~1                                              ; |computador_mic|CPU:inst|DATAPATH:inst2|ULA_32bit:inst|ULA_8bit:inst3|ULA_1bit:inst3|inst666~1                                        ; combout          ;
; |computador_mic|CPU:inst|DATAPATH:inst2|ULA_32bit:inst|ULA_8bit:inst2|ULA_1bit:inst3|inst666~0                                              ; |computador_mic|CPU:inst|DATAPATH:inst2|ULA_32bit:inst|ULA_8bit:inst2|ULA_1bit:inst3|inst666~0                                        ; combout          ;
; |computador_mic|CPU:inst|DATAPATH:inst2|ULA_32bit:inst|ULA_8bit:inst2|ULA_1bit:inst3|inst666~1                                              ; |computador_mic|CPU:inst|DATAPATH:inst2|ULA_32bit:inst|ULA_8bit:inst2|ULA_1bit:inst3|inst666~1                                        ; combout          ;
; |computador_mic|CPU:inst|DATAPATH:inst2|SHIFTER:inst1|inst1[26]~5                                                                           ; |computador_mic|CPU:inst|DATAPATH:inst2|SHIFTER:inst1|inst1[26]~5                                                                     ; combout          ;
; |computador_mic|CPU:inst|DATAPATH:inst2|ULA_32bit:inst|ULA_8bit:inst3|ULA_1bit:inst2|inst666~0                                              ; |computador_mic|CPU:inst|DATAPATH:inst2|ULA_32bit:inst|ULA_8bit:inst3|ULA_1bit:inst2|inst666~0                                        ; combout          ;
; |computador_mic|CPU:inst|DATAPATH:inst2|ULA_32bit:inst|ULA_8bit:inst3|ULA_1bit:inst2|inst666~1                                              ; |computador_mic|CPU:inst|DATAPATH:inst2|ULA_32bit:inst|ULA_8bit:inst3|ULA_1bit:inst2|inst666~1                                        ; combout          ;
; |computador_mic|CPU:inst|DATAPATH:inst2|ULA_32bit:inst|ULA_8bit:inst2|ULA_1bit:inst2|inst666~0                                              ; |computador_mic|CPU:inst|DATAPATH:inst2|ULA_32bit:inst|ULA_8bit:inst2|ULA_1bit:inst2|inst666~0                                        ; combout          ;
; |computador_mic|CPU:inst|DATAPATH:inst2|ULA_32bit:inst|ULA_8bit:inst2|ULA_1bit:inst2|inst666~1                                              ; |computador_mic|CPU:inst|DATAPATH:inst2|ULA_32bit:inst|ULA_8bit:inst2|ULA_1bit:inst2|inst666~1                                        ; combout          ;
; |computador_mic|CPU:inst|DATAPATH:inst2|SHIFTER:inst1|inst1[25]~6                                                                           ; |computador_mic|CPU:inst|DATAPATH:inst2|SHIFTER:inst1|inst1[25]~6                                                                     ; combout          ;
; |computador_mic|CPU:inst|DATAPATH:inst2|ULA_32bit:inst|ULA_8bit:inst3|ULA_1bit:inst|inst666~0                                               ; |computador_mic|CPU:inst|DATAPATH:inst2|ULA_32bit:inst|ULA_8bit:inst3|ULA_1bit:inst|inst666~0                                         ; combout          ;
; |computador_mic|CPU:inst|DATAPATH:inst2|ULA_32bit:inst|ULA_8bit:inst3|ULA_1bit:inst|inst666~1                                               ; |computador_mic|CPU:inst|DATAPATH:inst2|ULA_32bit:inst|ULA_8bit:inst3|ULA_1bit:inst|inst666~1                                         ; combout          ;
; |computador_mic|CPU:inst|DATAPATH:inst2|ULA_32bit:inst|ULA_8bit:inst2|ULA_1bit:inst|inst666~0                                               ; |computador_mic|CPU:inst|DATAPATH:inst2|ULA_32bit:inst|ULA_8bit:inst2|ULA_1bit:inst|inst666~0                                         ; combout          ;
; |computador_mic|CPU:inst|DATAPATH:inst2|ULA_32bit:inst|ULA_8bit:inst2|ULA_1bit:inst|inst666~1                                               ; |computador_mic|CPU:inst|DATAPATH:inst2|ULA_32bit:inst|ULA_8bit:inst2|ULA_1bit:inst|inst666~1                                         ; combout          ;
; |computador_mic|CPU:inst|DATAPATH:inst2|SHIFTER:inst1|inst1[24]~7                                                                           ; |computador_mic|CPU:inst|DATAPATH:inst2|SHIFTER:inst1|inst1[24]~7                                                                     ; combout          ;
; |computador_mic|CPU:inst|DATAPATH:inst2|ULA_32bit:inst|ULA_8bit:inst1|ULA_1bit:inst8|inst666~0                                              ; |computador_mic|CPU:inst|DATAPATH:inst2|ULA_32bit:inst|ULA_8bit:inst1|ULA_1bit:inst8|inst666~0                                        ; combout          ;
; |computador_mic|CPU:inst|DATAPATH:inst2|ULA_32bit:inst|ULA_8bit:inst1|ULA_1bit:inst8|inst666~1                                              ; |computador_mic|CPU:inst|DATAPATH:inst2|ULA_32bit:inst|ULA_8bit:inst1|ULA_1bit:inst8|inst666~1                                        ; combout          ;
; |computador_mic|CPU:inst|DATAPATH:inst2|SHIFTER:inst1|inst1[23]~8                                                                           ; |computador_mic|CPU:inst|DATAPATH:inst2|SHIFTER:inst1|inst1[23]~8                                                                     ; combout          ;
; |computador_mic|CPU:inst|DATAPATH:inst2|ULA_32bit:inst|ULA_8bit:inst1|ULA_1bit:inst7|inst666~0                                              ; |computador_mic|CPU:inst|DATAPATH:inst2|ULA_32bit:inst|ULA_8bit:inst1|ULA_1bit:inst7|inst666~0                                        ; combout          ;
; |computador_mic|CPU:inst|DATAPATH:inst2|ULA_32bit:inst|ULA_8bit:inst1|ULA_1bit:inst7|inst666~1                                              ; |computador_mic|CPU:inst|DATAPATH:inst2|ULA_32bit:inst|ULA_8bit:inst1|ULA_1bit:inst7|inst666~1                                        ; combout          ;
; |computador_mic|CPU:inst|DATAPATH:inst2|SHIFTER:inst1|inst1[22]~9                                                                           ; |computador_mic|CPU:inst|DATAPATH:inst2|SHIFTER:inst1|inst1[22]~9                                                                     ; combout          ;
; |computador_mic|CPU:inst|DATAPATH:inst2|ULA_32bit:inst|ULA_8bit:inst1|ULA_1bit:inst6|inst666~0                                              ; |computador_mic|CPU:inst|DATAPATH:inst2|ULA_32bit:inst|ULA_8bit:inst1|ULA_1bit:inst6|inst666~0                                        ; combout          ;
; |computador_mic|CPU:inst|DATAPATH:inst2|ULA_32bit:inst|ULA_8bit:inst1|ULA_1bit:inst6|inst666~1                                              ; |computador_mic|CPU:inst|DATAPATH:inst2|ULA_32bit:inst|ULA_8bit:inst1|ULA_1bit:inst6|inst666~1                                        ; combout          ;
; |computador_mic|CPU:inst|DATAPATH:inst2|SHIFTER:inst1|inst1[21]~10                                                                          ; |computador_mic|CPU:inst|DATAPATH:inst2|SHIFTER:inst1|inst1[21]~10                                                                    ; combout          ;
; |computador_mic|CPU:inst|DATAPATH:inst2|ULA_32bit:inst|ULA_8bit:inst1|ULA_1bit:inst5|inst666~0                                              ; |computador_mic|CPU:inst|DATAPATH:inst2|ULA_32bit:inst|ULA_8bit:inst1|ULA_1bit:inst5|inst666~0                                        ; combout          ;
; |computador_mic|CPU:inst|DATAPATH:inst2|ULA_32bit:inst|ULA_8bit:inst1|ULA_1bit:inst5|inst666~1                                              ; |computador_mic|CPU:inst|DATAPATH:inst2|ULA_32bit:inst|ULA_8bit:inst1|ULA_1bit:inst5|inst666~1                                        ; combout          ;
; |computador_mic|CPU:inst|DATAPATH:inst2|SHIFTER:inst1|inst1[20]~11                                                                          ; |computador_mic|CPU:inst|DATAPATH:inst2|SHIFTER:inst1|inst1[20]~11                                                                    ; combout          ;
; |computador_mic|CPU:inst|DATAPATH:inst2|ULA_32bit:inst|ULA_8bit:inst1|ULA_1bit:inst4|inst666~0                                              ; |computador_mic|CPU:inst|DATAPATH:inst2|ULA_32bit:inst|ULA_8bit:inst1|ULA_1bit:inst4|inst666~0                                        ; combout          ;
; |computador_mic|CPU:inst|DATAPATH:inst2|ULA_32bit:inst|ULA_8bit:inst1|ULA_1bit:inst2|inst5                                                  ; |computador_mic|CPU:inst|DATAPATH:inst2|ULA_32bit:inst|ULA_8bit:inst1|ULA_1bit:inst2|inst5                                            ; combout          ;
; |computador_mic|CPU:inst|DATAPATH:inst2|ULA_32bit:inst|ULA_8bit:inst1|ULA_1bit:inst2|FULLADDER_1bit:inst7|inst6                             ; |computador_mic|CPU:inst|DATAPATH:inst2|ULA_32bit:inst|ULA_8bit:inst1|ULA_1bit:inst2|FULLADDER_1bit:inst7|inst6                       ; combout          ;
; |computador_mic|CPU:inst|DATAPATH:inst2|ULA_32bit:inst|ULA_8bit:inst1|ULA_1bit:inst3|FULLADDER_1bit:inst7|inst6                             ; |computador_mic|CPU:inst|DATAPATH:inst2|ULA_32bit:inst|ULA_8bit:inst1|ULA_1bit:inst3|FULLADDER_1bit:inst7|inst6                       ; combout          ;
; |computador_mic|CPU:inst|DATAPATH:inst2|ULA_32bit:inst|ULA_8bit:inst1|ULA_1bit:inst4|inst666~1                                              ; |computador_mic|CPU:inst|DATAPATH:inst2|ULA_32bit:inst|ULA_8bit:inst1|ULA_1bit:inst4|inst666~1                                        ; combout          ;
; |computador_mic|CPU:inst|DATAPATH:inst2|SHIFTER:inst1|inst1[19]~12                                                                          ; |computador_mic|CPU:inst|DATAPATH:inst2|SHIFTER:inst1|inst1[19]~12                                                                    ; combout          ;
; |computador_mic|CPU:inst|DATAPATH:inst2|ULA_32bit:inst|ULA_8bit:inst1|ULA_1bit:inst3|inst666~0                                              ; |computador_mic|CPU:inst|DATAPATH:inst2|ULA_32bit:inst|ULA_8bit:inst1|ULA_1bit:inst3|inst666~0                                        ; combout          ;
; |computador_mic|CPU:inst|DATAPATH:inst2|ULA_32bit:inst|ULA_8bit:inst1|ULA_1bit:inst3|inst666~1                                              ; |computador_mic|CPU:inst|DATAPATH:inst2|ULA_32bit:inst|ULA_8bit:inst1|ULA_1bit:inst3|inst666~1                                        ; combout          ;
; |computador_mic|CPU:inst|DATAPATH:inst2|SHIFTER:inst1|inst1[18]~13                                                                          ; |computador_mic|CPU:inst|DATAPATH:inst2|SHIFTER:inst1|inst1[18]~13                                                                    ; combout          ;
; |computador_mic|CPU:inst|DATAPATH:inst2|ULA_32bit:inst|ULA_8bit:inst1|ULA_1bit:inst2|inst666~0                                              ; |computador_mic|CPU:inst|DATAPATH:inst2|ULA_32bit:inst|ULA_8bit:inst1|ULA_1bit:inst2|inst666~0                                        ; combout          ;
; |computador_mic|CPU:inst|DATAPATH:inst2|ULA_32bit:inst|ULA_8bit:inst1|ULA_1bit:inst2|FULLADDER_1bit:inst7|inst                              ; |computador_mic|CPU:inst|DATAPATH:inst2|ULA_32bit:inst|ULA_8bit:inst1|ULA_1bit:inst2|FULLADDER_1bit:inst7|inst                        ; combout          ;
; |computador_mic|CPU:inst|DATAPATH:inst2|ULA_32bit:inst|ULA_8bit:inst1|ULA_1bit:inst2|inst666~1                                              ; |computador_mic|CPU:inst|DATAPATH:inst2|ULA_32bit:inst|ULA_8bit:inst1|ULA_1bit:inst2|inst666~1                                        ; combout          ;
; |computador_mic|CPU:inst|DATAPATH:inst2|SHIFTER:inst1|inst1[17]~14                                                                          ; |computador_mic|CPU:inst|DATAPATH:inst2|SHIFTER:inst1|inst1[17]~14                                                                    ; combout          ;
; |computador_mic|CPU:inst|DATAPATH:inst2|ULA_32bit:inst|ULA_8bit:inst1|ULA_1bit:inst|inst666~0                                               ; |computador_mic|CPU:inst|DATAPATH:inst2|ULA_32bit:inst|ULA_8bit:inst1|ULA_1bit:inst|inst666~0                                         ; combout          ;
; |computador_mic|CPU:inst|DATAPATH:inst2|ULA_32bit:inst|ULA_8bit:inst1|ULA_1bit:inst|inst666~1                                               ; |computador_mic|CPU:inst|DATAPATH:inst2|ULA_32bit:inst|ULA_8bit:inst1|ULA_1bit:inst|inst666~1                                         ; combout          ;
; |computador_mic|CPU:inst|DATAPATH:inst2|SHIFTER:inst1|inst1[16]~15                                                                          ; |computador_mic|CPU:inst|DATAPATH:inst2|SHIFTER:inst1|inst1[16]~15                                                                    ; combout          ;
; |computador_mic|CPU:inst|DATAPATH:inst2|ULA_32bit:inst|ULA_8bit:inst|ULA_1bit:inst8|inst666~0                                               ; |computador_mic|CPU:inst|DATAPATH:inst2|ULA_32bit:inst|ULA_8bit:inst|ULA_1bit:inst8|inst666~0                                         ; combout          ;
; |computador_mic|CPU:inst|DATAPATH:inst2|ULA_32bit:inst|ULA_8bit:inst|ULA_1bit:inst8|inst666~1                                               ; |computador_mic|CPU:inst|DATAPATH:inst2|ULA_32bit:inst|ULA_8bit:inst|ULA_1bit:inst8|inst666~1                                         ; combout          ;
; |computador_mic|CPU:inst|DATAPATH:inst2|SHIFTER:inst1|inst1[15]~16                                                                          ; |computador_mic|CPU:inst|DATAPATH:inst2|SHIFTER:inst1|inst1[15]~16                                                                    ; combout          ;
; |computador_mic|CPU:inst|DATAPATH:inst2|ULA_32bit:inst|ULA_8bit:inst|ULA_1bit:inst7|inst666~0                                               ; |computador_mic|CPU:inst|DATAPATH:inst2|ULA_32bit:inst|ULA_8bit:inst|ULA_1bit:inst7|inst666~0                                         ; combout          ;
; |computador_mic|CPU:inst|DATAPATH:inst2|ULA_32bit:inst|ULA_8bit:inst|ULA_1bit:inst6|FULLADDER_1bit:inst7|inst6                              ; |computador_mic|CPU:inst|DATAPATH:inst2|ULA_32bit:inst|ULA_8bit:inst|ULA_1bit:inst6|FULLADDER_1bit:inst7|inst6                        ; combout          ;
; |computador_mic|CPU:inst|DATAPATH:inst2|ULA_32bit:inst|ULA_8bit:inst|ULA_1bit:inst7|inst666~1                                               ; |computador_mic|CPU:inst|DATAPATH:inst2|ULA_32bit:inst|ULA_8bit:inst|ULA_1bit:inst7|inst666~1                                         ; combout          ;
; |computador_mic|CPU:inst|DATAPATH:inst2|SHIFTER:inst1|inst1[14]~17                                                                          ; |computador_mic|CPU:inst|DATAPATH:inst2|SHIFTER:inst1|inst1[14]~17                                                                    ; combout          ;
; |computador_mic|CPU:inst|DATAPATH:inst2|ULA_32bit:inst|ULA_8bit:inst|ULA_1bit:inst6|inst666~0                                               ; |computador_mic|CPU:inst|DATAPATH:inst2|ULA_32bit:inst|ULA_8bit:inst|ULA_1bit:inst6|inst666~0                                         ; combout          ;
; |computador_mic|CPU:inst|DATAPATH:inst2|ULA_32bit:inst|ULA_8bit:inst|ULA_1bit:inst5|inst                                                    ; |computador_mic|CPU:inst|DATAPATH:inst2|ULA_32bit:inst|ULA_8bit:inst|ULA_1bit:inst5|inst                                              ; combout          ;
; |computador_mic|CPU:inst|DATAPATH:inst2|ULA_32bit:inst|ULA_8bit:inst|ULA_1bit:inst4|FULLADDER_1bit:inst7|inst6                              ; |computador_mic|CPU:inst|DATAPATH:inst2|ULA_32bit:inst|ULA_8bit:inst|ULA_1bit:inst4|FULLADDER_1bit:inst7|inst6                        ; combout          ;
; |computador_mic|CPU:inst|DATAPATH:inst2|ULA_32bit:inst|ULA_8bit:inst|ULA_1bit:inst5|FULLADDER_1bit:inst7|inst6                              ; |computador_mic|CPU:inst|DATAPATH:inst2|ULA_32bit:inst|ULA_8bit:inst|ULA_1bit:inst5|FULLADDER_1bit:inst7|inst6                        ; combout          ;
; |computador_mic|CPU:inst|DATAPATH:inst2|ULA_32bit:inst|ULA_8bit:inst|ULA_1bit:inst6|inst666~1                                               ; |computador_mic|CPU:inst|DATAPATH:inst2|ULA_32bit:inst|ULA_8bit:inst|ULA_1bit:inst6|inst666~1                                         ; combout          ;
; |computador_mic|CPU:inst|DATAPATH:inst2|SHIFTER:inst1|inst1[13]~18                                                                          ; |computador_mic|CPU:inst|DATAPATH:inst2|SHIFTER:inst1|inst1[13]~18                                                                    ; combout          ;
; |computador_mic|CPU:inst|DATAPATH:inst2|ULA_32bit:inst|ULA_8bit:inst|ULA_1bit:inst5|inst666~0                                               ; |computador_mic|CPU:inst|DATAPATH:inst2|ULA_32bit:inst|ULA_8bit:inst|ULA_1bit:inst5|inst666~0                                         ; combout          ;
; |computador_mic|CPU:inst|DATAPATH:inst2|ULA_32bit:inst|ULA_8bit:inst|ULA_1bit:inst5|inst666~1                                               ; |computador_mic|CPU:inst|DATAPATH:inst2|ULA_32bit:inst|ULA_8bit:inst|ULA_1bit:inst5|inst666~1                                         ; combout          ;
; |computador_mic|CPU:inst|DATAPATH:inst2|SHIFTER:inst1|inst1[12]~19                                                                          ; |computador_mic|CPU:inst|DATAPATH:inst2|SHIFTER:inst1|inst1[12]~19                                                                    ; combout          ;
; |computador_mic|CPU:inst|DATAPATH:inst2|ULA_32bit:inst|ULA_8bit:inst|ULA_1bit:inst4|inst                                                    ; |computador_mic|CPU:inst|DATAPATH:inst2|ULA_32bit:inst|ULA_8bit:inst|ULA_1bit:inst4|inst                                              ; combout          ;
; |computador_mic|CPU:inst|DATAPATH:inst2|ULA_32bit:inst|ULA_8bit:inst|ULA_1bit:inst4|inst666~0                                               ; |computador_mic|CPU:inst|DATAPATH:inst2|ULA_32bit:inst|ULA_8bit:inst|ULA_1bit:inst4|inst666~0                                         ; combout          ;
; |computador_mic|CPU:inst|DATAPATH:inst2|ULA_32bit:inst|ULA_8bit:inst|ULA_1bit:inst4|inst666~1                                               ; |computador_mic|CPU:inst|DATAPATH:inst2|ULA_32bit:inst|ULA_8bit:inst|ULA_1bit:inst4|inst666~1                                         ; combout          ;
; |computador_mic|CPU:inst|DATAPATH:inst2|SHIFTER:inst1|inst1[11]~20                                                                          ; |computador_mic|CPU:inst|DATAPATH:inst2|SHIFTER:inst1|inst1[11]~20                                                                    ; combout          ;
; |computador_mic|CPU:inst|DATAPATH:inst2|ULA_32bit:inst|ULA_8bit:inst|ULA_1bit:inst3|inst666~0                                               ; |computador_mic|CPU:inst|DATAPATH:inst2|ULA_32bit:inst|ULA_8bit:inst|ULA_1bit:inst3|inst666~0                                         ; combout          ;
; |computador_mic|CPU:inst|DATAPATH:inst2|ULA_32bit:inst|ULA_8bit:inst|ULA_1bit:inst3|inst666~1                                               ; |computador_mic|CPU:inst|DATAPATH:inst2|ULA_32bit:inst|ULA_8bit:inst|ULA_1bit:inst3|inst666~1                                         ; combout          ;
; |computador_mic|CPU:inst|DATAPATH:inst2|SHIFTER:inst1|inst1[10]~21                                                                          ; |computador_mic|CPU:inst|DATAPATH:inst2|SHIFTER:inst1|inst1[10]~21                                                                    ; combout          ;
; |computador_mic|CPU:inst|DATAPATH:inst2|ULA_32bit:inst|ULA_8bit:inst|ULA_1bit:inst2|inst666~0                                               ; |computador_mic|CPU:inst|DATAPATH:inst2|ULA_32bit:inst|ULA_8bit:inst|ULA_1bit:inst2|inst666~0                                         ; combout          ;
; |computador_mic|CPU:inst|DATAPATH:inst2|ULA_32bit:inst|ULA_8bit:inst|ULA_1bit:inst2|inst666~1                                               ; |computador_mic|CPU:inst|DATAPATH:inst2|ULA_32bit:inst|ULA_8bit:inst|ULA_1bit:inst2|inst666~1                                         ; combout          ;
; |computador_mic|CPU:inst|DATAPATH:inst2|SHIFTER:inst1|inst1[9]~22                                                                           ; |computador_mic|CPU:inst|DATAPATH:inst2|SHIFTER:inst1|inst1[9]~22                                                                     ; combout          ;
; |computador_mic|CPU:inst|DATAPATH:inst2|ULA_32bit:inst|ULA_8bit:inst|ULA_1bit:inst|inst666~0                                                ; |computador_mic|CPU:inst|DATAPATH:inst2|ULA_32bit:inst|ULA_8bit:inst|ULA_1bit:inst|inst666~0                                          ; combout          ;
; |computador_mic|CPU:inst|DATAPATH:inst2|ULA_32bit:inst|ULA_8bit:inst|ULA_1bit:inst|inst666~1                                                ; |computador_mic|CPU:inst|DATAPATH:inst2|ULA_32bit:inst|ULA_8bit:inst|ULA_1bit:inst|inst666~1                                          ; combout          ;
; |computador_mic|CPU:inst|DATAPATH:inst2|ULA_32bit:inst|ULA_8bit:inst|ULA_1bit:inst|inst666~2                                                ; |computador_mic|CPU:inst|DATAPATH:inst2|ULA_32bit:inst|ULA_8bit:inst|ULA_1bit:inst|inst666~2                                          ; combout          ;
; |computador_mic|CPU:inst|DATAPATH:inst2|SHIFTER:inst1|inst1[8]~23                                                                           ; |computador_mic|CPU:inst|DATAPATH:inst2|SHIFTER:inst1|inst1[8]~23                                                                     ; combout          ;
; |computador_mic|CPU:inst|DATAPATH:inst2|SHIFTER:inst1|inst1[7]                                                                              ; |computador_mic|CPU:inst|DATAPATH:inst2|SHIFTER:inst1|inst1[7]                                                                        ; combout          ;
; |computador_mic|CPU:inst|DATAPATH:inst2|SHIFTER:inst1|inst1[6]                                                                              ; |computador_mic|CPU:inst|DATAPATH:inst2|SHIFTER:inst1|inst1[6]                                                                        ; combout          ;
; |computador_mic|CPU:inst|DATAPATH:inst2|SHIFTER:inst1|inst1[5]                                                                              ; |computador_mic|CPU:inst|DATAPATH:inst2|SHIFTER:inst1|inst1[5]                                                                        ; combout          ;
; |computador_mic|CPU:inst|DATAPATH:inst2|SHIFTER:inst1|inst1[4]                                                                              ; |computador_mic|CPU:inst|DATAPATH:inst2|SHIFTER:inst1|inst1[4]                                                                        ; combout          ;
; |computador_mic|CPU:inst|DATAPATH:inst2|SHIFTER:inst1|inst1[3]                                                                              ; |computador_mic|CPU:inst|DATAPATH:inst2|SHIFTER:inst1|inst1[3]                                                                        ; combout          ;
; |computador_mic|CPU:inst|DATAPATH:inst2|SHIFTER:inst1|inst1[2]                                                                              ; |computador_mic|CPU:inst|DATAPATH:inst2|SHIFTER:inst1|inst1[2]                                                                        ; combout          ;
; |computador_mic|CPU:inst|DATAPATH:inst2|SHIFTER:inst1|inst1[1]                                                                              ; |computador_mic|CPU:inst|DATAPATH:inst2|SHIFTER:inst1|inst1[1]                                                                        ; combout          ;
; |computador_mic|CPU:inst|DATAPATH:inst2|SHIFTER:inst1|inst1[0]                                                                              ; |computador_mic|CPU:inst|DATAPATH:inst2|SHIFTER:inst1|inst1[0]                                                                        ; combout          ;
; |computador_mic|CPU:inst|CONTROL_UNIT:inst|MPC_GENERATOR:inst|inst8                                                                         ; |computador_mic|CPU:inst|CONTROL_UNIT:inst|MPC_GENERATOR:inst|inst8                                                                   ; regout           ;
; |computador_mic|CPU:inst|CONTROL_UNIT:inst|inst2[6]                                                                                         ; |computador_mic|CPU:inst|CONTROL_UNIT:inst|inst2[6]                                                                                   ; regout           ;
; |computador_mic|CPU:inst|CONTROL_UNIT:inst|MPC_GENERATOR:inst|inst12[6]                                                                     ; |computador_mic|CPU:inst|CONTROL_UNIT:inst|MPC_GENERATOR:inst|inst12[6]                                                               ; combout          ;
; |computador_mic|CPU:inst|CONTROL_UNIT:inst|inst2[5]                                                                                         ; |computador_mic|CPU:inst|CONTROL_UNIT:inst|inst2[5]                                                                                   ; regout           ;
; |computador_mic|CPU:inst|CONTROL_UNIT:inst|MPC_GENERATOR:inst|inst12[5]                                                                     ; |computador_mic|CPU:inst|CONTROL_UNIT:inst|MPC_GENERATOR:inst|inst12[5]                                                               ; combout          ;
; |computador_mic|CPU:inst|CONTROL_UNIT:inst|inst2[4]                                                                                         ; |computador_mic|CPU:inst|CONTROL_UNIT:inst|inst2[4]                                                                                   ; regout           ;
; |computador_mic|CPU:inst|CONTROL_UNIT:inst|MPC_GENERATOR:inst|inst12[4]                                                                     ; |computador_mic|CPU:inst|CONTROL_UNIT:inst|MPC_GENERATOR:inst|inst12[4]                                                               ; combout          ;
; |computador_mic|CPU:inst|CONTROL_UNIT:inst|inst2[3]                                                                                         ; |computador_mic|CPU:inst|CONTROL_UNIT:inst|inst2[3]                                                                                   ; regout           ;
; |computador_mic|CPU:inst|CONTROL_UNIT:inst|MPC_GENERATOR:inst|inst12[3]                                                                     ; |computador_mic|CPU:inst|CONTROL_UNIT:inst|MPC_GENERATOR:inst|inst12[3]                                                               ; combout          ;
; |computador_mic|CPU:inst|CONTROL_UNIT:inst|inst2[2]                                                                                         ; |computador_mic|CPU:inst|CONTROL_UNIT:inst|inst2[2]                                                                                   ; regout           ;
; |computador_mic|CPU:inst|CONTROL_UNIT:inst|MPC_GENERATOR:inst|inst12[2]                                                                     ; |computador_mic|CPU:inst|CONTROL_UNIT:inst|MPC_GENERATOR:inst|inst12[2]                                                               ; combout          ;
; |computador_mic|CPU:inst|CONTROL_UNIT:inst|inst2[1]                                                                                         ; |computador_mic|CPU:inst|CONTROL_UNIT:inst|inst2[1]                                                                                   ; regout           ;
; |computador_mic|CPU:inst|CONTROL_UNIT:inst|MPC_GENERATOR:inst|inst12[1]                                                                     ; |computador_mic|CPU:inst|CONTROL_UNIT:inst|MPC_GENERATOR:inst|inst12[1]                                                               ; combout          ;
; |computador_mic|CPU:inst|CONTROL_UNIT:inst|inst2[0]                                                                                         ; |computador_mic|CPU:inst|CONTROL_UNIT:inst|inst2[0]                                                                                   ; regout           ;
; |computador_mic|CPU:inst|CONTROL_UNIT:inst|MPC_GENERATOR:inst|inst12[0]                                                                     ; |computador_mic|CPU:inst|CONTROL_UNIT:inst|MPC_GENERATOR:inst|inst12[0]                                                               ; combout          ;
; |computador_mic|CPU:inst|DATAPATH:inst2|BANK_REGS:inst2|MDR:inst1|inst13                                                                    ; |computador_mic|CPU:inst|DATAPATH:inst2|BANK_REGS:inst2|MDR:inst1|inst13                                                              ; regout           ;
; |computador_mic|CPU:inst|DATAPATH:inst2|BANK_REGS:inst2|MDR:inst1|REGISTER32bit:inst1|inst9[30]~0                                           ; |computador_mic|CPU:inst|DATAPATH:inst2|BANK_REGS:inst2|MDR:inst1|REGISTER32bit:inst1|inst9[30]~0                                     ; combout          ;
; |computador_mic|CPU:inst|DATAPATH:inst2|BANK_REGS:inst2|MDR:inst1|REGISTER32bit:inst1|inst9[7]~1                                            ; |computador_mic|CPU:inst|DATAPATH:inst2|BANK_REGS:inst2|MDR:inst1|REGISTER32bit:inst1|inst9[7]~1                                      ; combout          ;
; |computador_mic|CPU:inst|DATAPATH:inst2|BANK_REGS:inst2|MDR:inst1|REGISTER32bit:inst1|inst9[6]~2                                            ; |computador_mic|CPU:inst|DATAPATH:inst2|BANK_REGS:inst2|MDR:inst1|REGISTER32bit:inst1|inst9[6]~2                                      ; combout          ;
; |computador_mic|CPU:inst|DATAPATH:inst2|BANK_REGS:inst2|MDR:inst1|REGISTER32bit:inst1|inst9[5]~3                                            ; |computador_mic|CPU:inst|DATAPATH:inst2|BANK_REGS:inst2|MDR:inst1|REGISTER32bit:inst1|inst9[5]~3                                      ; combout          ;
; |computador_mic|CPU:inst|DATAPATH:inst2|BANK_REGS:inst2|MDR:inst1|REGISTER32bit:inst1|inst9[4]~4                                            ; |computador_mic|CPU:inst|DATAPATH:inst2|BANK_REGS:inst2|MDR:inst1|REGISTER32bit:inst1|inst9[4]~4                                      ; combout          ;
; |computador_mic|CPU:inst|DATAPATH:inst2|BANK_REGS:inst2|MDR:inst1|REGISTER32bit:inst1|inst9[3]~5                                            ; |computador_mic|CPU:inst|DATAPATH:inst2|BANK_REGS:inst2|MDR:inst1|REGISTER32bit:inst1|inst9[3]~5                                      ; combout          ;
; |computador_mic|CPU:inst|DATAPATH:inst2|BANK_REGS:inst2|MDR:inst1|REGISTER32bit:inst1|inst9[2]~6                                            ; |computador_mic|CPU:inst|DATAPATH:inst2|BANK_REGS:inst2|MDR:inst1|REGISTER32bit:inst1|inst9[2]~6                                      ; combout          ;
; |computador_mic|CPU:inst|DATAPATH:inst2|BANK_REGS:inst2|MDR:inst1|REGISTER32bit:inst1|inst9[1]~7                                            ; |computador_mic|CPU:inst|DATAPATH:inst2|BANK_REGS:inst2|MDR:inst1|REGISTER32bit:inst1|inst9[1]~7                                      ; combout          ;
; |computador_mic|CPU:inst|DATAPATH:inst2|BANK_REGS:inst2|MDR:inst1|REGISTER32bit:inst1|inst9[0]~8                                            ; |computador_mic|CPU:inst|DATAPATH:inst2|BANK_REGS:inst2|MDR:inst1|REGISTER32bit:inst1|inst9[0]~8                                      ; combout          ;
; |computador_mic|CPU:inst|DATAPATH:inst2|SHIFTER:inst1|inst10~0                                                                              ; |computador_mic|CPU:inst|DATAPATH:inst2|SHIFTER:inst1|inst10~0                                                                        ; combout          ;
; |computador_mic|CPU:inst|DATAPATH:inst2|SHIFTER:inst1|inst10~1                                                                              ; |computador_mic|CPU:inst|DATAPATH:inst2|SHIFTER:inst1|inst10~1                                                                        ; combout          ;
; |computador_mic|CPU:inst|DATAPATH:inst2|SHIFTER:inst1|inst10~2                                                                              ; |computador_mic|CPU:inst|DATAPATH:inst2|SHIFTER:inst1|inst10~2                                                                        ; combout          ;
; |computador_mic|CPU:inst|DATAPATH:inst2|SHIFTER:inst1|inst10~3                                                                              ; |computador_mic|CPU:inst|DATAPATH:inst2|SHIFTER:inst1|inst10~3                                                                        ; combout          ;
; |computador_mic|CPU:inst|DATAPATH:inst2|SHIFTER:inst1|inst10~4                                                                              ; |computador_mic|CPU:inst|DATAPATH:inst2|SHIFTER:inst1|inst10~4                                                                        ; combout          ;
; |computador_mic|CPU:inst|DATAPATH:inst2|SHIFTER:inst1|inst10~5                                                                              ; |computador_mic|CPU:inst|DATAPATH:inst2|SHIFTER:inst1|inst10~5                                                                        ; combout          ;
; |computador_mic|CPU:inst|DATAPATH:inst2|SHIFTER:inst1|inst10~6                                                                              ; |computador_mic|CPU:inst|DATAPATH:inst2|SHIFTER:inst1|inst10~6                                                                        ; combout          ;
; |computador_mic|CPU:inst|DATAPATH:inst2|SHIFTER:inst1|inst10~7                                                                              ; |computador_mic|CPU:inst|DATAPATH:inst2|SHIFTER:inst1|inst10~7                                                                        ; combout          ;
; |computador_mic|CPU:inst|DATAPATH:inst2|SHIFTER:inst1|inst10~8                                                                              ; |computador_mic|CPU:inst|DATAPATH:inst2|SHIFTER:inst1|inst10~8                                                                        ; combout          ;
; |computador_mic|CPU:inst|DATAPATH:inst2|SHIFTER:inst1|inst10~9                                                                              ; |computador_mic|CPU:inst|DATAPATH:inst2|SHIFTER:inst1|inst10~9                                                                        ; combout          ;
; |computador_mic|CPU:inst|DATAPATH:inst2|SHIFTER:inst1|inst10~10                                                                             ; |computador_mic|CPU:inst|DATAPATH:inst2|SHIFTER:inst1|inst10~10                                                                       ; combout          ;
; |computador_mic|CPU:inst|DATAPATH:inst2|SHIFTER:inst1|inst10~11                                                                             ; |computador_mic|CPU:inst|DATAPATH:inst2|SHIFTER:inst1|inst10~11                                                                       ; combout          ;
; |computador_mic|CPU:inst|DATAPATH:inst2|SHIFTER:inst1|inst10                                                                                ; |computador_mic|CPU:inst|DATAPATH:inst2|SHIFTER:inst1|inst10                                                                          ; combout          ;
; |computador_mic|CPU:inst|DATAPATH:inst2|BANK_REGS:inst2|PC:inst2|REGISTER32bit:inst1|inst12                                                 ; |computador_mic|CPU:inst|DATAPATH:inst2|BANK_REGS:inst2|PC:inst2|REGISTER32bit:inst1|inst12                                           ; combout          ;
; |computador_mic|CPU:inst|DATAPATH:inst2|BANK_REGS:inst2|MAR:inst|REGISTER32bit:inst1|inst12                                                 ; |computador_mic|CPU:inst|DATAPATH:inst2|BANK_REGS:inst2|MAR:inst|REGISTER32bit:inst1|inst12                                           ; combout          ;
; |computador_mic|CPU:inst|DATAPATH:inst2|BANK_REGS:inst2|H:inst5|REGISTER32bit:inst1|inst12                                                  ; |computador_mic|CPU:inst|DATAPATH:inst2|BANK_REGS:inst2|H:inst5|REGISTER32bit:inst1|inst12                                            ; combout          ;
; |computador_mic|CPU:inst|DATAPATH:inst2|BANK_REGS:inst2|SP:inst50|REGISTER32bit:inst1|inst12                                                ; |computador_mic|CPU:inst|DATAPATH:inst2|BANK_REGS:inst2|SP:inst50|REGISTER32bit:inst1|inst12                                          ; combout          ;
; |computador_mic|CPU:inst|DATAPATH:inst2|BANK_REGS:inst2|MBR:inst3|inst13                                                                    ; |computador_mic|CPU:inst|DATAPATH:inst2|BANK_REGS:inst2|MBR:inst3|inst13                                                              ; regout           ;
; |computador_mic|CPU:inst|DATAPATH:inst2|BANK_REGS:inst2|MBR:inst3|REGISTER32bit:inst1|inst12                                                ; |computador_mic|CPU:inst|DATAPATH:inst2|BANK_REGS:inst2|MBR:inst3|REGISTER32bit:inst1|inst12                                          ; combout          ;
; |computador_mic|CPU:inst|DATAPATH:inst2|BANK_REGS:inst2|TOS:inst53|REGISTER32bit:inst1|inst12                                               ; |computador_mic|CPU:inst|DATAPATH:inst2|BANK_REGS:inst2|TOS:inst53|REGISTER32bit:inst1|inst12                                         ; combout          ;
; |computador_mic|CPU:inst|DATAPATH:inst2|BANK_REGS:inst2|MDR:inst1|REGISTER32bit:inst1|inst12                                                ; |computador_mic|CPU:inst|DATAPATH:inst2|BANK_REGS:inst2|MDR:inst1|REGISTER32bit:inst1|inst12                                          ; combout          ;
; |computador_mic|CPU:inst|DATAPATH:inst2|ULA_32bit:inst|ULA_8bit:inst1|ULA_1bit:inst4|FULLADDER_1bit:inst7|inst6~3                           ; |computador_mic|CPU:inst|DATAPATH:inst2|ULA_32bit:inst|ULA_8bit:inst1|ULA_1bit:inst4|FULLADDER_1bit:inst7|inst6~3                     ; combout          ;
; |computador_mic|CPU:inst|DATAPATH:inst2|ULA_32bit:inst|ULA_8bit:inst3|ULA_1bit:inst8|inst666~3                                              ; |computador_mic|CPU:inst|DATAPATH:inst2|ULA_32bit:inst|ULA_8bit:inst3|ULA_1bit:inst8|inst666~3                                        ; combout          ;
; |computador_mic|CPU:inst|DATAPATH:inst2|ULA_32bit:inst|ULA_8bit:inst2|ULA_1bit:inst8|FULLADDER_1bit:inst7|inst                              ; |computador_mic|CPU:inst|DATAPATH:inst2|ULA_32bit:inst|ULA_8bit:inst2|ULA_1bit:inst8|FULLADDER_1bit:inst7|inst                        ; combout          ;
; |computador_mic|CPU:inst|DATAPATH:inst2|ULA_32bit:inst|ULA_8bit:inst2|ULA_1bit:inst7|FULLADDER_1bit:inst7|inst                              ; |computador_mic|CPU:inst|DATAPATH:inst2|ULA_32bit:inst|ULA_8bit:inst2|ULA_1bit:inst7|FULLADDER_1bit:inst7|inst                        ; combout          ;
; |computador_mic|CPU:inst|DATAPATH:inst2|ULA_32bit:inst|ULA_8bit:inst3|ULA_1bit:inst7|FULLADDER_1bit:inst7|inst                              ; |computador_mic|CPU:inst|DATAPATH:inst2|ULA_32bit:inst|ULA_8bit:inst3|ULA_1bit:inst7|FULLADDER_1bit:inst7|inst                        ; combout          ;
; |computador_mic|CPU:inst|DATAPATH:inst2|ULA_32bit:inst|ULA_8bit:inst3|ULA_1bit:inst6|FULLADDER_1bit:inst7|inst                              ; |computador_mic|CPU:inst|DATAPATH:inst2|ULA_32bit:inst|ULA_8bit:inst3|ULA_1bit:inst6|FULLADDER_1bit:inst7|inst                        ; combout          ;
; |computador_mic|CPU:inst|DATAPATH:inst2|ULA_32bit:inst|ULA_8bit:inst2|ULA_1bit:inst6|FULLADDER_1bit:inst7|inst                              ; |computador_mic|CPU:inst|DATAPATH:inst2|ULA_32bit:inst|ULA_8bit:inst2|ULA_1bit:inst6|FULLADDER_1bit:inst7|inst                        ; combout          ;
; |computador_mic|CPU:inst|DATAPATH:inst2|ULA_32bit:inst|ULA_8bit:inst3|ULA_1bit:inst5|FULLADDER_1bit:inst7|inst                              ; |computador_mic|CPU:inst|DATAPATH:inst2|ULA_32bit:inst|ULA_8bit:inst3|ULA_1bit:inst5|FULLADDER_1bit:inst7|inst                        ; combout          ;
; |computador_mic|CPU:inst|DATAPATH:inst2|ULA_32bit:inst|ULA_8bit:inst2|ULA_1bit:inst5|FULLADDER_1bit:inst7|inst                              ; |computador_mic|CPU:inst|DATAPATH:inst2|ULA_32bit:inst|ULA_8bit:inst2|ULA_1bit:inst5|FULLADDER_1bit:inst7|inst                        ; combout          ;
; |computador_mic|CPU:inst|DATAPATH:inst2|ULA_32bit:inst|ULA_8bit:inst3|ULA_1bit:inst4|FULLADDER_1bit:inst7|inst                              ; |computador_mic|CPU:inst|DATAPATH:inst2|ULA_32bit:inst|ULA_8bit:inst3|ULA_1bit:inst4|FULLADDER_1bit:inst7|inst                        ; combout          ;
; |computador_mic|CPU:inst|DATAPATH:inst2|ULA_32bit:inst|ULA_8bit:inst2|ULA_1bit:inst4|FULLADDER_1bit:inst7|inst                              ; |computador_mic|CPU:inst|DATAPATH:inst2|ULA_32bit:inst|ULA_8bit:inst2|ULA_1bit:inst4|FULLADDER_1bit:inst7|inst                        ; combout          ;
; |computador_mic|CPU:inst|DATAPATH:inst2|ULA_32bit:inst|ULA_8bit:inst3|ULA_1bit:inst3|FULLADDER_1bit:inst7|inst                              ; |computador_mic|CPU:inst|DATAPATH:inst2|ULA_32bit:inst|ULA_8bit:inst3|ULA_1bit:inst3|FULLADDER_1bit:inst7|inst                        ; combout          ;
; |computador_mic|CPU:inst|DATAPATH:inst2|ULA_32bit:inst|ULA_8bit:inst2|ULA_1bit:inst3|FULLADDER_1bit:inst7|inst                              ; |computador_mic|CPU:inst|DATAPATH:inst2|ULA_32bit:inst|ULA_8bit:inst2|ULA_1bit:inst3|FULLADDER_1bit:inst7|inst                        ; combout          ;
; |computador_mic|CPU:inst|DATAPATH:inst2|ULA_32bit:inst|ULA_8bit:inst3|ULA_1bit:inst2|FULLADDER_1bit:inst7|inst                              ; |computador_mic|CPU:inst|DATAPATH:inst2|ULA_32bit:inst|ULA_8bit:inst3|ULA_1bit:inst2|FULLADDER_1bit:inst7|inst                        ; combout          ;
; |computador_mic|CPU:inst|DATAPATH:inst2|ULA_32bit:inst|ULA_8bit:inst2|ULA_1bit:inst2|FULLADDER_1bit:inst7|inst                              ; |computador_mic|CPU:inst|DATAPATH:inst2|ULA_32bit:inst|ULA_8bit:inst2|ULA_1bit:inst2|FULLADDER_1bit:inst7|inst                        ; combout          ;
; |computador_mic|CPU:inst|DATAPATH:inst2|ULA_32bit:inst|ULA_8bit:inst3|ULA_1bit:inst|FULLADDER_1bit:inst7|inst                               ; |computador_mic|CPU:inst|DATAPATH:inst2|ULA_32bit:inst|ULA_8bit:inst3|ULA_1bit:inst|FULLADDER_1bit:inst7|inst                         ; combout          ;
; |computador_mic|CPU:inst|DATAPATH:inst2|ULA_32bit:inst|ULA_8bit:inst2|ULA_1bit:inst|FULLADDER_1bit:inst7|inst                               ; |computador_mic|CPU:inst|DATAPATH:inst2|ULA_32bit:inst|ULA_8bit:inst2|ULA_1bit:inst|FULLADDER_1bit:inst7|inst                         ; combout          ;
; |computador_mic|CPU:inst|DATAPATH:inst2|ULA_32bit:inst|ULA_8bit:inst1|ULA_1bit:inst8|FULLADDER_1bit:inst7|inst                              ; |computador_mic|CPU:inst|DATAPATH:inst2|ULA_32bit:inst|ULA_8bit:inst1|ULA_1bit:inst8|FULLADDER_1bit:inst7|inst                        ; combout          ;
; |computador_mic|CPU:inst|DATAPATH:inst2|ULA_32bit:inst|ULA_8bit:inst1|ULA_1bit:inst7|FULLADDER_1bit:inst7|inst                              ; |computador_mic|CPU:inst|DATAPATH:inst2|ULA_32bit:inst|ULA_8bit:inst1|ULA_1bit:inst7|FULLADDER_1bit:inst7|inst                        ; combout          ;
; |computador_mic|CPU:inst|DATAPATH:inst2|ULA_32bit:inst|ULA_8bit:inst1|ULA_1bit:inst6|FULLADDER_1bit:inst7|inst                              ; |computador_mic|CPU:inst|DATAPATH:inst2|ULA_32bit:inst|ULA_8bit:inst1|ULA_1bit:inst6|FULLADDER_1bit:inst7|inst                        ; combout          ;
; |computador_mic|CPU:inst|DATAPATH:inst2|ULA_32bit:inst|ULA_8bit:inst1|ULA_1bit:inst5|FULLADDER_1bit:inst7|inst                              ; |computador_mic|CPU:inst|DATAPATH:inst2|ULA_32bit:inst|ULA_8bit:inst1|ULA_1bit:inst5|FULLADDER_1bit:inst7|inst                        ; combout          ;
; |computador_mic|CPU:inst|DATAPATH:inst2|ULA_32bit:inst|ULA_8bit:inst1|ULA_1bit:inst4|FULLADDER_1bit:inst7|inst                              ; |computador_mic|CPU:inst|DATAPATH:inst2|ULA_32bit:inst|ULA_8bit:inst1|ULA_1bit:inst4|FULLADDER_1bit:inst7|inst                        ; combout          ;
; |computador_mic|CPU:inst|DATAPATH:inst2|ULA_32bit:inst|ULA_8bit:inst1|ULA_1bit:inst3|FULLADDER_1bit:inst7|inst                              ; |computador_mic|CPU:inst|DATAPATH:inst2|ULA_32bit:inst|ULA_8bit:inst1|ULA_1bit:inst3|FULLADDER_1bit:inst7|inst                        ; combout          ;
; |computador_mic|CPU:inst|DATAPATH:inst2|ULA_32bit:inst|ULA_8bit:inst1|ULA_1bit:inst|FULLADDER_1bit:inst7|inst                               ; |computador_mic|CPU:inst|DATAPATH:inst2|ULA_32bit:inst|ULA_8bit:inst1|ULA_1bit:inst|FULLADDER_1bit:inst7|inst                         ; combout          ;
; |computador_mic|CPU:inst|DATAPATH:inst2|ULA_32bit:inst|ULA_8bit:inst|ULA_1bit:inst8|FULLADDER_1bit:inst7|inst                               ; |computador_mic|CPU:inst|DATAPATH:inst2|ULA_32bit:inst|ULA_8bit:inst|ULA_1bit:inst8|FULLADDER_1bit:inst7|inst                         ; combout          ;
; |computador_mic|CPU:inst|DATAPATH:inst2|ULA_32bit:inst|ULA_8bit:inst|ULA_1bit:inst7|FULLADDER_1bit:inst7|inst                               ; |computador_mic|CPU:inst|DATAPATH:inst2|ULA_32bit:inst|ULA_8bit:inst|ULA_1bit:inst7|FULLADDER_1bit:inst7|inst                         ; combout          ;
; |computador_mic|CPU:inst|DATAPATH:inst2|ULA_32bit:inst|ULA_8bit:inst|ULA_1bit:inst6|FULLADDER_1bit:inst7|inst                               ; |computador_mic|CPU:inst|DATAPATH:inst2|ULA_32bit:inst|ULA_8bit:inst|ULA_1bit:inst6|FULLADDER_1bit:inst7|inst                         ; combout          ;
; |computador_mic|CPU:inst|DATAPATH:inst2|ULA_32bit:inst|ULA_8bit:inst|ULA_1bit:inst5|FULLADDER_1bit:inst7|inst                               ; |computador_mic|CPU:inst|DATAPATH:inst2|ULA_32bit:inst|ULA_8bit:inst|ULA_1bit:inst5|FULLADDER_1bit:inst7|inst                         ; combout          ;
; |computador_mic|CPU:inst|DATAPATH:inst2|ULA_32bit:inst|ULA_8bit:inst|ULA_1bit:inst4|FULLADDER_1bit:inst7|inst                               ; |computador_mic|CPU:inst|DATAPATH:inst2|ULA_32bit:inst|ULA_8bit:inst|ULA_1bit:inst4|FULLADDER_1bit:inst7|inst                         ; combout          ;
; |computador_mic|CPU:inst|DATAPATH:inst2|ULA_32bit:inst|ULA_8bit:inst|ULA_1bit:inst3|FULLADDER_1bit:inst7|inst                               ; |computador_mic|CPU:inst|DATAPATH:inst2|ULA_32bit:inst|ULA_8bit:inst|ULA_1bit:inst3|FULLADDER_1bit:inst7|inst                         ; combout          ;
; |computador_mic|CPU:inst|DATAPATH:inst2|ULA_32bit:inst|ULA_8bit:inst|ULA_1bit:inst2|FULLADDER_1bit:inst7|inst                               ; |computador_mic|CPU:inst|DATAPATH:inst2|ULA_32bit:inst|ULA_8bit:inst|ULA_1bit:inst2|FULLADDER_1bit:inst7|inst                         ; combout          ;
; |computador_mic|CPU:inst|DATAPATH:inst2|ULA_32bit:inst|ULA_8bit:inst3|ULA_1bit:inst4|FULLADDER_1bit:inst7|inst5~2                           ; |computador_mic|CPU:inst|DATAPATH:inst2|ULA_32bit:inst|ULA_8bit:inst3|ULA_1bit:inst4|FULLADDER_1bit:inst7|inst5~2                     ; combout          ;
; |computador_mic|CPU:inst|DATAPATH:inst2|ULA_32bit:inst|ULA_8bit:inst3|ULA_1bit:inst4|FULLADDER_1bit:inst7|inst5~3                           ; |computador_mic|CPU:inst|DATAPATH:inst2|ULA_32bit:inst|ULA_8bit:inst3|ULA_1bit:inst4|FULLADDER_1bit:inst7|inst5~3                     ; combout          ;
; |computador_mic|CPU:inst|DATAPATH:inst2|BANK_REGS:inst2|CPP:inst52|REGISTER32bit:inst1|REGISTER8bit:inst1|inst24~0                          ; |computador_mic|CPU:inst|DATAPATH:inst2|BANK_REGS:inst2|CPP:inst52|REGISTER32bit:inst1|REGISTER8bit:inst1|inst24~0                    ; combout          ;
; |computador_mic|CPU:inst|DATAPATH:inst2|BANK_REGS:inst2|CPP:inst52|REGISTER32bit:inst1|REGISTER8bit:inst1|inst28~0                          ; |computador_mic|CPU:inst|DATAPATH:inst2|BANK_REGS:inst2|CPP:inst52|REGISTER32bit:inst1|REGISTER8bit:inst1|inst28~0                    ; combout          ;
; |computador_mic|CPU:inst|DATAPATH:inst2|BANK_REGS:inst2|CPP:inst52|REGISTER32bit:inst1|REGISTER8bit:inst|inst28~0                           ; |computador_mic|CPU:inst|DATAPATH:inst2|BANK_REGS:inst2|CPP:inst52|REGISTER32bit:inst1|REGISTER8bit:inst|inst28~0                     ; combout          ;
; |computador_mic|CPU:inst|DATAPATH:inst2|BANK_REGS:inst2|SP:inst50|REGISTER32bit:inst1|REGISTER8bit:inst|inst24~0                            ; |computador_mic|CPU:inst|DATAPATH:inst2|BANK_REGS:inst2|SP:inst50|REGISTER32bit:inst1|REGISTER8bit:inst|inst24~0                      ; combout          ;
; |computador_mic|CPU:inst|DATAPATH:inst2|BANK_REGS:inst2|LV:inst51|REGISTER32bit:inst1|REGISTER8bit:inst|inst24~0                            ; |computador_mic|CPU:inst|DATAPATH:inst2|BANK_REGS:inst2|LV:inst51|REGISTER32bit:inst1|REGISTER8bit:inst|inst24~0                      ; combout          ;
; |computador_mic|CPU:inst|DATAPATH:inst2|BANK_REGS:inst2|CPP:inst52|REGISTER32bit:inst1|REGISTER8bit:inst|inst24~0                           ; |computador_mic|CPU:inst|DATAPATH:inst2|BANK_REGS:inst2|CPP:inst52|REGISTER32bit:inst1|REGISTER8bit:inst|inst24~0                     ; combout          ;
; |computador_mic|CPU:inst|DATAPATH:inst2|BANK_REGS:inst2|CPP:inst52|REGISTER32bit:inst1|REGISTER8bit:inst|inst20~0                           ; |computador_mic|CPU:inst|DATAPATH:inst2|BANK_REGS:inst2|CPP:inst52|REGISTER32bit:inst1|REGISTER8bit:inst|inst20~0                     ; combout          ;
; |computador_mic|CPU:inst|DATAPATH:inst2|BANK_REGS:inst2|CPP:inst52|REGISTER32bit:inst1|REGISTER8bit:inst|inst16~0                           ; |computador_mic|CPU:inst|DATAPATH:inst2|BANK_REGS:inst2|CPP:inst52|REGISTER32bit:inst1|REGISTER8bit:inst|inst16~0                     ; combout          ;
; |computador_mic|CPU:inst|DATAPATH:inst2|BANK_REGS:inst2|MBR:inst3|REGISTER32bit:inst5|inst12                                                ; |computador_mic|CPU:inst|DATAPATH:inst2|BANK_REGS:inst2|MBR:inst3|REGISTER32bit:inst5|inst12                                          ; combout          ;
; |computador_mic|DATA_MEM_write_enable                                                                                                       ; |computador_mic|DATA_MEM_write_enable                                                                                                 ; padio            ;
; |computador_mic|PC[6]                                                                                                                       ; |computador_mic|PC[6]                                                                                                                 ; padio            ;
; |computador_mic|PC[5]                                                                                                                       ; |computador_mic|PC[5]                                                                                                                 ; padio            ;
; |computador_mic|PC[4]                                                                                                                       ; |computador_mic|PC[4]                                                                                                                 ; padio            ;
; |computador_mic|PC[3]                                                                                                                       ; |computador_mic|PC[3]                                                                                                                 ; padio            ;
; |computador_mic|PC[2]                                                                                                                       ; |computador_mic|PC[2]                                                                                                                 ; padio            ;
; |computador_mic|PC[1]                                                                                                                       ; |computador_mic|PC[1]                                                                                                                 ; padio            ;
; |computador_mic|PC[0]                                                                                                                       ; |computador_mic|PC[0]                                                                                                                 ; padio            ;
; |computador_mic|DATA_MEM_ADDR[9]                                                                                                            ; |computador_mic|DATA_MEM_ADDR[9]                                                                                                      ; padio            ;
; |computador_mic|DATA_MEM_ADDR[8]                                                                                                            ; |computador_mic|DATA_MEM_ADDR[8]                                                                                                      ; padio            ;
; |computador_mic|DATA_MEM_ADDR[7]                                                                                                            ; |computador_mic|DATA_MEM_ADDR[7]                                                                                                      ; padio            ;
; |computador_mic|DATA_MEM_ADDR[5]                                                                                                            ; |computador_mic|DATA_MEM_ADDR[5]                                                                                                      ; padio            ;
; |computador_mic|DATA_MEM_ADDR[4]                                                                                                            ; |computador_mic|DATA_MEM_ADDR[4]                                                                                                      ; padio            ;
; |computador_mic|DATA_MEM_ADDR[2]                                                                                                            ; |computador_mic|DATA_MEM_ADDR[2]                                                                                                      ; padio            ;
; |computador_mic|DATA_MEM_ADDR[1]                                                                                                            ; |computador_mic|DATA_MEM_ADDR[1]                                                                                                      ; padio            ;
; |computador_mic|DATA_MEM_ADDR[0]                                                                                                            ; |computador_mic|DATA_MEM_ADDR[0]                                                                                                      ; padio            ;
; |computador_mic|C_BUS[31]                                                                                                                   ; |computador_mic|C_BUS[31]                                                                                                             ; padio            ;
; |computador_mic|C_BUS[30]                                                                                                                   ; |computador_mic|C_BUS[30]                                                                                                             ; padio            ;
; |computador_mic|C_BUS[29]                                                                                                                   ; |computador_mic|C_BUS[29]                                                                                                             ; padio            ;
; |computador_mic|C_BUS[28]                                                                                                                   ; |computador_mic|C_BUS[28]                                                                                                             ; padio            ;
; |computador_mic|C_BUS[27]                                                                                                                   ; |computador_mic|C_BUS[27]                                                                                                             ; padio            ;
; |computador_mic|C_BUS[26]                                                                                                                   ; |computador_mic|C_BUS[26]                                                                                                             ; padio            ;
; |computador_mic|C_BUS[25]                                                                                                                   ; |computador_mic|C_BUS[25]                                                                                                             ; padio            ;
; |computador_mic|C_BUS[24]                                                                                                                   ; |computador_mic|C_BUS[24]                                                                                                             ; padio            ;
; |computador_mic|C_BUS[23]                                                                                                                   ; |computador_mic|C_BUS[23]                                                                                                             ; padio            ;
; |computador_mic|C_BUS[22]                                                                                                                   ; |computador_mic|C_BUS[22]                                                                                                             ; padio            ;
; |computador_mic|C_BUS[21]                                                                                                                   ; |computador_mic|C_BUS[21]                                                                                                             ; padio            ;
; |computador_mic|C_BUS[20]                                                                                                                   ; |computador_mic|C_BUS[20]                                                                                                             ; padio            ;
; |computador_mic|C_BUS[19]                                                                                                                   ; |computador_mic|C_BUS[19]                                                                                                             ; padio            ;
; |computador_mic|C_BUS[18]                                                                                                                   ; |computador_mic|C_BUS[18]                                                                                                             ; padio            ;
; |computador_mic|C_BUS[17]                                                                                                                   ; |computador_mic|C_BUS[17]                                                                                                             ; padio            ;
; |computador_mic|C_BUS[16]                                                                                                                   ; |computador_mic|C_BUS[16]                                                                                                             ; padio            ;
; |computador_mic|C_BUS[15]                                                                                                                   ; |computador_mic|C_BUS[15]                                                                                                             ; padio            ;
; |computador_mic|C_BUS[14]                                                                                                                   ; |computador_mic|C_BUS[14]                                                                                                             ; padio            ;
; |computador_mic|C_BUS[13]                                                                                                                   ; |computador_mic|C_BUS[13]                                                                                                             ; padio            ;
; |computador_mic|C_BUS[12]                                                                                                                   ; |computador_mic|C_BUS[12]                                                                                                             ; padio            ;
; |computador_mic|C_BUS[11]                                                                                                                   ; |computador_mic|C_BUS[11]                                                                                                             ; padio            ;
; |computador_mic|C_BUS[10]                                                                                                                   ; |computador_mic|C_BUS[10]                                                                                                             ; padio            ;
; |computador_mic|C_BUS[9]                                                                                                                    ; |computador_mic|C_BUS[9]                                                                                                              ; padio            ;
; |computador_mic|C_BUS[8]                                                                                                                    ; |computador_mic|C_BUS[8]                                                                                                              ; padio            ;
; |computador_mic|C_BUS[7]                                                                                                                    ; |computador_mic|C_BUS[7]                                                                                                              ; padio            ;
; |computador_mic|C_BUS[6]                                                                                                                    ; |computador_mic|C_BUS[6]                                                                                                              ; padio            ;
; |computador_mic|C_BUS[5]                                                                                                                    ; |computador_mic|C_BUS[5]                                                                                                              ; padio            ;
; |computador_mic|C_BUS[4]                                                                                                                    ; |computador_mic|C_BUS[4]                                                                                                              ; padio            ;
; |computador_mic|C_BUS[3]                                                                                                                    ; |computador_mic|C_BUS[3]                                                                                                              ; padio            ;
; |computador_mic|C_BUS[2]                                                                                                                    ; |computador_mic|C_BUS[2]                                                                                                              ; padio            ;
; |computador_mic|C_BUS[1]                                                                                                                    ; |computador_mic|C_BUS[1]                                                                                                              ; padio            ;
; |computador_mic|C_BUS[0]                                                                                                                    ; |computador_mic|C_BUS[0]                                                                                                              ; padio            ;
; |computador_mic|DATA_MEM_OUT[27]                                                                                                            ; |computador_mic|DATA_MEM_OUT[27]                                                                                                      ; padio            ;
; |computador_mic|DATA_MEM_OUT[26]                                                                                                            ; |computador_mic|DATA_MEM_OUT[26]                                                                                                      ; padio            ;
; |computador_mic|DATA_MEM_OUT[19]                                                                                                            ; |computador_mic|DATA_MEM_OUT[19]                                                                                                      ; padio            ;
; |computador_mic|DATA_MEM_OUT[18]                                                                                                            ; |computador_mic|DATA_MEM_OUT[18]                                                                                                      ; padio            ;
; |computador_mic|DATA_MEM_OUT[17]                                                                                                            ; |computador_mic|DATA_MEM_OUT[17]                                                                                                      ; padio            ;
; |computador_mic|DATA_MEM_OUT[16]                                                                                                            ; |computador_mic|DATA_MEM_OUT[16]                                                                                                      ; padio            ;
; |computador_mic|DATA_MEM_OUT[11]                                                                                                            ; |computador_mic|DATA_MEM_OUT[11]                                                                                                      ; padio            ;
; |computador_mic|DATA_MEM_OUT[10]                                                                                                            ; |computador_mic|DATA_MEM_OUT[10]                                                                                                      ; padio            ;
; |computador_mic|DATA_MEM_OUT[9]                                                                                                             ; |computador_mic|DATA_MEM_OUT[9]                                                                                                       ; padio            ;
; |computador_mic|DATA_MEM_OUT[2]                                                                                                             ; |computador_mic|DATA_MEM_OUT[2]                                                                                                       ; padio            ;
; |computador_mic|DATA_MEM_OUT[1]                                                                                                             ; |computador_mic|DATA_MEM_OUT[1]                                                                                                       ; padio            ;
; |computador_mic|DATA_MEM_OUT[0]                                                                                                             ; |computador_mic|DATA_MEM_OUT[0]                                                                                                       ; padio            ;
; |computador_mic|MBR_OUT[6]                                                                                                                  ; |computador_mic|MBR_OUT[6]                                                                                                            ; padio            ;
; |computador_mic|MBR_OUT[5]                                                                                                                  ; |computador_mic|MBR_OUT[5]                                                                                                            ; padio            ;
; |computador_mic|MBR_OUT[4]                                                                                                                  ; |computador_mic|MBR_OUT[4]                                                                                                            ; padio            ;
; |computador_mic|MBR_OUT[3]                                                                                                                  ; |computador_mic|MBR_OUT[3]                                                                                                            ; padio            ;
; |computador_mic|MBR_OUT[2]                                                                                                                  ; |computador_mic|MBR_OUT[2]                                                                                                            ; padio            ;
; |computador_mic|MBR_OUT[1]                                                                                                                  ; |computador_mic|MBR_OUT[1]                                                                                                            ; padio            ;
; |computador_mic|MBR_OUT[0]                                                                                                                  ; |computador_mic|MBR_OUT[0]                                                                                                            ; padio            ;
; |computador_mic|MIR[32]                                                                                                                     ; |computador_mic|MIR[32]                                                                                                               ; padio            ;
; |computador_mic|MIR[30]                                                                                                                     ; |computador_mic|MIR[30]                                                                                                               ; padio            ;
; |computador_mic|MIR[29]                                                                                                                     ; |computador_mic|MIR[29]                                                                                                               ; padio            ;
; |computador_mic|MIR[28]                                                                                                                     ; |computador_mic|MIR[28]                                                                                                               ; padio            ;
; |computador_mic|MIR[27]                                                                                                                     ; |computador_mic|MIR[27]                                                                                                               ; padio            ;
; |computador_mic|MIR[26]                                                                                                                     ; |computador_mic|MIR[26]                                                                                                               ; padio            ;
; |computador_mic|MIR[23]                                                                                                                     ; |computador_mic|MIR[23]                                                                                                               ; padio            ;
; |computador_mic|MIR[21]                                                                                                                     ; |computador_mic|MIR[21]                                                                                                               ; padio            ;
; |computador_mic|MIR[20]                                                                                                                     ; |computador_mic|MIR[20]                                                                                                               ; padio            ;
; |computador_mic|MIR[19]                                                                                                                     ; |computador_mic|MIR[19]                                                                                                               ; padio            ;
; |computador_mic|MIR[18]                                                                                                                     ; |computador_mic|MIR[18]                                                                                                               ; padio            ;
; |computador_mic|MIR[17]                                                                                                                     ; |computador_mic|MIR[17]                                                                                                               ; padio            ;
; |computador_mic|MIR[16]                                                                                                                     ; |computador_mic|MIR[16]                                                                                                               ; padio            ;
; |computador_mic|MIR[15]                                                                                                                     ; |computador_mic|MIR[15]                                                                                                               ; padio            ;
; |computador_mic|MIR[13]                                                                                                                     ; |computador_mic|MIR[13]                                                                                                               ; padio            ;
; |computador_mic|MIR[10]                                                                                                                     ; |computador_mic|MIR[10]                                                                                                               ; padio            ;
; |computador_mic|MIR[9]                                                                                                                      ; |computador_mic|MIR[9]                                                                                                                ; padio            ;
; |computador_mic|MIR[8]                                                                                                                      ; |computador_mic|MIR[8]                                                                                                                ; padio            ;
; |computador_mic|MIR[7]                                                                                                                      ; |computador_mic|MIR[7]                                                                                                                ; padio            ;
; |computador_mic|MIR[6]                                                                                                                      ; |computador_mic|MIR[6]                                                                                                                ; padio            ;
; |computador_mic|MIR[5]                                                                                                                      ; |computador_mic|MIR[5]                                                                                                                ; padio            ;
; |computador_mic|MIR[4]                                                                                                                      ; |computador_mic|MIR[4]                                                                                                                ; padio            ;
; |computador_mic|MIR[2]                                                                                                                      ; |computador_mic|MIR[2]                                                                                                                ; padio            ;
; |computador_mic|MIR[1]                                                                                                                      ; |computador_mic|MIR[1]                                                                                                                ; padio            ;
; |computador_mic|MIR[0]                                                                                                                      ; |computador_mic|MIR[0]                                                                                                                ; padio            ;
; |computador_mic|MPC[6]                                                                                                                      ; |computador_mic|MPC[6]                                                                                                                ; padio            ;
; |computador_mic|MPC[5]                                                                                                                      ; |computador_mic|MPC[5]                                                                                                                ; padio            ;
; |computador_mic|MPC[4]                                                                                                                      ; |computador_mic|MPC[4]                                                                                                                ; padio            ;
; |computador_mic|MPC[3]                                                                                                                      ; |computador_mic|MPC[3]                                                                                                                ; padio            ;
; |computador_mic|MPC[2]                                                                                                                      ; |computador_mic|MPC[2]                                                                                                                ; padio            ;
; |computador_mic|MPC[1]                                                                                                                      ; |computador_mic|MPC[1]                                                                                                                ; padio            ;
; |computador_mic|MPC[0]                                                                                                                      ; |computador_mic|MPC[0]                                                                                                                ; padio            ;
; |computador_mic|CLOCK                                                                                                                       ; |computador_mic|CLOCK~corein                                                                                                          ; combout          ;
; |computador_mic|CLOCK~clkctrl                                                                                                               ; |computador_mic|CLOCK~clkctrl                                                                                                         ; outclk           ;
; |computador_mic|CPU:inst|DATAPATH:inst2|BANK_REGS:inst2|H:inst5|REGISTER32bit:inst1|inst12~clkctrl                                          ; |computador_mic|CPU:inst|DATAPATH:inst2|BANK_REGS:inst2|H:inst5|REGISTER32bit:inst1|inst12~clkctrl                                    ; outclk           ;
; |computador_mic|CPU:inst|DATAPATH:inst2|BANK_REGS:inst2|SP:inst50|REGISTER32bit:inst1|inst12~clkctrl                                        ; |computador_mic|CPU:inst|DATAPATH:inst2|BANK_REGS:inst2|SP:inst50|REGISTER32bit:inst1|inst12~clkctrl                                  ; outclk           ;
; |computador_mic|CPU:inst|DATAPATH:inst2|BANK_REGS:inst2|MAR:inst|REGISTER32bit:inst1|inst12~clkctrl                                         ; |computador_mic|CPU:inst|DATAPATH:inst2|BANK_REGS:inst2|MAR:inst|REGISTER32bit:inst1|inst12~clkctrl                                   ; outclk           ;
; |computador_mic|CPU:inst|DATAPATH:inst2|BANK_REGS:inst2|MBR:inst3|REGISTER32bit:inst1|inst12~clkctrl                                        ; |computador_mic|CPU:inst|DATAPATH:inst2|BANK_REGS:inst2|MBR:inst3|REGISTER32bit:inst1|inst12~clkctrl                                  ; outclk           ;
; |computador_mic|CPU:inst|DATAPATH:inst2|BANK_REGS:inst2|PC:inst2|REGISTER32bit:inst1|inst12~clkctrl                                         ; |computador_mic|CPU:inst|DATAPATH:inst2|BANK_REGS:inst2|PC:inst2|REGISTER32bit:inst1|inst12~clkctrl                                   ; outclk           ;
; |computador_mic|CPU:inst|DATAPATH:inst2|BANK_REGS:inst2|MDR:inst1|REGISTER32bit:inst1|inst12~clkctrl                                        ; |computador_mic|CPU:inst|DATAPATH:inst2|BANK_REGS:inst2|MDR:inst1|REGISTER32bit:inst1|inst12~clkctrl                                  ; outclk           ;
; |computador_mic|CPU:inst|DATAPATH:inst2|BANK_REGS:inst2|MBR:inst3|REGISTER32bit:inst5|inst12~clkctrl                                        ; |computador_mic|CPU:inst|DATAPATH:inst2|BANK_REGS:inst2|MBR:inst3|REGISTER32bit:inst5|inst12~clkctrl                                  ; outclk           ;
; |computador_mic|CPU:inst|DATAPATH:inst2|BANK_REGS:inst2|TOS:inst53|REGISTER32bit:inst1|inst12~clkctrl                                       ; |computador_mic|CPU:inst|DATAPATH:inst2|BANK_REGS:inst2|TOS:inst53|REGISTER32bit:inst1|inst12~clkctrl                                 ; outclk           ;
; |computador_mic|CPU:inst|DATAPATH:inst2|BANK_REGS:inst2|H:inst5|REGISTER32bit:inst1|REGISTER8bit:inst3|inst~feeder                          ; |computador_mic|CPU:inst|DATAPATH:inst2|BANK_REGS:inst2|H:inst5|REGISTER32bit:inst1|REGISTER8bit:inst3|inst~feeder                    ; combout          ;
; |computador_mic|CPU:inst|DATAPATH:inst2|BANK_REGS:inst2|TOS:inst53|REGISTER32bit:inst1|REGISTER8bit:inst3|inst~feeder                       ; |computador_mic|CPU:inst|DATAPATH:inst2|BANK_REGS:inst2|TOS:inst53|REGISTER32bit:inst1|REGISTER8bit:inst3|inst~feeder                 ; combout          ;
; |computador_mic|CPU:inst|DATAPATH:inst2|BANK_REGS:inst2|MDR:inst1|REGISTER32bit:inst1|REGISTER8bit:inst3|inst~feeder                        ; |computador_mic|CPU:inst|DATAPATH:inst2|BANK_REGS:inst2|MDR:inst1|REGISTER32bit:inst1|REGISTER8bit:inst3|inst~feeder                  ; combout          ;
; |computador_mic|CPU:inst|DATAPATH:inst2|BANK_REGS:inst2|CPP:inst52|REGISTER32bit:inst1|REGISTER8bit:inst3|inst~feeder                       ; |computador_mic|CPU:inst|DATAPATH:inst2|BANK_REGS:inst2|CPP:inst52|REGISTER32bit:inst1|REGISTER8bit:inst3|inst~feeder                 ; combout          ;
; |computador_mic|CPU:inst|DATAPATH:inst2|BANK_REGS:inst2|MAR:inst|REGISTER32bit:inst1|REGISTER8bit:inst3|inst~feeder                         ; |computador_mic|CPU:inst|DATAPATH:inst2|BANK_REGS:inst2|MAR:inst|REGISTER32bit:inst1|REGISTER8bit:inst3|inst~feeder                   ; combout          ;
; |computador_mic|CPU:inst|DATAPATH:inst2|BANK_REGS:inst2|MDR:inst1|REGISTER32bit:inst1|REGISTER8bit:inst3|inst8~feeder                       ; |computador_mic|CPU:inst|DATAPATH:inst2|BANK_REGS:inst2|MDR:inst1|REGISTER32bit:inst1|REGISTER8bit:inst3|inst8~feeder                 ; combout          ;
; |computador_mic|CPU:inst|DATAPATH:inst2|BANK_REGS:inst2|H:inst5|REGISTER32bit:inst1|REGISTER8bit:inst3|inst8~feeder                         ; |computador_mic|CPU:inst|DATAPATH:inst2|BANK_REGS:inst2|H:inst5|REGISTER32bit:inst1|REGISTER8bit:inst3|inst8~feeder                   ; combout          ;
; |computador_mic|CPU:inst|DATAPATH:inst2|BANK_REGS:inst2|MAR:inst|REGISTER32bit:inst1|REGISTER8bit:inst3|inst8~feeder                        ; |computador_mic|CPU:inst|DATAPATH:inst2|BANK_REGS:inst2|MAR:inst|REGISTER32bit:inst1|REGISTER8bit:inst3|inst8~feeder                  ; combout          ;
; |computador_mic|CPU:inst|DATAPATH:inst2|BANK_REGS:inst2|CPP:inst52|REGISTER32bit:inst1|REGISTER8bit:inst3|inst8~feeder                      ; |computador_mic|CPU:inst|DATAPATH:inst2|BANK_REGS:inst2|CPP:inst52|REGISTER32bit:inst1|REGISTER8bit:inst3|inst8~feeder                ; combout          ;
; |computador_mic|CPU:inst|DATAPATH:inst2|BANK_REGS:inst2|MDR:inst1|REGISTER32bit:inst1|REGISTER8bit:inst3|inst12~feeder                      ; |computador_mic|CPU:inst|DATAPATH:inst2|BANK_REGS:inst2|MDR:inst1|REGISTER32bit:inst1|REGISTER8bit:inst3|inst12~feeder                ; combout          ;
; |computador_mic|CPU:inst|DATAPATH:inst2|BANK_REGS:inst2|PC:inst2|REGISTER32bit:inst1|REGISTER8bit:inst3|inst12~feeder                       ; |computador_mic|CPU:inst|DATAPATH:inst2|BANK_REGS:inst2|PC:inst2|REGISTER32bit:inst1|REGISTER8bit:inst3|inst12~feeder                 ; combout          ;
; |computador_mic|CPU:inst|DATAPATH:inst2|BANK_REGS:inst2|H:inst5|REGISTER32bit:inst1|REGISTER8bit:inst3|inst12~feeder                        ; |computador_mic|CPU:inst|DATAPATH:inst2|BANK_REGS:inst2|H:inst5|REGISTER32bit:inst1|REGISTER8bit:inst3|inst12~feeder                  ; combout          ;
; |computador_mic|CPU:inst|DATAPATH:inst2|BANK_REGS:inst2|MAR:inst|REGISTER32bit:inst1|REGISTER8bit:inst3|inst12~feeder                       ; |computador_mic|CPU:inst|DATAPATH:inst2|BANK_REGS:inst2|MAR:inst|REGISTER32bit:inst1|REGISTER8bit:inst3|inst12~feeder                 ; combout          ;
; |computador_mic|CPU:inst|DATAPATH:inst2|BANK_REGS:inst2|PC:inst2|REGISTER32bit:inst1|REGISTER8bit:inst3|inst16~feeder                       ; |computador_mic|CPU:inst|DATAPATH:inst2|BANK_REGS:inst2|PC:inst2|REGISTER32bit:inst1|REGISTER8bit:inst3|inst16~feeder                 ; combout          ;
; |computador_mic|CPU:inst|DATAPATH:inst2|BANK_REGS:inst2|H:inst5|REGISTER32bit:inst1|REGISTER8bit:inst3|inst16~feeder                        ; |computador_mic|CPU:inst|DATAPATH:inst2|BANK_REGS:inst2|H:inst5|REGISTER32bit:inst1|REGISTER8bit:inst3|inst16~feeder                  ; combout          ;
; |computador_mic|CPU:inst|DATAPATH:inst2|BANK_REGS:inst2|MAR:inst|REGISTER32bit:inst1|REGISTER8bit:inst3|inst16~feeder                       ; |computador_mic|CPU:inst|DATAPATH:inst2|BANK_REGS:inst2|MAR:inst|REGISTER32bit:inst1|REGISTER8bit:inst3|inst16~feeder                 ; combout          ;
; |computador_mic|CPU:inst|DATAPATH:inst2|BANK_REGS:inst2|TOS:inst53|REGISTER32bit:inst1|REGISTER8bit:inst3|inst16~feeder                     ; |computador_mic|CPU:inst|DATAPATH:inst2|BANK_REGS:inst2|TOS:inst53|REGISTER32bit:inst1|REGISTER8bit:inst3|inst16~feeder               ; combout          ;
; |computador_mic|CPU:inst|DATAPATH:inst2|BANK_REGS:inst2|TOS:inst53|REGISTER32bit:inst1|REGISTER8bit:inst3|inst20~feeder                     ; |computador_mic|CPU:inst|DATAPATH:inst2|BANK_REGS:inst2|TOS:inst53|REGISTER32bit:inst1|REGISTER8bit:inst3|inst20~feeder               ; combout          ;
; |computador_mic|CPU:inst|DATAPATH:inst2|BANK_REGS:inst2|MDR:inst1|REGISTER32bit:inst1|REGISTER8bit:inst3|inst20~feeder                      ; |computador_mic|CPU:inst|DATAPATH:inst2|BANK_REGS:inst2|MDR:inst1|REGISTER32bit:inst1|REGISTER8bit:inst3|inst20~feeder                ; combout          ;
; |computador_mic|CPU:inst|DATAPATH:inst2|BANK_REGS:inst2|PC:inst2|REGISTER32bit:inst1|REGISTER8bit:inst3|inst20~feeder                       ; |computador_mic|CPU:inst|DATAPATH:inst2|BANK_REGS:inst2|PC:inst2|REGISTER32bit:inst1|REGISTER8bit:inst3|inst20~feeder                 ; combout          ;
; |computador_mic|CPU:inst|DATAPATH:inst2|BANK_REGS:inst2|MAR:inst|REGISTER32bit:inst1|REGISTER8bit:inst3|inst20~feeder                       ; |computador_mic|CPU:inst|DATAPATH:inst2|BANK_REGS:inst2|MAR:inst|REGISTER32bit:inst1|REGISTER8bit:inst3|inst20~feeder                 ; combout          ;
; |computador_mic|CPU:inst|DATAPATH:inst2|BANK_REGS:inst2|H:inst5|REGISTER32bit:inst1|REGISTER8bit:inst3|inst24~feeder                        ; |computador_mic|CPU:inst|DATAPATH:inst2|BANK_REGS:inst2|H:inst5|REGISTER32bit:inst1|REGISTER8bit:inst3|inst24~feeder                  ; combout          ;
; |computador_mic|CPU:inst|DATAPATH:inst2|BANK_REGS:inst2|MAR:inst|REGISTER32bit:inst1|REGISTER8bit:inst3|inst24~feeder                       ; |computador_mic|CPU:inst|DATAPATH:inst2|BANK_REGS:inst2|MAR:inst|REGISTER32bit:inst1|REGISTER8bit:inst3|inst24~feeder                 ; combout          ;
; |computador_mic|CPU:inst|DATAPATH:inst2|BANK_REGS:inst2|TOS:inst53|REGISTER32bit:inst1|REGISTER8bit:inst3|inst24~feeder                     ; |computador_mic|CPU:inst|DATAPATH:inst2|BANK_REGS:inst2|TOS:inst53|REGISTER32bit:inst1|REGISTER8bit:inst3|inst24~feeder               ; combout          ;
; |computador_mic|CPU:inst|DATAPATH:inst2|BANK_REGS:inst2|MDR:inst1|REGISTER32bit:inst1|REGISTER8bit:inst3|inst24~feeder                      ; |computador_mic|CPU:inst|DATAPATH:inst2|BANK_REGS:inst2|MDR:inst1|REGISTER32bit:inst1|REGISTER8bit:inst3|inst24~feeder                ; combout          ;
; |computador_mic|CPU:inst|DATAPATH:inst2|BANK_REGS:inst2|PC:inst2|REGISTER32bit:inst1|REGISTER8bit:inst3|inst24~feeder                       ; |computador_mic|CPU:inst|DATAPATH:inst2|BANK_REGS:inst2|PC:inst2|REGISTER32bit:inst1|REGISTER8bit:inst3|inst24~feeder                 ; combout          ;
; |computador_mic|CPU:inst|DATAPATH:inst2|BANK_REGS:inst2|LV:inst51|REGISTER32bit:inst1|REGISTER8bit:inst3|inst28~feeder                      ; |computador_mic|CPU:inst|DATAPATH:inst2|BANK_REGS:inst2|LV:inst51|REGISTER32bit:inst1|REGISTER8bit:inst3|inst28~feeder                ; combout          ;
; |computador_mic|CPU:inst|DATAPATH:inst2|BANK_REGS:inst2|TOS:inst53|REGISTER32bit:inst1|REGISTER8bit:inst3|inst28~feeder                     ; |computador_mic|CPU:inst|DATAPATH:inst2|BANK_REGS:inst2|TOS:inst53|REGISTER32bit:inst1|REGISTER8bit:inst3|inst28~feeder               ; combout          ;
; |computador_mic|CPU:inst|DATAPATH:inst2|BANK_REGS:inst2|MDR:inst1|REGISTER32bit:inst1|REGISTER8bit:inst3|inst28~feeder                      ; |computador_mic|CPU:inst|DATAPATH:inst2|BANK_REGS:inst2|MDR:inst1|REGISTER32bit:inst1|REGISTER8bit:inst3|inst28~feeder                ; combout          ;
; |computador_mic|CPU:inst|DATAPATH:inst2|BANK_REGS:inst2|MAR:inst|REGISTER32bit:inst1|REGISTER8bit:inst3|inst28~feeder                       ; |computador_mic|CPU:inst|DATAPATH:inst2|BANK_REGS:inst2|MAR:inst|REGISTER32bit:inst1|REGISTER8bit:inst3|inst28~feeder                 ; combout          ;
; |computador_mic|CPU:inst|DATAPATH:inst2|BANK_REGS:inst2|MDR:inst1|REGISTER32bit:inst1|REGISTER8bit:inst2|inst~feeder                        ; |computador_mic|CPU:inst|DATAPATH:inst2|BANK_REGS:inst2|MDR:inst1|REGISTER32bit:inst1|REGISTER8bit:inst2|inst~feeder                  ; combout          ;
; |computador_mic|CPU:inst|DATAPATH:inst2|BANK_REGS:inst2|H:inst5|REGISTER32bit:inst1|REGISTER8bit:inst2|inst~feeder                          ; |computador_mic|CPU:inst|DATAPATH:inst2|BANK_REGS:inst2|H:inst5|REGISTER32bit:inst1|REGISTER8bit:inst2|inst~feeder                    ; combout          ;
; |computador_mic|CPU:inst|DATAPATH:inst2|BANK_REGS:inst2|MDR:inst1|REGISTER32bit:inst1|REGISTER8bit:inst2|inst5~feeder                       ; |computador_mic|CPU:inst|DATAPATH:inst2|BANK_REGS:inst2|MDR:inst1|REGISTER32bit:inst1|REGISTER8bit:inst2|inst5~feeder                 ; combout          ;
; |computador_mic|CPU:inst|DATAPATH:inst2|BANK_REGS:inst2|PC:inst2|REGISTER32bit:inst1|REGISTER8bit:inst2|inst5~feeder                        ; |computador_mic|CPU:inst|DATAPATH:inst2|BANK_REGS:inst2|PC:inst2|REGISTER32bit:inst1|REGISTER8bit:inst2|inst5~feeder                  ; combout          ;
; |computador_mic|CPU:inst|DATAPATH:inst2|BANK_REGS:inst2|H:inst5|REGISTER32bit:inst1|REGISTER8bit:inst2|inst5~feeder                         ; |computador_mic|CPU:inst|DATAPATH:inst2|BANK_REGS:inst2|H:inst5|REGISTER32bit:inst1|REGISTER8bit:inst2|inst5~feeder                   ; combout          ;
; |computador_mic|CPU:inst|DATAPATH:inst2|BANK_REGS:inst2|H:inst5|REGISTER32bit:inst1|REGISTER8bit:inst2|inst8~feeder                         ; |computador_mic|CPU:inst|DATAPATH:inst2|BANK_REGS:inst2|H:inst5|REGISTER32bit:inst1|REGISTER8bit:inst2|inst8~feeder                   ; combout          ;
; |computador_mic|CPU:inst|DATAPATH:inst2|BANK_REGS:inst2|TOS:inst53|REGISTER32bit:inst1|REGISTER8bit:inst2|inst8~feeder                      ; |computador_mic|CPU:inst|DATAPATH:inst2|BANK_REGS:inst2|TOS:inst53|REGISTER32bit:inst1|REGISTER8bit:inst2|inst8~feeder                ; combout          ;
; |computador_mic|CPU:inst|DATAPATH:inst2|BANK_REGS:inst2|MDR:inst1|REGISTER32bit:inst1|REGISTER8bit:inst2|inst8~feeder                       ; |computador_mic|CPU:inst|DATAPATH:inst2|BANK_REGS:inst2|MDR:inst1|REGISTER32bit:inst1|REGISTER8bit:inst2|inst8~feeder                 ; combout          ;
; |computador_mic|CPU:inst|DATAPATH:inst2|BANK_REGS:inst2|MAR:inst|REGISTER32bit:inst1|REGISTER8bit:inst2|inst8~feeder                        ; |computador_mic|CPU:inst|DATAPATH:inst2|BANK_REGS:inst2|MAR:inst|REGISTER32bit:inst1|REGISTER8bit:inst2|inst8~feeder                  ; combout          ;
; |computador_mic|CPU:inst|DATAPATH:inst2|BANK_REGS:inst2|MDR:inst1|REGISTER32bit:inst1|REGISTER8bit:inst2|inst12~feeder                      ; |computador_mic|CPU:inst|DATAPATH:inst2|BANK_REGS:inst2|MDR:inst1|REGISTER32bit:inst1|REGISTER8bit:inst2|inst12~feeder                ; combout          ;
; |computador_mic|CPU:inst|DATAPATH:inst2|BANK_REGS:inst2|H:inst5|REGISTER32bit:inst1|REGISTER8bit:inst2|inst12~feeder                        ; |computador_mic|CPU:inst|DATAPATH:inst2|BANK_REGS:inst2|H:inst5|REGISTER32bit:inst1|REGISTER8bit:inst2|inst12~feeder                  ; combout          ;
; |computador_mic|CPU:inst|DATAPATH:inst2|BANK_REGS:inst2|PC:inst2|REGISTER32bit:inst1|REGISTER8bit:inst2|inst12~feeder                       ; |computador_mic|CPU:inst|DATAPATH:inst2|BANK_REGS:inst2|PC:inst2|REGISTER32bit:inst1|REGISTER8bit:inst2|inst12~feeder                 ; combout          ;
; |computador_mic|CPU:inst|DATAPATH:inst2|BANK_REGS:inst2|MAR:inst|REGISTER32bit:inst1|REGISTER8bit:inst2|inst12~feeder                       ; |computador_mic|CPU:inst|DATAPATH:inst2|BANK_REGS:inst2|MAR:inst|REGISTER32bit:inst1|REGISTER8bit:inst2|inst12~feeder                 ; combout          ;
; |computador_mic|CPU:inst|DATAPATH:inst2|BANK_REGS:inst2|H:inst5|REGISTER32bit:inst1|REGISTER8bit:inst2|inst16~feeder                        ; |computador_mic|CPU:inst|DATAPATH:inst2|BANK_REGS:inst2|H:inst5|REGISTER32bit:inst1|REGISTER8bit:inst2|inst16~feeder                  ; combout          ;
; |computador_mic|CPU:inst|DATAPATH:inst2|BANK_REGS:inst2|PC:inst2|REGISTER32bit:inst1|REGISTER8bit:inst2|inst16~feeder                       ; |computador_mic|CPU:inst|DATAPATH:inst2|BANK_REGS:inst2|PC:inst2|REGISTER32bit:inst1|REGISTER8bit:inst2|inst16~feeder                 ; combout          ;
; |computador_mic|CPU:inst|DATAPATH:inst2|BANK_REGS:inst2|LV:inst51|REGISTER32bit:inst1|REGISTER8bit:inst2|inst16~feeder                      ; |computador_mic|CPU:inst|DATAPATH:inst2|BANK_REGS:inst2|LV:inst51|REGISTER32bit:inst1|REGISTER8bit:inst2|inst16~feeder                ; combout          ;
; |computador_mic|CPU:inst|DATAPATH:inst2|BANK_REGS:inst2|MDR:inst1|REGISTER32bit:inst1|REGISTER8bit:inst2|inst20~feeder                      ; |computador_mic|CPU:inst|DATAPATH:inst2|BANK_REGS:inst2|MDR:inst1|REGISTER32bit:inst1|REGISTER8bit:inst2|inst20~feeder                ; combout          ;
; |computador_mic|CPU:inst|DATAPATH:inst2|BANK_REGS:inst2|MAR:inst|REGISTER32bit:inst1|REGISTER8bit:inst2|inst20~feeder                       ; |computador_mic|CPU:inst|DATAPATH:inst2|BANK_REGS:inst2|MAR:inst|REGISTER32bit:inst1|REGISTER8bit:inst2|inst20~feeder                 ; combout          ;
; |computador_mic|CPU:inst|DATAPATH:inst2|BANK_REGS:inst2|TOS:inst53|REGISTER32bit:inst1|REGISTER8bit:inst2|inst20~feeder                     ; |computador_mic|CPU:inst|DATAPATH:inst2|BANK_REGS:inst2|TOS:inst53|REGISTER32bit:inst1|REGISTER8bit:inst2|inst20~feeder               ; combout          ;
; |computador_mic|CPU:inst|DATAPATH:inst2|BANK_REGS:inst2|H:inst5|REGISTER32bit:inst1|REGISTER8bit:inst2|inst20~feeder                        ; |computador_mic|CPU:inst|DATAPATH:inst2|BANK_REGS:inst2|H:inst5|REGISTER32bit:inst1|REGISTER8bit:inst2|inst20~feeder                  ; combout          ;
; |computador_mic|CPU:inst|DATAPATH:inst2|BANK_REGS:inst2|TOS:inst53|REGISTER32bit:inst1|REGISTER8bit:inst2|inst24~feeder                     ; |computador_mic|CPU:inst|DATAPATH:inst2|BANK_REGS:inst2|TOS:inst53|REGISTER32bit:inst1|REGISTER8bit:inst2|inst24~feeder               ; combout          ;
; |computador_mic|CPU:inst|DATAPATH:inst2|BANK_REGS:inst2|PC:inst2|REGISTER32bit:inst1|REGISTER8bit:inst2|inst24~feeder                       ; |computador_mic|CPU:inst|DATAPATH:inst2|BANK_REGS:inst2|PC:inst2|REGISTER32bit:inst1|REGISTER8bit:inst2|inst24~feeder                 ; combout          ;
; |computador_mic|CPU:inst|DATAPATH:inst2|BANK_REGS:inst2|MDR:inst1|REGISTER32bit:inst1|REGISTER8bit:inst2|inst24~feeder                      ; |computador_mic|CPU:inst|DATAPATH:inst2|BANK_REGS:inst2|MDR:inst1|REGISTER32bit:inst1|REGISTER8bit:inst2|inst24~feeder                ; combout          ;
; |computador_mic|CPU:inst|DATAPATH:inst2|BANK_REGS:inst2|H:inst5|REGISTER32bit:inst1|REGISTER8bit:inst2|inst28~feeder                        ; |computador_mic|CPU:inst|DATAPATH:inst2|BANK_REGS:inst2|H:inst5|REGISTER32bit:inst1|REGISTER8bit:inst2|inst28~feeder                  ; combout          ;
; |computador_mic|CPU:inst|DATAPATH:inst2|BANK_REGS:inst2|CPP:inst52|REGISTER32bit:inst1|REGISTER8bit:inst2|inst28~feeder                     ; |computador_mic|CPU:inst|DATAPATH:inst2|BANK_REGS:inst2|CPP:inst52|REGISTER32bit:inst1|REGISTER8bit:inst2|inst28~feeder               ; combout          ;
; |computador_mic|CPU:inst|DATAPATH:inst2|BANK_REGS:inst2|MDR:inst1|REGISTER32bit:inst1|REGISTER8bit:inst2|inst28~feeder                      ; |computador_mic|CPU:inst|DATAPATH:inst2|BANK_REGS:inst2|MDR:inst1|REGISTER32bit:inst1|REGISTER8bit:inst2|inst28~feeder                ; combout          ;
; |computador_mic|CPU:inst|DATAPATH:inst2|BANK_REGS:inst2|MAR:inst|REGISTER32bit:inst1|REGISTER8bit:inst2|inst28~feeder                       ; |computador_mic|CPU:inst|DATAPATH:inst2|BANK_REGS:inst2|MAR:inst|REGISTER32bit:inst1|REGISTER8bit:inst2|inst28~feeder                 ; combout          ;
; |computador_mic|CPU:inst|DATAPATH:inst2|BANK_REGS:inst2|MDR:inst1|REGISTER32bit:inst1|REGISTER8bit:inst1|inst~feeder                        ; |computador_mic|CPU:inst|DATAPATH:inst2|BANK_REGS:inst2|MDR:inst1|REGISTER32bit:inst1|REGISTER8bit:inst1|inst~feeder                  ; combout          ;
; |computador_mic|CPU:inst|DATAPATH:inst2|BANK_REGS:inst2|MDR:inst1|REGISTER32bit:inst1|REGISTER8bit:inst1|inst5~feeder                       ; |computador_mic|CPU:inst|DATAPATH:inst2|BANK_REGS:inst2|MDR:inst1|REGISTER32bit:inst1|REGISTER8bit:inst1|inst5~feeder                 ; combout          ;
; |computador_mic|CPU:inst|DATAPATH:inst2|BANK_REGS:inst2|MAR:inst|REGISTER32bit:inst1|REGISTER8bit:inst1|inst5~feeder                        ; |computador_mic|CPU:inst|DATAPATH:inst2|BANK_REGS:inst2|MAR:inst|REGISTER32bit:inst1|REGISTER8bit:inst1|inst5~feeder                  ; combout          ;
; |computador_mic|CPU:inst|DATAPATH:inst2|BANK_REGS:inst2|H:inst5|REGISTER32bit:inst1|REGISTER8bit:inst1|inst8~feeder                         ; |computador_mic|CPU:inst|DATAPATH:inst2|BANK_REGS:inst2|H:inst5|REGISTER32bit:inst1|REGISTER8bit:inst1|inst8~feeder                   ; combout          ;
; |computador_mic|CPU:inst|DATAPATH:inst2|BANK_REGS:inst2|MDR:inst1|REGISTER32bit:inst1|REGISTER8bit:inst1|inst8~feeder                       ; |computador_mic|CPU:inst|DATAPATH:inst2|BANK_REGS:inst2|MDR:inst1|REGISTER32bit:inst1|REGISTER8bit:inst1|inst8~feeder                 ; combout          ;
; |computador_mic|CPU:inst|DATAPATH:inst2|BANK_REGS:inst2|MAR:inst|REGISTER32bit:inst1|REGISTER8bit:inst1|inst8~feeder                        ; |computador_mic|CPU:inst|DATAPATH:inst2|BANK_REGS:inst2|MAR:inst|REGISTER32bit:inst1|REGISTER8bit:inst1|inst8~feeder                  ; combout          ;
; |computador_mic|CPU:inst|DATAPATH:inst2|BANK_REGS:inst2|MDR:inst1|REGISTER32bit:inst1|REGISTER8bit:inst1|inst12~feeder                      ; |computador_mic|CPU:inst|DATAPATH:inst2|BANK_REGS:inst2|MDR:inst1|REGISTER32bit:inst1|REGISTER8bit:inst1|inst12~feeder                ; combout          ;
; |computador_mic|CPU:inst|DATAPATH:inst2|BANK_REGS:inst2|MDR:inst1|REGISTER32bit:inst1|REGISTER8bit:inst1|inst16~feeder                      ; |computador_mic|CPU:inst|DATAPATH:inst2|BANK_REGS:inst2|MDR:inst1|REGISTER32bit:inst1|REGISTER8bit:inst1|inst16~feeder                ; combout          ;
; |computador_mic|CPU:inst|DATAPATH:inst2|BANK_REGS:inst2|MAR:inst|REGISTER32bit:inst1|REGISTER8bit:inst1|inst16~feeder                       ; |computador_mic|CPU:inst|DATAPATH:inst2|BANK_REGS:inst2|MAR:inst|REGISTER32bit:inst1|REGISTER8bit:inst1|inst16~feeder                 ; combout          ;
; |computador_mic|CPU:inst|DATAPATH:inst2|BANK_REGS:inst2|MDR:inst1|REGISTER32bit:inst1|REGISTER8bit:inst1|inst20~feeder                      ; |computador_mic|CPU:inst|DATAPATH:inst2|BANK_REGS:inst2|MDR:inst1|REGISTER32bit:inst1|REGISTER8bit:inst1|inst20~feeder                ; combout          ;
; |computador_mic|CPU:inst|DATAPATH:inst2|BANK_REGS:inst2|PC:inst2|REGISTER32bit:inst1|REGISTER8bit:inst1|inst20~feeder                       ; |computador_mic|CPU:inst|DATAPATH:inst2|BANK_REGS:inst2|PC:inst2|REGISTER32bit:inst1|REGISTER8bit:inst1|inst20~feeder                 ; combout          ;
; |computador_mic|CPU:inst|DATAPATH:inst2|BANK_REGS:inst2|LV:inst51|REGISTER32bit:inst1|REGISTER8bit:inst1|inst20~feeder                      ; |computador_mic|CPU:inst|DATAPATH:inst2|BANK_REGS:inst2|LV:inst51|REGISTER32bit:inst1|REGISTER8bit:inst1|inst20~feeder                ; combout          ;
; |computador_mic|CPU:inst|DATAPATH:inst2|BANK_REGS:inst2|MAR:inst|REGISTER32bit:inst1|REGISTER8bit:inst1|inst20~feeder                       ; |computador_mic|CPU:inst|DATAPATH:inst2|BANK_REGS:inst2|MAR:inst|REGISTER32bit:inst1|REGISTER8bit:inst1|inst20~feeder                 ; combout          ;
; |computador_mic|CPU:inst|DATAPATH:inst2|BANK_REGS:inst2|PC:inst2|REGISTER32bit:inst1|REGISTER8bit:inst1|inst24~feeder                       ; |computador_mic|CPU:inst|DATAPATH:inst2|BANK_REGS:inst2|PC:inst2|REGISTER32bit:inst1|REGISTER8bit:inst1|inst24~feeder                 ; combout          ;
; |computador_mic|CPU:inst|DATAPATH:inst2|BANK_REGS:inst2|MDR:inst1|REGISTER32bit:inst1|REGISTER8bit:inst1|inst24~feeder                      ; |computador_mic|CPU:inst|DATAPATH:inst2|BANK_REGS:inst2|MDR:inst1|REGISTER32bit:inst1|REGISTER8bit:inst1|inst24~feeder                ; combout          ;
; |computador_mic|CPU:inst|DATAPATH:inst2|BANK_REGS:inst2|MAR:inst|REGISTER32bit:inst1|REGISTER8bit:inst1|inst24~feeder                       ; |computador_mic|CPU:inst|DATAPATH:inst2|BANK_REGS:inst2|MAR:inst|REGISTER32bit:inst1|REGISTER8bit:inst1|inst24~feeder                 ; combout          ;
; |computador_mic|CPU:inst|DATAPATH:inst2|BANK_REGS:inst2|MDR:inst1|REGISTER32bit:inst1|REGISTER8bit:inst1|inst28~feeder                      ; |computador_mic|CPU:inst|DATAPATH:inst2|BANK_REGS:inst2|MDR:inst1|REGISTER32bit:inst1|REGISTER8bit:inst1|inst28~feeder                ; combout          ;
; |computador_mic|CPU:inst|DATAPATH:inst2|BANK_REGS:inst2|MAR:inst|REGISTER32bit:inst1|REGISTER8bit:inst1|inst28~feeder                       ; |computador_mic|CPU:inst|DATAPATH:inst2|BANK_REGS:inst2|MAR:inst|REGISTER32bit:inst1|REGISTER8bit:inst1|inst28~feeder                 ; combout          ;
; |computador_mic|CPU:inst|DATAPATH:inst2|BANK_REGS:inst2|MDR:inst1|inst13~feeder                                                             ; |computador_mic|CPU:inst|DATAPATH:inst2|BANK_REGS:inst2|MDR:inst1|inst13~feeder                                                       ; combout          ;
; |computador_mic|CPU:inst|DATAPATH:inst2|BANK_REGS:inst2|MAR:inst|REGISTER32bit:inst1|REGISTER8bit:inst3|inst5~feeder                        ; |computador_mic|CPU:inst|DATAPATH:inst2|BANK_REGS:inst2|MAR:inst|REGISTER32bit:inst1|REGISTER8bit:inst3|inst5~feeder                  ; combout          ;
; |computador_mic|CPU:inst|DATAPATH:inst2|BANK_REGS:inst2|CPP:inst52|REGISTER32bit:inst1|REGISTER8bit:inst3|inst5~feeder                      ; |computador_mic|CPU:inst|DATAPATH:inst2|BANK_REGS:inst2|CPP:inst52|REGISTER32bit:inst1|REGISTER8bit:inst3|inst5~feeder                ; combout          ;
; |computador_mic|CPU:inst|DATAPATH:inst2|BANK_REGS:inst2|LV:inst51|REGISTER32bit:inst1|REGISTER8bit:inst3|inst5~feeder                       ; |computador_mic|CPU:inst|DATAPATH:inst2|BANK_REGS:inst2|LV:inst51|REGISTER32bit:inst1|REGISTER8bit:inst3|inst5~feeder                 ; combout          ;
; |computador_mic|CPU:inst|DATAPATH:inst2|BANK_REGS:inst2|OPC:inst4|REGISTER32bit:inst1|REGISTER8bit:inst|inst28~feeder                       ; |computador_mic|CPU:inst|DATAPATH:inst2|BANK_REGS:inst2|OPC:inst4|REGISTER32bit:inst1|REGISTER8bit:inst|inst28~feeder                 ; combout          ;
; |computador_mic|CPU:inst|DATAPATH:inst2|BANK_REGS:inst2|H:inst5|REGISTER32bit:inst1|REGISTER8bit:inst|inst28~feeder                         ; |computador_mic|CPU:inst|DATAPATH:inst2|BANK_REGS:inst2|H:inst5|REGISTER32bit:inst1|REGISTER8bit:inst|inst28~feeder                   ; combout          ;
; |computador_mic|CPU:inst|DATAPATH:inst2|BANK_REGS:inst2|LV:inst51|REGISTER32bit:inst1|REGISTER8bit:inst|inst28~feeder                       ; |computador_mic|CPU:inst|DATAPATH:inst2|BANK_REGS:inst2|LV:inst51|REGISTER32bit:inst1|REGISTER8bit:inst|inst28~feeder                 ; combout          ;
; |computador_mic|CPU:inst|DATAPATH:inst2|BANK_REGS:inst2|PC:inst2|REGISTER32bit:inst1|REGISTER8bit:inst|inst28~feeder                        ; |computador_mic|CPU:inst|DATAPATH:inst2|BANK_REGS:inst2|PC:inst2|REGISTER32bit:inst1|REGISTER8bit:inst|inst28~feeder                  ; combout          ;
; |computador_mic|CPU:inst|DATAPATH:inst2|BANK_REGS:inst2|MAR:inst|REGISTER32bit:inst1|REGISTER8bit:inst|inst28~feeder                        ; |computador_mic|CPU:inst|DATAPATH:inst2|BANK_REGS:inst2|MAR:inst|REGISTER32bit:inst1|REGISTER8bit:inst|inst28~feeder                  ; combout          ;
; |computador_mic|CPU:inst|DATAPATH:inst2|BANK_REGS:inst2|PC:inst2|REGISTER32bit:inst1|REGISTER8bit:inst|inst24~feeder                        ; |computador_mic|CPU:inst|DATAPATH:inst2|BANK_REGS:inst2|PC:inst2|REGISTER32bit:inst1|REGISTER8bit:inst|inst24~feeder                  ; combout          ;
; |computador_mic|CPU:inst|DATAPATH:inst2|BANK_REGS:inst2|MAR:inst|REGISTER32bit:inst1|REGISTER8bit:inst|inst24~feeder                        ; |computador_mic|CPU:inst|DATAPATH:inst2|BANK_REGS:inst2|MAR:inst|REGISTER32bit:inst1|REGISTER8bit:inst|inst24~feeder                  ; combout          ;
; |computador_mic|CPU:inst|DATAPATH:inst2|BANK_REGS:inst2|SP:inst50|REGISTER32bit:inst1|REGISTER8bit:inst|inst20~feeder                       ; |computador_mic|CPU:inst|DATAPATH:inst2|BANK_REGS:inst2|SP:inst50|REGISTER32bit:inst1|REGISTER8bit:inst|inst20~feeder                 ; combout          ;
; |computador_mic|CPU:inst|DATAPATH:inst2|BANK_REGS:inst2|OPC:inst4|REGISTER32bit:inst1|REGISTER8bit:inst|inst20~feeder                       ; |computador_mic|CPU:inst|DATAPATH:inst2|BANK_REGS:inst2|OPC:inst4|REGISTER32bit:inst1|REGISTER8bit:inst|inst20~feeder                 ; combout          ;
; |computador_mic|CPU:inst|DATAPATH:inst2|BANK_REGS:inst2|MAR:inst|REGISTER32bit:inst1|REGISTER8bit:inst|inst20~feeder                        ; |computador_mic|CPU:inst|DATAPATH:inst2|BANK_REGS:inst2|MAR:inst|REGISTER32bit:inst1|REGISTER8bit:inst|inst20~feeder                  ; combout          ;
; |computador_mic|CPU:inst|DATAPATH:inst2|BANK_REGS:inst2|MAR:inst|REGISTER32bit:inst1|REGISTER8bit:inst|inst12~feeder                        ; |computador_mic|CPU:inst|DATAPATH:inst2|BANK_REGS:inst2|MAR:inst|REGISTER32bit:inst1|REGISTER8bit:inst|inst12~feeder                  ; combout          ;
; |computador_mic|CPU:inst|DATAPATH:inst2|BANK_REGS:inst2|PC:inst2|REGISTER32bit:inst1|REGISTER8bit:inst|inst8~feeder                         ; |computador_mic|CPU:inst|DATAPATH:inst2|BANK_REGS:inst2|PC:inst2|REGISTER32bit:inst1|REGISTER8bit:inst|inst8~feeder                   ; combout          ;
; |computador_mic|CPU:inst|DATAPATH:inst2|BANK_REGS:inst2|MAR:inst|REGISTER32bit:inst1|REGISTER8bit:inst|inst8~feeder                         ; |computador_mic|CPU:inst|DATAPATH:inst2|BANK_REGS:inst2|MAR:inst|REGISTER32bit:inst1|REGISTER8bit:inst|inst8~feeder                   ; combout          ;
; |computador_mic|CPU:inst|DATAPATH:inst2|BANK_REGS:inst2|OPC:inst4|REGISTER32bit:inst1|REGISTER8bit:inst|inst5~feeder                        ; |computador_mic|CPU:inst|DATAPATH:inst2|BANK_REGS:inst2|OPC:inst4|REGISTER32bit:inst1|REGISTER8bit:inst|inst5~feeder                  ; combout          ;
; |computador_mic|CPU:inst|DATAPATH:inst2|BANK_REGS:inst2|MAR:inst|REGISTER32bit:inst1|REGISTER8bit:inst|inst5~feeder                         ; |computador_mic|CPU:inst|DATAPATH:inst2|BANK_REGS:inst2|MAR:inst|REGISTER32bit:inst1|REGISTER8bit:inst|inst5~feeder                   ; combout          ;
; |computador_mic|CPU:inst|DATAPATH:inst2|BANK_REGS:inst2|MAR:inst|REGISTER32bit:inst1|REGISTER8bit:inst|inst~feeder                          ; |computador_mic|CPU:inst|DATAPATH:inst2|BANK_REGS:inst2|MAR:inst|REGISTER32bit:inst1|REGISTER8bit:inst|inst~feeder                    ; combout          ;
; |computador_mic|CPU:inst|DATAPATH:inst2|BANK_REGS:inst2|OPC:inst4|REGISTER32bit:inst1|REGISTER8bit:inst|inst~feeder                         ; |computador_mic|CPU:inst|DATAPATH:inst2|BANK_REGS:inst2|OPC:inst4|REGISTER32bit:inst1|REGISTER8bit:inst|inst~feeder                   ; combout          ;
+---------------------------------------------------------------------------------------------------------------------------------------------+---------------------------------------------------------------------------------------------------------------------------------------+------------------+


The following table displays output ports that do not toggle to 1 during simulation.
+--------------------------------------------------------------------------------------------------------------------------------------------------------------------------------------------------------------------------------------------------------------------------------------------------------+
; Missing 1-Value Coverage                                                                                                                                                                                                                                                                               ;
+---------------------------------------------------------------------------------------------------------------------------------------------+---------------------------------------------------------------------------------------------------------------------------------------+------------------+
; Node Name                                                                                                                                   ; Output Port Name                                                                                                                      ; Output Port Type ;
+---------------------------------------------------------------------------------------------------------------------------------------------+---------------------------------------------------------------------------------------------------------------------------------------+------------------+
; |computador_mic|CPU:inst|CONTROL_UNIT:inst|CONTROL_STORE:inst8|altsyncram:altsyncram_component|altsyncram_n6a1:auto_generated|ram_block1a0  ; |computador_mic|CPU:inst|CONTROL_UNIT:inst|CONTROL_STORE:inst8|altsyncram:altsyncram_component|altsyncram_n6a1:auto_generated|q_a[3]  ; portadataout3    ;
; |computador_mic|CPU:inst|DATAPATH:inst2|BANK_REGS:inst2|MDR:inst1|REGISTER32bit:inst1|REGISTER8bit:inst3|inst                               ; |computador_mic|CPU:inst|DATAPATH:inst2|BANK_REGS:inst2|MDR:inst1|REGISTER32bit:inst1|REGISTER8bit:inst3|inst                         ; regout           ;
; |computador_mic|CPU:inst|DATAPATH:inst2|BANK_REGS:inst2|MDR:inst1|REGISTER32bit:inst1|REGISTER8bit:inst3|inst8                              ; |computador_mic|CPU:inst|DATAPATH:inst2|BANK_REGS:inst2|MDR:inst1|REGISTER32bit:inst1|REGISTER8bit:inst3|inst8                        ; regout           ;
; |computador_mic|CPU:inst|DATAPATH:inst2|BANK_REGS:inst2|MDR:inst1|REGISTER32bit:inst1|REGISTER8bit:inst3|inst24                             ; |computador_mic|CPU:inst|DATAPATH:inst2|BANK_REGS:inst2|MDR:inst1|REGISTER32bit:inst1|REGISTER8bit:inst3|inst24                       ; regout           ;
; |computador_mic|CPU:inst|DATAPATH:inst2|BANK_REGS:inst2|MDR:inst1|REGISTER32bit:inst1|REGISTER8bit:inst3|inst28                             ; |computador_mic|CPU:inst|DATAPATH:inst2|BANK_REGS:inst2|MDR:inst1|REGISTER32bit:inst1|REGISTER8bit:inst3|inst28                       ; regout           ;
; |computador_mic|CPU:inst|DATAPATH:inst2|BANK_REGS:inst2|MDR:inst1|REGISTER32bit:inst1|REGISTER8bit:inst2|inst                               ; |computador_mic|CPU:inst|DATAPATH:inst2|BANK_REGS:inst2|MDR:inst1|REGISTER32bit:inst1|REGISTER8bit:inst2|inst                         ; regout           ;
; |computador_mic|CPU:inst|DATAPATH:inst2|BANK_REGS:inst2|MDR:inst1|REGISTER32bit:inst1|REGISTER8bit:inst2|inst5                              ; |computador_mic|CPU:inst|DATAPATH:inst2|BANK_REGS:inst2|MDR:inst1|REGISTER32bit:inst1|REGISTER8bit:inst2|inst5                        ; regout           ;
; |computador_mic|CPU:inst|DATAPATH:inst2|BANK_REGS:inst2|MDR:inst1|REGISTER32bit:inst1|REGISTER8bit:inst2|inst8                              ; |computador_mic|CPU:inst|DATAPATH:inst2|BANK_REGS:inst2|MDR:inst1|REGISTER32bit:inst1|REGISTER8bit:inst2|inst8                        ; regout           ;
; |computador_mic|CPU:inst|DATAPATH:inst2|BANK_REGS:inst2|MDR:inst1|REGISTER32bit:inst1|REGISTER8bit:inst1|inst                               ; |computador_mic|CPU:inst|DATAPATH:inst2|BANK_REGS:inst2|MDR:inst1|REGISTER32bit:inst1|REGISTER8bit:inst1|inst                         ; regout           ;
; |computador_mic|CPU:inst|DATAPATH:inst2|BANK_REGS:inst2|MDR:inst1|REGISTER32bit:inst1|REGISTER8bit:inst1|inst5                              ; |computador_mic|CPU:inst|DATAPATH:inst2|BANK_REGS:inst2|MDR:inst1|REGISTER32bit:inst1|REGISTER8bit:inst1|inst5                        ; regout           ;
; |computador_mic|CPU:inst|DATAPATH:inst2|BANK_REGS:inst2|MDR:inst1|REGISTER32bit:inst1|REGISTER8bit:inst1|inst8                              ; |computador_mic|CPU:inst|DATAPATH:inst2|BANK_REGS:inst2|MDR:inst1|REGISTER32bit:inst1|REGISTER8bit:inst1|inst8                        ; regout           ;
; |computador_mic|CPU:inst|DATAPATH:inst2|BANK_REGS:inst2|MDR:inst1|REGISTER32bit:inst1|REGISTER8bit:inst1|inst28                             ; |computador_mic|CPU:inst|DATAPATH:inst2|BANK_REGS:inst2|MDR:inst1|REGISTER32bit:inst1|REGISTER8bit:inst1|inst28                       ; regout           ;
; |computador_mic|CPU:inst|CONTROL_UNIT:inst|CONTROL_STORE:inst8|altsyncram:altsyncram_component|altsyncram_n6a1:auto_generated|ram_block1a16 ; |computador_mic|CPU:inst|CONTROL_UNIT:inst|CONTROL_STORE:inst8|altsyncram:altsyncram_component|altsyncram_n6a1:auto_generated|q_a[22] ; portadataout1    ;
; |computador_mic|CPU:inst|CONTROL_UNIT:inst|CONTROL_STORE:inst8|altsyncram:altsyncram_component|altsyncram_n6a1:auto_generated|ram_block1a16 ; |computador_mic|CPU:inst|CONTROL_UNIT:inst|CONTROL_STORE:inst8|altsyncram:altsyncram_component|altsyncram_n6a1:auto_generated|q_a[31] ; portadataout4    ;
; |computador_mic|CPU:inst|CONTROL_UNIT:inst|CONTROL_STORE:inst8|altsyncram:altsyncram_component|altsyncram_n6a1:auto_generated|ram_block1a16 ; |computador_mic|CPU:inst|CONTROL_UNIT:inst|CONTROL_STORE:inst8|altsyncram:altsyncram_component|altsyncram_n6a1:auto_generated|q_a[33] ; portadataout6    ;
; |computador_mic|CPU:inst|CONTROL_UNIT:inst|CONTROL_STORE:inst8|altsyncram:altsyncram_component|altsyncram_n6a1:auto_generated|ram_block1a16 ; |computador_mic|CPU:inst|CONTROL_UNIT:inst|CONTROL_STORE:inst8|altsyncram:altsyncram_component|altsyncram_n6a1:auto_generated|q_a[34] ; portadataout7    ;
; |computador_mic|CPU:inst|CONTROL_UNIT:inst|CONTROL_STORE:inst8|altsyncram:altsyncram_component|altsyncram_n6a1:auto_generated|ram_block1a16 ; |computador_mic|CPU:inst|CONTROL_UNIT:inst|CONTROL_STORE:inst8|altsyncram:altsyncram_component|altsyncram_n6a1:auto_generated|q_a[35] ; portadataout8    ;
; |computador_mic|CPU:inst|CONTROL_UNIT:inst|CONTROL_STORE:inst8|altsyncram:altsyncram_component|altsyncram_n6a1:auto_generated|ram_block1a7  ; |computador_mic|CPU:inst|CONTROL_UNIT:inst|CONTROL_STORE:inst8|altsyncram:altsyncram_component|altsyncram_n6a1:auto_generated|q_a[11] ; portadataout4    ;
; |computador_mic|CPU:inst|CONTROL_UNIT:inst|CONTROL_STORE:inst8|altsyncram:altsyncram_component|altsyncram_n6a1:auto_generated|ram_block1a7  ; |computador_mic|CPU:inst|CONTROL_UNIT:inst|CONTROL_STORE:inst8|altsyncram:altsyncram_component|altsyncram_n6a1:auto_generated|q_a[12] ; portadataout5    ;
; |computador_mic|CPU:inst|CONTROL_UNIT:inst|CONTROL_STORE:inst8|altsyncram:altsyncram_component|altsyncram_n6a1:auto_generated|ram_block1a7  ; |computador_mic|CPU:inst|CONTROL_UNIT:inst|CONTROL_STORE:inst8|altsyncram:altsyncram_component|altsyncram_n6a1:auto_generated|q_a[14] ; portadataout7    ;
; |computador_mic|CPU:inst|CONTROL_UNIT:inst|CONTROL_STORE:inst8|altsyncram:altsyncram_component|altsyncram_n6a1:auto_generated|ram_block1a4  ; |computador_mic|CPU:inst|CONTROL_UNIT:inst|CONTROL_STORE:inst8|altsyncram:altsyncram_component|altsyncram_n6a1:auto_generated|q_a[24] ; portadataout3    ;
; |computador_mic|CPU:inst|CONTROL_UNIT:inst|CONTROL_STORE:inst8|altsyncram:altsyncram_component|altsyncram_n6a1:auto_generated|ram_block1a4  ; |computador_mic|CPU:inst|CONTROL_UNIT:inst|CONTROL_STORE:inst8|altsyncram:altsyncram_component|altsyncram_n6a1:auto_generated|q_a[25] ; portadataout4    ;
; |computador_mic|RAM:inst3|altsyncram:altsyncram_component|altsyncram_fcb2:auto_generated|ram_block1a7                                       ; |computador_mic|RAM:inst3|altsyncram:altsyncram_component|altsyncram_fcb2:auto_generated|q_a[7]                                       ; portadataout0    ;
; |computador_mic|RAM:inst3|altsyncram:altsyncram_component|altsyncram_fcb2:auto_generated|ram_block1a7                                       ; |computador_mic|RAM:inst3|altsyncram:altsyncram_component|altsyncram_fcb2:auto_generated|q_b[7]                                       ; portbdataout0    ;
; |computador_mic|RAM:inst3|altsyncram:altsyncram_component|altsyncram_fcb2:auto_generated|ram_block1a7                                       ; |computador_mic|RAM:inst3|altsyncram:altsyncram_component|altsyncram_fcb2:auto_generated|q_b[15]                                      ; portbdataout1    ;
; |computador_mic|RAM:inst3|altsyncram:altsyncram_component|altsyncram_fcb2:auto_generated|ram_block1a7                                       ; |computador_mic|RAM:inst3|altsyncram:altsyncram_component|altsyncram_fcb2:auto_generated|q_b[23]                                      ; portbdataout2    ;
; |computador_mic|RAM:inst3|altsyncram:altsyncram_component|altsyncram_fcb2:auto_generated|ram_block1a7                                       ; |computador_mic|RAM:inst3|altsyncram:altsyncram_component|altsyncram_fcb2:auto_generated|q_b[31]                                      ; portbdataout3    ;
; |computador_mic|RAM:inst3|altsyncram:altsyncram_component|altsyncram_fcb2:auto_generated|ram_block1a6                                       ; |computador_mic|RAM:inst3|altsyncram:altsyncram_component|altsyncram_fcb2:auto_generated|q_b[6]                                       ; portbdataout0    ;
; |computador_mic|RAM:inst3|altsyncram:altsyncram_component|altsyncram_fcb2:auto_generated|ram_block1a6                                       ; |computador_mic|RAM:inst3|altsyncram:altsyncram_component|altsyncram_fcb2:auto_generated|q_b[14]                                      ; portbdataout1    ;
; |computador_mic|RAM:inst3|altsyncram:altsyncram_component|altsyncram_fcb2:auto_generated|ram_block1a6                                       ; |computador_mic|RAM:inst3|altsyncram:altsyncram_component|altsyncram_fcb2:auto_generated|q_b[22]                                      ; portbdataout2    ;
; |computador_mic|RAM:inst3|altsyncram:altsyncram_component|altsyncram_fcb2:auto_generated|ram_block1a6                                       ; |computador_mic|RAM:inst3|altsyncram:altsyncram_component|altsyncram_fcb2:auto_generated|q_b[30]                                      ; portbdataout3    ;
; |computador_mic|RAM:inst3|altsyncram:altsyncram_component|altsyncram_fcb2:auto_generated|ram_block1a5                                       ; |computador_mic|RAM:inst3|altsyncram:altsyncram_component|altsyncram_fcb2:auto_generated|q_b[5]                                       ; portbdataout0    ;
; |computador_mic|RAM:inst3|altsyncram:altsyncram_component|altsyncram_fcb2:auto_generated|ram_block1a5                                       ; |computador_mic|RAM:inst3|altsyncram:altsyncram_component|altsyncram_fcb2:auto_generated|q_b[13]                                      ; portbdataout1    ;
; |computador_mic|RAM:inst3|altsyncram:altsyncram_component|altsyncram_fcb2:auto_generated|ram_block1a5                                       ; |computador_mic|RAM:inst3|altsyncram:altsyncram_component|altsyncram_fcb2:auto_generated|q_b[21]                                      ; portbdataout2    ;
; |computador_mic|RAM:inst3|altsyncram:altsyncram_component|altsyncram_fcb2:auto_generated|ram_block1a5                                       ; |computador_mic|RAM:inst3|altsyncram:altsyncram_component|altsyncram_fcb2:auto_generated|q_b[29]                                      ; portbdataout3    ;
; |computador_mic|RAM:inst3|altsyncram:altsyncram_component|altsyncram_fcb2:auto_generated|ram_block1a4                                       ; |computador_mic|RAM:inst3|altsyncram:altsyncram_component|altsyncram_fcb2:auto_generated|q_b[4]                                       ; portbdataout0    ;
; |computador_mic|RAM:inst3|altsyncram:altsyncram_component|altsyncram_fcb2:auto_generated|ram_block1a1                                       ; |computador_mic|RAM:inst3|altsyncram:altsyncram_component|altsyncram_fcb2:auto_generated|q_b[25]                                      ; portbdataout3    ;
; |computador_mic|RAM:inst3|altsyncram:altsyncram_component|altsyncram_fcb2:auto_generated|ram_block1a0                                       ; |computador_mic|RAM:inst3|altsyncram:altsyncram_component|altsyncram_fcb2:auto_generated|q_b[8]                                       ; portbdataout1    ;
; |computador_mic|RAM:inst3|altsyncram:altsyncram_component|altsyncram_fcb2:auto_generated|ram_block1a0                                       ; |computador_mic|RAM:inst3|altsyncram:altsyncram_component|altsyncram_fcb2:auto_generated|q_b[24]                                      ; portbdataout3    ;
; |computador_mic|CPU:inst|DATAPATH:inst2|BANK_REGS:inst2|PC:inst2|REGISTER32bit:inst1|REGISTER8bit:inst3|inst                                ; |computador_mic|CPU:inst|DATAPATH:inst2|BANK_REGS:inst2|PC:inst2|REGISTER32bit:inst1|REGISTER8bit:inst3|inst                          ; regout           ;
; |computador_mic|CPU:inst|DATAPATH:inst2|BANK_REGS:inst2|PC:inst2|REGISTER32bit:inst1|REGISTER8bit:inst3|inst5                               ; |computador_mic|CPU:inst|DATAPATH:inst2|BANK_REGS:inst2|PC:inst2|REGISTER32bit:inst1|REGISTER8bit:inst3|inst5                         ; regout           ;
; |computador_mic|CPU:inst|DATAPATH:inst2|BANK_REGS:inst2|PC:inst2|REGISTER32bit:inst1|REGISTER8bit:inst3|inst8                               ; |computador_mic|CPU:inst|DATAPATH:inst2|BANK_REGS:inst2|PC:inst2|REGISTER32bit:inst1|REGISTER8bit:inst3|inst8                         ; regout           ;
; |computador_mic|CPU:inst|DATAPATH:inst2|BANK_REGS:inst2|PC:inst2|REGISTER32bit:inst1|REGISTER8bit:inst3|inst12                              ; |computador_mic|CPU:inst|DATAPATH:inst2|BANK_REGS:inst2|PC:inst2|REGISTER32bit:inst1|REGISTER8bit:inst3|inst12                        ; regout           ;
; |computador_mic|CPU:inst|DATAPATH:inst2|BANK_REGS:inst2|PC:inst2|REGISTER32bit:inst1|REGISTER8bit:inst3|inst16                              ; |computador_mic|CPU:inst|DATAPATH:inst2|BANK_REGS:inst2|PC:inst2|REGISTER32bit:inst1|REGISTER8bit:inst3|inst16                        ; regout           ;
; |computador_mic|CPU:inst|DATAPATH:inst2|BANK_REGS:inst2|PC:inst2|REGISTER32bit:inst1|REGISTER8bit:inst3|inst20                              ; |computador_mic|CPU:inst|DATAPATH:inst2|BANK_REGS:inst2|PC:inst2|REGISTER32bit:inst1|REGISTER8bit:inst3|inst20                        ; regout           ;
; |computador_mic|CPU:inst|DATAPATH:inst2|BANK_REGS:inst2|PC:inst2|REGISTER32bit:inst1|REGISTER8bit:inst3|inst24                              ; |computador_mic|CPU:inst|DATAPATH:inst2|BANK_REGS:inst2|PC:inst2|REGISTER32bit:inst1|REGISTER8bit:inst3|inst24                        ; regout           ;
; |computador_mic|CPU:inst|DATAPATH:inst2|BANK_REGS:inst2|PC:inst2|REGISTER32bit:inst1|REGISTER8bit:inst3|inst28                              ; |computador_mic|CPU:inst|DATAPATH:inst2|BANK_REGS:inst2|PC:inst2|REGISTER32bit:inst1|REGISTER8bit:inst3|inst28                        ; regout           ;
; |computador_mic|CPU:inst|DATAPATH:inst2|BANK_REGS:inst2|PC:inst2|REGISTER32bit:inst1|REGISTER8bit:inst2|inst                                ; |computador_mic|CPU:inst|DATAPATH:inst2|BANK_REGS:inst2|PC:inst2|REGISTER32bit:inst1|REGISTER8bit:inst2|inst                          ; regout           ;
; |computador_mic|CPU:inst|DATAPATH:inst2|BANK_REGS:inst2|PC:inst2|REGISTER32bit:inst1|REGISTER8bit:inst2|inst5                               ; |computador_mic|CPU:inst|DATAPATH:inst2|BANK_REGS:inst2|PC:inst2|REGISTER32bit:inst1|REGISTER8bit:inst2|inst5                         ; regout           ;
; |computador_mic|CPU:inst|DATAPATH:inst2|BANK_REGS:inst2|PC:inst2|REGISTER32bit:inst1|REGISTER8bit:inst2|inst8                               ; |computador_mic|CPU:inst|DATAPATH:inst2|BANK_REGS:inst2|PC:inst2|REGISTER32bit:inst1|REGISTER8bit:inst2|inst8                         ; regout           ;
; |computador_mic|CPU:inst|DATAPATH:inst2|BANK_REGS:inst2|PC:inst2|REGISTER32bit:inst1|REGISTER8bit:inst2|inst12                              ; |computador_mic|CPU:inst|DATAPATH:inst2|BANK_REGS:inst2|PC:inst2|REGISTER32bit:inst1|REGISTER8bit:inst2|inst12                        ; regout           ;
; |computador_mic|CPU:inst|DATAPATH:inst2|BANK_REGS:inst2|PC:inst2|REGISTER32bit:inst1|REGISTER8bit:inst2|inst16                              ; |computador_mic|CPU:inst|DATAPATH:inst2|BANK_REGS:inst2|PC:inst2|REGISTER32bit:inst1|REGISTER8bit:inst2|inst16                        ; regout           ;
; |computador_mic|CPU:inst|DATAPATH:inst2|BANK_REGS:inst2|PC:inst2|REGISTER32bit:inst1|REGISTER8bit:inst2|inst20                              ; |computador_mic|CPU:inst|DATAPATH:inst2|BANK_REGS:inst2|PC:inst2|REGISTER32bit:inst1|REGISTER8bit:inst2|inst20                        ; regout           ;
; |computador_mic|CPU:inst|DATAPATH:inst2|BANK_REGS:inst2|PC:inst2|REGISTER32bit:inst1|REGISTER8bit:inst2|inst24                              ; |computador_mic|CPU:inst|DATAPATH:inst2|BANK_REGS:inst2|PC:inst2|REGISTER32bit:inst1|REGISTER8bit:inst2|inst24                        ; regout           ;
; |computador_mic|CPU:inst|DATAPATH:inst2|BANK_REGS:inst2|PC:inst2|REGISTER32bit:inst1|REGISTER8bit:inst2|inst28                              ; |computador_mic|CPU:inst|DATAPATH:inst2|BANK_REGS:inst2|PC:inst2|REGISTER32bit:inst1|REGISTER8bit:inst2|inst28                        ; regout           ;
; |computador_mic|CPU:inst|DATAPATH:inst2|BANK_REGS:inst2|PC:inst2|REGISTER32bit:inst1|REGISTER8bit:inst1|inst                                ; |computador_mic|CPU:inst|DATAPATH:inst2|BANK_REGS:inst2|PC:inst2|REGISTER32bit:inst1|REGISTER8bit:inst1|inst                          ; regout           ;
; |computador_mic|CPU:inst|DATAPATH:inst2|BANK_REGS:inst2|PC:inst2|REGISTER32bit:inst1|REGISTER8bit:inst1|inst5                               ; |computador_mic|CPU:inst|DATAPATH:inst2|BANK_REGS:inst2|PC:inst2|REGISTER32bit:inst1|REGISTER8bit:inst1|inst5                         ; regout           ;
; |computador_mic|CPU:inst|DATAPATH:inst2|BANK_REGS:inst2|PC:inst2|REGISTER32bit:inst1|REGISTER8bit:inst1|inst8                               ; |computador_mic|CPU:inst|DATAPATH:inst2|BANK_REGS:inst2|PC:inst2|REGISTER32bit:inst1|REGISTER8bit:inst1|inst8                         ; regout           ;
; |computador_mic|CPU:inst|DATAPATH:inst2|BANK_REGS:inst2|PC:inst2|REGISTER32bit:inst1|REGISTER8bit:inst1|inst12                              ; |computador_mic|CPU:inst|DATAPATH:inst2|BANK_REGS:inst2|PC:inst2|REGISTER32bit:inst1|REGISTER8bit:inst1|inst12                        ; regout           ;
; |computador_mic|CPU:inst|DATAPATH:inst2|BANK_REGS:inst2|PC:inst2|REGISTER32bit:inst1|REGISTER8bit:inst1|inst16                              ; |computador_mic|CPU:inst|DATAPATH:inst2|BANK_REGS:inst2|PC:inst2|REGISTER32bit:inst1|REGISTER8bit:inst1|inst16                        ; regout           ;
; |computador_mic|CPU:inst|DATAPATH:inst2|BANK_REGS:inst2|PC:inst2|REGISTER32bit:inst1|REGISTER8bit:inst1|inst20                              ; |computador_mic|CPU:inst|DATAPATH:inst2|BANK_REGS:inst2|PC:inst2|REGISTER32bit:inst1|REGISTER8bit:inst1|inst20                        ; regout           ;
; |computador_mic|CPU:inst|DATAPATH:inst2|BANK_REGS:inst2|PC:inst2|REGISTER32bit:inst1|REGISTER8bit:inst1|inst24                              ; |computador_mic|CPU:inst|DATAPATH:inst2|BANK_REGS:inst2|PC:inst2|REGISTER32bit:inst1|REGISTER8bit:inst1|inst24                        ; regout           ;
; |computador_mic|CPU:inst|DATAPATH:inst2|BANK_REGS:inst2|PC:inst2|REGISTER32bit:inst1|REGISTER8bit:inst1|inst28                              ; |computador_mic|CPU:inst|DATAPATH:inst2|BANK_REGS:inst2|PC:inst2|REGISTER32bit:inst1|REGISTER8bit:inst1|inst28                        ; regout           ;
; |computador_mic|CPU:inst|DATAPATH:inst2|BANK_REGS:inst2|MAR:inst|REGISTER32bit:inst1|REGISTER8bit:inst3|inst                                ; |computador_mic|CPU:inst|DATAPATH:inst2|BANK_REGS:inst2|MAR:inst|REGISTER32bit:inst1|REGISTER8bit:inst3|inst                          ; regout           ;
; |computador_mic|CPU:inst|DATAPATH:inst2|BANK_REGS:inst2|MAR:inst|REGISTER32bit:inst1|REGISTER8bit:inst3|inst5                               ; |computador_mic|CPU:inst|DATAPATH:inst2|BANK_REGS:inst2|MAR:inst|REGISTER32bit:inst1|REGISTER8bit:inst3|inst5                         ; regout           ;
; |computador_mic|CPU:inst|DATAPATH:inst2|BANK_REGS:inst2|MAR:inst|REGISTER32bit:inst1|REGISTER8bit:inst3|inst8                               ; |computador_mic|CPU:inst|DATAPATH:inst2|BANK_REGS:inst2|MAR:inst|REGISTER32bit:inst1|REGISTER8bit:inst3|inst8                         ; regout           ;
; |computador_mic|CPU:inst|DATAPATH:inst2|BANK_REGS:inst2|MAR:inst|REGISTER32bit:inst1|REGISTER8bit:inst3|inst12                              ; |computador_mic|CPU:inst|DATAPATH:inst2|BANK_REGS:inst2|MAR:inst|REGISTER32bit:inst1|REGISTER8bit:inst3|inst12                        ; regout           ;
; |computador_mic|CPU:inst|DATAPATH:inst2|BANK_REGS:inst2|MAR:inst|REGISTER32bit:inst1|REGISTER8bit:inst3|inst16                              ; |computador_mic|CPU:inst|DATAPATH:inst2|BANK_REGS:inst2|MAR:inst|REGISTER32bit:inst1|REGISTER8bit:inst3|inst16                        ; regout           ;
; |computador_mic|CPU:inst|DATAPATH:inst2|BANK_REGS:inst2|MAR:inst|REGISTER32bit:inst1|REGISTER8bit:inst3|inst20                              ; |computador_mic|CPU:inst|DATAPATH:inst2|BANK_REGS:inst2|MAR:inst|REGISTER32bit:inst1|REGISTER8bit:inst3|inst20                        ; regout           ;
; |computador_mic|CPU:inst|DATAPATH:inst2|BANK_REGS:inst2|MAR:inst|REGISTER32bit:inst1|REGISTER8bit:inst3|inst24                              ; |computador_mic|CPU:inst|DATAPATH:inst2|BANK_REGS:inst2|MAR:inst|REGISTER32bit:inst1|REGISTER8bit:inst3|inst24                        ; regout           ;
; |computador_mic|CPU:inst|DATAPATH:inst2|BANK_REGS:inst2|MAR:inst|REGISTER32bit:inst1|REGISTER8bit:inst3|inst28                              ; |computador_mic|CPU:inst|DATAPATH:inst2|BANK_REGS:inst2|MAR:inst|REGISTER32bit:inst1|REGISTER8bit:inst3|inst28                        ; regout           ;
; |computador_mic|CPU:inst|DATAPATH:inst2|BANK_REGS:inst2|MAR:inst|REGISTER32bit:inst1|REGISTER8bit:inst2|inst                                ; |computador_mic|CPU:inst|DATAPATH:inst2|BANK_REGS:inst2|MAR:inst|REGISTER32bit:inst1|REGISTER8bit:inst2|inst                          ; regout           ;
; |computador_mic|CPU:inst|DATAPATH:inst2|BANK_REGS:inst2|MAR:inst|REGISTER32bit:inst1|REGISTER8bit:inst2|inst5                               ; |computador_mic|CPU:inst|DATAPATH:inst2|BANK_REGS:inst2|MAR:inst|REGISTER32bit:inst1|REGISTER8bit:inst2|inst5                         ; regout           ;
; |computador_mic|CPU:inst|DATAPATH:inst2|BANK_REGS:inst2|MAR:inst|REGISTER32bit:inst1|REGISTER8bit:inst2|inst8                               ; |computador_mic|CPU:inst|DATAPATH:inst2|BANK_REGS:inst2|MAR:inst|REGISTER32bit:inst1|REGISTER8bit:inst2|inst8                         ; regout           ;
; |computador_mic|CPU:inst|DATAPATH:inst2|BANK_REGS:inst2|MAR:inst|REGISTER32bit:inst1|REGISTER8bit:inst2|inst12                              ; |computador_mic|CPU:inst|DATAPATH:inst2|BANK_REGS:inst2|MAR:inst|REGISTER32bit:inst1|REGISTER8bit:inst2|inst12                        ; regout           ;
; |computador_mic|CPU:inst|DATAPATH:inst2|BANK_REGS:inst2|MAR:inst|REGISTER32bit:inst1|REGISTER8bit:inst2|inst16                              ; |computador_mic|CPU:inst|DATAPATH:inst2|BANK_REGS:inst2|MAR:inst|REGISTER32bit:inst1|REGISTER8bit:inst2|inst16                        ; regout           ;
; |computador_mic|CPU:inst|DATAPATH:inst2|BANK_REGS:inst2|MAR:inst|REGISTER32bit:inst1|REGISTER8bit:inst2|inst20                              ; |computador_mic|CPU:inst|DATAPATH:inst2|BANK_REGS:inst2|MAR:inst|REGISTER32bit:inst1|REGISTER8bit:inst2|inst20                        ; regout           ;
; |computador_mic|CPU:inst|DATAPATH:inst2|BANK_REGS:inst2|MAR:inst|REGISTER32bit:inst1|REGISTER8bit:inst2|inst24                              ; |computador_mic|CPU:inst|DATAPATH:inst2|BANK_REGS:inst2|MAR:inst|REGISTER32bit:inst1|REGISTER8bit:inst2|inst24                        ; regout           ;
; |computador_mic|CPU:inst|DATAPATH:inst2|BANK_REGS:inst2|MAR:inst|REGISTER32bit:inst1|REGISTER8bit:inst2|inst28                              ; |computador_mic|CPU:inst|DATAPATH:inst2|BANK_REGS:inst2|MAR:inst|REGISTER32bit:inst1|REGISTER8bit:inst2|inst28                        ; regout           ;
; |computador_mic|CPU:inst|DATAPATH:inst2|BANK_REGS:inst2|MAR:inst|REGISTER32bit:inst1|REGISTER8bit:inst1|inst                                ; |computador_mic|CPU:inst|DATAPATH:inst2|BANK_REGS:inst2|MAR:inst|REGISTER32bit:inst1|REGISTER8bit:inst1|inst                          ; regout           ;
; |computador_mic|CPU:inst|DATAPATH:inst2|BANK_REGS:inst2|MAR:inst|REGISTER32bit:inst1|REGISTER8bit:inst1|inst5                               ; |computador_mic|CPU:inst|DATAPATH:inst2|BANK_REGS:inst2|MAR:inst|REGISTER32bit:inst1|REGISTER8bit:inst1|inst5                         ; regout           ;
; |computador_mic|CPU:inst|DATAPATH:inst2|BANK_REGS:inst2|MAR:inst|REGISTER32bit:inst1|REGISTER8bit:inst1|inst8                               ; |computador_mic|CPU:inst|DATAPATH:inst2|BANK_REGS:inst2|MAR:inst|REGISTER32bit:inst1|REGISTER8bit:inst1|inst8                         ; regout           ;
; |computador_mic|CPU:inst|DATAPATH:inst2|BANK_REGS:inst2|MAR:inst|REGISTER32bit:inst1|REGISTER8bit:inst1|inst12                              ; |computador_mic|CPU:inst|DATAPATH:inst2|BANK_REGS:inst2|MAR:inst|REGISTER32bit:inst1|REGISTER8bit:inst1|inst12                        ; regout           ;
; |computador_mic|CPU:inst|DATAPATH:inst2|BANK_REGS:inst2|MAR:inst|REGISTER32bit:inst1|REGISTER8bit:inst1|inst16                              ; |computador_mic|CPU:inst|DATAPATH:inst2|BANK_REGS:inst2|MAR:inst|REGISTER32bit:inst1|REGISTER8bit:inst1|inst16                        ; regout           ;
; |computador_mic|CPU:inst|DATAPATH:inst2|BANK_REGS:inst2|MAR:inst|REGISTER32bit:inst1|REGISTER8bit:inst1|inst20                              ; |computador_mic|CPU:inst|DATAPATH:inst2|BANK_REGS:inst2|MAR:inst|REGISTER32bit:inst1|REGISTER8bit:inst1|inst20                        ; regout           ;
; |computador_mic|CPU:inst|DATAPATH:inst2|BANK_REGS:inst2|MAR:inst|REGISTER32bit:inst1|REGISTER8bit:inst|inst12                               ; |computador_mic|CPU:inst|DATAPATH:inst2|BANK_REGS:inst2|MAR:inst|REGISTER32bit:inst1|REGISTER8bit:inst|inst12                         ; regout           ;
; |computador_mic|CPU:inst|DATAPATH:inst2|BANK_REGS:inst2|H:inst5|REGISTER32bit:inst1|REGISTER8bit:inst3|inst                                 ; |computador_mic|CPU:inst|DATAPATH:inst2|BANK_REGS:inst2|H:inst5|REGISTER32bit:inst1|REGISTER8bit:inst3|inst                           ; regout           ;
; |computador_mic|CPU:inst|DATAPATH:inst2|BANK_REGS:inst2|SP:inst50|REGISTER32bit:inst1|REGISTER8bit:inst3|inst                               ; |computador_mic|CPU:inst|DATAPATH:inst2|BANK_REGS:inst2|SP:inst50|REGISTER32bit:inst1|REGISTER8bit:inst3|inst                         ; regout           ;
; |computador_mic|CPU:inst|DATAPATH:inst2|BANK_REGS:inst2|OUT_B[31]~2                                                                         ; |computador_mic|CPU:inst|DATAPATH:inst2|BANK_REGS:inst2|OUT_B[31]~2                                                                   ; combout          ;
; |computador_mic|CPU:inst|DATAPATH:inst2|BANK_REGS:inst2|CPP:inst52|REGISTER32bit:inst1|REGISTER8bit:inst3|inst                              ; |computador_mic|CPU:inst|DATAPATH:inst2|BANK_REGS:inst2|CPP:inst52|REGISTER32bit:inst1|REGISTER8bit:inst3|inst                        ; regout           ;
; |computador_mic|CPU:inst|DATAPATH:inst2|BANK_REGS:inst2|LV:inst51|REGISTER32bit:inst1|REGISTER8bit:inst3|inst                               ; |computador_mic|CPU:inst|DATAPATH:inst2|BANK_REGS:inst2|LV:inst51|REGISTER32bit:inst1|REGISTER8bit:inst3|inst                         ; regout           ;
; |computador_mic|CPU:inst|DATAPATH:inst2|BANK_REGS:inst2|OUT_B[31]~5                                                                         ; |computador_mic|CPU:inst|DATAPATH:inst2|BANK_REGS:inst2|OUT_B[31]~5                                                                   ; combout          ;
; |computador_mic|CPU:inst|DATAPATH:inst2|BANK_REGS:inst2|MBR:inst3|REGISTER32bit:inst1|REGISTER8bit:inst3|inst5                              ; |computador_mic|CPU:inst|DATAPATH:inst2|BANK_REGS:inst2|MBR:inst3|REGISTER32bit:inst1|REGISTER8bit:inst3|inst5                        ; regout           ;
; |computador_mic|CPU:inst|DATAPATH:inst2|BANK_REGS:inst2|OUT_B[31]~7                                                                         ; |computador_mic|CPU:inst|DATAPATH:inst2|BANK_REGS:inst2|OUT_B[31]~7                                                                   ; combout          ;
; |computador_mic|CPU:inst|DATAPATH:inst2|BANK_REGS:inst2|OUT_B[31]~9                                                                         ; |computador_mic|CPU:inst|DATAPATH:inst2|BANK_REGS:inst2|OUT_B[31]~9                                                                   ; combout          ;
; |computador_mic|CPU:inst|DATAPATH:inst2|BANK_REGS:inst2|OPC:inst4|REGISTER32bit:inst1|REGISTER8bit:inst3|inst                               ; |computador_mic|CPU:inst|DATAPATH:inst2|BANK_REGS:inst2|OPC:inst4|REGISTER32bit:inst1|REGISTER8bit:inst3|inst                         ; regout           ;
; |computador_mic|CPU:inst|DATAPATH:inst2|BANK_REGS:inst2|TOS:inst53|REGISTER32bit:inst1|REGISTER8bit:inst3|inst                              ; |computador_mic|CPU:inst|DATAPATH:inst2|BANK_REGS:inst2|TOS:inst53|REGISTER32bit:inst1|REGISTER8bit:inst3|inst                        ; regout           ;
; |computador_mic|CPU:inst|DATAPATH:inst2|BANK_REGS:inst2|OUT_B[31]~10                                                                        ; |computador_mic|CPU:inst|DATAPATH:inst2|BANK_REGS:inst2|OUT_B[31]~10                                                                  ; combout          ;
; |computador_mic|CPU:inst|DATAPATH:inst2|BANK_REGS:inst2|OUT_B[31]~12                                                                        ; |computador_mic|CPU:inst|DATAPATH:inst2|BANK_REGS:inst2|OUT_B[31]~12                                                                  ; combout          ;
; |computador_mic|CPU:inst|DATAPATH:inst2|ULA_32bit:inst|ULA_8bit:inst3|ULA_1bit:inst8|inst5                                                  ; |computador_mic|CPU:inst|DATAPATH:inst2|ULA_32bit:inst|ULA_8bit:inst3|ULA_1bit:inst8|inst5                                            ; combout          ;
; |computador_mic|CPU:inst|DATAPATH:inst2|BANK_REGS:inst2|H:inst5|REGISTER32bit:inst1|REGISTER8bit:inst3|inst5                                ; |computador_mic|CPU:inst|DATAPATH:inst2|BANK_REGS:inst2|H:inst5|REGISTER32bit:inst1|REGISTER8bit:inst3|inst5                          ; regout           ;
; |computador_mic|CPU:inst|DATAPATH:inst2|BANK_REGS:inst2|SP:inst50|REGISTER32bit:inst1|REGISTER8bit:inst3|inst5                              ; |computador_mic|CPU:inst|DATAPATH:inst2|BANK_REGS:inst2|SP:inst50|REGISTER32bit:inst1|REGISTER8bit:inst3|inst5                        ; regout           ;
; |computador_mic|CPU:inst|DATAPATH:inst2|BANK_REGS:inst2|LV:inst51|REGISTER32bit:inst1|REGISTER8bit:inst3|inst5                              ; |computador_mic|CPU:inst|DATAPATH:inst2|BANK_REGS:inst2|LV:inst51|REGISTER32bit:inst1|REGISTER8bit:inst3|inst5                        ; regout           ;
; |computador_mic|CPU:inst|DATAPATH:inst2|BANK_REGS:inst2|OUT_B[30]~13                                                                        ; |computador_mic|CPU:inst|DATAPATH:inst2|BANK_REGS:inst2|OUT_B[30]~13                                                                  ; combout          ;
; |computador_mic|CPU:inst|DATAPATH:inst2|BANK_REGS:inst2|OUT_B[30]~14                                                                        ; |computador_mic|CPU:inst|DATAPATH:inst2|BANK_REGS:inst2|OUT_B[30]~14                                                                  ; combout          ;
; |computador_mic|CPU:inst|DATAPATH:inst2|BANK_REGS:inst2|CPP:inst52|REGISTER32bit:inst1|REGISTER8bit:inst3|inst5                             ; |computador_mic|CPU:inst|DATAPATH:inst2|BANK_REGS:inst2|CPP:inst52|REGISTER32bit:inst1|REGISTER8bit:inst3|inst5                       ; regout           ;
; |computador_mic|CPU:inst|DATAPATH:inst2|BANK_REGS:inst2|TOS:inst53|REGISTER32bit:inst1|REGISTER8bit:inst3|inst5                             ; |computador_mic|CPU:inst|DATAPATH:inst2|BANK_REGS:inst2|TOS:inst53|REGISTER32bit:inst1|REGISTER8bit:inst3|inst5                       ; regout           ;
; |computador_mic|CPU:inst|DATAPATH:inst2|BANK_REGS:inst2|OUT_B[30]~15                                                                        ; |computador_mic|CPU:inst|DATAPATH:inst2|BANK_REGS:inst2|OUT_B[30]~15                                                                  ; combout          ;
; |computador_mic|CPU:inst|DATAPATH:inst2|BANK_REGS:inst2|OPC:inst4|REGISTER32bit:inst1|REGISTER8bit:inst3|inst5                              ; |computador_mic|CPU:inst|DATAPATH:inst2|BANK_REGS:inst2|OPC:inst4|REGISTER32bit:inst1|REGISTER8bit:inst3|inst5                        ; regout           ;
; |computador_mic|CPU:inst|DATAPATH:inst2|BANK_REGS:inst2|MDR:inst1|REGISTER32bit:inst1|REGISTER8bit:inst3|inst5                              ; |computador_mic|CPU:inst|DATAPATH:inst2|BANK_REGS:inst2|MDR:inst1|REGISTER32bit:inst1|REGISTER8bit:inst3|inst5                        ; regout           ;
; |computador_mic|CPU:inst|DATAPATH:inst2|BANK_REGS:inst2|OUT_B[30]~16                                                                        ; |computador_mic|CPU:inst|DATAPATH:inst2|BANK_REGS:inst2|OUT_B[30]~16                                                                  ; combout          ;
; |computador_mic|CPU:inst|DATAPATH:inst2|ULA_32bit:inst|ULA_8bit:inst3|ULA_1bit:inst7|inst5                                                  ; |computador_mic|CPU:inst|DATAPATH:inst2|ULA_32bit:inst|ULA_8bit:inst3|ULA_1bit:inst7|inst5                                            ; combout          ;
; |computador_mic|CPU:inst|DATAPATH:inst2|BANK_REGS:inst2|LV:inst51|REGISTER32bit:inst1|REGISTER8bit:inst3|inst8                              ; |computador_mic|CPU:inst|DATAPATH:inst2|BANK_REGS:inst2|LV:inst51|REGISTER32bit:inst1|REGISTER8bit:inst3|inst8                        ; regout           ;
; |computador_mic|CPU:inst|DATAPATH:inst2|BANK_REGS:inst2|SP:inst50|REGISTER32bit:inst1|REGISTER8bit:inst3|inst8                              ; |computador_mic|CPU:inst|DATAPATH:inst2|BANK_REGS:inst2|SP:inst50|REGISTER32bit:inst1|REGISTER8bit:inst3|inst8                        ; regout           ;
; |computador_mic|CPU:inst|DATAPATH:inst2|BANK_REGS:inst2|OUT_B[29]~17                                                                        ; |computador_mic|CPU:inst|DATAPATH:inst2|BANK_REGS:inst2|OUT_B[29]~17                                                                  ; combout          ;
; |computador_mic|CPU:inst|DATAPATH:inst2|BANK_REGS:inst2|OUT_B[29]~18                                                                        ; |computador_mic|CPU:inst|DATAPATH:inst2|BANK_REGS:inst2|OUT_B[29]~18                                                                  ; combout          ;
; |computador_mic|CPU:inst|DATAPATH:inst2|BANK_REGS:inst2|TOS:inst53|REGISTER32bit:inst1|REGISTER8bit:inst3|inst8                             ; |computador_mic|CPU:inst|DATAPATH:inst2|BANK_REGS:inst2|TOS:inst53|REGISTER32bit:inst1|REGISTER8bit:inst3|inst8                       ; regout           ;
; |computador_mic|CPU:inst|DATAPATH:inst2|BANK_REGS:inst2|CPP:inst52|REGISTER32bit:inst1|REGISTER8bit:inst3|inst8                             ; |computador_mic|CPU:inst|DATAPATH:inst2|BANK_REGS:inst2|CPP:inst52|REGISTER32bit:inst1|REGISTER8bit:inst3|inst8                       ; regout           ;
; |computador_mic|CPU:inst|DATAPATH:inst2|BANK_REGS:inst2|OUT_B[29]~19                                                                        ; |computador_mic|CPU:inst|DATAPATH:inst2|BANK_REGS:inst2|OUT_B[29]~19                                                                  ; combout          ;
; |computador_mic|CPU:inst|DATAPATH:inst2|BANK_REGS:inst2|OPC:inst4|REGISTER32bit:inst1|REGISTER8bit:inst3|inst8                              ; |computador_mic|CPU:inst|DATAPATH:inst2|BANK_REGS:inst2|OPC:inst4|REGISTER32bit:inst1|REGISTER8bit:inst3|inst8                        ; regout           ;
; |computador_mic|CPU:inst|DATAPATH:inst2|BANK_REGS:inst2|OUT_B[29]~20                                                                        ; |computador_mic|CPU:inst|DATAPATH:inst2|BANK_REGS:inst2|OUT_B[29]~20                                                                  ; combout          ;
; |computador_mic|CPU:inst|DATAPATH:inst2|ULA_32bit:inst|ULA_8bit:inst3|ULA_1bit:inst6|inst5                                                  ; |computador_mic|CPU:inst|DATAPATH:inst2|ULA_32bit:inst|ULA_8bit:inst3|ULA_1bit:inst6|inst5                                            ; combout          ;
; |computador_mic|CPU:inst|DATAPATH:inst2|BANK_REGS:inst2|H:inst5|REGISTER32bit:inst1|REGISTER8bit:inst3|inst8                                ; |computador_mic|CPU:inst|DATAPATH:inst2|BANK_REGS:inst2|H:inst5|REGISTER32bit:inst1|REGISTER8bit:inst3|inst8                          ; regout           ;
; |computador_mic|CPU:inst|DATAPATH:inst2|BANK_REGS:inst2|LV:inst51|REGISTER32bit:inst1|REGISTER8bit:inst3|inst12                             ; |computador_mic|CPU:inst|DATAPATH:inst2|BANK_REGS:inst2|LV:inst51|REGISTER32bit:inst1|REGISTER8bit:inst3|inst12                       ; regout           ;
; |computador_mic|CPU:inst|DATAPATH:inst2|BANK_REGS:inst2|SP:inst50|REGISTER32bit:inst1|REGISTER8bit:inst3|inst12                             ; |computador_mic|CPU:inst|DATAPATH:inst2|BANK_REGS:inst2|SP:inst50|REGISTER32bit:inst1|REGISTER8bit:inst3|inst12                       ; regout           ;
; |computador_mic|CPU:inst|DATAPATH:inst2|BANK_REGS:inst2|OUT_B[28]~21                                                                        ; |computador_mic|CPU:inst|DATAPATH:inst2|BANK_REGS:inst2|OUT_B[28]~21                                                                  ; combout          ;
; |computador_mic|CPU:inst|DATAPATH:inst2|BANK_REGS:inst2|OUT_B[28]~22                                                                        ; |computador_mic|CPU:inst|DATAPATH:inst2|BANK_REGS:inst2|OUT_B[28]~22                                                                  ; combout          ;
; |computador_mic|CPU:inst|DATAPATH:inst2|BANK_REGS:inst2|CPP:inst52|REGISTER32bit:inst1|REGISTER8bit:inst3|inst12                            ; |computador_mic|CPU:inst|DATAPATH:inst2|BANK_REGS:inst2|CPP:inst52|REGISTER32bit:inst1|REGISTER8bit:inst3|inst12                      ; regout           ;
; |computador_mic|CPU:inst|DATAPATH:inst2|BANK_REGS:inst2|OUT_B[28]~23                                                                        ; |computador_mic|CPU:inst|DATAPATH:inst2|BANK_REGS:inst2|OUT_B[28]~23                                                                  ; combout          ;
; |computador_mic|CPU:inst|DATAPATH:inst2|BANK_REGS:inst2|OPC:inst4|REGISTER32bit:inst1|REGISTER8bit:inst3|inst12                             ; |computador_mic|CPU:inst|DATAPATH:inst2|BANK_REGS:inst2|OPC:inst4|REGISTER32bit:inst1|REGISTER8bit:inst3|inst12                       ; regout           ;
; |computador_mic|CPU:inst|DATAPATH:inst2|BANK_REGS:inst2|H:inst5|REGISTER32bit:inst1|REGISTER8bit:inst3|inst12                               ; |computador_mic|CPU:inst|DATAPATH:inst2|BANK_REGS:inst2|H:inst5|REGISTER32bit:inst1|REGISTER8bit:inst3|inst12                         ; regout           ;
; |computador_mic|CPU:inst|DATAPATH:inst2|BANK_REGS:inst2|LV:inst51|REGISTER32bit:inst1|REGISTER8bit:inst3|inst16                             ; |computador_mic|CPU:inst|DATAPATH:inst2|BANK_REGS:inst2|LV:inst51|REGISTER32bit:inst1|REGISTER8bit:inst3|inst16                       ; regout           ;
; |computador_mic|CPU:inst|DATAPATH:inst2|BANK_REGS:inst2|SP:inst50|REGISTER32bit:inst1|REGISTER8bit:inst3|inst16                             ; |computador_mic|CPU:inst|DATAPATH:inst2|BANK_REGS:inst2|SP:inst50|REGISTER32bit:inst1|REGISTER8bit:inst3|inst16                       ; regout           ;
; |computador_mic|CPU:inst|DATAPATH:inst2|BANK_REGS:inst2|OUT_B[27]~25                                                                        ; |computador_mic|CPU:inst|DATAPATH:inst2|BANK_REGS:inst2|OUT_B[27]~25                                                                  ; combout          ;
; |computador_mic|CPU:inst|DATAPATH:inst2|BANK_REGS:inst2|OUT_B[27]~26                                                                        ; |computador_mic|CPU:inst|DATAPATH:inst2|BANK_REGS:inst2|OUT_B[27]~26                                                                  ; combout          ;
; |computador_mic|CPU:inst|DATAPATH:inst2|BANK_REGS:inst2|CPP:inst52|REGISTER32bit:inst1|REGISTER8bit:inst3|inst16                            ; |computador_mic|CPU:inst|DATAPATH:inst2|BANK_REGS:inst2|CPP:inst52|REGISTER32bit:inst1|REGISTER8bit:inst3|inst16                      ; regout           ;
; |computador_mic|CPU:inst|DATAPATH:inst2|BANK_REGS:inst2|OPC:inst4|REGISTER32bit:inst1|REGISTER8bit:inst3|inst16                             ; |computador_mic|CPU:inst|DATAPATH:inst2|BANK_REGS:inst2|OPC:inst4|REGISTER32bit:inst1|REGISTER8bit:inst3|inst16                       ; regout           ;
; |computador_mic|CPU:inst|DATAPATH:inst2|BANK_REGS:inst2|LV:inst51|REGISTER32bit:inst1|REGISTER8bit:inst3|inst20                             ; |computador_mic|CPU:inst|DATAPATH:inst2|BANK_REGS:inst2|LV:inst51|REGISTER32bit:inst1|REGISTER8bit:inst3|inst20                       ; regout           ;
; |computador_mic|CPU:inst|DATAPATH:inst2|BANK_REGS:inst2|SP:inst50|REGISTER32bit:inst1|REGISTER8bit:inst3|inst20                             ; |computador_mic|CPU:inst|DATAPATH:inst2|BANK_REGS:inst2|SP:inst50|REGISTER32bit:inst1|REGISTER8bit:inst3|inst20                       ; regout           ;
; |computador_mic|CPU:inst|DATAPATH:inst2|BANK_REGS:inst2|OUT_B[26]~29                                                                        ; |computador_mic|CPU:inst|DATAPATH:inst2|BANK_REGS:inst2|OUT_B[26]~29                                                                  ; combout          ;
; |computador_mic|CPU:inst|DATAPATH:inst2|BANK_REGS:inst2|OUT_B[26]~30                                                                        ; |computador_mic|CPU:inst|DATAPATH:inst2|BANK_REGS:inst2|OUT_B[26]~30                                                                  ; combout          ;
; |computador_mic|CPU:inst|DATAPATH:inst2|BANK_REGS:inst2|CPP:inst52|REGISTER32bit:inst1|REGISTER8bit:inst3|inst20                            ; |computador_mic|CPU:inst|DATAPATH:inst2|BANK_REGS:inst2|CPP:inst52|REGISTER32bit:inst1|REGISTER8bit:inst3|inst20                      ; regout           ;
; |computador_mic|CPU:inst|DATAPATH:inst2|BANK_REGS:inst2|OPC:inst4|REGISTER32bit:inst1|REGISTER8bit:inst3|inst20                             ; |computador_mic|CPU:inst|DATAPATH:inst2|BANK_REGS:inst2|OPC:inst4|REGISTER32bit:inst1|REGISTER8bit:inst3|inst20                       ; regout           ;
; |computador_mic|CPU:inst|DATAPATH:inst2|BANK_REGS:inst2|LV:inst51|REGISTER32bit:inst1|REGISTER8bit:inst3|inst24                             ; |computador_mic|CPU:inst|DATAPATH:inst2|BANK_REGS:inst2|LV:inst51|REGISTER32bit:inst1|REGISTER8bit:inst3|inst24                       ; regout           ;
; |computador_mic|CPU:inst|DATAPATH:inst2|BANK_REGS:inst2|SP:inst50|REGISTER32bit:inst1|REGISTER8bit:inst3|inst24                             ; |computador_mic|CPU:inst|DATAPATH:inst2|BANK_REGS:inst2|SP:inst50|REGISTER32bit:inst1|REGISTER8bit:inst3|inst24                       ; regout           ;
; |computador_mic|CPU:inst|DATAPATH:inst2|BANK_REGS:inst2|OUT_B[25]~33                                                                        ; |computador_mic|CPU:inst|DATAPATH:inst2|BANK_REGS:inst2|OUT_B[25]~33                                                                  ; combout          ;
; |computador_mic|CPU:inst|DATAPATH:inst2|BANK_REGS:inst2|OUT_B[25]~34                                                                        ; |computador_mic|CPU:inst|DATAPATH:inst2|BANK_REGS:inst2|OUT_B[25]~34                                                                  ; combout          ;
; |computador_mic|CPU:inst|DATAPATH:inst2|BANK_REGS:inst2|TOS:inst53|REGISTER32bit:inst1|REGISTER8bit:inst3|inst24                            ; |computador_mic|CPU:inst|DATAPATH:inst2|BANK_REGS:inst2|TOS:inst53|REGISTER32bit:inst1|REGISTER8bit:inst3|inst24                      ; regout           ;
; |computador_mic|CPU:inst|DATAPATH:inst2|BANK_REGS:inst2|CPP:inst52|REGISTER32bit:inst1|REGISTER8bit:inst3|inst24                            ; |computador_mic|CPU:inst|DATAPATH:inst2|BANK_REGS:inst2|CPP:inst52|REGISTER32bit:inst1|REGISTER8bit:inst3|inst24                      ; regout           ;
; |computador_mic|CPU:inst|DATAPATH:inst2|BANK_REGS:inst2|OUT_B[25]~35                                                                        ; |computador_mic|CPU:inst|DATAPATH:inst2|BANK_REGS:inst2|OUT_B[25]~35                                                                  ; combout          ;
; |computador_mic|CPU:inst|DATAPATH:inst2|BANK_REGS:inst2|OPC:inst4|REGISTER32bit:inst1|REGISTER8bit:inst3|inst24                             ; |computador_mic|CPU:inst|DATAPATH:inst2|BANK_REGS:inst2|OPC:inst4|REGISTER32bit:inst1|REGISTER8bit:inst3|inst24                       ; regout           ;
; |computador_mic|CPU:inst|DATAPATH:inst2|BANK_REGS:inst2|OUT_B[25]~36                                                                        ; |computador_mic|CPU:inst|DATAPATH:inst2|BANK_REGS:inst2|OUT_B[25]~36                                                                  ; combout          ;
; |computador_mic|CPU:inst|DATAPATH:inst2|ULA_32bit:inst|ULA_8bit:inst3|ULA_1bit:inst2|inst5                                                  ; |computador_mic|CPU:inst|DATAPATH:inst2|ULA_32bit:inst|ULA_8bit:inst3|ULA_1bit:inst2|inst5                                            ; combout          ;
; |computador_mic|CPU:inst|DATAPATH:inst2|BANK_REGS:inst2|H:inst5|REGISTER32bit:inst1|REGISTER8bit:inst3|inst24                               ; |computador_mic|CPU:inst|DATAPATH:inst2|BANK_REGS:inst2|H:inst5|REGISTER32bit:inst1|REGISTER8bit:inst3|inst24                         ; regout           ;
; |computador_mic|CPU:inst|DATAPATH:inst2|BANK_REGS:inst2|LV:inst51|REGISTER32bit:inst1|REGISTER8bit:inst3|inst28                             ; |computador_mic|CPU:inst|DATAPATH:inst2|BANK_REGS:inst2|LV:inst51|REGISTER32bit:inst1|REGISTER8bit:inst3|inst28                       ; regout           ;
; |computador_mic|CPU:inst|DATAPATH:inst2|BANK_REGS:inst2|SP:inst50|REGISTER32bit:inst1|REGISTER8bit:inst3|inst28                             ; |computador_mic|CPU:inst|DATAPATH:inst2|BANK_REGS:inst2|SP:inst50|REGISTER32bit:inst1|REGISTER8bit:inst3|inst28                       ; regout           ;
; |computador_mic|CPU:inst|DATAPATH:inst2|BANK_REGS:inst2|OUT_B[24]~37                                                                        ; |computador_mic|CPU:inst|DATAPATH:inst2|BANK_REGS:inst2|OUT_B[24]~37                                                                  ; combout          ;
; |computador_mic|CPU:inst|DATAPATH:inst2|BANK_REGS:inst2|OUT_B[24]~38                                                                        ; |computador_mic|CPU:inst|DATAPATH:inst2|BANK_REGS:inst2|OUT_B[24]~38                                                                  ; combout          ;
; |computador_mic|CPU:inst|DATAPATH:inst2|BANK_REGS:inst2|TOS:inst53|REGISTER32bit:inst1|REGISTER8bit:inst3|inst28                            ; |computador_mic|CPU:inst|DATAPATH:inst2|BANK_REGS:inst2|TOS:inst53|REGISTER32bit:inst1|REGISTER8bit:inst3|inst28                      ; regout           ;
; |computador_mic|CPU:inst|DATAPATH:inst2|BANK_REGS:inst2|CPP:inst52|REGISTER32bit:inst1|REGISTER8bit:inst3|inst28                            ; |computador_mic|CPU:inst|DATAPATH:inst2|BANK_REGS:inst2|CPP:inst52|REGISTER32bit:inst1|REGISTER8bit:inst3|inst28                      ; regout           ;
; |computador_mic|CPU:inst|DATAPATH:inst2|BANK_REGS:inst2|OUT_B[24]~39                                                                        ; |computador_mic|CPU:inst|DATAPATH:inst2|BANK_REGS:inst2|OUT_B[24]~39                                                                  ; combout          ;
; |computador_mic|CPU:inst|DATAPATH:inst2|BANK_REGS:inst2|OPC:inst4|REGISTER32bit:inst1|REGISTER8bit:inst3|inst28                             ; |computador_mic|CPU:inst|DATAPATH:inst2|BANK_REGS:inst2|OPC:inst4|REGISTER32bit:inst1|REGISTER8bit:inst3|inst28                       ; regout           ;
; |computador_mic|CPU:inst|DATAPATH:inst2|BANK_REGS:inst2|OUT_B[24]~40                                                                        ; |computador_mic|CPU:inst|DATAPATH:inst2|BANK_REGS:inst2|OUT_B[24]~40                                                                  ; combout          ;
; |computador_mic|CPU:inst|DATAPATH:inst2|ULA_32bit:inst|ULA_8bit:inst3|ULA_1bit:inst|inst5                                                   ; |computador_mic|CPU:inst|DATAPATH:inst2|ULA_32bit:inst|ULA_8bit:inst3|ULA_1bit:inst|inst5                                             ; combout          ;
; |computador_mic|CPU:inst|DATAPATH:inst2|BANK_REGS:inst2|H:inst5|REGISTER32bit:inst1|REGISTER8bit:inst3|inst28                               ; |computador_mic|CPU:inst|DATAPATH:inst2|BANK_REGS:inst2|H:inst5|REGISTER32bit:inst1|REGISTER8bit:inst3|inst28                         ; regout           ;
; |computador_mic|CPU:inst|DATAPATH:inst2|BANK_REGS:inst2|LV:inst51|REGISTER32bit:inst1|REGISTER8bit:inst2|inst                               ; |computador_mic|CPU:inst|DATAPATH:inst2|BANK_REGS:inst2|LV:inst51|REGISTER32bit:inst1|REGISTER8bit:inst2|inst                         ; regout           ;
; |computador_mic|CPU:inst|DATAPATH:inst2|BANK_REGS:inst2|SP:inst50|REGISTER32bit:inst1|REGISTER8bit:inst2|inst                               ; |computador_mic|CPU:inst|DATAPATH:inst2|BANK_REGS:inst2|SP:inst50|REGISTER32bit:inst1|REGISTER8bit:inst2|inst                         ; regout           ;
; |computador_mic|CPU:inst|DATAPATH:inst2|BANK_REGS:inst2|OUT_B[23]~41                                                                        ; |computador_mic|CPU:inst|DATAPATH:inst2|BANK_REGS:inst2|OUT_B[23]~41                                                                  ; combout          ;
; |computador_mic|CPU:inst|DATAPATH:inst2|BANK_REGS:inst2|OUT_B[23]~42                                                                        ; |computador_mic|CPU:inst|DATAPATH:inst2|BANK_REGS:inst2|OUT_B[23]~42                                                                  ; combout          ;
; |computador_mic|CPU:inst|DATAPATH:inst2|BANK_REGS:inst2|TOS:inst53|REGISTER32bit:inst1|REGISTER8bit:inst2|inst                              ; |computador_mic|CPU:inst|DATAPATH:inst2|BANK_REGS:inst2|TOS:inst53|REGISTER32bit:inst1|REGISTER8bit:inst2|inst                        ; regout           ;
; |computador_mic|CPU:inst|DATAPATH:inst2|BANK_REGS:inst2|CPP:inst52|REGISTER32bit:inst1|REGISTER8bit:inst2|inst                              ; |computador_mic|CPU:inst|DATAPATH:inst2|BANK_REGS:inst2|CPP:inst52|REGISTER32bit:inst1|REGISTER8bit:inst2|inst                        ; regout           ;
; |computador_mic|CPU:inst|DATAPATH:inst2|BANK_REGS:inst2|OUT_B[23]~43                                                                        ; |computador_mic|CPU:inst|DATAPATH:inst2|BANK_REGS:inst2|OUT_B[23]~43                                                                  ; combout          ;
; |computador_mic|CPU:inst|DATAPATH:inst2|BANK_REGS:inst2|OPC:inst4|REGISTER32bit:inst1|REGISTER8bit:inst2|inst                               ; |computador_mic|CPU:inst|DATAPATH:inst2|BANK_REGS:inst2|OPC:inst4|REGISTER32bit:inst1|REGISTER8bit:inst2|inst                         ; regout           ;
; |computador_mic|CPU:inst|DATAPATH:inst2|BANK_REGS:inst2|OUT_B[23]~44                                                                        ; |computador_mic|CPU:inst|DATAPATH:inst2|BANK_REGS:inst2|OUT_B[23]~44                                                                  ; combout          ;
; |computador_mic|CPU:inst|DATAPATH:inst2|ULA_32bit:inst|ULA_8bit:inst2|ULA_1bit:inst8|inst5                                                  ; |computador_mic|CPU:inst|DATAPATH:inst2|ULA_32bit:inst|ULA_8bit:inst2|ULA_1bit:inst8|inst5                                            ; combout          ;
; |computador_mic|CPU:inst|DATAPATH:inst2|BANK_REGS:inst2|H:inst5|REGISTER32bit:inst1|REGISTER8bit:inst2|inst                                 ; |computador_mic|CPU:inst|DATAPATH:inst2|BANK_REGS:inst2|H:inst5|REGISTER32bit:inst1|REGISTER8bit:inst2|inst                           ; regout           ;
; |computador_mic|CPU:inst|DATAPATH:inst2|BANK_REGS:inst2|LV:inst51|REGISTER32bit:inst1|REGISTER8bit:inst2|inst5                              ; |computador_mic|CPU:inst|DATAPATH:inst2|BANK_REGS:inst2|LV:inst51|REGISTER32bit:inst1|REGISTER8bit:inst2|inst5                        ; regout           ;
; |computador_mic|CPU:inst|DATAPATH:inst2|BANK_REGS:inst2|SP:inst50|REGISTER32bit:inst1|REGISTER8bit:inst2|inst5                              ; |computador_mic|CPU:inst|DATAPATH:inst2|BANK_REGS:inst2|SP:inst50|REGISTER32bit:inst1|REGISTER8bit:inst2|inst5                        ; regout           ;
; |computador_mic|CPU:inst|DATAPATH:inst2|BANK_REGS:inst2|OUT_B[22]~45                                                                        ; |computador_mic|CPU:inst|DATAPATH:inst2|BANK_REGS:inst2|OUT_B[22]~45                                                                  ; combout          ;
; |computador_mic|CPU:inst|DATAPATH:inst2|BANK_REGS:inst2|OUT_B[22]~46                                                                        ; |computador_mic|CPU:inst|DATAPATH:inst2|BANK_REGS:inst2|OUT_B[22]~46                                                                  ; combout          ;
; |computador_mic|CPU:inst|DATAPATH:inst2|BANK_REGS:inst2|TOS:inst53|REGISTER32bit:inst1|REGISTER8bit:inst2|inst5                             ; |computador_mic|CPU:inst|DATAPATH:inst2|BANK_REGS:inst2|TOS:inst53|REGISTER32bit:inst1|REGISTER8bit:inst2|inst5                       ; regout           ;
; |computador_mic|CPU:inst|DATAPATH:inst2|BANK_REGS:inst2|CPP:inst52|REGISTER32bit:inst1|REGISTER8bit:inst2|inst5                             ; |computador_mic|CPU:inst|DATAPATH:inst2|BANK_REGS:inst2|CPP:inst52|REGISTER32bit:inst1|REGISTER8bit:inst2|inst5                       ; regout           ;
; |computador_mic|CPU:inst|DATAPATH:inst2|BANK_REGS:inst2|OUT_B[22]~47                                                                        ; |computador_mic|CPU:inst|DATAPATH:inst2|BANK_REGS:inst2|OUT_B[22]~47                                                                  ; combout          ;
; |computador_mic|CPU:inst|DATAPATH:inst2|BANK_REGS:inst2|OPC:inst4|REGISTER32bit:inst1|REGISTER8bit:inst2|inst5                              ; |computador_mic|CPU:inst|DATAPATH:inst2|BANK_REGS:inst2|OPC:inst4|REGISTER32bit:inst1|REGISTER8bit:inst2|inst5                        ; regout           ;
; |computador_mic|CPU:inst|DATAPATH:inst2|BANK_REGS:inst2|OUT_B[22]~48                                                                        ; |computador_mic|CPU:inst|DATAPATH:inst2|BANK_REGS:inst2|OUT_B[22]~48                                                                  ; combout          ;
; |computador_mic|CPU:inst|DATAPATH:inst2|ULA_32bit:inst|ULA_8bit:inst2|ULA_1bit:inst7|inst5                                                  ; |computador_mic|CPU:inst|DATAPATH:inst2|ULA_32bit:inst|ULA_8bit:inst2|ULA_1bit:inst7|inst5                                            ; combout          ;
; |computador_mic|CPU:inst|DATAPATH:inst2|BANK_REGS:inst2|H:inst5|REGISTER32bit:inst1|REGISTER8bit:inst2|inst5                                ; |computador_mic|CPU:inst|DATAPATH:inst2|BANK_REGS:inst2|H:inst5|REGISTER32bit:inst1|REGISTER8bit:inst2|inst5                          ; regout           ;
; |computador_mic|CPU:inst|DATAPATH:inst2|BANK_REGS:inst2|LV:inst51|REGISTER32bit:inst1|REGISTER8bit:inst2|inst8                              ; |computador_mic|CPU:inst|DATAPATH:inst2|BANK_REGS:inst2|LV:inst51|REGISTER32bit:inst1|REGISTER8bit:inst2|inst8                        ; regout           ;
; |computador_mic|CPU:inst|DATAPATH:inst2|BANK_REGS:inst2|SP:inst50|REGISTER32bit:inst1|REGISTER8bit:inst2|inst8                              ; |computador_mic|CPU:inst|DATAPATH:inst2|BANK_REGS:inst2|SP:inst50|REGISTER32bit:inst1|REGISTER8bit:inst2|inst8                        ; regout           ;
; |computador_mic|CPU:inst|DATAPATH:inst2|BANK_REGS:inst2|OUT_B[21]~49                                                                        ; |computador_mic|CPU:inst|DATAPATH:inst2|BANK_REGS:inst2|OUT_B[21]~49                                                                  ; combout          ;
; |computador_mic|CPU:inst|DATAPATH:inst2|BANK_REGS:inst2|OUT_B[21]~50                                                                        ; |computador_mic|CPU:inst|DATAPATH:inst2|BANK_REGS:inst2|OUT_B[21]~50                                                                  ; combout          ;
; |computador_mic|CPU:inst|DATAPATH:inst2|BANK_REGS:inst2|TOS:inst53|REGISTER32bit:inst1|REGISTER8bit:inst2|inst8                             ; |computador_mic|CPU:inst|DATAPATH:inst2|BANK_REGS:inst2|TOS:inst53|REGISTER32bit:inst1|REGISTER8bit:inst2|inst8                       ; regout           ;
; |computador_mic|CPU:inst|DATAPATH:inst2|BANK_REGS:inst2|CPP:inst52|REGISTER32bit:inst1|REGISTER8bit:inst2|inst8                             ; |computador_mic|CPU:inst|DATAPATH:inst2|BANK_REGS:inst2|CPP:inst52|REGISTER32bit:inst1|REGISTER8bit:inst2|inst8                       ; regout           ;
; |computador_mic|CPU:inst|DATAPATH:inst2|BANK_REGS:inst2|OUT_B[21]~51                                                                        ; |computador_mic|CPU:inst|DATAPATH:inst2|BANK_REGS:inst2|OUT_B[21]~51                                                                  ; combout          ;
; |computador_mic|CPU:inst|DATAPATH:inst2|BANK_REGS:inst2|OPC:inst4|REGISTER32bit:inst1|REGISTER8bit:inst2|inst8                              ; |computador_mic|CPU:inst|DATAPATH:inst2|BANK_REGS:inst2|OPC:inst4|REGISTER32bit:inst1|REGISTER8bit:inst2|inst8                        ; regout           ;
; |computador_mic|CPU:inst|DATAPATH:inst2|BANK_REGS:inst2|OUT_B[21]~52                                                                        ; |computador_mic|CPU:inst|DATAPATH:inst2|BANK_REGS:inst2|OUT_B[21]~52                                                                  ; combout          ;
; |computador_mic|CPU:inst|DATAPATH:inst2|ULA_32bit:inst|ULA_8bit:inst2|ULA_1bit:inst6|inst5                                                  ; |computador_mic|CPU:inst|DATAPATH:inst2|ULA_32bit:inst|ULA_8bit:inst2|ULA_1bit:inst6|inst5                                            ; combout          ;
; |computador_mic|CPU:inst|DATAPATH:inst2|BANK_REGS:inst2|H:inst5|REGISTER32bit:inst1|REGISTER8bit:inst2|inst8                                ; |computador_mic|CPU:inst|DATAPATH:inst2|BANK_REGS:inst2|H:inst5|REGISTER32bit:inst1|REGISTER8bit:inst2|inst8                          ; regout           ;
; |computador_mic|CPU:inst|DATAPATH:inst2|BANK_REGS:inst2|LV:inst51|REGISTER32bit:inst1|REGISTER8bit:inst2|inst12                             ; |computador_mic|CPU:inst|DATAPATH:inst2|BANK_REGS:inst2|LV:inst51|REGISTER32bit:inst1|REGISTER8bit:inst2|inst12                       ; regout           ;
; |computador_mic|CPU:inst|DATAPATH:inst2|BANK_REGS:inst2|SP:inst50|REGISTER32bit:inst1|REGISTER8bit:inst2|inst12                             ; |computador_mic|CPU:inst|DATAPATH:inst2|BANK_REGS:inst2|SP:inst50|REGISTER32bit:inst1|REGISTER8bit:inst2|inst12                       ; regout           ;
; |computador_mic|CPU:inst|DATAPATH:inst2|BANK_REGS:inst2|OUT_B[20]~53                                                                        ; |computador_mic|CPU:inst|DATAPATH:inst2|BANK_REGS:inst2|OUT_B[20]~53                                                                  ; combout          ;
; |computador_mic|CPU:inst|DATAPATH:inst2|BANK_REGS:inst2|OUT_B[20]~54                                                                        ; |computador_mic|CPU:inst|DATAPATH:inst2|BANK_REGS:inst2|OUT_B[20]~54                                                                  ; combout          ;
; |computador_mic|CPU:inst|DATAPATH:inst2|BANK_REGS:inst2|CPP:inst52|REGISTER32bit:inst1|REGISTER8bit:inst2|inst12                            ; |computador_mic|CPU:inst|DATAPATH:inst2|BANK_REGS:inst2|CPP:inst52|REGISTER32bit:inst1|REGISTER8bit:inst2|inst12                      ; regout           ;
; |computador_mic|CPU:inst|DATAPATH:inst2|BANK_REGS:inst2|OUT_B[20]~55                                                                        ; |computador_mic|CPU:inst|DATAPATH:inst2|BANK_REGS:inst2|OUT_B[20]~55                                                                  ; combout          ;
; |computador_mic|CPU:inst|DATAPATH:inst2|BANK_REGS:inst2|OPC:inst4|REGISTER32bit:inst1|REGISTER8bit:inst2|inst12                             ; |computador_mic|CPU:inst|DATAPATH:inst2|BANK_REGS:inst2|OPC:inst4|REGISTER32bit:inst1|REGISTER8bit:inst2|inst12                       ; regout           ;
; |computador_mic|CPU:inst|DATAPATH:inst2|BANK_REGS:inst2|H:inst5|REGISTER32bit:inst1|REGISTER8bit:inst2|inst12                               ; |computador_mic|CPU:inst|DATAPATH:inst2|BANK_REGS:inst2|H:inst5|REGISTER32bit:inst1|REGISTER8bit:inst2|inst12                         ; regout           ;
; |computador_mic|CPU:inst|DATAPATH:inst2|BANK_REGS:inst2|LV:inst51|REGISTER32bit:inst1|REGISTER8bit:inst2|inst16                             ; |computador_mic|CPU:inst|DATAPATH:inst2|BANK_REGS:inst2|LV:inst51|REGISTER32bit:inst1|REGISTER8bit:inst2|inst16                       ; regout           ;
; |computador_mic|CPU:inst|DATAPATH:inst2|BANK_REGS:inst2|SP:inst50|REGISTER32bit:inst1|REGISTER8bit:inst2|inst16                             ; |computador_mic|CPU:inst|DATAPATH:inst2|BANK_REGS:inst2|SP:inst50|REGISTER32bit:inst1|REGISTER8bit:inst2|inst16                       ; regout           ;
; |computador_mic|CPU:inst|DATAPATH:inst2|BANK_REGS:inst2|OUT_B[19]~57                                                                        ; |computador_mic|CPU:inst|DATAPATH:inst2|BANK_REGS:inst2|OUT_B[19]~57                                                                  ; combout          ;
; |computador_mic|CPU:inst|DATAPATH:inst2|BANK_REGS:inst2|OUT_B[19]~58                                                                        ; |computador_mic|CPU:inst|DATAPATH:inst2|BANK_REGS:inst2|OUT_B[19]~58                                                                  ; combout          ;
; |computador_mic|CPU:inst|DATAPATH:inst2|BANK_REGS:inst2|CPP:inst52|REGISTER32bit:inst1|REGISTER8bit:inst2|inst16                            ; |computador_mic|CPU:inst|DATAPATH:inst2|BANK_REGS:inst2|CPP:inst52|REGISTER32bit:inst1|REGISTER8bit:inst2|inst16                      ; regout           ;
; |computador_mic|CPU:inst|DATAPATH:inst2|BANK_REGS:inst2|OPC:inst4|REGISTER32bit:inst1|REGISTER8bit:inst2|inst16                             ; |computador_mic|CPU:inst|DATAPATH:inst2|BANK_REGS:inst2|OPC:inst4|REGISTER32bit:inst1|REGISTER8bit:inst2|inst16                       ; regout           ;
; |computador_mic|CPU:inst|DATAPATH:inst2|BANK_REGS:inst2|LV:inst51|REGISTER32bit:inst1|REGISTER8bit:inst2|inst20                             ; |computador_mic|CPU:inst|DATAPATH:inst2|BANK_REGS:inst2|LV:inst51|REGISTER32bit:inst1|REGISTER8bit:inst2|inst20                       ; regout           ;
; |computador_mic|CPU:inst|DATAPATH:inst2|BANK_REGS:inst2|SP:inst50|REGISTER32bit:inst1|REGISTER8bit:inst2|inst20                             ; |computador_mic|CPU:inst|DATAPATH:inst2|BANK_REGS:inst2|SP:inst50|REGISTER32bit:inst1|REGISTER8bit:inst2|inst20                       ; regout           ;
; |computador_mic|CPU:inst|DATAPATH:inst2|BANK_REGS:inst2|OUT_B[18]~61                                                                        ; |computador_mic|CPU:inst|DATAPATH:inst2|BANK_REGS:inst2|OUT_B[18]~61                                                                  ; combout          ;
; |computador_mic|CPU:inst|DATAPATH:inst2|BANK_REGS:inst2|OUT_B[18]~62                                                                        ; |computador_mic|CPU:inst|DATAPATH:inst2|BANK_REGS:inst2|OUT_B[18]~62                                                                  ; combout          ;
; |computador_mic|CPU:inst|DATAPATH:inst2|BANK_REGS:inst2|CPP:inst52|REGISTER32bit:inst1|REGISTER8bit:inst2|inst20                            ; |computador_mic|CPU:inst|DATAPATH:inst2|BANK_REGS:inst2|CPP:inst52|REGISTER32bit:inst1|REGISTER8bit:inst2|inst20                      ; regout           ;
; |computador_mic|CPU:inst|DATAPATH:inst2|BANK_REGS:inst2|OPC:inst4|REGISTER32bit:inst1|REGISTER8bit:inst2|inst20                             ; |computador_mic|CPU:inst|DATAPATH:inst2|BANK_REGS:inst2|OPC:inst4|REGISTER32bit:inst1|REGISTER8bit:inst2|inst20                       ; regout           ;
; |computador_mic|CPU:inst|DATAPATH:inst2|BANK_REGS:inst2|LV:inst51|REGISTER32bit:inst1|REGISTER8bit:inst2|inst24                             ; |computador_mic|CPU:inst|DATAPATH:inst2|BANK_REGS:inst2|LV:inst51|REGISTER32bit:inst1|REGISTER8bit:inst2|inst24                       ; regout           ;
; |computador_mic|CPU:inst|DATAPATH:inst2|BANK_REGS:inst2|SP:inst50|REGISTER32bit:inst1|REGISTER8bit:inst2|inst24                             ; |computador_mic|CPU:inst|DATAPATH:inst2|BANK_REGS:inst2|SP:inst50|REGISTER32bit:inst1|REGISTER8bit:inst2|inst24                       ; regout           ;
; |computador_mic|CPU:inst|DATAPATH:inst2|BANK_REGS:inst2|OUT_B[17]~65                                                                        ; |computador_mic|CPU:inst|DATAPATH:inst2|BANK_REGS:inst2|OUT_B[17]~65                                                                  ; combout          ;
; |computador_mic|CPU:inst|DATAPATH:inst2|BANK_REGS:inst2|OUT_B[17]~66                                                                        ; |computador_mic|CPU:inst|DATAPATH:inst2|BANK_REGS:inst2|OUT_B[17]~66                                                                  ; combout          ;
; |computador_mic|CPU:inst|DATAPATH:inst2|BANK_REGS:inst2|CPP:inst52|REGISTER32bit:inst1|REGISTER8bit:inst2|inst24                            ; |computador_mic|CPU:inst|DATAPATH:inst2|BANK_REGS:inst2|CPP:inst52|REGISTER32bit:inst1|REGISTER8bit:inst2|inst24                      ; regout           ;
; |computador_mic|CPU:inst|DATAPATH:inst2|BANK_REGS:inst2|OPC:inst4|REGISTER32bit:inst1|REGISTER8bit:inst2|inst24                             ; |computador_mic|CPU:inst|DATAPATH:inst2|BANK_REGS:inst2|OPC:inst4|REGISTER32bit:inst1|REGISTER8bit:inst2|inst24                       ; regout           ;
; |computador_mic|CPU:inst|DATAPATH:inst2|BANK_REGS:inst2|LV:inst51|REGISTER32bit:inst1|REGISTER8bit:inst2|inst28                             ; |computador_mic|CPU:inst|DATAPATH:inst2|BANK_REGS:inst2|LV:inst51|REGISTER32bit:inst1|REGISTER8bit:inst2|inst28                       ; regout           ;
; |computador_mic|CPU:inst|DATAPATH:inst2|BANK_REGS:inst2|SP:inst50|REGISTER32bit:inst1|REGISTER8bit:inst2|inst28                             ; |computador_mic|CPU:inst|DATAPATH:inst2|BANK_REGS:inst2|SP:inst50|REGISTER32bit:inst1|REGISTER8bit:inst2|inst28                       ; regout           ;
; |computador_mic|CPU:inst|DATAPATH:inst2|BANK_REGS:inst2|OUT_B[16]~69                                                                        ; |computador_mic|CPU:inst|DATAPATH:inst2|BANK_REGS:inst2|OUT_B[16]~69                                                                  ; combout          ;
; |computador_mic|CPU:inst|DATAPATH:inst2|BANK_REGS:inst2|OUT_B[16]~70                                                                        ; |computador_mic|CPU:inst|DATAPATH:inst2|BANK_REGS:inst2|OUT_B[16]~70                                                                  ; combout          ;
; |computador_mic|CPU:inst|DATAPATH:inst2|BANK_REGS:inst2|CPP:inst52|REGISTER32bit:inst1|REGISTER8bit:inst2|inst28                            ; |computador_mic|CPU:inst|DATAPATH:inst2|BANK_REGS:inst2|CPP:inst52|REGISTER32bit:inst1|REGISTER8bit:inst2|inst28                      ; regout           ;
; |computador_mic|CPU:inst|DATAPATH:inst2|BANK_REGS:inst2|OPC:inst4|REGISTER32bit:inst1|REGISTER8bit:inst2|inst28                             ; |computador_mic|CPU:inst|DATAPATH:inst2|BANK_REGS:inst2|OPC:inst4|REGISTER32bit:inst1|REGISTER8bit:inst2|inst28                       ; regout           ;
; |computador_mic|CPU:inst|DATAPATH:inst2|BANK_REGS:inst2|LV:inst51|REGISTER32bit:inst1|REGISTER8bit:inst1|inst                               ; |computador_mic|CPU:inst|DATAPATH:inst2|BANK_REGS:inst2|LV:inst51|REGISTER32bit:inst1|REGISTER8bit:inst1|inst                         ; regout           ;
; |computador_mic|CPU:inst|DATAPATH:inst2|BANK_REGS:inst2|SP:inst50|REGISTER32bit:inst1|REGISTER8bit:inst1|inst                               ; |computador_mic|CPU:inst|DATAPATH:inst2|BANK_REGS:inst2|SP:inst50|REGISTER32bit:inst1|REGISTER8bit:inst1|inst                         ; regout           ;
; |computador_mic|CPU:inst|DATAPATH:inst2|BANK_REGS:inst2|OUT_B[15]~73                                                                        ; |computador_mic|CPU:inst|DATAPATH:inst2|BANK_REGS:inst2|OUT_B[15]~73                                                                  ; combout          ;
; |computador_mic|CPU:inst|DATAPATH:inst2|BANK_REGS:inst2|OUT_B[15]~74                                                                        ; |computador_mic|CPU:inst|DATAPATH:inst2|BANK_REGS:inst2|OUT_B[15]~74                                                                  ; combout          ;
; |computador_mic|CPU:inst|DATAPATH:inst2|BANK_REGS:inst2|TOS:inst53|REGISTER32bit:inst1|REGISTER8bit:inst1|inst                              ; |computador_mic|CPU:inst|DATAPATH:inst2|BANK_REGS:inst2|TOS:inst53|REGISTER32bit:inst1|REGISTER8bit:inst1|inst                        ; regout           ;
; |computador_mic|CPU:inst|DATAPATH:inst2|BANK_REGS:inst2|CPP:inst52|REGISTER32bit:inst1|REGISTER8bit:inst1|inst                              ; |computador_mic|CPU:inst|DATAPATH:inst2|BANK_REGS:inst2|CPP:inst52|REGISTER32bit:inst1|REGISTER8bit:inst1|inst                        ; regout           ;
; |computador_mic|CPU:inst|DATAPATH:inst2|BANK_REGS:inst2|OUT_B[15]~75                                                                        ; |computador_mic|CPU:inst|DATAPATH:inst2|BANK_REGS:inst2|OUT_B[15]~75                                                                  ; combout          ;
; |computador_mic|CPU:inst|DATAPATH:inst2|BANK_REGS:inst2|OPC:inst4|REGISTER32bit:inst1|REGISTER8bit:inst1|inst                               ; |computador_mic|CPU:inst|DATAPATH:inst2|BANK_REGS:inst2|OPC:inst4|REGISTER32bit:inst1|REGISTER8bit:inst1|inst                         ; regout           ;
; |computador_mic|CPU:inst|DATAPATH:inst2|BANK_REGS:inst2|OUT_B[15]~76                                                                        ; |computador_mic|CPU:inst|DATAPATH:inst2|BANK_REGS:inst2|OUT_B[15]~76                                                                  ; combout          ;
; |computador_mic|CPU:inst|DATAPATH:inst2|ULA_32bit:inst|ULA_8bit:inst1|ULA_1bit:inst8|inst5                                                  ; |computador_mic|CPU:inst|DATAPATH:inst2|ULA_32bit:inst|ULA_8bit:inst1|ULA_1bit:inst8|inst5                                            ; combout          ;
; |computador_mic|CPU:inst|DATAPATH:inst2|BANK_REGS:inst2|H:inst5|REGISTER32bit:inst1|REGISTER8bit:inst1|inst                                 ; |computador_mic|CPU:inst|DATAPATH:inst2|BANK_REGS:inst2|H:inst5|REGISTER32bit:inst1|REGISTER8bit:inst1|inst                           ; regout           ;
; |computador_mic|CPU:inst|DATAPATH:inst2|BANK_REGS:inst2|LV:inst51|REGISTER32bit:inst1|REGISTER8bit:inst1|inst5                              ; |computador_mic|CPU:inst|DATAPATH:inst2|BANK_REGS:inst2|LV:inst51|REGISTER32bit:inst1|REGISTER8bit:inst1|inst5                        ; regout           ;
; |computador_mic|CPU:inst|DATAPATH:inst2|BANK_REGS:inst2|SP:inst50|REGISTER32bit:inst1|REGISTER8bit:inst1|inst5                              ; |computador_mic|CPU:inst|DATAPATH:inst2|BANK_REGS:inst2|SP:inst50|REGISTER32bit:inst1|REGISTER8bit:inst1|inst5                        ; regout           ;
; |computador_mic|CPU:inst|DATAPATH:inst2|BANK_REGS:inst2|OUT_B[14]~77                                                                        ; |computador_mic|CPU:inst|DATAPATH:inst2|BANK_REGS:inst2|OUT_B[14]~77                                                                  ; combout          ;
; |computador_mic|CPU:inst|DATAPATH:inst2|BANK_REGS:inst2|OUT_B[14]~78                                                                        ; |computador_mic|CPU:inst|DATAPATH:inst2|BANK_REGS:inst2|OUT_B[14]~78                                                                  ; combout          ;
; |computador_mic|CPU:inst|DATAPATH:inst2|BANK_REGS:inst2|TOS:inst53|REGISTER32bit:inst1|REGISTER8bit:inst1|inst5                             ; |computador_mic|CPU:inst|DATAPATH:inst2|BANK_REGS:inst2|TOS:inst53|REGISTER32bit:inst1|REGISTER8bit:inst1|inst5                       ; regout           ;
; |computador_mic|CPU:inst|DATAPATH:inst2|BANK_REGS:inst2|CPP:inst52|REGISTER32bit:inst1|REGISTER8bit:inst1|inst5                             ; |computador_mic|CPU:inst|DATAPATH:inst2|BANK_REGS:inst2|CPP:inst52|REGISTER32bit:inst1|REGISTER8bit:inst1|inst5                       ; regout           ;
; |computador_mic|CPU:inst|DATAPATH:inst2|BANK_REGS:inst2|OUT_B[14]~79                                                                        ; |computador_mic|CPU:inst|DATAPATH:inst2|BANK_REGS:inst2|OUT_B[14]~79                                                                  ; combout          ;
; |computador_mic|CPU:inst|DATAPATH:inst2|BANK_REGS:inst2|OPC:inst4|REGISTER32bit:inst1|REGISTER8bit:inst1|inst5                              ; |computador_mic|CPU:inst|DATAPATH:inst2|BANK_REGS:inst2|OPC:inst4|REGISTER32bit:inst1|REGISTER8bit:inst1|inst5                        ; regout           ;
; |computador_mic|CPU:inst|DATAPATH:inst2|BANK_REGS:inst2|OUT_B[14]~80                                                                        ; |computador_mic|CPU:inst|DATAPATH:inst2|BANK_REGS:inst2|OUT_B[14]~80                                                                  ; combout          ;
; |computador_mic|CPU:inst|DATAPATH:inst2|ULA_32bit:inst|ULA_8bit:inst1|ULA_1bit:inst7|inst5                                                  ; |computador_mic|CPU:inst|DATAPATH:inst2|ULA_32bit:inst|ULA_8bit:inst1|ULA_1bit:inst7|inst5                                            ; combout          ;
; |computador_mic|CPU:inst|DATAPATH:inst2|BANK_REGS:inst2|H:inst5|REGISTER32bit:inst1|REGISTER8bit:inst1|inst5                                ; |computador_mic|CPU:inst|DATAPATH:inst2|BANK_REGS:inst2|H:inst5|REGISTER32bit:inst1|REGISTER8bit:inst1|inst5                          ; regout           ;
; |computador_mic|CPU:inst|DATAPATH:inst2|BANK_REGS:inst2|LV:inst51|REGISTER32bit:inst1|REGISTER8bit:inst1|inst8                              ; |computador_mic|CPU:inst|DATAPATH:inst2|BANK_REGS:inst2|LV:inst51|REGISTER32bit:inst1|REGISTER8bit:inst1|inst8                        ; regout           ;
; |computador_mic|CPU:inst|DATAPATH:inst2|BANK_REGS:inst2|SP:inst50|REGISTER32bit:inst1|REGISTER8bit:inst1|inst8                              ; |computador_mic|CPU:inst|DATAPATH:inst2|BANK_REGS:inst2|SP:inst50|REGISTER32bit:inst1|REGISTER8bit:inst1|inst8                        ; regout           ;
; |computador_mic|CPU:inst|DATAPATH:inst2|BANK_REGS:inst2|OUT_B[13]~81                                                                        ; |computador_mic|CPU:inst|DATAPATH:inst2|BANK_REGS:inst2|OUT_B[13]~81                                                                  ; combout          ;
; |computador_mic|CPU:inst|DATAPATH:inst2|BANK_REGS:inst2|OUT_B[13]~82                                                                        ; |computador_mic|CPU:inst|DATAPATH:inst2|BANK_REGS:inst2|OUT_B[13]~82                                                                  ; combout          ;
; |computador_mic|CPU:inst|DATAPATH:inst2|BANK_REGS:inst2|TOS:inst53|REGISTER32bit:inst1|REGISTER8bit:inst1|inst8                             ; |computador_mic|CPU:inst|DATAPATH:inst2|BANK_REGS:inst2|TOS:inst53|REGISTER32bit:inst1|REGISTER8bit:inst1|inst8                       ; regout           ;
; |computador_mic|CPU:inst|DATAPATH:inst2|BANK_REGS:inst2|CPP:inst52|REGISTER32bit:inst1|REGISTER8bit:inst1|inst8                             ; |computador_mic|CPU:inst|DATAPATH:inst2|BANK_REGS:inst2|CPP:inst52|REGISTER32bit:inst1|REGISTER8bit:inst1|inst8                       ; regout           ;
; |computador_mic|CPU:inst|DATAPATH:inst2|BANK_REGS:inst2|OUT_B[13]~83                                                                        ; |computador_mic|CPU:inst|DATAPATH:inst2|BANK_REGS:inst2|OUT_B[13]~83                                                                  ; combout          ;
; |computador_mic|CPU:inst|DATAPATH:inst2|BANK_REGS:inst2|OPC:inst4|REGISTER32bit:inst1|REGISTER8bit:inst1|inst8                              ; |computador_mic|CPU:inst|DATAPATH:inst2|BANK_REGS:inst2|OPC:inst4|REGISTER32bit:inst1|REGISTER8bit:inst1|inst8                        ; regout           ;
; |computador_mic|CPU:inst|DATAPATH:inst2|BANK_REGS:inst2|OUT_B[13]~84                                                                        ; |computador_mic|CPU:inst|DATAPATH:inst2|BANK_REGS:inst2|OUT_B[13]~84                                                                  ; combout          ;
; |computador_mic|CPU:inst|DATAPATH:inst2|ULA_32bit:inst|ULA_8bit:inst1|ULA_1bit:inst6|inst5                                                  ; |computador_mic|CPU:inst|DATAPATH:inst2|ULA_32bit:inst|ULA_8bit:inst1|ULA_1bit:inst6|inst5                                            ; combout          ;
; |computador_mic|CPU:inst|DATAPATH:inst2|BANK_REGS:inst2|H:inst5|REGISTER32bit:inst1|REGISTER8bit:inst1|inst8                                ; |computador_mic|CPU:inst|DATAPATH:inst2|BANK_REGS:inst2|H:inst5|REGISTER32bit:inst1|REGISTER8bit:inst1|inst8                          ; regout           ;
; |computador_mic|CPU:inst|DATAPATH:inst2|BANK_REGS:inst2|LV:inst51|REGISTER32bit:inst1|REGISTER8bit:inst1|inst12                             ; |computador_mic|CPU:inst|DATAPATH:inst2|BANK_REGS:inst2|LV:inst51|REGISTER32bit:inst1|REGISTER8bit:inst1|inst12                       ; regout           ;
; |computador_mic|CPU:inst|DATAPATH:inst2|BANK_REGS:inst2|SP:inst50|REGISTER32bit:inst1|REGISTER8bit:inst1|inst12                             ; |computador_mic|CPU:inst|DATAPATH:inst2|BANK_REGS:inst2|SP:inst50|REGISTER32bit:inst1|REGISTER8bit:inst1|inst12                       ; regout           ;
; |computador_mic|CPU:inst|DATAPATH:inst2|BANK_REGS:inst2|OUT_B[12]~85                                                                        ; |computador_mic|CPU:inst|DATAPATH:inst2|BANK_REGS:inst2|OUT_B[12]~85                                                                  ; combout          ;
; |computador_mic|CPU:inst|DATAPATH:inst2|BANK_REGS:inst2|OUT_B[12]~86                                                                        ; |computador_mic|CPU:inst|DATAPATH:inst2|BANK_REGS:inst2|OUT_B[12]~86                                                                  ; combout          ;
; |computador_mic|CPU:inst|DATAPATH:inst2|BANK_REGS:inst2|CPP:inst52|REGISTER32bit:inst1|REGISTER8bit:inst1|inst12                            ; |computador_mic|CPU:inst|DATAPATH:inst2|BANK_REGS:inst2|CPP:inst52|REGISTER32bit:inst1|REGISTER8bit:inst1|inst12                      ; regout           ;
; |computador_mic|CPU:inst|DATAPATH:inst2|BANK_REGS:inst2|OUT_B[12]~87                                                                        ; |computador_mic|CPU:inst|DATAPATH:inst2|BANK_REGS:inst2|OUT_B[12]~87                                                                  ; combout          ;
; |computador_mic|CPU:inst|DATAPATH:inst2|BANK_REGS:inst2|OPC:inst4|REGISTER32bit:inst1|REGISTER8bit:inst1|inst12                             ; |computador_mic|CPU:inst|DATAPATH:inst2|BANK_REGS:inst2|OPC:inst4|REGISTER32bit:inst1|REGISTER8bit:inst1|inst12                       ; regout           ;
; |computador_mic|CPU:inst|DATAPATH:inst2|BANK_REGS:inst2|H:inst5|REGISTER32bit:inst1|REGISTER8bit:inst1|inst12                               ; |computador_mic|CPU:inst|DATAPATH:inst2|BANK_REGS:inst2|H:inst5|REGISTER32bit:inst1|REGISTER8bit:inst1|inst12                         ; regout           ;
; |computador_mic|CPU:inst|DATAPATH:inst2|BANK_REGS:inst2|LV:inst51|REGISTER32bit:inst1|REGISTER8bit:inst1|inst16                             ; |computador_mic|CPU:inst|DATAPATH:inst2|BANK_REGS:inst2|LV:inst51|REGISTER32bit:inst1|REGISTER8bit:inst1|inst16                       ; regout           ;
; |computador_mic|CPU:inst|DATAPATH:inst2|BANK_REGS:inst2|SP:inst50|REGISTER32bit:inst1|REGISTER8bit:inst1|inst16                             ; |computador_mic|CPU:inst|DATAPATH:inst2|BANK_REGS:inst2|SP:inst50|REGISTER32bit:inst1|REGISTER8bit:inst1|inst16                       ; regout           ;
; |computador_mic|CPU:inst|DATAPATH:inst2|BANK_REGS:inst2|OUT_B[11]~89                                                                        ; |computador_mic|CPU:inst|DATAPATH:inst2|BANK_REGS:inst2|OUT_B[11]~89                                                                  ; combout          ;
; |computador_mic|CPU:inst|DATAPATH:inst2|BANK_REGS:inst2|OUT_B[11]~90                                                                        ; |computador_mic|CPU:inst|DATAPATH:inst2|BANK_REGS:inst2|OUT_B[11]~90                                                                  ; combout          ;
; |computador_mic|CPU:inst|DATAPATH:inst2|BANK_REGS:inst2|CPP:inst52|REGISTER32bit:inst1|REGISTER8bit:inst1|inst16                            ; |computador_mic|CPU:inst|DATAPATH:inst2|BANK_REGS:inst2|CPP:inst52|REGISTER32bit:inst1|REGISTER8bit:inst1|inst16                      ; regout           ;
; |computador_mic|CPU:inst|DATAPATH:inst2|BANK_REGS:inst2|OPC:inst4|REGISTER32bit:inst1|REGISTER8bit:inst1|inst16                             ; |computador_mic|CPU:inst|DATAPATH:inst2|BANK_REGS:inst2|OPC:inst4|REGISTER32bit:inst1|REGISTER8bit:inst1|inst16                       ; regout           ;
; |computador_mic|CPU:inst|DATAPATH:inst2|BANK_REGS:inst2|LV:inst51|REGISTER32bit:inst1|REGISTER8bit:inst1|inst20                             ; |computador_mic|CPU:inst|DATAPATH:inst2|BANK_REGS:inst2|LV:inst51|REGISTER32bit:inst1|REGISTER8bit:inst1|inst20                       ; regout           ;
; |computador_mic|CPU:inst|DATAPATH:inst2|BANK_REGS:inst2|SP:inst50|REGISTER32bit:inst1|REGISTER8bit:inst1|inst20                             ; |computador_mic|CPU:inst|DATAPATH:inst2|BANK_REGS:inst2|SP:inst50|REGISTER32bit:inst1|REGISTER8bit:inst1|inst20                       ; regout           ;
; |computador_mic|CPU:inst|DATAPATH:inst2|BANK_REGS:inst2|OUT_B[10]~93                                                                        ; |computador_mic|CPU:inst|DATAPATH:inst2|BANK_REGS:inst2|OUT_B[10]~93                                                                  ; combout          ;
; |computador_mic|CPU:inst|DATAPATH:inst2|BANK_REGS:inst2|OUT_B[10]~94                                                                        ; |computador_mic|CPU:inst|DATAPATH:inst2|BANK_REGS:inst2|OUT_B[10]~94                                                                  ; combout          ;
; |computador_mic|CPU:inst|DATAPATH:inst2|BANK_REGS:inst2|CPP:inst52|REGISTER32bit:inst1|REGISTER8bit:inst1|inst20                            ; |computador_mic|CPU:inst|DATAPATH:inst2|BANK_REGS:inst2|CPP:inst52|REGISTER32bit:inst1|REGISTER8bit:inst1|inst20                      ; regout           ;
; |computador_mic|CPU:inst|DATAPATH:inst2|BANK_REGS:inst2|OPC:inst4|REGISTER32bit:inst1|REGISTER8bit:inst1|inst20                             ; |computador_mic|CPU:inst|DATAPATH:inst2|BANK_REGS:inst2|OPC:inst4|REGISTER32bit:inst1|REGISTER8bit:inst1|inst20                       ; regout           ;
; |computador_mic|CPU:inst|DATAPATH:inst2|BANK_REGS:inst2|OUT_B[9]~97                                                                         ; |computador_mic|CPU:inst|DATAPATH:inst2|BANK_REGS:inst2|OUT_B[9]~97                                                                   ; combout          ;
; |computador_mic|CPU:inst|DATAPATH:inst2|BANK_REGS:inst2|LV:inst51|REGISTER32bit:inst1|REGISTER8bit:inst1|inst24                             ; |computador_mic|CPU:inst|DATAPATH:inst2|BANK_REGS:inst2|LV:inst51|REGISTER32bit:inst1|REGISTER8bit:inst1|inst24                       ; regout           ;
; |computador_mic|CPU:inst|DATAPATH:inst2|BANK_REGS:inst2|SP:inst50|REGISTER32bit:inst1|REGISTER8bit:inst1|inst24                             ; |computador_mic|CPU:inst|DATAPATH:inst2|BANK_REGS:inst2|SP:inst50|REGISTER32bit:inst1|REGISTER8bit:inst1|inst24                       ; regout           ;
; |computador_mic|CPU:inst|DATAPATH:inst2|BANK_REGS:inst2|OUT_B[9]~98                                                                         ; |computador_mic|CPU:inst|DATAPATH:inst2|BANK_REGS:inst2|OUT_B[9]~98                                                                   ; combout          ;
; |computador_mic|CPU:inst|DATAPATH:inst2|BANK_REGS:inst2|CPP:inst52|REGISTER32bit:inst1|REGISTER8bit:inst1|inst24                            ; |computador_mic|CPU:inst|DATAPATH:inst2|BANK_REGS:inst2|CPP:inst52|REGISTER32bit:inst1|REGISTER8bit:inst1|inst24                      ; regout           ;
; |computador_mic|CPU:inst|DATAPATH:inst2|BANK_REGS:inst2|OPC:inst4|REGISTER32bit:inst1|REGISTER8bit:inst1|inst24                             ; |computador_mic|CPU:inst|DATAPATH:inst2|BANK_REGS:inst2|OPC:inst4|REGISTER32bit:inst1|REGISTER8bit:inst1|inst24                       ; regout           ;
; |computador_mic|CPU:inst|DATAPATH:inst2|BANK_REGS:inst2|LV:inst51|REGISTER32bit:inst1|REGISTER8bit:inst1|inst28                             ; |computador_mic|CPU:inst|DATAPATH:inst2|BANK_REGS:inst2|LV:inst51|REGISTER32bit:inst1|REGISTER8bit:inst1|inst28                       ; regout           ;
; |computador_mic|CPU:inst|DATAPATH:inst2|BANK_REGS:inst2|SP:inst50|REGISTER32bit:inst1|REGISTER8bit:inst1|inst28                             ; |computador_mic|CPU:inst|DATAPATH:inst2|BANK_REGS:inst2|SP:inst50|REGISTER32bit:inst1|REGISTER8bit:inst1|inst28                       ; regout           ;
; |computador_mic|CPU:inst|DATAPATH:inst2|BANK_REGS:inst2|OUT_B[8]~102                                                                        ; |computador_mic|CPU:inst|DATAPATH:inst2|BANK_REGS:inst2|OUT_B[8]~102                                                                  ; combout          ;
; |computador_mic|CPU:inst|DATAPATH:inst2|BANK_REGS:inst2|OUT_B[8]~103                                                                        ; |computador_mic|CPU:inst|DATAPATH:inst2|BANK_REGS:inst2|OUT_B[8]~103                                                                  ; combout          ;
; |computador_mic|CPU:inst|DATAPATH:inst2|BANK_REGS:inst2|TOS:inst53|REGISTER32bit:inst1|REGISTER8bit:inst1|inst28                            ; |computador_mic|CPU:inst|DATAPATH:inst2|BANK_REGS:inst2|TOS:inst53|REGISTER32bit:inst1|REGISTER8bit:inst1|inst28                      ; regout           ;
; |computador_mic|CPU:inst|DATAPATH:inst2|BANK_REGS:inst2|CPP:inst52|REGISTER32bit:inst1|REGISTER8bit:inst1|inst28                            ; |computador_mic|CPU:inst|DATAPATH:inst2|BANK_REGS:inst2|CPP:inst52|REGISTER32bit:inst1|REGISTER8bit:inst1|inst28                      ; regout           ;
; |computador_mic|CPU:inst|DATAPATH:inst2|BANK_REGS:inst2|OPC:inst4|REGISTER32bit:inst1|REGISTER8bit:inst1|inst28                             ; |computador_mic|CPU:inst|DATAPATH:inst2|BANK_REGS:inst2|OPC:inst4|REGISTER32bit:inst1|REGISTER8bit:inst1|inst28                       ; regout           ;
; |computador_mic|CPU:inst|DATAPATH:inst2|BANK_REGS:inst2|OUT_B[8]~105                                                                        ; |computador_mic|CPU:inst|DATAPATH:inst2|BANK_REGS:inst2|OUT_B[8]~105                                                                  ; combout          ;
; |computador_mic|CPU:inst|DATAPATH:inst2|BANK_REGS:inst2|H:inst5|REGISTER32bit:inst1|REGISTER8bit:inst1|inst28                               ; |computador_mic|CPU:inst|DATAPATH:inst2|BANK_REGS:inst2|H:inst5|REGISTER32bit:inst1|REGISTER8bit:inst1|inst28                         ; regout           ;
; |computador_mic|CPU:inst|DATAPATH:inst2|BANK_REGS:inst2|LV:inst51|REGISTER32bit:inst1|REGISTER8bit:inst|inst28                              ; |computador_mic|CPU:inst|DATAPATH:inst2|BANK_REGS:inst2|LV:inst51|REGISTER32bit:inst1|REGISTER8bit:inst|inst28                        ; regout           ;
; |computador_mic|CPU:inst|DATAPATH:inst2|BANK_REGS:inst2|SP:inst50|REGISTER32bit:inst1|REGISTER8bit:inst|inst28                              ; |computador_mic|CPU:inst|DATAPATH:inst2|BANK_REGS:inst2|SP:inst50|REGISTER32bit:inst1|REGISTER8bit:inst|inst28                        ; regout           ;
; |computador_mic|CPU:inst|DATAPATH:inst2|BANK_REGS:inst2|OUT_B[7]~107                                                                        ; |computador_mic|CPU:inst|DATAPATH:inst2|BANK_REGS:inst2|OUT_B[7]~107                                                                  ; combout          ;
; |computador_mic|CPU:inst|DATAPATH:inst2|BANK_REGS:inst2|TOS:inst53|REGISTER32bit:inst1|REGISTER8bit:inst|inst28                             ; |computador_mic|CPU:inst|DATAPATH:inst2|BANK_REGS:inst2|TOS:inst53|REGISTER32bit:inst1|REGISTER8bit:inst|inst28                       ; regout           ;
; |computador_mic|CPU:inst|DATAPATH:inst2|BANK_REGS:inst2|CPP:inst52|REGISTER32bit:inst1|REGISTER8bit:inst|inst28                             ; |computador_mic|CPU:inst|DATAPATH:inst2|BANK_REGS:inst2|CPP:inst52|REGISTER32bit:inst1|REGISTER8bit:inst|inst28                       ; regout           ;
; |computador_mic|CPU:inst|DATAPATH:inst2|BANK_REGS:inst2|MDR:inst1|REGISTER32bit:inst1|REGISTER8bit:inst|inst28                              ; |computador_mic|CPU:inst|DATAPATH:inst2|BANK_REGS:inst2|MDR:inst1|REGISTER32bit:inst1|REGISTER8bit:inst|inst28                        ; regout           ;
; |computador_mic|CPU:inst|DATAPATH:inst2|BANK_REGS:inst2|OPC:inst4|REGISTER32bit:inst1|REGISTER8bit:inst|inst28                              ; |computador_mic|CPU:inst|DATAPATH:inst2|BANK_REGS:inst2|OPC:inst4|REGISTER32bit:inst1|REGISTER8bit:inst|inst28                        ; regout           ;
; |computador_mic|CPU:inst|DATAPATH:inst2|BANK_REGS:inst2|OUT_B[7]~109                                                                        ; |computador_mic|CPU:inst|DATAPATH:inst2|BANK_REGS:inst2|OUT_B[7]~109                                                                  ; combout          ;
; |computador_mic|CPU:inst|DATAPATH:inst2|BANK_REGS:inst2|MBR:inst3|REGISTER32bit:inst5|REGISTER8bit:inst|inst28                              ; |computador_mic|CPU:inst|DATAPATH:inst2|BANK_REGS:inst2|MBR:inst3|REGISTER32bit:inst5|REGISTER8bit:inst|inst28                        ; regout           ;
; |computador_mic|CPU:inst|DATAPATH:inst2|BANK_REGS:inst2|H:inst5|REGISTER32bit:inst1|REGISTER8bit:inst|inst28                                ; |computador_mic|CPU:inst|DATAPATH:inst2|BANK_REGS:inst2|H:inst5|REGISTER32bit:inst1|REGISTER8bit:inst|inst28                          ; regout           ;
; |computador_mic|CPU:inst|DATAPATH:inst2|BANK_REGS:inst2|SP:inst50|REGISTER32bit:inst1|REGISTER8bit:inst|inst24                              ; |computador_mic|CPU:inst|DATAPATH:inst2|BANK_REGS:inst2|SP:inst50|REGISTER32bit:inst1|REGISTER8bit:inst|inst24                        ; regout           ;
; |computador_mic|CPU:inst|DATAPATH:inst2|BANK_REGS:inst2|LV:inst51|REGISTER32bit:inst1|REGISTER8bit:inst|inst24                              ; |computador_mic|CPU:inst|DATAPATH:inst2|BANK_REGS:inst2|LV:inst51|REGISTER32bit:inst1|REGISTER8bit:inst|inst24                        ; regout           ;
; |computador_mic|CPU:inst|DATAPATH:inst2|BANK_REGS:inst2|CPP:inst52|REGISTER32bit:inst1|REGISTER8bit:inst|inst24                             ; |computador_mic|CPU:inst|DATAPATH:inst2|BANK_REGS:inst2|CPP:inst52|REGISTER32bit:inst1|REGISTER8bit:inst|inst24                       ; regout           ;
; |computador_mic|CPU:inst|DATAPATH:inst2|BANK_REGS:inst2|OPC:inst4|REGISTER32bit:inst1|REGISTER8bit:inst|inst24                              ; |computador_mic|CPU:inst|DATAPATH:inst2|BANK_REGS:inst2|OPC:inst4|REGISTER32bit:inst1|REGISTER8bit:inst|inst24                        ; regout           ;
; |computador_mic|CPU:inst|DATAPATH:inst2|BANK_REGS:inst2|TOS:inst53|REGISTER32bit:inst1|REGISTER8bit:inst|inst24                             ; |computador_mic|CPU:inst|DATAPATH:inst2|BANK_REGS:inst2|TOS:inst53|REGISTER32bit:inst1|REGISTER8bit:inst|inst24                       ; regout           ;
; |computador_mic|CPU:inst|DATAPATH:inst2|BANK_REGS:inst2|OUT_B[6]~114                                                                        ; |computador_mic|CPU:inst|DATAPATH:inst2|BANK_REGS:inst2|OUT_B[6]~114                                                                  ; combout          ;
; |computador_mic|CPU:inst|DATAPATH:inst2|BANK_REGS:inst2|MDR:inst1|REGISTER32bit:inst1|REGISTER8bit:inst|inst24                              ; |computador_mic|CPU:inst|DATAPATH:inst2|BANK_REGS:inst2|MDR:inst1|REGISTER32bit:inst1|REGISTER8bit:inst|inst24                        ; regout           ;
; |computador_mic|CPU:inst|DATAPATH:inst2|BANK_REGS:inst2|SP:inst50|REGISTER32bit:inst1|REGISTER8bit:inst|inst20                              ; |computador_mic|CPU:inst|DATAPATH:inst2|BANK_REGS:inst2|SP:inst50|REGISTER32bit:inst1|REGISTER8bit:inst|inst20                        ; regout           ;
; |computador_mic|CPU:inst|DATAPATH:inst2|BANK_REGS:inst2|LV:inst51|REGISTER32bit:inst1|REGISTER8bit:inst|inst20                              ; |computador_mic|CPU:inst|DATAPATH:inst2|BANK_REGS:inst2|LV:inst51|REGISTER32bit:inst1|REGISTER8bit:inst|inst20                        ; regout           ;
; |computador_mic|CPU:inst|DATAPATH:inst2|BANK_REGS:inst2|CPP:inst52|REGISTER32bit:inst1|REGISTER8bit:inst|inst20                             ; |computador_mic|CPU:inst|DATAPATH:inst2|BANK_REGS:inst2|CPP:inst52|REGISTER32bit:inst1|REGISTER8bit:inst|inst20                       ; regout           ;
; |computador_mic|CPU:inst|DATAPATH:inst2|BANK_REGS:inst2|OPC:inst4|REGISTER32bit:inst1|REGISTER8bit:inst|inst20                              ; |computador_mic|CPU:inst|DATAPATH:inst2|BANK_REGS:inst2|OPC:inst4|REGISTER32bit:inst1|REGISTER8bit:inst|inst20                        ; regout           ;
; |computador_mic|CPU:inst|DATAPATH:inst2|BANK_REGS:inst2|TOS:inst53|REGISTER32bit:inst1|REGISTER8bit:inst|inst20                             ; |computador_mic|CPU:inst|DATAPATH:inst2|BANK_REGS:inst2|TOS:inst53|REGISTER32bit:inst1|REGISTER8bit:inst|inst20                       ; regout           ;
; |computador_mic|CPU:inst|DATAPATH:inst2|BANK_REGS:inst2|OUT_B[5]~119                                                                        ; |computador_mic|CPU:inst|DATAPATH:inst2|BANK_REGS:inst2|OUT_B[5]~119                                                                  ; combout          ;
; |computador_mic|CPU:inst|DATAPATH:inst2|BANK_REGS:inst2|MDR:inst1|REGISTER32bit:inst1|REGISTER8bit:inst|inst20                              ; |computador_mic|CPU:inst|DATAPATH:inst2|BANK_REGS:inst2|MDR:inst1|REGISTER32bit:inst1|REGISTER8bit:inst|inst20                        ; regout           ;
; |computador_mic|CPU:inst|DATAPATH:inst2|BANK_REGS:inst2|OUT_B[5]~120                                                                        ; |computador_mic|CPU:inst|DATAPATH:inst2|BANK_REGS:inst2|OUT_B[5]~120                                                                  ; combout          ;
; |computador_mic|CPU:inst|DATAPATH:inst2|BANK_REGS:inst2|H:inst5|REGISTER32bit:inst1|REGISTER8bit:inst|inst20                                ; |computador_mic|CPU:inst|DATAPATH:inst2|BANK_REGS:inst2|H:inst5|REGISTER32bit:inst1|REGISTER8bit:inst|inst20                          ; regout           ;
; |computador_mic|CPU:inst|DATAPATH:inst2|BANK_REGS:inst2|SP:inst50|REGISTER32bit:inst1|REGISTER8bit:inst|inst16                              ; |computador_mic|CPU:inst|DATAPATH:inst2|BANK_REGS:inst2|SP:inst50|REGISTER32bit:inst1|REGISTER8bit:inst|inst16                        ; regout           ;
; |computador_mic|CPU:inst|DATAPATH:inst2|BANK_REGS:inst2|LV:inst51|REGISTER32bit:inst1|REGISTER8bit:inst|inst16                              ; |computador_mic|CPU:inst|DATAPATH:inst2|BANK_REGS:inst2|LV:inst51|REGISTER32bit:inst1|REGISTER8bit:inst|inst16                        ; regout           ;
; |computador_mic|CPU:inst|DATAPATH:inst2|BANK_REGS:inst2|CPP:inst52|REGISTER32bit:inst1|REGISTER8bit:inst|inst16                             ; |computador_mic|CPU:inst|DATAPATH:inst2|BANK_REGS:inst2|CPP:inst52|REGISTER32bit:inst1|REGISTER8bit:inst|inst16                       ; regout           ;
; |computador_mic|CPU:inst|DATAPATH:inst2|BANK_REGS:inst2|OPC:inst4|REGISTER32bit:inst1|REGISTER8bit:inst|inst16                              ; |computador_mic|CPU:inst|DATAPATH:inst2|BANK_REGS:inst2|OPC:inst4|REGISTER32bit:inst1|REGISTER8bit:inst|inst16                        ; regout           ;
; |computador_mic|CPU:inst|DATAPATH:inst2|BANK_REGS:inst2|TOS:inst53|REGISTER32bit:inst1|REGISTER8bit:inst|inst16                             ; |computador_mic|CPU:inst|DATAPATH:inst2|BANK_REGS:inst2|TOS:inst53|REGISTER32bit:inst1|REGISTER8bit:inst|inst16                       ; regout           ;
; |computador_mic|CPU:inst|DATAPATH:inst2|BANK_REGS:inst2|OUT_B[4]~124                                                                        ; |computador_mic|CPU:inst|DATAPATH:inst2|BANK_REGS:inst2|OUT_B[4]~124                                                                  ; combout          ;
; |computador_mic|CPU:inst|DATAPATH:inst2|BANK_REGS:inst2|MDR:inst1|REGISTER32bit:inst1|REGISTER8bit:inst|inst16                              ; |computador_mic|CPU:inst|DATAPATH:inst2|BANK_REGS:inst2|MDR:inst1|REGISTER32bit:inst1|REGISTER8bit:inst|inst16                        ; regout           ;
; |computador_mic|CPU:inst|DATAPATH:inst2|BANK_REGS:inst2|H:inst5|REGISTER32bit:inst1|REGISTER8bit:inst|inst16                                ; |computador_mic|CPU:inst|DATAPATH:inst2|BANK_REGS:inst2|H:inst5|REGISTER32bit:inst1|REGISTER8bit:inst|inst16                          ; regout           ;
; |computador_mic|CPU:inst|DATAPATH:inst2|ULA_32bit:inst|ULA_8bit:inst|ULA_1bit:inst5|inst1                                                   ; |computador_mic|CPU:inst|DATAPATH:inst2|ULA_32bit:inst|ULA_8bit:inst|ULA_1bit:inst5|inst1                                             ; combout          ;
; |computador_mic|CPU:inst|DATAPATH:inst2|ULA_32bit:inst|ULA_8bit:inst|ULA_1bit:inst5|FULLADDER_1bit:inst7|inst4                              ; |computador_mic|CPU:inst|DATAPATH:inst2|ULA_32bit:inst|ULA_8bit:inst|ULA_1bit:inst5|FULLADDER_1bit:inst7|inst4                        ; combout          ;
; |computador_mic|CPU:inst|DATAPATH:inst2|ULA_32bit:inst|ULA_8bit:inst|ULA_1bit:inst6|FULLADDER_1bit:inst7|inst4                              ; |computador_mic|CPU:inst|DATAPATH:inst2|ULA_32bit:inst|ULA_8bit:inst|ULA_1bit:inst6|FULLADDER_1bit:inst7|inst4                        ; combout          ;
; |computador_mic|CPU:inst|DATAPATH:inst2|BANK_REGS:inst2|SP:inst50|REGISTER32bit:inst1|REGISTER8bit:inst|inst12                              ; |computador_mic|CPU:inst|DATAPATH:inst2|BANK_REGS:inst2|SP:inst50|REGISTER32bit:inst1|REGISTER8bit:inst|inst12                        ; regout           ;
; |computador_mic|CPU:inst|DATAPATH:inst2|BANK_REGS:inst2|CPP:inst52|REGISTER32bit:inst1|REGISTER8bit:inst|inst12                             ; |computador_mic|CPU:inst|DATAPATH:inst2|BANK_REGS:inst2|CPP:inst52|REGISTER32bit:inst1|REGISTER8bit:inst|inst12                       ; regout           ;
; |computador_mic|CPU:inst|DATAPATH:inst2|BANK_REGS:inst2|LV:inst51|REGISTER32bit:inst1|REGISTER8bit:inst|inst12                              ; |computador_mic|CPU:inst|DATAPATH:inst2|BANK_REGS:inst2|LV:inst51|REGISTER32bit:inst1|REGISTER8bit:inst|inst12                        ; regout           ;
; |computador_mic|CPU:inst|DATAPATH:inst2|BANK_REGS:inst2|OUT_B[3]~128                                                                        ; |computador_mic|CPU:inst|DATAPATH:inst2|BANK_REGS:inst2|OUT_B[3]~128                                                                  ; combout          ;
; |computador_mic|CPU:inst|DATAPATH:inst2|BANK_REGS:inst2|OPC:inst4|REGISTER32bit:inst1|REGISTER8bit:inst|inst12                              ; |computador_mic|CPU:inst|DATAPATH:inst2|BANK_REGS:inst2|OPC:inst4|REGISTER32bit:inst1|REGISTER8bit:inst|inst12                        ; regout           ;
; |computador_mic|CPU:inst|DATAPATH:inst2|BANK_REGS:inst2|OUT_B[3]~129                                                                        ; |computador_mic|CPU:inst|DATAPATH:inst2|BANK_REGS:inst2|OUT_B[3]~129                                                                  ; combout          ;
; |computador_mic|CPU:inst|DATAPATH:inst2|BANK_REGS:inst2|H:inst5|REGISTER32bit:inst1|REGISTER8bit:inst|inst12                                ; |computador_mic|CPU:inst|DATAPATH:inst2|BANK_REGS:inst2|H:inst5|REGISTER32bit:inst1|REGISTER8bit:inst|inst12                          ; regout           ;
; |computador_mic|CPU:inst|DATAPATH:inst2|ULA_32bit:inst|ULA_8bit:inst|ULA_1bit:inst4|inst1                                                   ; |computador_mic|CPU:inst|DATAPATH:inst2|ULA_32bit:inst|ULA_8bit:inst|ULA_1bit:inst4|inst1                                             ; combout          ;
; |computador_mic|CPU:inst|DATAPATH:inst2|BANK_REGS:inst2|CPP:inst52|REGISTER32bit:inst1|REGISTER8bit:inst|inst8                              ; |computador_mic|CPU:inst|DATAPATH:inst2|BANK_REGS:inst2|CPP:inst52|REGISTER32bit:inst1|REGISTER8bit:inst|inst8                        ; regout           ;
; |computador_mic|CPU:inst|DATAPATH:inst2|BANK_REGS:inst2|LV:inst51|REGISTER32bit:inst1|REGISTER8bit:inst|inst8                               ; |computador_mic|CPU:inst|DATAPATH:inst2|BANK_REGS:inst2|LV:inst51|REGISTER32bit:inst1|REGISTER8bit:inst|inst8                         ; regout           ;
; |computador_mic|CPU:inst|DATAPATH:inst2|BANK_REGS:inst2|OUT_B[2]~133                                                                        ; |computador_mic|CPU:inst|DATAPATH:inst2|BANK_REGS:inst2|OUT_B[2]~133                                                                  ; combout          ;
; |computador_mic|CPU:inst|DATAPATH:inst2|BANK_REGS:inst2|OPC:inst4|REGISTER32bit:inst1|REGISTER8bit:inst|inst8                               ; |computador_mic|CPU:inst|DATAPATH:inst2|BANK_REGS:inst2|OPC:inst4|REGISTER32bit:inst1|REGISTER8bit:inst|inst8                         ; regout           ;
; |computador_mic|CPU:inst|DATAPATH:inst2|BANK_REGS:inst2|CPP:inst52|REGISTER32bit:inst1|REGISTER8bit:inst|inst5                              ; |computador_mic|CPU:inst|DATAPATH:inst2|BANK_REGS:inst2|CPP:inst52|REGISTER32bit:inst1|REGISTER8bit:inst|inst5                        ; regout           ;
; |computador_mic|CPU:inst|DATAPATH:inst2|BANK_REGS:inst2|LV:inst51|REGISTER32bit:inst1|REGISTER8bit:inst|inst5                               ; |computador_mic|CPU:inst|DATAPATH:inst2|BANK_REGS:inst2|LV:inst51|REGISTER32bit:inst1|REGISTER8bit:inst|inst5                         ; regout           ;
; |computador_mic|CPU:inst|DATAPATH:inst2|BANK_REGS:inst2|OUT_B[1]~138                                                                        ; |computador_mic|CPU:inst|DATAPATH:inst2|BANK_REGS:inst2|OUT_B[1]~138                                                                  ; combout          ;
; |computador_mic|CPU:inst|DATAPATH:inst2|BANK_REGS:inst2|OPC:inst4|REGISTER32bit:inst1|REGISTER8bit:inst|inst5                               ; |computador_mic|CPU:inst|DATAPATH:inst2|BANK_REGS:inst2|OPC:inst4|REGISTER32bit:inst1|REGISTER8bit:inst|inst5                         ; regout           ;
; |computador_mic|CPU:inst|DATAPATH:inst2|BANK_REGS:inst2|CPP:inst52|REGISTER32bit:inst1|REGISTER8bit:inst|inst                               ; |computador_mic|CPU:inst|DATAPATH:inst2|BANK_REGS:inst2|CPP:inst52|REGISTER32bit:inst1|REGISTER8bit:inst|inst                         ; regout           ;
; |computador_mic|CPU:inst|DATAPATH:inst2|BANK_REGS:inst2|LV:inst51|REGISTER32bit:inst1|REGISTER8bit:inst|inst                                ; |computador_mic|CPU:inst|DATAPATH:inst2|BANK_REGS:inst2|LV:inst51|REGISTER32bit:inst1|REGISTER8bit:inst|inst                          ; regout           ;
; |computador_mic|CPU:inst|DATAPATH:inst2|BANK_REGS:inst2|OUT_B[0]~143                                                                        ; |computador_mic|CPU:inst|DATAPATH:inst2|BANK_REGS:inst2|OUT_B[0]~143                                                                  ; combout          ;
; |computador_mic|CPU:inst|DATAPATH:inst2|BANK_REGS:inst2|OPC:inst4|REGISTER32bit:inst1|REGISTER8bit:inst|inst                                ; |computador_mic|CPU:inst|DATAPATH:inst2|BANK_REGS:inst2|OPC:inst4|REGISTER32bit:inst1|REGISTER8bit:inst|inst                          ; regout           ;
; |computador_mic|CPU:inst|CONTROL_UNIT:inst|MPC_GENERATOR:inst|inst1                                                                         ; |computador_mic|CPU:inst|CONTROL_UNIT:inst|MPC_GENERATOR:inst|inst1                                                                   ; regout           ;
; |computador_mic|CPU:inst|CONTROL_UNIT:inst|MPC_GENERATOR:inst|inst~0                                                                        ; |computador_mic|CPU:inst|CONTROL_UNIT:inst|MPC_GENERATOR:inst|inst~0                                                                  ; combout          ;
; |computador_mic|CPU:inst|CONTROL_UNIT:inst|MPC_GENERATOR:inst|inst                                                                          ; |computador_mic|CPU:inst|CONTROL_UNIT:inst|MPC_GENERATOR:inst|inst                                                                    ; combout          ;
; |computador_mic|CPU:inst|CONTROL_UNIT:inst|inst2[7]                                                                                         ; |computador_mic|CPU:inst|CONTROL_UNIT:inst|inst2[7]                                                                                   ; regout           ;
; |computador_mic|CPU:inst|CONTROL_UNIT:inst|MPC_GENERATOR:inst|inst12[7]                                                                     ; |computador_mic|CPU:inst|CONTROL_UNIT:inst|MPC_GENERATOR:inst|inst12[7]                                                               ; combout          ;
; |computador_mic|CPU:inst|DATAPATH:inst2|BANK_REGS:inst2|CPP:inst52|REGISTER32bit:inst1|inst12                                               ; |computador_mic|CPU:inst|DATAPATH:inst2|BANK_REGS:inst2|CPP:inst52|REGISTER32bit:inst1|inst12                                         ; combout          ;
; |computador_mic|CPU:inst|DATAPATH:inst2|BANK_REGS:inst2|LV:inst51|REGISTER32bit:inst1|inst12                                                ; |computador_mic|CPU:inst|DATAPATH:inst2|BANK_REGS:inst2|LV:inst51|REGISTER32bit:inst1|inst12                                          ; combout          ;
; |computador_mic|CPU:inst|DATAPATH:inst2|BANK_REGS:inst2|OPC:inst4|REGISTER32bit:inst1|inst12                                                ; |computador_mic|CPU:inst|DATAPATH:inst2|BANK_REGS:inst2|OPC:inst4|REGISTER32bit:inst1|inst12                                          ; combout          ;
; |computador_mic|PC[31]                                                                                                                      ; |computador_mic|PC[31]                                                                                                                ; padio            ;
; |computador_mic|PC[30]                                                                                                                      ; |computador_mic|PC[30]                                                                                                                ; padio            ;
; |computador_mic|PC[29]                                                                                                                      ; |computador_mic|PC[29]                                                                                                                ; padio            ;
; |computador_mic|PC[28]                                                                                                                      ; |computador_mic|PC[28]                                                                                                                ; padio            ;
; |computador_mic|PC[27]                                                                                                                      ; |computador_mic|PC[27]                                                                                                                ; padio            ;
; |computador_mic|PC[26]                                                                                                                      ; |computador_mic|PC[26]                                                                                                                ; padio            ;
; |computador_mic|PC[25]                                                                                                                      ; |computador_mic|PC[25]                                                                                                                ; padio            ;
; |computador_mic|PC[24]                                                                                                                      ; |computador_mic|PC[24]                                                                                                                ; padio            ;
; |computador_mic|PC[23]                                                                                                                      ; |computador_mic|PC[23]                                                                                                                ; padio            ;
; |computador_mic|PC[22]                                                                                                                      ; |computador_mic|PC[22]                                                                                                                ; padio            ;
; |computador_mic|PC[21]                                                                                                                      ; |computador_mic|PC[21]                                                                                                                ; padio            ;
; |computador_mic|PC[20]                                                                                                                      ; |computador_mic|PC[20]                                                                                                                ; padio            ;
; |computador_mic|PC[19]                                                                                                                      ; |computador_mic|PC[19]                                                                                                                ; padio            ;
; |computador_mic|PC[18]                                                                                                                      ; |computador_mic|PC[18]                                                                                                                ; padio            ;
; |computador_mic|PC[17]                                                                                                                      ; |computador_mic|PC[17]                                                                                                                ; padio            ;
; |computador_mic|PC[16]                                                                                                                      ; |computador_mic|PC[16]                                                                                                                ; padio            ;
; |computador_mic|PC[15]                                                                                                                      ; |computador_mic|PC[15]                                                                                                                ; padio            ;
; |computador_mic|PC[14]                                                                                                                      ; |computador_mic|PC[14]                                                                                                                ; padio            ;
; |computador_mic|PC[13]                                                                                                                      ; |computador_mic|PC[13]                                                                                                                ; padio            ;
; |computador_mic|PC[12]                                                                                                                      ; |computador_mic|PC[12]                                                                                                                ; padio            ;
; |computador_mic|PC[11]                                                                                                                      ; |computador_mic|PC[11]                                                                                                                ; padio            ;
; |computador_mic|PC[10]                                                                                                                      ; |computador_mic|PC[10]                                                                                                                ; padio            ;
; |computador_mic|PC[9]                                                                                                                       ; |computador_mic|PC[9]                                                                                                                 ; padio            ;
; |computador_mic|PC[8]                                                                                                                       ; |computador_mic|PC[8]                                                                                                                 ; padio            ;
; |computador_mic|DATA_MEM_ADDR[31]                                                                                                           ; |computador_mic|DATA_MEM_ADDR[31]                                                                                                     ; padio            ;
; |computador_mic|DATA_MEM_ADDR[30]                                                                                                           ; |computador_mic|DATA_MEM_ADDR[30]                                                                                                     ; padio            ;
; |computador_mic|DATA_MEM_ADDR[29]                                                                                                           ; |computador_mic|DATA_MEM_ADDR[29]                                                                                                     ; padio            ;
; |computador_mic|DATA_MEM_ADDR[28]                                                                                                           ; |computador_mic|DATA_MEM_ADDR[28]                                                                                                     ; padio            ;
; |computador_mic|DATA_MEM_ADDR[27]                                                                                                           ; |computador_mic|DATA_MEM_ADDR[27]                                                                                                     ; padio            ;
; |computador_mic|DATA_MEM_ADDR[26]                                                                                                           ; |computador_mic|DATA_MEM_ADDR[26]                                                                                                     ; padio            ;
; |computador_mic|DATA_MEM_ADDR[25]                                                                                                           ; |computador_mic|DATA_MEM_ADDR[25]                                                                                                     ; padio            ;
; |computador_mic|DATA_MEM_ADDR[24]                                                                                                           ; |computador_mic|DATA_MEM_ADDR[24]                                                                                                     ; padio            ;
; |computador_mic|DATA_MEM_ADDR[23]                                                                                                           ; |computador_mic|DATA_MEM_ADDR[23]                                                                                                     ; padio            ;
; |computador_mic|DATA_MEM_ADDR[22]                                                                                                           ; |computador_mic|DATA_MEM_ADDR[22]                                                                                                     ; padio            ;
; |computador_mic|DATA_MEM_ADDR[21]                                                                                                           ; |computador_mic|DATA_MEM_ADDR[21]                                                                                                     ; padio            ;
; |computador_mic|DATA_MEM_ADDR[20]                                                                                                           ; |computador_mic|DATA_MEM_ADDR[20]                                                                                                     ; padio            ;
; |computador_mic|DATA_MEM_ADDR[19]                                                                                                           ; |computador_mic|DATA_MEM_ADDR[19]                                                                                                     ; padio            ;
; |computador_mic|DATA_MEM_ADDR[18]                                                                                                           ; |computador_mic|DATA_MEM_ADDR[18]                                                                                                     ; padio            ;
; |computador_mic|DATA_MEM_ADDR[17]                                                                                                           ; |computador_mic|DATA_MEM_ADDR[17]                                                                                                     ; padio            ;
; |computador_mic|DATA_MEM_ADDR[16]                                                                                                           ; |computador_mic|DATA_MEM_ADDR[16]                                                                                                     ; padio            ;
; |computador_mic|DATA_MEM_ADDR[15]                                                                                                           ; |computador_mic|DATA_MEM_ADDR[15]                                                                                                     ; padio            ;
; |computador_mic|DATA_MEM_ADDR[14]                                                                                                           ; |computador_mic|DATA_MEM_ADDR[14]                                                                                                     ; padio            ;
; |computador_mic|DATA_MEM_ADDR[13]                                                                                                           ; |computador_mic|DATA_MEM_ADDR[13]                                                                                                     ; padio            ;
; |computador_mic|DATA_MEM_ADDR[12]                                                                                                           ; |computador_mic|DATA_MEM_ADDR[12]                                                                                                     ; padio            ;
; |computador_mic|DATA_MEM_ADDR[11]                                                                                                           ; |computador_mic|DATA_MEM_ADDR[11]                                                                                                     ; padio            ;
; |computador_mic|DATA_MEM_ADDR[10]                                                                                                           ; |computador_mic|DATA_MEM_ADDR[10]                                                                                                     ; padio            ;
; |computador_mic|DATA_MEM_ADDR[3]                                                                                                            ; |computador_mic|DATA_MEM_ADDR[3]                                                                                                      ; padio            ;
; |computador_mic|DATA_MEM_OUT[31]                                                                                                            ; |computador_mic|DATA_MEM_OUT[31]                                                                                                      ; padio            ;
; |computador_mic|DATA_MEM_OUT[30]                                                                                                            ; |computador_mic|DATA_MEM_OUT[30]                                                                                                      ; padio            ;
; |computador_mic|DATA_MEM_OUT[29]                                                                                                            ; |computador_mic|DATA_MEM_OUT[29]                                                                                                      ; padio            ;
; |computador_mic|DATA_MEM_OUT[25]                                                                                                            ; |computador_mic|DATA_MEM_OUT[25]                                                                                                      ; padio            ;
; |computador_mic|DATA_MEM_OUT[24]                                                                                                            ; |computador_mic|DATA_MEM_OUT[24]                                                                                                      ; padio            ;
; |computador_mic|DATA_MEM_OUT[23]                                                                                                            ; |computador_mic|DATA_MEM_OUT[23]                                                                                                      ; padio            ;
; |computador_mic|DATA_MEM_OUT[22]                                                                                                            ; |computador_mic|DATA_MEM_OUT[22]                                                                                                      ; padio            ;
; |computador_mic|DATA_MEM_OUT[21]                                                                                                            ; |computador_mic|DATA_MEM_OUT[21]                                                                                                      ; padio            ;
; |computador_mic|DATA_MEM_OUT[15]                                                                                                            ; |computador_mic|DATA_MEM_OUT[15]                                                                                                      ; padio            ;
; |computador_mic|DATA_MEM_OUT[14]                                                                                                            ; |computador_mic|DATA_MEM_OUT[14]                                                                                                      ; padio            ;
; |computador_mic|DATA_MEM_OUT[13]                                                                                                            ; |computador_mic|DATA_MEM_OUT[13]                                                                                                      ; padio            ;
; |computador_mic|DATA_MEM_OUT[8]                                                                                                             ; |computador_mic|DATA_MEM_OUT[8]                                                                                                       ; padio            ;
; |computador_mic|DATA_MEM_OUT[7]                                                                                                             ; |computador_mic|DATA_MEM_OUT[7]                                                                                                       ; padio            ;
; |computador_mic|DATA_MEM_OUT[6]                                                                                                             ; |computador_mic|DATA_MEM_OUT[6]                                                                                                       ; padio            ;
; |computador_mic|DATA_MEM_OUT[5]                                                                                                             ; |computador_mic|DATA_MEM_OUT[5]                                                                                                       ; padio            ;
; |computador_mic|DATA_MEM_OUT[4]                                                                                                             ; |computador_mic|DATA_MEM_OUT[4]                                                                                                       ; padio            ;
; |computador_mic|MBR_OUT[7]                                                                                                                  ; |computador_mic|MBR_OUT[7]                                                                                                            ; padio            ;
; |computador_mic|MIR[35]                                                                                                                     ; |computador_mic|MIR[35]                                                                                                               ; padio            ;
; |computador_mic|MIR[34]                                                                                                                     ; |computador_mic|MIR[34]                                                                                                               ; padio            ;
; |computador_mic|MIR[33]                                                                                                                     ; |computador_mic|MIR[33]                                                                                                               ; padio            ;
; |computador_mic|MIR[31]                                                                                                                     ; |computador_mic|MIR[31]                                                                                                               ; padio            ;
; |computador_mic|MIR[25]                                                                                                                     ; |computador_mic|MIR[25]                                                                                                               ; padio            ;
; |computador_mic|MIR[24]                                                                                                                     ; |computador_mic|MIR[24]                                                                                                               ; padio            ;
; |computador_mic|MIR[22]                                                                                                                     ; |computador_mic|MIR[22]                                                                                                               ; padio            ;
; |computador_mic|MIR[14]                                                                                                                     ; |computador_mic|MIR[14]                                                                                                               ; padio            ;
; |computador_mic|MIR[12]                                                                                                                     ; |computador_mic|MIR[12]                                                                                                               ; padio            ;
; |computador_mic|MIR[11]                                                                                                                     ; |computador_mic|MIR[11]                                                                                                               ; padio            ;
; |computador_mic|MIR[3]                                                                                                                      ; |computador_mic|MIR[3]                                                                                                                ; padio            ;
; |computador_mic|MPC[8]                                                                                                                      ; |computador_mic|MPC[8]                                                                                                                ; padio            ;
; |computador_mic|MPC[7]                                                                                                                      ; |computador_mic|MPC[7]                                                                                                                ; padio            ;
; |computador_mic|LOADN                                                                                                                       ; |computador_mic|LOADN~corein                                                                                                          ; combout          ;
; |computador_mic|CPU:inst|DATAPATH:inst2|BANK_REGS:inst2|CPP:inst52|REGISTER32bit:inst1|inst12~clkctrl                                       ; |computador_mic|CPU:inst|DATAPATH:inst2|BANK_REGS:inst2|CPP:inst52|REGISTER32bit:inst1|inst12~clkctrl                                 ; outclk           ;
; |computador_mic|CPU:inst|DATAPATH:inst2|BANK_REGS:inst2|LV:inst51|REGISTER32bit:inst1|inst12~clkctrl                                        ; |computador_mic|CPU:inst|DATAPATH:inst2|BANK_REGS:inst2|LV:inst51|REGISTER32bit:inst1|inst12~clkctrl                                  ; outclk           ;
; |computador_mic|CPU:inst|DATAPATH:inst2|BANK_REGS:inst2|OPC:inst4|REGISTER32bit:inst1|inst12~clkctrl                                        ; |computador_mic|CPU:inst|DATAPATH:inst2|BANK_REGS:inst2|OPC:inst4|REGISTER32bit:inst1|inst12~clkctrl                                  ; outclk           ;
; |computador_mic|LOADN~clkctrl                                                                                                               ; |computador_mic|LOADN~clkctrl                                                                                                         ; outclk           ;
+---------------------------------------------------------------------------------------------------------------------------------------------+---------------------------------------------------------------------------------------------------------------------------------------+------------------+


The following table displays output ports that do not toggle to 0 during simulation.
+--------------------------------------------------------------------------------------------------------------------------------------------------------------------------------------------------------------------------------------------------------------------------------------------------------+
; Missing 0-Value Coverage                                                                                                                                                                                                                                                                               ;
+---------------------------------------------------------------------------------------------------------------------------------------------+---------------------------------------------------------------------------------------------------------------------------------------+------------------+
; Node Name                                                                                                                                   ; Output Port Name                                                                                                                      ; Output Port Type ;
+---------------------------------------------------------------------------------------------------------------------------------------------+---------------------------------------------------------------------------------------------------------------------------------------+------------------+
; |computador_mic|CPU:inst|CONTROL_UNIT:inst|CONTROL_STORE:inst8|altsyncram:altsyncram_component|altsyncram_n6a1:auto_generated|ram_block1a0  ; |computador_mic|CPU:inst|CONTROL_UNIT:inst|CONTROL_STORE:inst8|altsyncram:altsyncram_component|altsyncram_n6a1:auto_generated|q_a[3]  ; portadataout3    ;
; |computador_mic|CPU:inst|DATAPATH:inst2|BANK_REGS:inst2|MDR:inst1|REGISTER32bit:inst1|REGISTER8bit:inst3|inst                               ; |computador_mic|CPU:inst|DATAPATH:inst2|BANK_REGS:inst2|MDR:inst1|REGISTER32bit:inst1|REGISTER8bit:inst3|inst                         ; regout           ;
; |computador_mic|CPU:inst|DATAPATH:inst2|BANK_REGS:inst2|MDR:inst1|REGISTER32bit:inst1|REGISTER8bit:inst3|inst8                              ; |computador_mic|CPU:inst|DATAPATH:inst2|BANK_REGS:inst2|MDR:inst1|REGISTER32bit:inst1|REGISTER8bit:inst3|inst8                        ; regout           ;
; |computador_mic|CPU:inst|DATAPATH:inst2|BANK_REGS:inst2|MDR:inst1|REGISTER32bit:inst1|REGISTER8bit:inst3|inst12                             ; |computador_mic|CPU:inst|DATAPATH:inst2|BANK_REGS:inst2|MDR:inst1|REGISTER32bit:inst1|REGISTER8bit:inst3|inst12                       ; regout           ;
; |computador_mic|CPU:inst|DATAPATH:inst2|BANK_REGS:inst2|MDR:inst1|REGISTER32bit:inst1|REGISTER8bit:inst3|inst24                             ; |computador_mic|CPU:inst|DATAPATH:inst2|BANK_REGS:inst2|MDR:inst1|REGISTER32bit:inst1|REGISTER8bit:inst3|inst24                       ; regout           ;
; |computador_mic|CPU:inst|DATAPATH:inst2|BANK_REGS:inst2|MDR:inst1|REGISTER32bit:inst1|REGISTER8bit:inst3|inst28                             ; |computador_mic|CPU:inst|DATAPATH:inst2|BANK_REGS:inst2|MDR:inst1|REGISTER32bit:inst1|REGISTER8bit:inst3|inst28                       ; regout           ;
; |computador_mic|CPU:inst|DATAPATH:inst2|BANK_REGS:inst2|MDR:inst1|REGISTER32bit:inst1|REGISTER8bit:inst2|inst                               ; |computador_mic|CPU:inst|DATAPATH:inst2|BANK_REGS:inst2|MDR:inst1|REGISTER32bit:inst1|REGISTER8bit:inst2|inst                         ; regout           ;
; |computador_mic|CPU:inst|DATAPATH:inst2|BANK_REGS:inst2|MDR:inst1|REGISTER32bit:inst1|REGISTER8bit:inst2|inst5                              ; |computador_mic|CPU:inst|DATAPATH:inst2|BANK_REGS:inst2|MDR:inst1|REGISTER32bit:inst1|REGISTER8bit:inst2|inst5                        ; regout           ;
; |computador_mic|CPU:inst|DATAPATH:inst2|BANK_REGS:inst2|MDR:inst1|REGISTER32bit:inst1|REGISTER8bit:inst2|inst8                              ; |computador_mic|CPU:inst|DATAPATH:inst2|BANK_REGS:inst2|MDR:inst1|REGISTER32bit:inst1|REGISTER8bit:inst2|inst8                        ; regout           ;
; |computador_mic|CPU:inst|DATAPATH:inst2|BANK_REGS:inst2|MDR:inst1|REGISTER32bit:inst1|REGISTER8bit:inst2|inst12                             ; |computador_mic|CPU:inst|DATAPATH:inst2|BANK_REGS:inst2|MDR:inst1|REGISTER32bit:inst1|REGISTER8bit:inst2|inst12                       ; regout           ;
; |computador_mic|CPU:inst|DATAPATH:inst2|BANK_REGS:inst2|MDR:inst1|REGISTER32bit:inst1|REGISTER8bit:inst1|inst                               ; |computador_mic|CPU:inst|DATAPATH:inst2|BANK_REGS:inst2|MDR:inst1|REGISTER32bit:inst1|REGISTER8bit:inst1|inst                         ; regout           ;
; |computador_mic|CPU:inst|DATAPATH:inst2|BANK_REGS:inst2|MDR:inst1|REGISTER32bit:inst1|REGISTER8bit:inst1|inst5                              ; |computador_mic|CPU:inst|DATAPATH:inst2|BANK_REGS:inst2|MDR:inst1|REGISTER32bit:inst1|REGISTER8bit:inst1|inst5                        ; regout           ;
; |computador_mic|CPU:inst|DATAPATH:inst2|BANK_REGS:inst2|MDR:inst1|REGISTER32bit:inst1|REGISTER8bit:inst1|inst8                              ; |computador_mic|CPU:inst|DATAPATH:inst2|BANK_REGS:inst2|MDR:inst1|REGISTER32bit:inst1|REGISTER8bit:inst1|inst8                        ; regout           ;
; |computador_mic|CPU:inst|DATAPATH:inst2|BANK_REGS:inst2|MDR:inst1|REGISTER32bit:inst1|REGISTER8bit:inst1|inst12                             ; |computador_mic|CPU:inst|DATAPATH:inst2|BANK_REGS:inst2|MDR:inst1|REGISTER32bit:inst1|REGISTER8bit:inst1|inst12                       ; regout           ;
; |computador_mic|CPU:inst|DATAPATH:inst2|BANK_REGS:inst2|MDR:inst1|REGISTER32bit:inst1|REGISTER8bit:inst1|inst28                             ; |computador_mic|CPU:inst|DATAPATH:inst2|BANK_REGS:inst2|MDR:inst1|REGISTER32bit:inst1|REGISTER8bit:inst1|inst28                       ; regout           ;
; |computador_mic|CPU:inst|CONTROL_UNIT:inst|CONTROL_STORE:inst8|altsyncram:altsyncram_component|altsyncram_n6a1:auto_generated|ram_block1a16 ; |computador_mic|CPU:inst|CONTROL_UNIT:inst|CONTROL_STORE:inst8|altsyncram:altsyncram_component|altsyncram_n6a1:auto_generated|q_a[22] ; portadataout1    ;
; |computador_mic|CPU:inst|CONTROL_UNIT:inst|CONTROL_STORE:inst8|altsyncram:altsyncram_component|altsyncram_n6a1:auto_generated|ram_block1a16 ; |computador_mic|CPU:inst|CONTROL_UNIT:inst|CONTROL_STORE:inst8|altsyncram:altsyncram_component|altsyncram_n6a1:auto_generated|q_a[31] ; portadataout4    ;
; |computador_mic|CPU:inst|CONTROL_UNIT:inst|CONTROL_STORE:inst8|altsyncram:altsyncram_component|altsyncram_n6a1:auto_generated|ram_block1a16 ; |computador_mic|CPU:inst|CONTROL_UNIT:inst|CONTROL_STORE:inst8|altsyncram:altsyncram_component|altsyncram_n6a1:auto_generated|q_a[33] ; portadataout6    ;
; |computador_mic|CPU:inst|CONTROL_UNIT:inst|CONTROL_STORE:inst8|altsyncram:altsyncram_component|altsyncram_n6a1:auto_generated|ram_block1a16 ; |computador_mic|CPU:inst|CONTROL_UNIT:inst|CONTROL_STORE:inst8|altsyncram:altsyncram_component|altsyncram_n6a1:auto_generated|q_a[34] ; portadataout7    ;
; |computador_mic|CPU:inst|CONTROL_UNIT:inst|CONTROL_STORE:inst8|altsyncram:altsyncram_component|altsyncram_n6a1:auto_generated|ram_block1a16 ; |computador_mic|CPU:inst|CONTROL_UNIT:inst|CONTROL_STORE:inst8|altsyncram:altsyncram_component|altsyncram_n6a1:auto_generated|q_a[35] ; portadataout8    ;
; |computador_mic|CPU:inst|CONTROL_UNIT:inst|CONTROL_STORE:inst8|altsyncram:altsyncram_component|altsyncram_n6a1:auto_generated|ram_block1a7  ; |computador_mic|CPU:inst|CONTROL_UNIT:inst|CONTROL_STORE:inst8|altsyncram:altsyncram_component|altsyncram_n6a1:auto_generated|q_a[11] ; portadataout4    ;
; |computador_mic|CPU:inst|CONTROL_UNIT:inst|CONTROL_STORE:inst8|altsyncram:altsyncram_component|altsyncram_n6a1:auto_generated|ram_block1a7  ; |computador_mic|CPU:inst|CONTROL_UNIT:inst|CONTROL_STORE:inst8|altsyncram:altsyncram_component|altsyncram_n6a1:auto_generated|q_a[12] ; portadataout5    ;
; |computador_mic|CPU:inst|CONTROL_UNIT:inst|CONTROL_STORE:inst8|altsyncram:altsyncram_component|altsyncram_n6a1:auto_generated|ram_block1a7  ; |computador_mic|CPU:inst|CONTROL_UNIT:inst|CONTROL_STORE:inst8|altsyncram:altsyncram_component|altsyncram_n6a1:auto_generated|q_a[14] ; portadataout7    ;
; |computador_mic|CPU:inst|CONTROL_UNIT:inst|CONTROL_STORE:inst8|altsyncram:altsyncram_component|altsyncram_n6a1:auto_generated|ram_block1a4  ; |computador_mic|CPU:inst|CONTROL_UNIT:inst|CONTROL_STORE:inst8|altsyncram:altsyncram_component|altsyncram_n6a1:auto_generated|q_a[24] ; portadataout3    ;
; |computador_mic|CPU:inst|CONTROL_UNIT:inst|CONTROL_STORE:inst8|altsyncram:altsyncram_component|altsyncram_n6a1:auto_generated|ram_block1a4  ; |computador_mic|CPU:inst|CONTROL_UNIT:inst|CONTROL_STORE:inst8|altsyncram:altsyncram_component|altsyncram_n6a1:auto_generated|q_a[25] ; portadataout4    ;
; |computador_mic|RAM:inst3|altsyncram:altsyncram_component|altsyncram_fcb2:auto_generated|ram_block1a7                                       ; |computador_mic|RAM:inst3|altsyncram:altsyncram_component|altsyncram_fcb2:auto_generated|q_a[7]                                       ; portadataout0    ;
; |computador_mic|RAM:inst3|altsyncram:altsyncram_component|altsyncram_fcb2:auto_generated|ram_block1a7                                       ; |computador_mic|RAM:inst3|altsyncram:altsyncram_component|altsyncram_fcb2:auto_generated|q_b[7]                                       ; portbdataout0    ;
; |computador_mic|RAM:inst3|altsyncram:altsyncram_component|altsyncram_fcb2:auto_generated|ram_block1a7                                       ; |computador_mic|RAM:inst3|altsyncram:altsyncram_component|altsyncram_fcb2:auto_generated|q_b[15]                                      ; portbdataout1    ;
; |computador_mic|RAM:inst3|altsyncram:altsyncram_component|altsyncram_fcb2:auto_generated|ram_block1a7                                       ; |computador_mic|RAM:inst3|altsyncram:altsyncram_component|altsyncram_fcb2:auto_generated|q_b[23]                                      ; portbdataout2    ;
; |computador_mic|RAM:inst3|altsyncram:altsyncram_component|altsyncram_fcb2:auto_generated|ram_block1a7                                       ; |computador_mic|RAM:inst3|altsyncram:altsyncram_component|altsyncram_fcb2:auto_generated|q_b[31]                                      ; portbdataout3    ;
; |computador_mic|RAM:inst3|altsyncram:altsyncram_component|altsyncram_fcb2:auto_generated|ram_block1a6                                       ; |computador_mic|RAM:inst3|altsyncram:altsyncram_component|altsyncram_fcb2:auto_generated|q_b[6]                                       ; portbdataout0    ;
; |computador_mic|RAM:inst3|altsyncram:altsyncram_component|altsyncram_fcb2:auto_generated|ram_block1a6                                       ; |computador_mic|RAM:inst3|altsyncram:altsyncram_component|altsyncram_fcb2:auto_generated|q_b[14]                                      ; portbdataout1    ;
; |computador_mic|RAM:inst3|altsyncram:altsyncram_component|altsyncram_fcb2:auto_generated|ram_block1a6                                       ; |computador_mic|RAM:inst3|altsyncram:altsyncram_component|altsyncram_fcb2:auto_generated|q_b[22]                                      ; portbdataout2    ;
; |computador_mic|RAM:inst3|altsyncram:altsyncram_component|altsyncram_fcb2:auto_generated|ram_block1a6                                       ; |computador_mic|RAM:inst3|altsyncram:altsyncram_component|altsyncram_fcb2:auto_generated|q_b[30]                                      ; portbdataout3    ;
; |computador_mic|RAM:inst3|altsyncram:altsyncram_component|altsyncram_fcb2:auto_generated|ram_block1a5                                       ; |computador_mic|RAM:inst3|altsyncram:altsyncram_component|altsyncram_fcb2:auto_generated|q_b[5]                                       ; portbdataout0    ;
; |computador_mic|RAM:inst3|altsyncram:altsyncram_component|altsyncram_fcb2:auto_generated|ram_block1a5                                       ; |computador_mic|RAM:inst3|altsyncram:altsyncram_component|altsyncram_fcb2:auto_generated|q_b[13]                                      ; portbdataout1    ;
; |computador_mic|RAM:inst3|altsyncram:altsyncram_component|altsyncram_fcb2:auto_generated|ram_block1a5                                       ; |computador_mic|RAM:inst3|altsyncram:altsyncram_component|altsyncram_fcb2:auto_generated|q_b[21]                                      ; portbdataout2    ;
; |computador_mic|RAM:inst3|altsyncram:altsyncram_component|altsyncram_fcb2:auto_generated|ram_block1a5                                       ; |computador_mic|RAM:inst3|altsyncram:altsyncram_component|altsyncram_fcb2:auto_generated|q_b[29]                                      ; portbdataout3    ;
; |computador_mic|RAM:inst3|altsyncram:altsyncram_component|altsyncram_fcb2:auto_generated|ram_block1a4                                       ; |computador_mic|RAM:inst3|altsyncram:altsyncram_component|altsyncram_fcb2:auto_generated|q_b[4]                                       ; portbdataout0    ;
; |computador_mic|RAM:inst3|altsyncram:altsyncram_component|altsyncram_fcb2:auto_generated|ram_block1a4                                       ; |computador_mic|RAM:inst3|altsyncram:altsyncram_component|altsyncram_fcb2:auto_generated|q_b[20]                                      ; portbdataout2    ;
; |computador_mic|RAM:inst3|altsyncram:altsyncram_component|altsyncram_fcb2:auto_generated|ram_block1a4                                       ; |computador_mic|RAM:inst3|altsyncram:altsyncram_component|altsyncram_fcb2:auto_generated|q_b[28]                                      ; portbdataout3    ;
; |computador_mic|RAM:inst3|altsyncram:altsyncram_component|altsyncram_fcb2:auto_generated|ram_block1a3                                       ; |computador_mic|RAM:inst3|altsyncram:altsyncram_component|altsyncram_fcb2:auto_generated|q_b[3]                                       ; portbdataout0    ;
; |computador_mic|RAM:inst3|altsyncram:altsyncram_component|altsyncram_fcb2:auto_generated|ram_block1a1                                       ; |computador_mic|RAM:inst3|altsyncram:altsyncram_component|altsyncram_fcb2:auto_generated|q_b[25]                                      ; portbdataout3    ;
; |computador_mic|RAM:inst3|altsyncram:altsyncram_component|altsyncram_fcb2:auto_generated|ram_block1a0                                       ; |computador_mic|RAM:inst3|altsyncram:altsyncram_component|altsyncram_fcb2:auto_generated|q_b[24]                                      ; portbdataout3    ;
; |computador_mic|CPU:inst|DATAPATH:inst2|BANK_REGS:inst2|PC:inst2|REGISTER32bit:inst1|REGISTER8bit:inst3|inst                                ; |computador_mic|CPU:inst|DATAPATH:inst2|BANK_REGS:inst2|PC:inst2|REGISTER32bit:inst1|REGISTER8bit:inst3|inst                          ; regout           ;
; |computador_mic|CPU:inst|DATAPATH:inst2|BANK_REGS:inst2|PC:inst2|REGISTER32bit:inst1|REGISTER8bit:inst3|inst5                               ; |computador_mic|CPU:inst|DATAPATH:inst2|BANK_REGS:inst2|PC:inst2|REGISTER32bit:inst1|REGISTER8bit:inst3|inst5                         ; regout           ;
; |computador_mic|CPU:inst|DATAPATH:inst2|BANK_REGS:inst2|PC:inst2|REGISTER32bit:inst1|REGISTER8bit:inst3|inst8                               ; |computador_mic|CPU:inst|DATAPATH:inst2|BANK_REGS:inst2|PC:inst2|REGISTER32bit:inst1|REGISTER8bit:inst3|inst8                         ; regout           ;
; |computador_mic|CPU:inst|DATAPATH:inst2|BANK_REGS:inst2|PC:inst2|REGISTER32bit:inst1|REGISTER8bit:inst3|inst12                              ; |computador_mic|CPU:inst|DATAPATH:inst2|BANK_REGS:inst2|PC:inst2|REGISTER32bit:inst1|REGISTER8bit:inst3|inst12                        ; regout           ;
; |computador_mic|CPU:inst|DATAPATH:inst2|BANK_REGS:inst2|PC:inst2|REGISTER32bit:inst1|REGISTER8bit:inst3|inst16                              ; |computador_mic|CPU:inst|DATAPATH:inst2|BANK_REGS:inst2|PC:inst2|REGISTER32bit:inst1|REGISTER8bit:inst3|inst16                        ; regout           ;
; |computador_mic|CPU:inst|DATAPATH:inst2|BANK_REGS:inst2|PC:inst2|REGISTER32bit:inst1|REGISTER8bit:inst3|inst20                              ; |computador_mic|CPU:inst|DATAPATH:inst2|BANK_REGS:inst2|PC:inst2|REGISTER32bit:inst1|REGISTER8bit:inst3|inst20                        ; regout           ;
; |computador_mic|CPU:inst|DATAPATH:inst2|BANK_REGS:inst2|PC:inst2|REGISTER32bit:inst1|REGISTER8bit:inst3|inst24                              ; |computador_mic|CPU:inst|DATAPATH:inst2|BANK_REGS:inst2|PC:inst2|REGISTER32bit:inst1|REGISTER8bit:inst3|inst24                        ; regout           ;
; |computador_mic|CPU:inst|DATAPATH:inst2|BANK_REGS:inst2|PC:inst2|REGISTER32bit:inst1|REGISTER8bit:inst3|inst28                              ; |computador_mic|CPU:inst|DATAPATH:inst2|BANK_REGS:inst2|PC:inst2|REGISTER32bit:inst1|REGISTER8bit:inst3|inst28                        ; regout           ;
; |computador_mic|CPU:inst|DATAPATH:inst2|BANK_REGS:inst2|PC:inst2|REGISTER32bit:inst1|REGISTER8bit:inst2|inst                                ; |computador_mic|CPU:inst|DATAPATH:inst2|BANK_REGS:inst2|PC:inst2|REGISTER32bit:inst1|REGISTER8bit:inst2|inst                          ; regout           ;
; |computador_mic|CPU:inst|DATAPATH:inst2|BANK_REGS:inst2|PC:inst2|REGISTER32bit:inst1|REGISTER8bit:inst2|inst5                               ; |computador_mic|CPU:inst|DATAPATH:inst2|BANK_REGS:inst2|PC:inst2|REGISTER32bit:inst1|REGISTER8bit:inst2|inst5                         ; regout           ;
; |computador_mic|CPU:inst|DATAPATH:inst2|BANK_REGS:inst2|PC:inst2|REGISTER32bit:inst1|REGISTER8bit:inst2|inst8                               ; |computador_mic|CPU:inst|DATAPATH:inst2|BANK_REGS:inst2|PC:inst2|REGISTER32bit:inst1|REGISTER8bit:inst2|inst8                         ; regout           ;
; |computador_mic|CPU:inst|DATAPATH:inst2|BANK_REGS:inst2|PC:inst2|REGISTER32bit:inst1|REGISTER8bit:inst2|inst12                              ; |computador_mic|CPU:inst|DATAPATH:inst2|BANK_REGS:inst2|PC:inst2|REGISTER32bit:inst1|REGISTER8bit:inst2|inst12                        ; regout           ;
; |computador_mic|CPU:inst|DATAPATH:inst2|BANK_REGS:inst2|PC:inst2|REGISTER32bit:inst1|REGISTER8bit:inst2|inst16                              ; |computador_mic|CPU:inst|DATAPATH:inst2|BANK_REGS:inst2|PC:inst2|REGISTER32bit:inst1|REGISTER8bit:inst2|inst16                        ; regout           ;
; |computador_mic|CPU:inst|DATAPATH:inst2|BANK_REGS:inst2|PC:inst2|REGISTER32bit:inst1|REGISTER8bit:inst2|inst20                              ; |computador_mic|CPU:inst|DATAPATH:inst2|BANK_REGS:inst2|PC:inst2|REGISTER32bit:inst1|REGISTER8bit:inst2|inst20                        ; regout           ;
; |computador_mic|CPU:inst|DATAPATH:inst2|BANK_REGS:inst2|PC:inst2|REGISTER32bit:inst1|REGISTER8bit:inst2|inst24                              ; |computador_mic|CPU:inst|DATAPATH:inst2|BANK_REGS:inst2|PC:inst2|REGISTER32bit:inst1|REGISTER8bit:inst2|inst24                        ; regout           ;
; |computador_mic|CPU:inst|DATAPATH:inst2|BANK_REGS:inst2|PC:inst2|REGISTER32bit:inst1|REGISTER8bit:inst2|inst28                              ; |computador_mic|CPU:inst|DATAPATH:inst2|BANK_REGS:inst2|PC:inst2|REGISTER32bit:inst1|REGISTER8bit:inst2|inst28                        ; regout           ;
; |computador_mic|CPU:inst|DATAPATH:inst2|BANK_REGS:inst2|PC:inst2|REGISTER32bit:inst1|REGISTER8bit:inst1|inst                                ; |computador_mic|CPU:inst|DATAPATH:inst2|BANK_REGS:inst2|PC:inst2|REGISTER32bit:inst1|REGISTER8bit:inst1|inst                          ; regout           ;
; |computador_mic|CPU:inst|DATAPATH:inst2|BANK_REGS:inst2|PC:inst2|REGISTER32bit:inst1|REGISTER8bit:inst1|inst5                               ; |computador_mic|CPU:inst|DATAPATH:inst2|BANK_REGS:inst2|PC:inst2|REGISTER32bit:inst1|REGISTER8bit:inst1|inst5                         ; regout           ;
; |computador_mic|CPU:inst|DATAPATH:inst2|BANK_REGS:inst2|PC:inst2|REGISTER32bit:inst1|REGISTER8bit:inst1|inst8                               ; |computador_mic|CPU:inst|DATAPATH:inst2|BANK_REGS:inst2|PC:inst2|REGISTER32bit:inst1|REGISTER8bit:inst1|inst8                         ; regout           ;
; |computador_mic|CPU:inst|DATAPATH:inst2|BANK_REGS:inst2|PC:inst2|REGISTER32bit:inst1|REGISTER8bit:inst1|inst12                              ; |computador_mic|CPU:inst|DATAPATH:inst2|BANK_REGS:inst2|PC:inst2|REGISTER32bit:inst1|REGISTER8bit:inst1|inst12                        ; regout           ;
; |computador_mic|CPU:inst|DATAPATH:inst2|BANK_REGS:inst2|PC:inst2|REGISTER32bit:inst1|REGISTER8bit:inst1|inst16                              ; |computador_mic|CPU:inst|DATAPATH:inst2|BANK_REGS:inst2|PC:inst2|REGISTER32bit:inst1|REGISTER8bit:inst1|inst16                        ; regout           ;
; |computador_mic|CPU:inst|DATAPATH:inst2|BANK_REGS:inst2|PC:inst2|REGISTER32bit:inst1|REGISTER8bit:inst1|inst20                              ; |computador_mic|CPU:inst|DATAPATH:inst2|BANK_REGS:inst2|PC:inst2|REGISTER32bit:inst1|REGISTER8bit:inst1|inst20                        ; regout           ;
; |computador_mic|CPU:inst|DATAPATH:inst2|BANK_REGS:inst2|PC:inst2|REGISTER32bit:inst1|REGISTER8bit:inst1|inst24                              ; |computador_mic|CPU:inst|DATAPATH:inst2|BANK_REGS:inst2|PC:inst2|REGISTER32bit:inst1|REGISTER8bit:inst1|inst24                        ; regout           ;
; |computador_mic|CPU:inst|DATAPATH:inst2|BANK_REGS:inst2|PC:inst2|REGISTER32bit:inst1|REGISTER8bit:inst1|inst28                              ; |computador_mic|CPU:inst|DATAPATH:inst2|BANK_REGS:inst2|PC:inst2|REGISTER32bit:inst1|REGISTER8bit:inst1|inst28                        ; regout           ;
; |computador_mic|CPU:inst|DATAPATH:inst2|BANK_REGS:inst2|PC:inst2|REGISTER32bit:inst1|REGISTER8bit:inst|inst28                               ; |computador_mic|CPU:inst|DATAPATH:inst2|BANK_REGS:inst2|PC:inst2|REGISTER32bit:inst1|REGISTER8bit:inst|inst28                         ; regout           ;
; |computador_mic|CPU:inst|DATAPATH:inst2|BANK_REGS:inst2|MAR:inst|REGISTER32bit:inst1|REGISTER8bit:inst3|inst                                ; |computador_mic|CPU:inst|DATAPATH:inst2|BANK_REGS:inst2|MAR:inst|REGISTER32bit:inst1|REGISTER8bit:inst3|inst                          ; regout           ;
; |computador_mic|CPU:inst|DATAPATH:inst2|BANK_REGS:inst2|MAR:inst|REGISTER32bit:inst1|REGISTER8bit:inst3|inst5                               ; |computador_mic|CPU:inst|DATAPATH:inst2|BANK_REGS:inst2|MAR:inst|REGISTER32bit:inst1|REGISTER8bit:inst3|inst5                         ; regout           ;
; |computador_mic|CPU:inst|DATAPATH:inst2|BANK_REGS:inst2|MAR:inst|REGISTER32bit:inst1|REGISTER8bit:inst3|inst8                               ; |computador_mic|CPU:inst|DATAPATH:inst2|BANK_REGS:inst2|MAR:inst|REGISTER32bit:inst1|REGISTER8bit:inst3|inst8                         ; regout           ;
; |computador_mic|CPU:inst|DATAPATH:inst2|BANK_REGS:inst2|MAR:inst|REGISTER32bit:inst1|REGISTER8bit:inst3|inst12                              ; |computador_mic|CPU:inst|DATAPATH:inst2|BANK_REGS:inst2|MAR:inst|REGISTER32bit:inst1|REGISTER8bit:inst3|inst12                        ; regout           ;
; |computador_mic|CPU:inst|DATAPATH:inst2|BANK_REGS:inst2|MAR:inst|REGISTER32bit:inst1|REGISTER8bit:inst3|inst16                              ; |computador_mic|CPU:inst|DATAPATH:inst2|BANK_REGS:inst2|MAR:inst|REGISTER32bit:inst1|REGISTER8bit:inst3|inst16                        ; regout           ;
; |computador_mic|CPU:inst|DATAPATH:inst2|BANK_REGS:inst2|MAR:inst|REGISTER32bit:inst1|REGISTER8bit:inst3|inst20                              ; |computador_mic|CPU:inst|DATAPATH:inst2|BANK_REGS:inst2|MAR:inst|REGISTER32bit:inst1|REGISTER8bit:inst3|inst20                        ; regout           ;
; |computador_mic|CPU:inst|DATAPATH:inst2|BANK_REGS:inst2|MAR:inst|REGISTER32bit:inst1|REGISTER8bit:inst3|inst24                              ; |computador_mic|CPU:inst|DATAPATH:inst2|BANK_REGS:inst2|MAR:inst|REGISTER32bit:inst1|REGISTER8bit:inst3|inst24                        ; regout           ;
; |computador_mic|CPU:inst|DATAPATH:inst2|BANK_REGS:inst2|MAR:inst|REGISTER32bit:inst1|REGISTER8bit:inst3|inst28                              ; |computador_mic|CPU:inst|DATAPATH:inst2|BANK_REGS:inst2|MAR:inst|REGISTER32bit:inst1|REGISTER8bit:inst3|inst28                        ; regout           ;
; |computador_mic|CPU:inst|DATAPATH:inst2|BANK_REGS:inst2|MAR:inst|REGISTER32bit:inst1|REGISTER8bit:inst2|inst                                ; |computador_mic|CPU:inst|DATAPATH:inst2|BANK_REGS:inst2|MAR:inst|REGISTER32bit:inst1|REGISTER8bit:inst2|inst                          ; regout           ;
; |computador_mic|CPU:inst|DATAPATH:inst2|BANK_REGS:inst2|MAR:inst|REGISTER32bit:inst1|REGISTER8bit:inst2|inst5                               ; |computador_mic|CPU:inst|DATAPATH:inst2|BANK_REGS:inst2|MAR:inst|REGISTER32bit:inst1|REGISTER8bit:inst2|inst5                         ; regout           ;
; |computador_mic|CPU:inst|DATAPATH:inst2|BANK_REGS:inst2|MAR:inst|REGISTER32bit:inst1|REGISTER8bit:inst2|inst8                               ; |computador_mic|CPU:inst|DATAPATH:inst2|BANK_REGS:inst2|MAR:inst|REGISTER32bit:inst1|REGISTER8bit:inst2|inst8                         ; regout           ;
; |computador_mic|CPU:inst|DATAPATH:inst2|BANK_REGS:inst2|MAR:inst|REGISTER32bit:inst1|REGISTER8bit:inst2|inst12                              ; |computador_mic|CPU:inst|DATAPATH:inst2|BANK_REGS:inst2|MAR:inst|REGISTER32bit:inst1|REGISTER8bit:inst2|inst12                        ; regout           ;
; |computador_mic|CPU:inst|DATAPATH:inst2|BANK_REGS:inst2|MAR:inst|REGISTER32bit:inst1|REGISTER8bit:inst2|inst16                              ; |computador_mic|CPU:inst|DATAPATH:inst2|BANK_REGS:inst2|MAR:inst|REGISTER32bit:inst1|REGISTER8bit:inst2|inst16                        ; regout           ;
; |computador_mic|CPU:inst|DATAPATH:inst2|BANK_REGS:inst2|MAR:inst|REGISTER32bit:inst1|REGISTER8bit:inst2|inst20                              ; |computador_mic|CPU:inst|DATAPATH:inst2|BANK_REGS:inst2|MAR:inst|REGISTER32bit:inst1|REGISTER8bit:inst2|inst20                        ; regout           ;
; |computador_mic|CPU:inst|DATAPATH:inst2|BANK_REGS:inst2|MAR:inst|REGISTER32bit:inst1|REGISTER8bit:inst2|inst24                              ; |computador_mic|CPU:inst|DATAPATH:inst2|BANK_REGS:inst2|MAR:inst|REGISTER32bit:inst1|REGISTER8bit:inst2|inst24                        ; regout           ;
; |computador_mic|CPU:inst|DATAPATH:inst2|BANK_REGS:inst2|MAR:inst|REGISTER32bit:inst1|REGISTER8bit:inst2|inst28                              ; |computador_mic|CPU:inst|DATAPATH:inst2|BANK_REGS:inst2|MAR:inst|REGISTER32bit:inst1|REGISTER8bit:inst2|inst28                        ; regout           ;
; |computador_mic|CPU:inst|DATAPATH:inst2|BANK_REGS:inst2|MAR:inst|REGISTER32bit:inst1|REGISTER8bit:inst1|inst                                ; |computador_mic|CPU:inst|DATAPATH:inst2|BANK_REGS:inst2|MAR:inst|REGISTER32bit:inst1|REGISTER8bit:inst1|inst                          ; regout           ;
; |computador_mic|CPU:inst|DATAPATH:inst2|BANK_REGS:inst2|MAR:inst|REGISTER32bit:inst1|REGISTER8bit:inst1|inst5                               ; |computador_mic|CPU:inst|DATAPATH:inst2|BANK_REGS:inst2|MAR:inst|REGISTER32bit:inst1|REGISTER8bit:inst1|inst5                         ; regout           ;
; |computador_mic|CPU:inst|DATAPATH:inst2|BANK_REGS:inst2|MAR:inst|REGISTER32bit:inst1|REGISTER8bit:inst1|inst8                               ; |computador_mic|CPU:inst|DATAPATH:inst2|BANK_REGS:inst2|MAR:inst|REGISTER32bit:inst1|REGISTER8bit:inst1|inst8                         ; regout           ;
; |computador_mic|CPU:inst|DATAPATH:inst2|BANK_REGS:inst2|MAR:inst|REGISTER32bit:inst1|REGISTER8bit:inst1|inst12                              ; |computador_mic|CPU:inst|DATAPATH:inst2|BANK_REGS:inst2|MAR:inst|REGISTER32bit:inst1|REGISTER8bit:inst1|inst12                        ; regout           ;
; |computador_mic|CPU:inst|DATAPATH:inst2|BANK_REGS:inst2|MAR:inst|REGISTER32bit:inst1|REGISTER8bit:inst1|inst16                              ; |computador_mic|CPU:inst|DATAPATH:inst2|BANK_REGS:inst2|MAR:inst|REGISTER32bit:inst1|REGISTER8bit:inst1|inst16                        ; regout           ;
; |computador_mic|CPU:inst|DATAPATH:inst2|BANK_REGS:inst2|MAR:inst|REGISTER32bit:inst1|REGISTER8bit:inst1|inst20                              ; |computador_mic|CPU:inst|DATAPATH:inst2|BANK_REGS:inst2|MAR:inst|REGISTER32bit:inst1|REGISTER8bit:inst1|inst20                        ; regout           ;
; |computador_mic|CPU:inst|DATAPATH:inst2|BANK_REGS:inst2|MAR:inst|REGISTER32bit:inst1|REGISTER8bit:inst|inst24                               ; |computador_mic|CPU:inst|DATAPATH:inst2|BANK_REGS:inst2|MAR:inst|REGISTER32bit:inst1|REGISTER8bit:inst|inst24                         ; regout           ;
; |computador_mic|CPU:inst|DATAPATH:inst2|BANK_REGS:inst2|MAR:inst|REGISTER32bit:inst1|REGISTER8bit:inst|inst12                               ; |computador_mic|CPU:inst|DATAPATH:inst2|BANK_REGS:inst2|MAR:inst|REGISTER32bit:inst1|REGISTER8bit:inst|inst12                         ; regout           ;
; |computador_mic|CPU:inst|DATAPATH:inst2|BANK_REGS:inst2|H:inst5|REGISTER32bit:inst1|REGISTER8bit:inst3|inst                                 ; |computador_mic|CPU:inst|DATAPATH:inst2|BANK_REGS:inst2|H:inst5|REGISTER32bit:inst1|REGISTER8bit:inst3|inst                           ; regout           ;
; |computador_mic|CPU:inst|DATAPATH:inst2|BANK_REGS:inst2|SP:inst50|REGISTER32bit:inst1|REGISTER8bit:inst3|inst                               ; |computador_mic|CPU:inst|DATAPATH:inst2|BANK_REGS:inst2|SP:inst50|REGISTER32bit:inst1|REGISTER8bit:inst3|inst                         ; regout           ;
; |computador_mic|CPU:inst|DATAPATH:inst2|BANK_REGS:inst2|OUT_B[31]~2                                                                         ; |computador_mic|CPU:inst|DATAPATH:inst2|BANK_REGS:inst2|OUT_B[31]~2                                                                   ; combout          ;
; |computador_mic|CPU:inst|DATAPATH:inst2|BANK_REGS:inst2|CPP:inst52|REGISTER32bit:inst1|REGISTER8bit:inst3|inst                              ; |computador_mic|CPU:inst|DATAPATH:inst2|BANK_REGS:inst2|CPP:inst52|REGISTER32bit:inst1|REGISTER8bit:inst3|inst                        ; regout           ;
; |computador_mic|CPU:inst|DATAPATH:inst2|BANK_REGS:inst2|LV:inst51|REGISTER32bit:inst1|REGISTER8bit:inst3|inst                               ; |computador_mic|CPU:inst|DATAPATH:inst2|BANK_REGS:inst2|LV:inst51|REGISTER32bit:inst1|REGISTER8bit:inst3|inst                         ; regout           ;
; |computador_mic|CPU:inst|DATAPATH:inst2|BANK_REGS:inst2|OUT_B[31]~5                                                                         ; |computador_mic|CPU:inst|DATAPATH:inst2|BANK_REGS:inst2|OUT_B[31]~5                                                                   ; combout          ;
; |computador_mic|CPU:inst|DATAPATH:inst2|BANK_REGS:inst2|MBR:inst3|REGISTER32bit:inst1|REGISTER8bit:inst3|inst5                              ; |computador_mic|CPU:inst|DATAPATH:inst2|BANK_REGS:inst2|MBR:inst3|REGISTER32bit:inst1|REGISTER8bit:inst3|inst5                        ; regout           ;
; |computador_mic|CPU:inst|DATAPATH:inst2|BANK_REGS:inst2|OUT_B[31]~7                                                                         ; |computador_mic|CPU:inst|DATAPATH:inst2|BANK_REGS:inst2|OUT_B[31]~7                                                                   ; combout          ;
; |computador_mic|CPU:inst|DATAPATH:inst2|BANK_REGS:inst2|OUT_B[31]~9                                                                         ; |computador_mic|CPU:inst|DATAPATH:inst2|BANK_REGS:inst2|OUT_B[31]~9                                                                   ; combout          ;
; |computador_mic|CPU:inst|DATAPATH:inst2|BANK_REGS:inst2|OPC:inst4|REGISTER32bit:inst1|REGISTER8bit:inst3|inst                               ; |computador_mic|CPU:inst|DATAPATH:inst2|BANK_REGS:inst2|OPC:inst4|REGISTER32bit:inst1|REGISTER8bit:inst3|inst                         ; regout           ;
; |computador_mic|CPU:inst|DATAPATH:inst2|BANK_REGS:inst2|TOS:inst53|REGISTER32bit:inst1|REGISTER8bit:inst3|inst                              ; |computador_mic|CPU:inst|DATAPATH:inst2|BANK_REGS:inst2|TOS:inst53|REGISTER32bit:inst1|REGISTER8bit:inst3|inst                        ; regout           ;
; |computador_mic|CPU:inst|DATAPATH:inst2|BANK_REGS:inst2|OUT_B[31]~10                                                                        ; |computador_mic|CPU:inst|DATAPATH:inst2|BANK_REGS:inst2|OUT_B[31]~10                                                                  ; combout          ;
; |computador_mic|CPU:inst|DATAPATH:inst2|BANK_REGS:inst2|OUT_B[31]~12                                                                        ; |computador_mic|CPU:inst|DATAPATH:inst2|BANK_REGS:inst2|OUT_B[31]~12                                                                  ; combout          ;
; |computador_mic|CPU:inst|DATAPATH:inst2|ULA_32bit:inst|ULA_8bit:inst3|ULA_1bit:inst8|inst5                                                  ; |computador_mic|CPU:inst|DATAPATH:inst2|ULA_32bit:inst|ULA_8bit:inst3|ULA_1bit:inst8|inst5                                            ; combout          ;
; |computador_mic|CPU:inst|DATAPATH:inst2|BANK_REGS:inst2|H:inst5|REGISTER32bit:inst1|REGISTER8bit:inst3|inst5                                ; |computador_mic|CPU:inst|DATAPATH:inst2|BANK_REGS:inst2|H:inst5|REGISTER32bit:inst1|REGISTER8bit:inst3|inst5                          ; regout           ;
; |computador_mic|CPU:inst|DATAPATH:inst2|BANK_REGS:inst2|SP:inst50|REGISTER32bit:inst1|REGISTER8bit:inst3|inst5                              ; |computador_mic|CPU:inst|DATAPATH:inst2|BANK_REGS:inst2|SP:inst50|REGISTER32bit:inst1|REGISTER8bit:inst3|inst5                        ; regout           ;
; |computador_mic|CPU:inst|DATAPATH:inst2|BANK_REGS:inst2|LV:inst51|REGISTER32bit:inst1|REGISTER8bit:inst3|inst5                              ; |computador_mic|CPU:inst|DATAPATH:inst2|BANK_REGS:inst2|LV:inst51|REGISTER32bit:inst1|REGISTER8bit:inst3|inst5                        ; regout           ;
; |computador_mic|CPU:inst|DATAPATH:inst2|BANK_REGS:inst2|OUT_B[30]~13                                                                        ; |computador_mic|CPU:inst|DATAPATH:inst2|BANK_REGS:inst2|OUT_B[30]~13                                                                  ; combout          ;
; |computador_mic|CPU:inst|DATAPATH:inst2|BANK_REGS:inst2|OUT_B[30]~14                                                                        ; |computador_mic|CPU:inst|DATAPATH:inst2|BANK_REGS:inst2|OUT_B[30]~14                                                                  ; combout          ;
; |computador_mic|CPU:inst|DATAPATH:inst2|BANK_REGS:inst2|CPP:inst52|REGISTER32bit:inst1|REGISTER8bit:inst3|inst5                             ; |computador_mic|CPU:inst|DATAPATH:inst2|BANK_REGS:inst2|CPP:inst52|REGISTER32bit:inst1|REGISTER8bit:inst3|inst5                       ; regout           ;
; |computador_mic|CPU:inst|DATAPATH:inst2|BANK_REGS:inst2|TOS:inst53|REGISTER32bit:inst1|REGISTER8bit:inst3|inst5                             ; |computador_mic|CPU:inst|DATAPATH:inst2|BANK_REGS:inst2|TOS:inst53|REGISTER32bit:inst1|REGISTER8bit:inst3|inst5                       ; regout           ;
; |computador_mic|CPU:inst|DATAPATH:inst2|BANK_REGS:inst2|OUT_B[30]~15                                                                        ; |computador_mic|CPU:inst|DATAPATH:inst2|BANK_REGS:inst2|OUT_B[30]~15                                                                  ; combout          ;
; |computador_mic|CPU:inst|DATAPATH:inst2|BANK_REGS:inst2|OPC:inst4|REGISTER32bit:inst1|REGISTER8bit:inst3|inst5                              ; |computador_mic|CPU:inst|DATAPATH:inst2|BANK_REGS:inst2|OPC:inst4|REGISTER32bit:inst1|REGISTER8bit:inst3|inst5                        ; regout           ;
; |computador_mic|CPU:inst|DATAPATH:inst2|BANK_REGS:inst2|MDR:inst1|REGISTER32bit:inst1|REGISTER8bit:inst3|inst5                              ; |computador_mic|CPU:inst|DATAPATH:inst2|BANK_REGS:inst2|MDR:inst1|REGISTER32bit:inst1|REGISTER8bit:inst3|inst5                        ; regout           ;
; |computador_mic|CPU:inst|DATAPATH:inst2|BANK_REGS:inst2|OUT_B[30]~16                                                                        ; |computador_mic|CPU:inst|DATAPATH:inst2|BANK_REGS:inst2|OUT_B[30]~16                                                                  ; combout          ;
; |computador_mic|CPU:inst|DATAPATH:inst2|ULA_32bit:inst|ULA_8bit:inst3|ULA_1bit:inst7|inst5                                                  ; |computador_mic|CPU:inst|DATAPATH:inst2|ULA_32bit:inst|ULA_8bit:inst3|ULA_1bit:inst7|inst5                                            ; combout          ;
; |computador_mic|CPU:inst|DATAPATH:inst2|BANK_REGS:inst2|LV:inst51|REGISTER32bit:inst1|REGISTER8bit:inst3|inst8                              ; |computador_mic|CPU:inst|DATAPATH:inst2|BANK_REGS:inst2|LV:inst51|REGISTER32bit:inst1|REGISTER8bit:inst3|inst8                        ; regout           ;
; |computador_mic|CPU:inst|DATAPATH:inst2|BANK_REGS:inst2|SP:inst50|REGISTER32bit:inst1|REGISTER8bit:inst3|inst8                              ; |computador_mic|CPU:inst|DATAPATH:inst2|BANK_REGS:inst2|SP:inst50|REGISTER32bit:inst1|REGISTER8bit:inst3|inst8                        ; regout           ;
; |computador_mic|CPU:inst|DATAPATH:inst2|BANK_REGS:inst2|OUT_B[29]~17                                                                        ; |computador_mic|CPU:inst|DATAPATH:inst2|BANK_REGS:inst2|OUT_B[29]~17                                                                  ; combout          ;
; |computador_mic|CPU:inst|DATAPATH:inst2|BANK_REGS:inst2|OUT_B[29]~18                                                                        ; |computador_mic|CPU:inst|DATAPATH:inst2|BANK_REGS:inst2|OUT_B[29]~18                                                                  ; combout          ;
; |computador_mic|CPU:inst|DATAPATH:inst2|BANK_REGS:inst2|TOS:inst53|REGISTER32bit:inst1|REGISTER8bit:inst3|inst8                             ; |computador_mic|CPU:inst|DATAPATH:inst2|BANK_REGS:inst2|TOS:inst53|REGISTER32bit:inst1|REGISTER8bit:inst3|inst8                       ; regout           ;
; |computador_mic|CPU:inst|DATAPATH:inst2|BANK_REGS:inst2|CPP:inst52|REGISTER32bit:inst1|REGISTER8bit:inst3|inst8                             ; |computador_mic|CPU:inst|DATAPATH:inst2|BANK_REGS:inst2|CPP:inst52|REGISTER32bit:inst1|REGISTER8bit:inst3|inst8                       ; regout           ;
; |computador_mic|CPU:inst|DATAPATH:inst2|BANK_REGS:inst2|OUT_B[29]~19                                                                        ; |computador_mic|CPU:inst|DATAPATH:inst2|BANK_REGS:inst2|OUT_B[29]~19                                                                  ; combout          ;
; |computador_mic|CPU:inst|DATAPATH:inst2|BANK_REGS:inst2|OPC:inst4|REGISTER32bit:inst1|REGISTER8bit:inst3|inst8                              ; |computador_mic|CPU:inst|DATAPATH:inst2|BANK_REGS:inst2|OPC:inst4|REGISTER32bit:inst1|REGISTER8bit:inst3|inst8                        ; regout           ;
; |computador_mic|CPU:inst|DATAPATH:inst2|BANK_REGS:inst2|OUT_B[29]~20                                                                        ; |computador_mic|CPU:inst|DATAPATH:inst2|BANK_REGS:inst2|OUT_B[29]~20                                                                  ; combout          ;
; |computador_mic|CPU:inst|DATAPATH:inst2|ULA_32bit:inst|ULA_8bit:inst3|ULA_1bit:inst6|inst5                                                  ; |computador_mic|CPU:inst|DATAPATH:inst2|ULA_32bit:inst|ULA_8bit:inst3|ULA_1bit:inst6|inst5                                            ; combout          ;
; |computador_mic|CPU:inst|DATAPATH:inst2|BANK_REGS:inst2|H:inst5|REGISTER32bit:inst1|REGISTER8bit:inst3|inst8                                ; |computador_mic|CPU:inst|DATAPATH:inst2|BANK_REGS:inst2|H:inst5|REGISTER32bit:inst1|REGISTER8bit:inst3|inst8                          ; regout           ;
; |computador_mic|CPU:inst|DATAPATH:inst2|BANK_REGS:inst2|LV:inst51|REGISTER32bit:inst1|REGISTER8bit:inst3|inst12                             ; |computador_mic|CPU:inst|DATAPATH:inst2|BANK_REGS:inst2|LV:inst51|REGISTER32bit:inst1|REGISTER8bit:inst3|inst12                       ; regout           ;
; |computador_mic|CPU:inst|DATAPATH:inst2|BANK_REGS:inst2|SP:inst50|REGISTER32bit:inst1|REGISTER8bit:inst3|inst12                             ; |computador_mic|CPU:inst|DATAPATH:inst2|BANK_REGS:inst2|SP:inst50|REGISTER32bit:inst1|REGISTER8bit:inst3|inst12                       ; regout           ;
; |computador_mic|CPU:inst|DATAPATH:inst2|BANK_REGS:inst2|OUT_B[28]~21                                                                        ; |computador_mic|CPU:inst|DATAPATH:inst2|BANK_REGS:inst2|OUT_B[28]~21                                                                  ; combout          ;
; |computador_mic|CPU:inst|DATAPATH:inst2|BANK_REGS:inst2|OUT_B[28]~22                                                                        ; |computador_mic|CPU:inst|DATAPATH:inst2|BANK_REGS:inst2|OUT_B[28]~22                                                                  ; combout          ;
; |computador_mic|CPU:inst|DATAPATH:inst2|BANK_REGS:inst2|TOS:inst53|REGISTER32bit:inst1|REGISTER8bit:inst3|inst12                            ; |computador_mic|CPU:inst|DATAPATH:inst2|BANK_REGS:inst2|TOS:inst53|REGISTER32bit:inst1|REGISTER8bit:inst3|inst12                      ; regout           ;
; |computador_mic|CPU:inst|DATAPATH:inst2|BANK_REGS:inst2|CPP:inst52|REGISTER32bit:inst1|REGISTER8bit:inst3|inst12                            ; |computador_mic|CPU:inst|DATAPATH:inst2|BANK_REGS:inst2|CPP:inst52|REGISTER32bit:inst1|REGISTER8bit:inst3|inst12                      ; regout           ;
; |computador_mic|CPU:inst|DATAPATH:inst2|BANK_REGS:inst2|OUT_B[28]~23                                                                        ; |computador_mic|CPU:inst|DATAPATH:inst2|BANK_REGS:inst2|OUT_B[28]~23                                                                  ; combout          ;
; |computador_mic|CPU:inst|DATAPATH:inst2|BANK_REGS:inst2|OPC:inst4|REGISTER32bit:inst1|REGISTER8bit:inst3|inst12                             ; |computador_mic|CPU:inst|DATAPATH:inst2|BANK_REGS:inst2|OPC:inst4|REGISTER32bit:inst1|REGISTER8bit:inst3|inst12                       ; regout           ;
; |computador_mic|CPU:inst|DATAPATH:inst2|BANK_REGS:inst2|H:inst5|REGISTER32bit:inst1|REGISTER8bit:inst3|inst12                               ; |computador_mic|CPU:inst|DATAPATH:inst2|BANK_REGS:inst2|H:inst5|REGISTER32bit:inst1|REGISTER8bit:inst3|inst12                         ; regout           ;
; |computador_mic|CPU:inst|DATAPATH:inst2|BANK_REGS:inst2|LV:inst51|REGISTER32bit:inst1|REGISTER8bit:inst3|inst16                             ; |computador_mic|CPU:inst|DATAPATH:inst2|BANK_REGS:inst2|LV:inst51|REGISTER32bit:inst1|REGISTER8bit:inst3|inst16                       ; regout           ;
; |computador_mic|CPU:inst|DATAPATH:inst2|BANK_REGS:inst2|SP:inst50|REGISTER32bit:inst1|REGISTER8bit:inst3|inst16                             ; |computador_mic|CPU:inst|DATAPATH:inst2|BANK_REGS:inst2|SP:inst50|REGISTER32bit:inst1|REGISTER8bit:inst3|inst16                       ; regout           ;
; |computador_mic|CPU:inst|DATAPATH:inst2|BANK_REGS:inst2|OUT_B[27]~25                                                                        ; |computador_mic|CPU:inst|DATAPATH:inst2|BANK_REGS:inst2|OUT_B[27]~25                                                                  ; combout          ;
; |computador_mic|CPU:inst|DATAPATH:inst2|BANK_REGS:inst2|OUT_B[27]~26                                                                        ; |computador_mic|CPU:inst|DATAPATH:inst2|BANK_REGS:inst2|OUT_B[27]~26                                                                  ; combout          ;
; |computador_mic|CPU:inst|DATAPATH:inst2|BANK_REGS:inst2|CPP:inst52|REGISTER32bit:inst1|REGISTER8bit:inst3|inst16                            ; |computador_mic|CPU:inst|DATAPATH:inst2|BANK_REGS:inst2|CPP:inst52|REGISTER32bit:inst1|REGISTER8bit:inst3|inst16                      ; regout           ;
; |computador_mic|CPU:inst|DATAPATH:inst2|BANK_REGS:inst2|OPC:inst4|REGISTER32bit:inst1|REGISTER8bit:inst3|inst16                             ; |computador_mic|CPU:inst|DATAPATH:inst2|BANK_REGS:inst2|OPC:inst4|REGISTER32bit:inst1|REGISTER8bit:inst3|inst16                       ; regout           ;
; |computador_mic|CPU:inst|DATAPATH:inst2|BANK_REGS:inst2|H:inst5|REGISTER32bit:inst1|REGISTER8bit:inst3|inst16                               ; |computador_mic|CPU:inst|DATAPATH:inst2|BANK_REGS:inst2|H:inst5|REGISTER32bit:inst1|REGISTER8bit:inst3|inst16                         ; regout           ;
; |computador_mic|CPU:inst|DATAPATH:inst2|BANK_REGS:inst2|LV:inst51|REGISTER32bit:inst1|REGISTER8bit:inst3|inst20                             ; |computador_mic|CPU:inst|DATAPATH:inst2|BANK_REGS:inst2|LV:inst51|REGISTER32bit:inst1|REGISTER8bit:inst3|inst20                       ; regout           ;
; |computador_mic|CPU:inst|DATAPATH:inst2|BANK_REGS:inst2|SP:inst50|REGISTER32bit:inst1|REGISTER8bit:inst3|inst20                             ; |computador_mic|CPU:inst|DATAPATH:inst2|BANK_REGS:inst2|SP:inst50|REGISTER32bit:inst1|REGISTER8bit:inst3|inst20                       ; regout           ;
; |computador_mic|CPU:inst|DATAPATH:inst2|BANK_REGS:inst2|OUT_B[26]~29                                                                        ; |computador_mic|CPU:inst|DATAPATH:inst2|BANK_REGS:inst2|OUT_B[26]~29                                                                  ; combout          ;
; |computador_mic|CPU:inst|DATAPATH:inst2|BANK_REGS:inst2|OUT_B[26]~30                                                                        ; |computador_mic|CPU:inst|DATAPATH:inst2|BANK_REGS:inst2|OUT_B[26]~30                                                                  ; combout          ;
; |computador_mic|CPU:inst|DATAPATH:inst2|BANK_REGS:inst2|CPP:inst52|REGISTER32bit:inst1|REGISTER8bit:inst3|inst20                            ; |computador_mic|CPU:inst|DATAPATH:inst2|BANK_REGS:inst2|CPP:inst52|REGISTER32bit:inst1|REGISTER8bit:inst3|inst20                      ; regout           ;
; |computador_mic|CPU:inst|DATAPATH:inst2|BANK_REGS:inst2|OPC:inst4|REGISTER32bit:inst1|REGISTER8bit:inst3|inst20                             ; |computador_mic|CPU:inst|DATAPATH:inst2|BANK_REGS:inst2|OPC:inst4|REGISTER32bit:inst1|REGISTER8bit:inst3|inst20                       ; regout           ;
; |computador_mic|CPU:inst|DATAPATH:inst2|BANK_REGS:inst2|H:inst5|REGISTER32bit:inst1|REGISTER8bit:inst3|inst20                               ; |computador_mic|CPU:inst|DATAPATH:inst2|BANK_REGS:inst2|H:inst5|REGISTER32bit:inst1|REGISTER8bit:inst3|inst20                         ; regout           ;
; |computador_mic|CPU:inst|DATAPATH:inst2|BANK_REGS:inst2|LV:inst51|REGISTER32bit:inst1|REGISTER8bit:inst3|inst24                             ; |computador_mic|CPU:inst|DATAPATH:inst2|BANK_REGS:inst2|LV:inst51|REGISTER32bit:inst1|REGISTER8bit:inst3|inst24                       ; regout           ;
; |computador_mic|CPU:inst|DATAPATH:inst2|BANK_REGS:inst2|SP:inst50|REGISTER32bit:inst1|REGISTER8bit:inst3|inst24                             ; |computador_mic|CPU:inst|DATAPATH:inst2|BANK_REGS:inst2|SP:inst50|REGISTER32bit:inst1|REGISTER8bit:inst3|inst24                       ; regout           ;
; |computador_mic|CPU:inst|DATAPATH:inst2|BANK_REGS:inst2|OUT_B[25]~33                                                                        ; |computador_mic|CPU:inst|DATAPATH:inst2|BANK_REGS:inst2|OUT_B[25]~33                                                                  ; combout          ;
; |computador_mic|CPU:inst|DATAPATH:inst2|BANK_REGS:inst2|OUT_B[25]~34                                                                        ; |computador_mic|CPU:inst|DATAPATH:inst2|BANK_REGS:inst2|OUT_B[25]~34                                                                  ; combout          ;
; |computador_mic|CPU:inst|DATAPATH:inst2|BANK_REGS:inst2|TOS:inst53|REGISTER32bit:inst1|REGISTER8bit:inst3|inst24                            ; |computador_mic|CPU:inst|DATAPATH:inst2|BANK_REGS:inst2|TOS:inst53|REGISTER32bit:inst1|REGISTER8bit:inst3|inst24                      ; regout           ;
; |computador_mic|CPU:inst|DATAPATH:inst2|BANK_REGS:inst2|CPP:inst52|REGISTER32bit:inst1|REGISTER8bit:inst3|inst24                            ; |computador_mic|CPU:inst|DATAPATH:inst2|BANK_REGS:inst2|CPP:inst52|REGISTER32bit:inst1|REGISTER8bit:inst3|inst24                      ; regout           ;
; |computador_mic|CPU:inst|DATAPATH:inst2|BANK_REGS:inst2|OUT_B[25]~35                                                                        ; |computador_mic|CPU:inst|DATAPATH:inst2|BANK_REGS:inst2|OUT_B[25]~35                                                                  ; combout          ;
; |computador_mic|CPU:inst|DATAPATH:inst2|BANK_REGS:inst2|OPC:inst4|REGISTER32bit:inst1|REGISTER8bit:inst3|inst24                             ; |computador_mic|CPU:inst|DATAPATH:inst2|BANK_REGS:inst2|OPC:inst4|REGISTER32bit:inst1|REGISTER8bit:inst3|inst24                       ; regout           ;
; |computador_mic|CPU:inst|DATAPATH:inst2|BANK_REGS:inst2|OUT_B[25]~36                                                                        ; |computador_mic|CPU:inst|DATAPATH:inst2|BANK_REGS:inst2|OUT_B[25]~36                                                                  ; combout          ;
; |computador_mic|CPU:inst|DATAPATH:inst2|ULA_32bit:inst|ULA_8bit:inst3|ULA_1bit:inst2|inst5                                                  ; |computador_mic|CPU:inst|DATAPATH:inst2|ULA_32bit:inst|ULA_8bit:inst3|ULA_1bit:inst2|inst5                                            ; combout          ;
; |computador_mic|CPU:inst|DATAPATH:inst2|BANK_REGS:inst2|H:inst5|REGISTER32bit:inst1|REGISTER8bit:inst3|inst24                               ; |computador_mic|CPU:inst|DATAPATH:inst2|BANK_REGS:inst2|H:inst5|REGISTER32bit:inst1|REGISTER8bit:inst3|inst24                         ; regout           ;
; |computador_mic|CPU:inst|DATAPATH:inst2|BANK_REGS:inst2|LV:inst51|REGISTER32bit:inst1|REGISTER8bit:inst3|inst28                             ; |computador_mic|CPU:inst|DATAPATH:inst2|BANK_REGS:inst2|LV:inst51|REGISTER32bit:inst1|REGISTER8bit:inst3|inst28                       ; regout           ;
; |computador_mic|CPU:inst|DATAPATH:inst2|BANK_REGS:inst2|SP:inst50|REGISTER32bit:inst1|REGISTER8bit:inst3|inst28                             ; |computador_mic|CPU:inst|DATAPATH:inst2|BANK_REGS:inst2|SP:inst50|REGISTER32bit:inst1|REGISTER8bit:inst3|inst28                       ; regout           ;
; |computador_mic|CPU:inst|DATAPATH:inst2|BANK_REGS:inst2|OUT_B[24]~37                                                                        ; |computador_mic|CPU:inst|DATAPATH:inst2|BANK_REGS:inst2|OUT_B[24]~37                                                                  ; combout          ;
; |computador_mic|CPU:inst|DATAPATH:inst2|BANK_REGS:inst2|OUT_B[24]~38                                                                        ; |computador_mic|CPU:inst|DATAPATH:inst2|BANK_REGS:inst2|OUT_B[24]~38                                                                  ; combout          ;
; |computador_mic|CPU:inst|DATAPATH:inst2|BANK_REGS:inst2|TOS:inst53|REGISTER32bit:inst1|REGISTER8bit:inst3|inst28                            ; |computador_mic|CPU:inst|DATAPATH:inst2|BANK_REGS:inst2|TOS:inst53|REGISTER32bit:inst1|REGISTER8bit:inst3|inst28                      ; regout           ;
; |computador_mic|CPU:inst|DATAPATH:inst2|BANK_REGS:inst2|CPP:inst52|REGISTER32bit:inst1|REGISTER8bit:inst3|inst28                            ; |computador_mic|CPU:inst|DATAPATH:inst2|BANK_REGS:inst2|CPP:inst52|REGISTER32bit:inst1|REGISTER8bit:inst3|inst28                      ; regout           ;
; |computador_mic|CPU:inst|DATAPATH:inst2|BANK_REGS:inst2|OUT_B[24]~39                                                                        ; |computador_mic|CPU:inst|DATAPATH:inst2|BANK_REGS:inst2|OUT_B[24]~39                                                                  ; combout          ;
; |computador_mic|CPU:inst|DATAPATH:inst2|BANK_REGS:inst2|OPC:inst4|REGISTER32bit:inst1|REGISTER8bit:inst3|inst28                             ; |computador_mic|CPU:inst|DATAPATH:inst2|BANK_REGS:inst2|OPC:inst4|REGISTER32bit:inst1|REGISTER8bit:inst3|inst28                       ; regout           ;
; |computador_mic|CPU:inst|DATAPATH:inst2|BANK_REGS:inst2|OUT_B[24]~40                                                                        ; |computador_mic|CPU:inst|DATAPATH:inst2|BANK_REGS:inst2|OUT_B[24]~40                                                                  ; combout          ;
; |computador_mic|CPU:inst|DATAPATH:inst2|ULA_32bit:inst|ULA_8bit:inst3|ULA_1bit:inst|inst5                                                   ; |computador_mic|CPU:inst|DATAPATH:inst2|ULA_32bit:inst|ULA_8bit:inst3|ULA_1bit:inst|inst5                                             ; combout          ;
; |computador_mic|CPU:inst|DATAPATH:inst2|BANK_REGS:inst2|H:inst5|REGISTER32bit:inst1|REGISTER8bit:inst3|inst28                               ; |computador_mic|CPU:inst|DATAPATH:inst2|BANK_REGS:inst2|H:inst5|REGISTER32bit:inst1|REGISTER8bit:inst3|inst28                         ; regout           ;
; |computador_mic|CPU:inst|DATAPATH:inst2|BANK_REGS:inst2|LV:inst51|REGISTER32bit:inst1|REGISTER8bit:inst2|inst                               ; |computador_mic|CPU:inst|DATAPATH:inst2|BANK_REGS:inst2|LV:inst51|REGISTER32bit:inst1|REGISTER8bit:inst2|inst                         ; regout           ;
; |computador_mic|CPU:inst|DATAPATH:inst2|BANK_REGS:inst2|SP:inst50|REGISTER32bit:inst1|REGISTER8bit:inst2|inst                               ; |computador_mic|CPU:inst|DATAPATH:inst2|BANK_REGS:inst2|SP:inst50|REGISTER32bit:inst1|REGISTER8bit:inst2|inst                         ; regout           ;
; |computador_mic|CPU:inst|DATAPATH:inst2|BANK_REGS:inst2|OUT_B[23]~41                                                                        ; |computador_mic|CPU:inst|DATAPATH:inst2|BANK_REGS:inst2|OUT_B[23]~41                                                                  ; combout          ;
; |computador_mic|CPU:inst|DATAPATH:inst2|BANK_REGS:inst2|OUT_B[23]~42                                                                        ; |computador_mic|CPU:inst|DATAPATH:inst2|BANK_REGS:inst2|OUT_B[23]~42                                                                  ; combout          ;
; |computador_mic|CPU:inst|DATAPATH:inst2|BANK_REGS:inst2|TOS:inst53|REGISTER32bit:inst1|REGISTER8bit:inst2|inst                              ; |computador_mic|CPU:inst|DATAPATH:inst2|BANK_REGS:inst2|TOS:inst53|REGISTER32bit:inst1|REGISTER8bit:inst2|inst                        ; regout           ;
; |computador_mic|CPU:inst|DATAPATH:inst2|BANK_REGS:inst2|CPP:inst52|REGISTER32bit:inst1|REGISTER8bit:inst2|inst                              ; |computador_mic|CPU:inst|DATAPATH:inst2|BANK_REGS:inst2|CPP:inst52|REGISTER32bit:inst1|REGISTER8bit:inst2|inst                        ; regout           ;
; |computador_mic|CPU:inst|DATAPATH:inst2|BANK_REGS:inst2|OUT_B[23]~43                                                                        ; |computador_mic|CPU:inst|DATAPATH:inst2|BANK_REGS:inst2|OUT_B[23]~43                                                                  ; combout          ;
; |computador_mic|CPU:inst|DATAPATH:inst2|BANK_REGS:inst2|OPC:inst4|REGISTER32bit:inst1|REGISTER8bit:inst2|inst                               ; |computador_mic|CPU:inst|DATAPATH:inst2|BANK_REGS:inst2|OPC:inst4|REGISTER32bit:inst1|REGISTER8bit:inst2|inst                         ; regout           ;
; |computador_mic|CPU:inst|DATAPATH:inst2|BANK_REGS:inst2|OUT_B[23]~44                                                                        ; |computador_mic|CPU:inst|DATAPATH:inst2|BANK_REGS:inst2|OUT_B[23]~44                                                                  ; combout          ;
; |computador_mic|CPU:inst|DATAPATH:inst2|ULA_32bit:inst|ULA_8bit:inst2|ULA_1bit:inst8|inst5                                                  ; |computador_mic|CPU:inst|DATAPATH:inst2|ULA_32bit:inst|ULA_8bit:inst2|ULA_1bit:inst8|inst5                                            ; combout          ;
; |computador_mic|CPU:inst|DATAPATH:inst2|BANK_REGS:inst2|H:inst5|REGISTER32bit:inst1|REGISTER8bit:inst2|inst                                 ; |computador_mic|CPU:inst|DATAPATH:inst2|BANK_REGS:inst2|H:inst5|REGISTER32bit:inst1|REGISTER8bit:inst2|inst                           ; regout           ;
; |computador_mic|CPU:inst|DATAPATH:inst2|BANK_REGS:inst2|LV:inst51|REGISTER32bit:inst1|REGISTER8bit:inst2|inst5                              ; |computador_mic|CPU:inst|DATAPATH:inst2|BANK_REGS:inst2|LV:inst51|REGISTER32bit:inst1|REGISTER8bit:inst2|inst5                        ; regout           ;
; |computador_mic|CPU:inst|DATAPATH:inst2|BANK_REGS:inst2|SP:inst50|REGISTER32bit:inst1|REGISTER8bit:inst2|inst5                              ; |computador_mic|CPU:inst|DATAPATH:inst2|BANK_REGS:inst2|SP:inst50|REGISTER32bit:inst1|REGISTER8bit:inst2|inst5                        ; regout           ;
; |computador_mic|CPU:inst|DATAPATH:inst2|BANK_REGS:inst2|OUT_B[22]~45                                                                        ; |computador_mic|CPU:inst|DATAPATH:inst2|BANK_REGS:inst2|OUT_B[22]~45                                                                  ; combout          ;
; |computador_mic|CPU:inst|DATAPATH:inst2|BANK_REGS:inst2|OUT_B[22]~46                                                                        ; |computador_mic|CPU:inst|DATAPATH:inst2|BANK_REGS:inst2|OUT_B[22]~46                                                                  ; combout          ;
; |computador_mic|CPU:inst|DATAPATH:inst2|BANK_REGS:inst2|TOS:inst53|REGISTER32bit:inst1|REGISTER8bit:inst2|inst5                             ; |computador_mic|CPU:inst|DATAPATH:inst2|BANK_REGS:inst2|TOS:inst53|REGISTER32bit:inst1|REGISTER8bit:inst2|inst5                       ; regout           ;
; |computador_mic|CPU:inst|DATAPATH:inst2|BANK_REGS:inst2|CPP:inst52|REGISTER32bit:inst1|REGISTER8bit:inst2|inst5                             ; |computador_mic|CPU:inst|DATAPATH:inst2|BANK_REGS:inst2|CPP:inst52|REGISTER32bit:inst1|REGISTER8bit:inst2|inst5                       ; regout           ;
; |computador_mic|CPU:inst|DATAPATH:inst2|BANK_REGS:inst2|OUT_B[22]~47                                                                        ; |computador_mic|CPU:inst|DATAPATH:inst2|BANK_REGS:inst2|OUT_B[22]~47                                                                  ; combout          ;
; |computador_mic|CPU:inst|DATAPATH:inst2|BANK_REGS:inst2|OPC:inst4|REGISTER32bit:inst1|REGISTER8bit:inst2|inst5                              ; |computador_mic|CPU:inst|DATAPATH:inst2|BANK_REGS:inst2|OPC:inst4|REGISTER32bit:inst1|REGISTER8bit:inst2|inst5                        ; regout           ;
; |computador_mic|CPU:inst|DATAPATH:inst2|BANK_REGS:inst2|OUT_B[22]~48                                                                        ; |computador_mic|CPU:inst|DATAPATH:inst2|BANK_REGS:inst2|OUT_B[22]~48                                                                  ; combout          ;
; |computador_mic|CPU:inst|DATAPATH:inst2|ULA_32bit:inst|ULA_8bit:inst2|ULA_1bit:inst7|inst5                                                  ; |computador_mic|CPU:inst|DATAPATH:inst2|ULA_32bit:inst|ULA_8bit:inst2|ULA_1bit:inst7|inst5                                            ; combout          ;
; |computador_mic|CPU:inst|DATAPATH:inst2|BANK_REGS:inst2|H:inst5|REGISTER32bit:inst1|REGISTER8bit:inst2|inst5                                ; |computador_mic|CPU:inst|DATAPATH:inst2|BANK_REGS:inst2|H:inst5|REGISTER32bit:inst1|REGISTER8bit:inst2|inst5                          ; regout           ;
; |computador_mic|CPU:inst|DATAPATH:inst2|BANK_REGS:inst2|LV:inst51|REGISTER32bit:inst1|REGISTER8bit:inst2|inst8                              ; |computador_mic|CPU:inst|DATAPATH:inst2|BANK_REGS:inst2|LV:inst51|REGISTER32bit:inst1|REGISTER8bit:inst2|inst8                        ; regout           ;
; |computador_mic|CPU:inst|DATAPATH:inst2|BANK_REGS:inst2|SP:inst50|REGISTER32bit:inst1|REGISTER8bit:inst2|inst8                              ; |computador_mic|CPU:inst|DATAPATH:inst2|BANK_REGS:inst2|SP:inst50|REGISTER32bit:inst1|REGISTER8bit:inst2|inst8                        ; regout           ;
; |computador_mic|CPU:inst|DATAPATH:inst2|BANK_REGS:inst2|OUT_B[21]~49                                                                        ; |computador_mic|CPU:inst|DATAPATH:inst2|BANK_REGS:inst2|OUT_B[21]~49                                                                  ; combout          ;
; |computador_mic|CPU:inst|DATAPATH:inst2|BANK_REGS:inst2|OUT_B[21]~50                                                                        ; |computador_mic|CPU:inst|DATAPATH:inst2|BANK_REGS:inst2|OUT_B[21]~50                                                                  ; combout          ;
; |computador_mic|CPU:inst|DATAPATH:inst2|BANK_REGS:inst2|TOS:inst53|REGISTER32bit:inst1|REGISTER8bit:inst2|inst8                             ; |computador_mic|CPU:inst|DATAPATH:inst2|BANK_REGS:inst2|TOS:inst53|REGISTER32bit:inst1|REGISTER8bit:inst2|inst8                       ; regout           ;
; |computador_mic|CPU:inst|DATAPATH:inst2|BANK_REGS:inst2|CPP:inst52|REGISTER32bit:inst1|REGISTER8bit:inst2|inst8                             ; |computador_mic|CPU:inst|DATAPATH:inst2|BANK_REGS:inst2|CPP:inst52|REGISTER32bit:inst1|REGISTER8bit:inst2|inst8                       ; regout           ;
; |computador_mic|CPU:inst|DATAPATH:inst2|BANK_REGS:inst2|OUT_B[21]~51                                                                        ; |computador_mic|CPU:inst|DATAPATH:inst2|BANK_REGS:inst2|OUT_B[21]~51                                                                  ; combout          ;
; |computador_mic|CPU:inst|DATAPATH:inst2|BANK_REGS:inst2|OPC:inst4|REGISTER32bit:inst1|REGISTER8bit:inst2|inst8                              ; |computador_mic|CPU:inst|DATAPATH:inst2|BANK_REGS:inst2|OPC:inst4|REGISTER32bit:inst1|REGISTER8bit:inst2|inst8                        ; regout           ;
; |computador_mic|CPU:inst|DATAPATH:inst2|BANK_REGS:inst2|OUT_B[21]~52                                                                        ; |computador_mic|CPU:inst|DATAPATH:inst2|BANK_REGS:inst2|OUT_B[21]~52                                                                  ; combout          ;
; |computador_mic|CPU:inst|DATAPATH:inst2|ULA_32bit:inst|ULA_8bit:inst2|ULA_1bit:inst6|inst5                                                  ; |computador_mic|CPU:inst|DATAPATH:inst2|ULA_32bit:inst|ULA_8bit:inst2|ULA_1bit:inst6|inst5                                            ; combout          ;
; |computador_mic|CPU:inst|DATAPATH:inst2|BANK_REGS:inst2|H:inst5|REGISTER32bit:inst1|REGISTER8bit:inst2|inst8                                ; |computador_mic|CPU:inst|DATAPATH:inst2|BANK_REGS:inst2|H:inst5|REGISTER32bit:inst1|REGISTER8bit:inst2|inst8                          ; regout           ;
; |computador_mic|CPU:inst|DATAPATH:inst2|BANK_REGS:inst2|LV:inst51|REGISTER32bit:inst1|REGISTER8bit:inst2|inst12                             ; |computador_mic|CPU:inst|DATAPATH:inst2|BANK_REGS:inst2|LV:inst51|REGISTER32bit:inst1|REGISTER8bit:inst2|inst12                       ; regout           ;
; |computador_mic|CPU:inst|DATAPATH:inst2|BANK_REGS:inst2|SP:inst50|REGISTER32bit:inst1|REGISTER8bit:inst2|inst12                             ; |computador_mic|CPU:inst|DATAPATH:inst2|BANK_REGS:inst2|SP:inst50|REGISTER32bit:inst1|REGISTER8bit:inst2|inst12                       ; regout           ;
; |computador_mic|CPU:inst|DATAPATH:inst2|BANK_REGS:inst2|OUT_B[20]~53                                                                        ; |computador_mic|CPU:inst|DATAPATH:inst2|BANK_REGS:inst2|OUT_B[20]~53                                                                  ; combout          ;
; |computador_mic|CPU:inst|DATAPATH:inst2|BANK_REGS:inst2|OUT_B[20]~54                                                                        ; |computador_mic|CPU:inst|DATAPATH:inst2|BANK_REGS:inst2|OUT_B[20]~54                                                                  ; combout          ;
; |computador_mic|CPU:inst|DATAPATH:inst2|BANK_REGS:inst2|TOS:inst53|REGISTER32bit:inst1|REGISTER8bit:inst2|inst12                            ; |computador_mic|CPU:inst|DATAPATH:inst2|BANK_REGS:inst2|TOS:inst53|REGISTER32bit:inst1|REGISTER8bit:inst2|inst12                      ; regout           ;
; |computador_mic|CPU:inst|DATAPATH:inst2|BANK_REGS:inst2|CPP:inst52|REGISTER32bit:inst1|REGISTER8bit:inst2|inst12                            ; |computador_mic|CPU:inst|DATAPATH:inst2|BANK_REGS:inst2|CPP:inst52|REGISTER32bit:inst1|REGISTER8bit:inst2|inst12                      ; regout           ;
; |computador_mic|CPU:inst|DATAPATH:inst2|BANK_REGS:inst2|OUT_B[20]~55                                                                        ; |computador_mic|CPU:inst|DATAPATH:inst2|BANK_REGS:inst2|OUT_B[20]~55                                                                  ; combout          ;
; |computador_mic|CPU:inst|DATAPATH:inst2|BANK_REGS:inst2|OPC:inst4|REGISTER32bit:inst1|REGISTER8bit:inst2|inst12                             ; |computador_mic|CPU:inst|DATAPATH:inst2|BANK_REGS:inst2|OPC:inst4|REGISTER32bit:inst1|REGISTER8bit:inst2|inst12                       ; regout           ;
; |computador_mic|CPU:inst|DATAPATH:inst2|BANK_REGS:inst2|H:inst5|REGISTER32bit:inst1|REGISTER8bit:inst2|inst12                               ; |computador_mic|CPU:inst|DATAPATH:inst2|BANK_REGS:inst2|H:inst5|REGISTER32bit:inst1|REGISTER8bit:inst2|inst12                         ; regout           ;
; |computador_mic|CPU:inst|DATAPATH:inst2|BANK_REGS:inst2|LV:inst51|REGISTER32bit:inst1|REGISTER8bit:inst2|inst16                             ; |computador_mic|CPU:inst|DATAPATH:inst2|BANK_REGS:inst2|LV:inst51|REGISTER32bit:inst1|REGISTER8bit:inst2|inst16                       ; regout           ;
; |computador_mic|CPU:inst|DATAPATH:inst2|BANK_REGS:inst2|SP:inst50|REGISTER32bit:inst1|REGISTER8bit:inst2|inst16                             ; |computador_mic|CPU:inst|DATAPATH:inst2|BANK_REGS:inst2|SP:inst50|REGISTER32bit:inst1|REGISTER8bit:inst2|inst16                       ; regout           ;
; |computador_mic|CPU:inst|DATAPATH:inst2|BANK_REGS:inst2|OUT_B[19]~57                                                                        ; |computador_mic|CPU:inst|DATAPATH:inst2|BANK_REGS:inst2|OUT_B[19]~57                                                                  ; combout          ;
; |computador_mic|CPU:inst|DATAPATH:inst2|BANK_REGS:inst2|OUT_B[19]~58                                                                        ; |computador_mic|CPU:inst|DATAPATH:inst2|BANK_REGS:inst2|OUT_B[19]~58                                                                  ; combout          ;
; |computador_mic|CPU:inst|DATAPATH:inst2|BANK_REGS:inst2|CPP:inst52|REGISTER32bit:inst1|REGISTER8bit:inst2|inst16                            ; |computador_mic|CPU:inst|DATAPATH:inst2|BANK_REGS:inst2|CPP:inst52|REGISTER32bit:inst1|REGISTER8bit:inst2|inst16                      ; regout           ;
; |computador_mic|CPU:inst|DATAPATH:inst2|BANK_REGS:inst2|OPC:inst4|REGISTER32bit:inst1|REGISTER8bit:inst2|inst16                             ; |computador_mic|CPU:inst|DATAPATH:inst2|BANK_REGS:inst2|OPC:inst4|REGISTER32bit:inst1|REGISTER8bit:inst2|inst16                       ; regout           ;
; |computador_mic|CPU:inst|DATAPATH:inst2|BANK_REGS:inst2|H:inst5|REGISTER32bit:inst1|REGISTER8bit:inst2|inst16                               ; |computador_mic|CPU:inst|DATAPATH:inst2|BANK_REGS:inst2|H:inst5|REGISTER32bit:inst1|REGISTER8bit:inst2|inst16                         ; regout           ;
; |computador_mic|CPU:inst|DATAPATH:inst2|BANK_REGS:inst2|LV:inst51|REGISTER32bit:inst1|REGISTER8bit:inst2|inst20                             ; |computador_mic|CPU:inst|DATAPATH:inst2|BANK_REGS:inst2|LV:inst51|REGISTER32bit:inst1|REGISTER8bit:inst2|inst20                       ; regout           ;
; |computador_mic|CPU:inst|DATAPATH:inst2|BANK_REGS:inst2|SP:inst50|REGISTER32bit:inst1|REGISTER8bit:inst2|inst20                             ; |computador_mic|CPU:inst|DATAPATH:inst2|BANK_REGS:inst2|SP:inst50|REGISTER32bit:inst1|REGISTER8bit:inst2|inst20                       ; regout           ;
; |computador_mic|CPU:inst|DATAPATH:inst2|BANK_REGS:inst2|OUT_B[18]~61                                                                        ; |computador_mic|CPU:inst|DATAPATH:inst2|BANK_REGS:inst2|OUT_B[18]~61                                                                  ; combout          ;
; |computador_mic|CPU:inst|DATAPATH:inst2|BANK_REGS:inst2|OUT_B[18]~62                                                                        ; |computador_mic|CPU:inst|DATAPATH:inst2|BANK_REGS:inst2|OUT_B[18]~62                                                                  ; combout          ;
; |computador_mic|CPU:inst|DATAPATH:inst2|BANK_REGS:inst2|CPP:inst52|REGISTER32bit:inst1|REGISTER8bit:inst2|inst20                            ; |computador_mic|CPU:inst|DATAPATH:inst2|BANK_REGS:inst2|CPP:inst52|REGISTER32bit:inst1|REGISTER8bit:inst2|inst20                      ; regout           ;
; |computador_mic|CPU:inst|DATAPATH:inst2|BANK_REGS:inst2|OPC:inst4|REGISTER32bit:inst1|REGISTER8bit:inst2|inst20                             ; |computador_mic|CPU:inst|DATAPATH:inst2|BANK_REGS:inst2|OPC:inst4|REGISTER32bit:inst1|REGISTER8bit:inst2|inst20                       ; regout           ;
; |computador_mic|CPU:inst|DATAPATH:inst2|BANK_REGS:inst2|LV:inst51|REGISTER32bit:inst1|REGISTER8bit:inst2|inst24                             ; |computador_mic|CPU:inst|DATAPATH:inst2|BANK_REGS:inst2|LV:inst51|REGISTER32bit:inst1|REGISTER8bit:inst2|inst24                       ; regout           ;
; |computador_mic|CPU:inst|DATAPATH:inst2|BANK_REGS:inst2|SP:inst50|REGISTER32bit:inst1|REGISTER8bit:inst2|inst24                             ; |computador_mic|CPU:inst|DATAPATH:inst2|BANK_REGS:inst2|SP:inst50|REGISTER32bit:inst1|REGISTER8bit:inst2|inst24                       ; regout           ;
; |computador_mic|CPU:inst|DATAPATH:inst2|BANK_REGS:inst2|OUT_B[17]~65                                                                        ; |computador_mic|CPU:inst|DATAPATH:inst2|BANK_REGS:inst2|OUT_B[17]~65                                                                  ; combout          ;
; |computador_mic|CPU:inst|DATAPATH:inst2|BANK_REGS:inst2|OUT_B[17]~66                                                                        ; |computador_mic|CPU:inst|DATAPATH:inst2|BANK_REGS:inst2|OUT_B[17]~66                                                                  ; combout          ;
; |computador_mic|CPU:inst|DATAPATH:inst2|BANK_REGS:inst2|CPP:inst52|REGISTER32bit:inst1|REGISTER8bit:inst2|inst24                            ; |computador_mic|CPU:inst|DATAPATH:inst2|BANK_REGS:inst2|CPP:inst52|REGISTER32bit:inst1|REGISTER8bit:inst2|inst24                      ; regout           ;
; |computador_mic|CPU:inst|DATAPATH:inst2|BANK_REGS:inst2|OPC:inst4|REGISTER32bit:inst1|REGISTER8bit:inst2|inst24                             ; |computador_mic|CPU:inst|DATAPATH:inst2|BANK_REGS:inst2|OPC:inst4|REGISTER32bit:inst1|REGISTER8bit:inst2|inst24                       ; regout           ;
; |computador_mic|CPU:inst|DATAPATH:inst2|BANK_REGS:inst2|H:inst5|REGISTER32bit:inst1|REGISTER8bit:inst2|inst24                               ; |computador_mic|CPU:inst|DATAPATH:inst2|BANK_REGS:inst2|H:inst5|REGISTER32bit:inst1|REGISTER8bit:inst2|inst24                         ; regout           ;
; |computador_mic|CPU:inst|DATAPATH:inst2|BANK_REGS:inst2|LV:inst51|REGISTER32bit:inst1|REGISTER8bit:inst2|inst28                             ; |computador_mic|CPU:inst|DATAPATH:inst2|BANK_REGS:inst2|LV:inst51|REGISTER32bit:inst1|REGISTER8bit:inst2|inst28                       ; regout           ;
; |computador_mic|CPU:inst|DATAPATH:inst2|BANK_REGS:inst2|SP:inst50|REGISTER32bit:inst1|REGISTER8bit:inst2|inst28                             ; |computador_mic|CPU:inst|DATAPATH:inst2|BANK_REGS:inst2|SP:inst50|REGISTER32bit:inst1|REGISTER8bit:inst2|inst28                       ; regout           ;
; |computador_mic|CPU:inst|DATAPATH:inst2|BANK_REGS:inst2|OUT_B[16]~69                                                                        ; |computador_mic|CPU:inst|DATAPATH:inst2|BANK_REGS:inst2|OUT_B[16]~69                                                                  ; combout          ;
; |computador_mic|CPU:inst|DATAPATH:inst2|BANK_REGS:inst2|OUT_B[16]~70                                                                        ; |computador_mic|CPU:inst|DATAPATH:inst2|BANK_REGS:inst2|OUT_B[16]~70                                                                  ; combout          ;
; |computador_mic|CPU:inst|DATAPATH:inst2|BANK_REGS:inst2|CPP:inst52|REGISTER32bit:inst1|REGISTER8bit:inst2|inst28                            ; |computador_mic|CPU:inst|DATAPATH:inst2|BANK_REGS:inst2|CPP:inst52|REGISTER32bit:inst1|REGISTER8bit:inst2|inst28                      ; regout           ;
; |computador_mic|CPU:inst|DATAPATH:inst2|BANK_REGS:inst2|OPC:inst4|REGISTER32bit:inst1|REGISTER8bit:inst2|inst28                             ; |computador_mic|CPU:inst|DATAPATH:inst2|BANK_REGS:inst2|OPC:inst4|REGISTER32bit:inst1|REGISTER8bit:inst2|inst28                       ; regout           ;
; |computador_mic|CPU:inst|DATAPATH:inst2|BANK_REGS:inst2|LV:inst51|REGISTER32bit:inst1|REGISTER8bit:inst1|inst                               ; |computador_mic|CPU:inst|DATAPATH:inst2|BANK_REGS:inst2|LV:inst51|REGISTER32bit:inst1|REGISTER8bit:inst1|inst                         ; regout           ;
; |computador_mic|CPU:inst|DATAPATH:inst2|BANK_REGS:inst2|SP:inst50|REGISTER32bit:inst1|REGISTER8bit:inst1|inst                               ; |computador_mic|CPU:inst|DATAPATH:inst2|BANK_REGS:inst2|SP:inst50|REGISTER32bit:inst1|REGISTER8bit:inst1|inst                         ; regout           ;
; |computador_mic|CPU:inst|DATAPATH:inst2|BANK_REGS:inst2|OUT_B[15]~73                                                                        ; |computador_mic|CPU:inst|DATAPATH:inst2|BANK_REGS:inst2|OUT_B[15]~73                                                                  ; combout          ;
; |computador_mic|CPU:inst|DATAPATH:inst2|BANK_REGS:inst2|OUT_B[15]~74                                                                        ; |computador_mic|CPU:inst|DATAPATH:inst2|BANK_REGS:inst2|OUT_B[15]~74                                                                  ; combout          ;
; |computador_mic|CPU:inst|DATAPATH:inst2|BANK_REGS:inst2|TOS:inst53|REGISTER32bit:inst1|REGISTER8bit:inst1|inst                              ; |computador_mic|CPU:inst|DATAPATH:inst2|BANK_REGS:inst2|TOS:inst53|REGISTER32bit:inst1|REGISTER8bit:inst1|inst                        ; regout           ;
; |computador_mic|CPU:inst|DATAPATH:inst2|BANK_REGS:inst2|CPP:inst52|REGISTER32bit:inst1|REGISTER8bit:inst1|inst                              ; |computador_mic|CPU:inst|DATAPATH:inst2|BANK_REGS:inst2|CPP:inst52|REGISTER32bit:inst1|REGISTER8bit:inst1|inst                        ; regout           ;
; |computador_mic|CPU:inst|DATAPATH:inst2|BANK_REGS:inst2|OUT_B[15]~75                                                                        ; |computador_mic|CPU:inst|DATAPATH:inst2|BANK_REGS:inst2|OUT_B[15]~75                                                                  ; combout          ;
; |computador_mic|CPU:inst|DATAPATH:inst2|BANK_REGS:inst2|OPC:inst4|REGISTER32bit:inst1|REGISTER8bit:inst1|inst                               ; |computador_mic|CPU:inst|DATAPATH:inst2|BANK_REGS:inst2|OPC:inst4|REGISTER32bit:inst1|REGISTER8bit:inst1|inst                         ; regout           ;
; |computador_mic|CPU:inst|DATAPATH:inst2|BANK_REGS:inst2|OUT_B[15]~76                                                                        ; |computador_mic|CPU:inst|DATAPATH:inst2|BANK_REGS:inst2|OUT_B[15]~76                                                                  ; combout          ;
; |computador_mic|CPU:inst|DATAPATH:inst2|ULA_32bit:inst|ULA_8bit:inst1|ULA_1bit:inst8|inst5                                                  ; |computador_mic|CPU:inst|DATAPATH:inst2|ULA_32bit:inst|ULA_8bit:inst1|ULA_1bit:inst8|inst5                                            ; combout          ;
; |computador_mic|CPU:inst|DATAPATH:inst2|BANK_REGS:inst2|H:inst5|REGISTER32bit:inst1|REGISTER8bit:inst1|inst                                 ; |computador_mic|CPU:inst|DATAPATH:inst2|BANK_REGS:inst2|H:inst5|REGISTER32bit:inst1|REGISTER8bit:inst1|inst                           ; regout           ;
; |computador_mic|CPU:inst|DATAPATH:inst2|BANK_REGS:inst2|LV:inst51|REGISTER32bit:inst1|REGISTER8bit:inst1|inst5                              ; |computador_mic|CPU:inst|DATAPATH:inst2|BANK_REGS:inst2|LV:inst51|REGISTER32bit:inst1|REGISTER8bit:inst1|inst5                        ; regout           ;
; |computador_mic|CPU:inst|DATAPATH:inst2|BANK_REGS:inst2|SP:inst50|REGISTER32bit:inst1|REGISTER8bit:inst1|inst5                              ; |computador_mic|CPU:inst|DATAPATH:inst2|BANK_REGS:inst2|SP:inst50|REGISTER32bit:inst1|REGISTER8bit:inst1|inst5                        ; regout           ;
; |computador_mic|CPU:inst|DATAPATH:inst2|BANK_REGS:inst2|OUT_B[14]~77                                                                        ; |computador_mic|CPU:inst|DATAPATH:inst2|BANK_REGS:inst2|OUT_B[14]~77                                                                  ; combout          ;
; |computador_mic|CPU:inst|DATAPATH:inst2|BANK_REGS:inst2|OUT_B[14]~78                                                                        ; |computador_mic|CPU:inst|DATAPATH:inst2|BANK_REGS:inst2|OUT_B[14]~78                                                                  ; combout          ;
; |computador_mic|CPU:inst|DATAPATH:inst2|BANK_REGS:inst2|TOS:inst53|REGISTER32bit:inst1|REGISTER8bit:inst1|inst5                             ; |computador_mic|CPU:inst|DATAPATH:inst2|BANK_REGS:inst2|TOS:inst53|REGISTER32bit:inst1|REGISTER8bit:inst1|inst5                       ; regout           ;
; |computador_mic|CPU:inst|DATAPATH:inst2|BANK_REGS:inst2|CPP:inst52|REGISTER32bit:inst1|REGISTER8bit:inst1|inst5                             ; |computador_mic|CPU:inst|DATAPATH:inst2|BANK_REGS:inst2|CPP:inst52|REGISTER32bit:inst1|REGISTER8bit:inst1|inst5                       ; regout           ;
; |computador_mic|CPU:inst|DATAPATH:inst2|BANK_REGS:inst2|OUT_B[14]~79                                                                        ; |computador_mic|CPU:inst|DATAPATH:inst2|BANK_REGS:inst2|OUT_B[14]~79                                                                  ; combout          ;
; |computador_mic|CPU:inst|DATAPATH:inst2|BANK_REGS:inst2|OPC:inst4|REGISTER32bit:inst1|REGISTER8bit:inst1|inst5                              ; |computador_mic|CPU:inst|DATAPATH:inst2|BANK_REGS:inst2|OPC:inst4|REGISTER32bit:inst1|REGISTER8bit:inst1|inst5                        ; regout           ;
; |computador_mic|CPU:inst|DATAPATH:inst2|BANK_REGS:inst2|OUT_B[14]~80                                                                        ; |computador_mic|CPU:inst|DATAPATH:inst2|BANK_REGS:inst2|OUT_B[14]~80                                                                  ; combout          ;
; |computador_mic|CPU:inst|DATAPATH:inst2|ULA_32bit:inst|ULA_8bit:inst1|ULA_1bit:inst7|inst5                                                  ; |computador_mic|CPU:inst|DATAPATH:inst2|ULA_32bit:inst|ULA_8bit:inst1|ULA_1bit:inst7|inst5                                            ; combout          ;
; |computador_mic|CPU:inst|DATAPATH:inst2|BANK_REGS:inst2|H:inst5|REGISTER32bit:inst1|REGISTER8bit:inst1|inst5                                ; |computador_mic|CPU:inst|DATAPATH:inst2|BANK_REGS:inst2|H:inst5|REGISTER32bit:inst1|REGISTER8bit:inst1|inst5                          ; regout           ;
; |computador_mic|CPU:inst|DATAPATH:inst2|BANK_REGS:inst2|LV:inst51|REGISTER32bit:inst1|REGISTER8bit:inst1|inst8                              ; |computador_mic|CPU:inst|DATAPATH:inst2|BANK_REGS:inst2|LV:inst51|REGISTER32bit:inst1|REGISTER8bit:inst1|inst8                        ; regout           ;
; |computador_mic|CPU:inst|DATAPATH:inst2|BANK_REGS:inst2|SP:inst50|REGISTER32bit:inst1|REGISTER8bit:inst1|inst8                              ; |computador_mic|CPU:inst|DATAPATH:inst2|BANK_REGS:inst2|SP:inst50|REGISTER32bit:inst1|REGISTER8bit:inst1|inst8                        ; regout           ;
; |computador_mic|CPU:inst|DATAPATH:inst2|BANK_REGS:inst2|OUT_B[13]~81                                                                        ; |computador_mic|CPU:inst|DATAPATH:inst2|BANK_REGS:inst2|OUT_B[13]~81                                                                  ; combout          ;
; |computador_mic|CPU:inst|DATAPATH:inst2|BANK_REGS:inst2|OUT_B[13]~82                                                                        ; |computador_mic|CPU:inst|DATAPATH:inst2|BANK_REGS:inst2|OUT_B[13]~82                                                                  ; combout          ;
; |computador_mic|CPU:inst|DATAPATH:inst2|BANK_REGS:inst2|TOS:inst53|REGISTER32bit:inst1|REGISTER8bit:inst1|inst8                             ; |computador_mic|CPU:inst|DATAPATH:inst2|BANK_REGS:inst2|TOS:inst53|REGISTER32bit:inst1|REGISTER8bit:inst1|inst8                       ; regout           ;
; |computador_mic|CPU:inst|DATAPATH:inst2|BANK_REGS:inst2|CPP:inst52|REGISTER32bit:inst1|REGISTER8bit:inst1|inst8                             ; |computador_mic|CPU:inst|DATAPATH:inst2|BANK_REGS:inst2|CPP:inst52|REGISTER32bit:inst1|REGISTER8bit:inst1|inst8                       ; regout           ;
; |computador_mic|CPU:inst|DATAPATH:inst2|BANK_REGS:inst2|OUT_B[13]~83                                                                        ; |computador_mic|CPU:inst|DATAPATH:inst2|BANK_REGS:inst2|OUT_B[13]~83                                                                  ; combout          ;
; |computador_mic|CPU:inst|DATAPATH:inst2|BANK_REGS:inst2|OPC:inst4|REGISTER32bit:inst1|REGISTER8bit:inst1|inst8                              ; |computador_mic|CPU:inst|DATAPATH:inst2|BANK_REGS:inst2|OPC:inst4|REGISTER32bit:inst1|REGISTER8bit:inst1|inst8                        ; regout           ;
; |computador_mic|CPU:inst|DATAPATH:inst2|BANK_REGS:inst2|OUT_B[13]~84                                                                        ; |computador_mic|CPU:inst|DATAPATH:inst2|BANK_REGS:inst2|OUT_B[13]~84                                                                  ; combout          ;
; |computador_mic|CPU:inst|DATAPATH:inst2|ULA_32bit:inst|ULA_8bit:inst1|ULA_1bit:inst6|inst5                                                  ; |computador_mic|CPU:inst|DATAPATH:inst2|ULA_32bit:inst|ULA_8bit:inst1|ULA_1bit:inst6|inst5                                            ; combout          ;
; |computador_mic|CPU:inst|DATAPATH:inst2|BANK_REGS:inst2|H:inst5|REGISTER32bit:inst1|REGISTER8bit:inst1|inst8                                ; |computador_mic|CPU:inst|DATAPATH:inst2|BANK_REGS:inst2|H:inst5|REGISTER32bit:inst1|REGISTER8bit:inst1|inst8                          ; regout           ;
; |computador_mic|CPU:inst|DATAPATH:inst2|BANK_REGS:inst2|LV:inst51|REGISTER32bit:inst1|REGISTER8bit:inst1|inst12                             ; |computador_mic|CPU:inst|DATAPATH:inst2|BANK_REGS:inst2|LV:inst51|REGISTER32bit:inst1|REGISTER8bit:inst1|inst12                       ; regout           ;
; |computador_mic|CPU:inst|DATAPATH:inst2|BANK_REGS:inst2|SP:inst50|REGISTER32bit:inst1|REGISTER8bit:inst1|inst12                             ; |computador_mic|CPU:inst|DATAPATH:inst2|BANK_REGS:inst2|SP:inst50|REGISTER32bit:inst1|REGISTER8bit:inst1|inst12                       ; regout           ;
; |computador_mic|CPU:inst|DATAPATH:inst2|BANK_REGS:inst2|OUT_B[12]~85                                                                        ; |computador_mic|CPU:inst|DATAPATH:inst2|BANK_REGS:inst2|OUT_B[12]~85                                                                  ; combout          ;
; |computador_mic|CPU:inst|DATAPATH:inst2|BANK_REGS:inst2|OUT_B[12]~86                                                                        ; |computador_mic|CPU:inst|DATAPATH:inst2|BANK_REGS:inst2|OUT_B[12]~86                                                                  ; combout          ;
; |computador_mic|CPU:inst|DATAPATH:inst2|BANK_REGS:inst2|TOS:inst53|REGISTER32bit:inst1|REGISTER8bit:inst1|inst12                            ; |computador_mic|CPU:inst|DATAPATH:inst2|BANK_REGS:inst2|TOS:inst53|REGISTER32bit:inst1|REGISTER8bit:inst1|inst12                      ; regout           ;
; |computador_mic|CPU:inst|DATAPATH:inst2|BANK_REGS:inst2|CPP:inst52|REGISTER32bit:inst1|REGISTER8bit:inst1|inst12                            ; |computador_mic|CPU:inst|DATAPATH:inst2|BANK_REGS:inst2|CPP:inst52|REGISTER32bit:inst1|REGISTER8bit:inst1|inst12                      ; regout           ;
; |computador_mic|CPU:inst|DATAPATH:inst2|BANK_REGS:inst2|OUT_B[12]~87                                                                        ; |computador_mic|CPU:inst|DATAPATH:inst2|BANK_REGS:inst2|OUT_B[12]~87                                                                  ; combout          ;
; |computador_mic|CPU:inst|DATAPATH:inst2|BANK_REGS:inst2|OPC:inst4|REGISTER32bit:inst1|REGISTER8bit:inst1|inst12                             ; |computador_mic|CPU:inst|DATAPATH:inst2|BANK_REGS:inst2|OPC:inst4|REGISTER32bit:inst1|REGISTER8bit:inst1|inst12                       ; regout           ;
; |computador_mic|CPU:inst|DATAPATH:inst2|BANK_REGS:inst2|H:inst5|REGISTER32bit:inst1|REGISTER8bit:inst1|inst12                               ; |computador_mic|CPU:inst|DATAPATH:inst2|BANK_REGS:inst2|H:inst5|REGISTER32bit:inst1|REGISTER8bit:inst1|inst12                         ; regout           ;
; |computador_mic|CPU:inst|DATAPATH:inst2|BANK_REGS:inst2|LV:inst51|REGISTER32bit:inst1|REGISTER8bit:inst1|inst16                             ; |computador_mic|CPU:inst|DATAPATH:inst2|BANK_REGS:inst2|LV:inst51|REGISTER32bit:inst1|REGISTER8bit:inst1|inst16                       ; regout           ;
; |computador_mic|CPU:inst|DATAPATH:inst2|BANK_REGS:inst2|SP:inst50|REGISTER32bit:inst1|REGISTER8bit:inst1|inst16                             ; |computador_mic|CPU:inst|DATAPATH:inst2|BANK_REGS:inst2|SP:inst50|REGISTER32bit:inst1|REGISTER8bit:inst1|inst16                       ; regout           ;
; |computador_mic|CPU:inst|DATAPATH:inst2|BANK_REGS:inst2|OUT_B[11]~89                                                                        ; |computador_mic|CPU:inst|DATAPATH:inst2|BANK_REGS:inst2|OUT_B[11]~89                                                                  ; combout          ;
; |computador_mic|CPU:inst|DATAPATH:inst2|BANK_REGS:inst2|OUT_B[11]~90                                                                        ; |computador_mic|CPU:inst|DATAPATH:inst2|BANK_REGS:inst2|OUT_B[11]~90                                                                  ; combout          ;
; |computador_mic|CPU:inst|DATAPATH:inst2|BANK_REGS:inst2|CPP:inst52|REGISTER32bit:inst1|REGISTER8bit:inst1|inst16                            ; |computador_mic|CPU:inst|DATAPATH:inst2|BANK_REGS:inst2|CPP:inst52|REGISTER32bit:inst1|REGISTER8bit:inst1|inst16                      ; regout           ;
; |computador_mic|CPU:inst|DATAPATH:inst2|BANK_REGS:inst2|OPC:inst4|REGISTER32bit:inst1|REGISTER8bit:inst1|inst16                             ; |computador_mic|CPU:inst|DATAPATH:inst2|BANK_REGS:inst2|OPC:inst4|REGISTER32bit:inst1|REGISTER8bit:inst1|inst16                       ; regout           ;
; |computador_mic|CPU:inst|DATAPATH:inst2|BANK_REGS:inst2|H:inst5|REGISTER32bit:inst1|REGISTER8bit:inst1|inst16                               ; |computador_mic|CPU:inst|DATAPATH:inst2|BANK_REGS:inst2|H:inst5|REGISTER32bit:inst1|REGISTER8bit:inst1|inst16                         ; regout           ;
; |computador_mic|CPU:inst|DATAPATH:inst2|BANK_REGS:inst2|LV:inst51|REGISTER32bit:inst1|REGISTER8bit:inst1|inst20                             ; |computador_mic|CPU:inst|DATAPATH:inst2|BANK_REGS:inst2|LV:inst51|REGISTER32bit:inst1|REGISTER8bit:inst1|inst20                       ; regout           ;
; |computador_mic|CPU:inst|DATAPATH:inst2|BANK_REGS:inst2|SP:inst50|REGISTER32bit:inst1|REGISTER8bit:inst1|inst20                             ; |computador_mic|CPU:inst|DATAPATH:inst2|BANK_REGS:inst2|SP:inst50|REGISTER32bit:inst1|REGISTER8bit:inst1|inst20                       ; regout           ;
; |computador_mic|CPU:inst|DATAPATH:inst2|BANK_REGS:inst2|OUT_B[10]~93                                                                        ; |computador_mic|CPU:inst|DATAPATH:inst2|BANK_REGS:inst2|OUT_B[10]~93                                                                  ; combout          ;
; |computador_mic|CPU:inst|DATAPATH:inst2|BANK_REGS:inst2|OUT_B[10]~94                                                                        ; |computador_mic|CPU:inst|DATAPATH:inst2|BANK_REGS:inst2|OUT_B[10]~94                                                                  ; combout          ;
; |computador_mic|CPU:inst|DATAPATH:inst2|BANK_REGS:inst2|CPP:inst52|REGISTER32bit:inst1|REGISTER8bit:inst1|inst20                            ; |computador_mic|CPU:inst|DATAPATH:inst2|BANK_REGS:inst2|CPP:inst52|REGISTER32bit:inst1|REGISTER8bit:inst1|inst20                      ; regout           ;
; |computador_mic|CPU:inst|DATAPATH:inst2|BANK_REGS:inst2|OPC:inst4|REGISTER32bit:inst1|REGISTER8bit:inst1|inst20                             ; |computador_mic|CPU:inst|DATAPATH:inst2|BANK_REGS:inst2|OPC:inst4|REGISTER32bit:inst1|REGISTER8bit:inst1|inst20                       ; regout           ;
; |computador_mic|CPU:inst|DATAPATH:inst2|BANK_REGS:inst2|OUT_B[9]~97                                                                         ; |computador_mic|CPU:inst|DATAPATH:inst2|BANK_REGS:inst2|OUT_B[9]~97                                                                   ; combout          ;
; |computador_mic|CPU:inst|DATAPATH:inst2|BANK_REGS:inst2|LV:inst51|REGISTER32bit:inst1|REGISTER8bit:inst1|inst24                             ; |computador_mic|CPU:inst|DATAPATH:inst2|BANK_REGS:inst2|LV:inst51|REGISTER32bit:inst1|REGISTER8bit:inst1|inst24                       ; regout           ;
; |computador_mic|CPU:inst|DATAPATH:inst2|BANK_REGS:inst2|SP:inst50|REGISTER32bit:inst1|REGISTER8bit:inst1|inst24                             ; |computador_mic|CPU:inst|DATAPATH:inst2|BANK_REGS:inst2|SP:inst50|REGISTER32bit:inst1|REGISTER8bit:inst1|inst24                       ; regout           ;
; |computador_mic|CPU:inst|DATAPATH:inst2|BANK_REGS:inst2|OUT_B[9]~98                                                                         ; |computador_mic|CPU:inst|DATAPATH:inst2|BANK_REGS:inst2|OUT_B[9]~98                                                                   ; combout          ;
; |computador_mic|CPU:inst|DATAPATH:inst2|BANK_REGS:inst2|CPP:inst52|REGISTER32bit:inst1|REGISTER8bit:inst1|inst24                            ; |computador_mic|CPU:inst|DATAPATH:inst2|BANK_REGS:inst2|CPP:inst52|REGISTER32bit:inst1|REGISTER8bit:inst1|inst24                      ; regout           ;
; |computador_mic|CPU:inst|DATAPATH:inst2|BANK_REGS:inst2|OPC:inst4|REGISTER32bit:inst1|REGISTER8bit:inst1|inst24                             ; |computador_mic|CPU:inst|DATAPATH:inst2|BANK_REGS:inst2|OPC:inst4|REGISTER32bit:inst1|REGISTER8bit:inst1|inst24                       ; regout           ;
; |computador_mic|CPU:inst|DATAPATH:inst2|BANK_REGS:inst2|LV:inst51|REGISTER32bit:inst1|REGISTER8bit:inst1|inst28                             ; |computador_mic|CPU:inst|DATAPATH:inst2|BANK_REGS:inst2|LV:inst51|REGISTER32bit:inst1|REGISTER8bit:inst1|inst28                       ; regout           ;
; |computador_mic|CPU:inst|DATAPATH:inst2|BANK_REGS:inst2|SP:inst50|REGISTER32bit:inst1|REGISTER8bit:inst1|inst28                             ; |computador_mic|CPU:inst|DATAPATH:inst2|BANK_REGS:inst2|SP:inst50|REGISTER32bit:inst1|REGISTER8bit:inst1|inst28                       ; regout           ;
; |computador_mic|CPU:inst|DATAPATH:inst2|BANK_REGS:inst2|OUT_B[8]~102                                                                        ; |computador_mic|CPU:inst|DATAPATH:inst2|BANK_REGS:inst2|OUT_B[8]~102                                                                  ; combout          ;
; |computador_mic|CPU:inst|DATAPATH:inst2|BANK_REGS:inst2|OUT_B[8]~103                                                                        ; |computador_mic|CPU:inst|DATAPATH:inst2|BANK_REGS:inst2|OUT_B[8]~103                                                                  ; combout          ;
; |computador_mic|CPU:inst|DATAPATH:inst2|BANK_REGS:inst2|TOS:inst53|REGISTER32bit:inst1|REGISTER8bit:inst1|inst28                            ; |computador_mic|CPU:inst|DATAPATH:inst2|BANK_REGS:inst2|TOS:inst53|REGISTER32bit:inst1|REGISTER8bit:inst1|inst28                      ; regout           ;
; |computador_mic|CPU:inst|DATAPATH:inst2|BANK_REGS:inst2|CPP:inst52|REGISTER32bit:inst1|REGISTER8bit:inst1|inst28                            ; |computador_mic|CPU:inst|DATAPATH:inst2|BANK_REGS:inst2|CPP:inst52|REGISTER32bit:inst1|REGISTER8bit:inst1|inst28                      ; regout           ;
; |computador_mic|CPU:inst|DATAPATH:inst2|BANK_REGS:inst2|OPC:inst4|REGISTER32bit:inst1|REGISTER8bit:inst1|inst28                             ; |computador_mic|CPU:inst|DATAPATH:inst2|BANK_REGS:inst2|OPC:inst4|REGISTER32bit:inst1|REGISTER8bit:inst1|inst28                       ; regout           ;
; |computador_mic|CPU:inst|DATAPATH:inst2|BANK_REGS:inst2|OUT_B[8]~105                                                                        ; |computador_mic|CPU:inst|DATAPATH:inst2|BANK_REGS:inst2|OUT_B[8]~105                                                                  ; combout          ;
; |computador_mic|CPU:inst|DATAPATH:inst2|BANK_REGS:inst2|H:inst5|REGISTER32bit:inst1|REGISTER8bit:inst1|inst28                               ; |computador_mic|CPU:inst|DATAPATH:inst2|BANK_REGS:inst2|H:inst5|REGISTER32bit:inst1|REGISTER8bit:inst1|inst28                         ; regout           ;
; |computador_mic|CPU:inst|DATAPATH:inst2|BANK_REGS:inst2|LV:inst51|REGISTER32bit:inst1|REGISTER8bit:inst|inst28                              ; |computador_mic|CPU:inst|DATAPATH:inst2|BANK_REGS:inst2|LV:inst51|REGISTER32bit:inst1|REGISTER8bit:inst|inst28                        ; regout           ;
; |computador_mic|CPU:inst|DATAPATH:inst2|BANK_REGS:inst2|SP:inst50|REGISTER32bit:inst1|REGISTER8bit:inst|inst28                              ; |computador_mic|CPU:inst|DATAPATH:inst2|BANK_REGS:inst2|SP:inst50|REGISTER32bit:inst1|REGISTER8bit:inst|inst28                        ; regout           ;
; |computador_mic|CPU:inst|DATAPATH:inst2|BANK_REGS:inst2|OUT_B[7]~107                                                                        ; |computador_mic|CPU:inst|DATAPATH:inst2|BANK_REGS:inst2|OUT_B[7]~107                                                                  ; combout          ;
; |computador_mic|CPU:inst|DATAPATH:inst2|BANK_REGS:inst2|TOS:inst53|REGISTER32bit:inst1|REGISTER8bit:inst|inst28                             ; |computador_mic|CPU:inst|DATAPATH:inst2|BANK_REGS:inst2|TOS:inst53|REGISTER32bit:inst1|REGISTER8bit:inst|inst28                       ; regout           ;
; |computador_mic|CPU:inst|DATAPATH:inst2|BANK_REGS:inst2|CPP:inst52|REGISTER32bit:inst1|REGISTER8bit:inst|inst28                             ; |computador_mic|CPU:inst|DATAPATH:inst2|BANK_REGS:inst2|CPP:inst52|REGISTER32bit:inst1|REGISTER8bit:inst|inst28                       ; regout           ;
; |computador_mic|CPU:inst|DATAPATH:inst2|BANK_REGS:inst2|MDR:inst1|REGISTER32bit:inst1|REGISTER8bit:inst|inst28                              ; |computador_mic|CPU:inst|DATAPATH:inst2|BANK_REGS:inst2|MDR:inst1|REGISTER32bit:inst1|REGISTER8bit:inst|inst28                        ; regout           ;
; |computador_mic|CPU:inst|DATAPATH:inst2|BANK_REGS:inst2|OPC:inst4|REGISTER32bit:inst1|REGISTER8bit:inst|inst28                              ; |computador_mic|CPU:inst|DATAPATH:inst2|BANK_REGS:inst2|OPC:inst4|REGISTER32bit:inst1|REGISTER8bit:inst|inst28                        ; regout           ;
; |computador_mic|CPU:inst|DATAPATH:inst2|BANK_REGS:inst2|OUT_B[7]~109                                                                        ; |computador_mic|CPU:inst|DATAPATH:inst2|BANK_REGS:inst2|OUT_B[7]~109                                                                  ; combout          ;
; |computador_mic|CPU:inst|DATAPATH:inst2|BANK_REGS:inst2|MBR:inst3|REGISTER32bit:inst5|REGISTER8bit:inst|inst28                              ; |computador_mic|CPU:inst|DATAPATH:inst2|BANK_REGS:inst2|MBR:inst3|REGISTER32bit:inst5|REGISTER8bit:inst|inst28                        ; regout           ;
; |computador_mic|CPU:inst|DATAPATH:inst2|BANK_REGS:inst2|H:inst5|REGISTER32bit:inst1|REGISTER8bit:inst|inst28                                ; |computador_mic|CPU:inst|DATAPATH:inst2|BANK_REGS:inst2|H:inst5|REGISTER32bit:inst1|REGISTER8bit:inst|inst28                          ; regout           ;
; |computador_mic|CPU:inst|DATAPATH:inst2|BANK_REGS:inst2|SP:inst50|REGISTER32bit:inst1|REGISTER8bit:inst|inst24                              ; |computador_mic|CPU:inst|DATAPATH:inst2|BANK_REGS:inst2|SP:inst50|REGISTER32bit:inst1|REGISTER8bit:inst|inst24                        ; regout           ;
; |computador_mic|CPU:inst|DATAPATH:inst2|BANK_REGS:inst2|LV:inst51|REGISTER32bit:inst1|REGISTER8bit:inst|inst24                              ; |computador_mic|CPU:inst|DATAPATH:inst2|BANK_REGS:inst2|LV:inst51|REGISTER32bit:inst1|REGISTER8bit:inst|inst24                        ; regout           ;
; |computador_mic|CPU:inst|DATAPATH:inst2|BANK_REGS:inst2|CPP:inst52|REGISTER32bit:inst1|REGISTER8bit:inst|inst24                             ; |computador_mic|CPU:inst|DATAPATH:inst2|BANK_REGS:inst2|CPP:inst52|REGISTER32bit:inst1|REGISTER8bit:inst|inst24                       ; regout           ;
; |computador_mic|CPU:inst|DATAPATH:inst2|BANK_REGS:inst2|OPC:inst4|REGISTER32bit:inst1|REGISTER8bit:inst|inst24                              ; |computador_mic|CPU:inst|DATAPATH:inst2|BANK_REGS:inst2|OPC:inst4|REGISTER32bit:inst1|REGISTER8bit:inst|inst24                        ; regout           ;
; |computador_mic|CPU:inst|DATAPATH:inst2|BANK_REGS:inst2|TOS:inst53|REGISTER32bit:inst1|REGISTER8bit:inst|inst24                             ; |computador_mic|CPU:inst|DATAPATH:inst2|BANK_REGS:inst2|TOS:inst53|REGISTER32bit:inst1|REGISTER8bit:inst|inst24                       ; regout           ;
; |computador_mic|CPU:inst|DATAPATH:inst2|BANK_REGS:inst2|OUT_B[6]~114                                                                        ; |computador_mic|CPU:inst|DATAPATH:inst2|BANK_REGS:inst2|OUT_B[6]~114                                                                  ; combout          ;
; |computador_mic|CPU:inst|DATAPATH:inst2|BANK_REGS:inst2|MDR:inst1|REGISTER32bit:inst1|REGISTER8bit:inst|inst24                              ; |computador_mic|CPU:inst|DATAPATH:inst2|BANK_REGS:inst2|MDR:inst1|REGISTER32bit:inst1|REGISTER8bit:inst|inst24                        ; regout           ;
; |computador_mic|CPU:inst|DATAPATH:inst2|BANK_REGS:inst2|SP:inst50|REGISTER32bit:inst1|REGISTER8bit:inst|inst20                              ; |computador_mic|CPU:inst|DATAPATH:inst2|BANK_REGS:inst2|SP:inst50|REGISTER32bit:inst1|REGISTER8bit:inst|inst20                        ; regout           ;
; |computador_mic|CPU:inst|DATAPATH:inst2|BANK_REGS:inst2|LV:inst51|REGISTER32bit:inst1|REGISTER8bit:inst|inst20                              ; |computador_mic|CPU:inst|DATAPATH:inst2|BANK_REGS:inst2|LV:inst51|REGISTER32bit:inst1|REGISTER8bit:inst|inst20                        ; regout           ;
; |computador_mic|CPU:inst|DATAPATH:inst2|BANK_REGS:inst2|CPP:inst52|REGISTER32bit:inst1|REGISTER8bit:inst|inst20                             ; |computador_mic|CPU:inst|DATAPATH:inst2|BANK_REGS:inst2|CPP:inst52|REGISTER32bit:inst1|REGISTER8bit:inst|inst20                       ; regout           ;
; |computador_mic|CPU:inst|DATAPATH:inst2|BANK_REGS:inst2|OPC:inst4|REGISTER32bit:inst1|REGISTER8bit:inst|inst20                              ; |computador_mic|CPU:inst|DATAPATH:inst2|BANK_REGS:inst2|OPC:inst4|REGISTER32bit:inst1|REGISTER8bit:inst|inst20                        ; regout           ;
; |computador_mic|CPU:inst|DATAPATH:inst2|BANK_REGS:inst2|TOS:inst53|REGISTER32bit:inst1|REGISTER8bit:inst|inst20                             ; |computador_mic|CPU:inst|DATAPATH:inst2|BANK_REGS:inst2|TOS:inst53|REGISTER32bit:inst1|REGISTER8bit:inst|inst20                       ; regout           ;
; |computador_mic|CPU:inst|DATAPATH:inst2|BANK_REGS:inst2|OUT_B[5]~119                                                                        ; |computador_mic|CPU:inst|DATAPATH:inst2|BANK_REGS:inst2|OUT_B[5]~119                                                                  ; combout          ;
; |computador_mic|CPU:inst|DATAPATH:inst2|BANK_REGS:inst2|MDR:inst1|REGISTER32bit:inst1|REGISTER8bit:inst|inst20                              ; |computador_mic|CPU:inst|DATAPATH:inst2|BANK_REGS:inst2|MDR:inst1|REGISTER32bit:inst1|REGISTER8bit:inst|inst20                        ; regout           ;
; |computador_mic|CPU:inst|DATAPATH:inst2|BANK_REGS:inst2|OUT_B[5]~120                                                                        ; |computador_mic|CPU:inst|DATAPATH:inst2|BANK_REGS:inst2|OUT_B[5]~120                                                                  ; combout          ;
; |computador_mic|CPU:inst|DATAPATH:inst2|BANK_REGS:inst2|H:inst5|REGISTER32bit:inst1|REGISTER8bit:inst|inst20                                ; |computador_mic|CPU:inst|DATAPATH:inst2|BANK_REGS:inst2|H:inst5|REGISTER32bit:inst1|REGISTER8bit:inst|inst20                          ; regout           ;
; |computador_mic|CPU:inst|DATAPATH:inst2|BANK_REGS:inst2|SP:inst50|REGISTER32bit:inst1|REGISTER8bit:inst|inst16                              ; |computador_mic|CPU:inst|DATAPATH:inst2|BANK_REGS:inst2|SP:inst50|REGISTER32bit:inst1|REGISTER8bit:inst|inst16                        ; regout           ;
; |computador_mic|CPU:inst|DATAPATH:inst2|BANK_REGS:inst2|LV:inst51|REGISTER32bit:inst1|REGISTER8bit:inst|inst16                              ; |computador_mic|CPU:inst|DATAPATH:inst2|BANK_REGS:inst2|LV:inst51|REGISTER32bit:inst1|REGISTER8bit:inst|inst16                        ; regout           ;
; |computador_mic|CPU:inst|DATAPATH:inst2|BANK_REGS:inst2|CPP:inst52|REGISTER32bit:inst1|REGISTER8bit:inst|inst16                             ; |computador_mic|CPU:inst|DATAPATH:inst2|BANK_REGS:inst2|CPP:inst52|REGISTER32bit:inst1|REGISTER8bit:inst|inst16                       ; regout           ;
; |computador_mic|CPU:inst|DATAPATH:inst2|BANK_REGS:inst2|OPC:inst4|REGISTER32bit:inst1|REGISTER8bit:inst|inst16                              ; |computador_mic|CPU:inst|DATAPATH:inst2|BANK_REGS:inst2|OPC:inst4|REGISTER32bit:inst1|REGISTER8bit:inst|inst16                        ; regout           ;
; |computador_mic|CPU:inst|DATAPATH:inst2|BANK_REGS:inst2|TOS:inst53|REGISTER32bit:inst1|REGISTER8bit:inst|inst16                             ; |computador_mic|CPU:inst|DATAPATH:inst2|BANK_REGS:inst2|TOS:inst53|REGISTER32bit:inst1|REGISTER8bit:inst|inst16                       ; regout           ;
; |computador_mic|CPU:inst|DATAPATH:inst2|BANK_REGS:inst2|OUT_B[4]~124                                                                        ; |computador_mic|CPU:inst|DATAPATH:inst2|BANK_REGS:inst2|OUT_B[4]~124                                                                  ; combout          ;
; |computador_mic|CPU:inst|DATAPATH:inst2|BANK_REGS:inst2|MDR:inst1|REGISTER32bit:inst1|REGISTER8bit:inst|inst16                              ; |computador_mic|CPU:inst|DATAPATH:inst2|BANK_REGS:inst2|MDR:inst1|REGISTER32bit:inst1|REGISTER8bit:inst|inst16                        ; regout           ;
; |computador_mic|CPU:inst|DATAPATH:inst2|BANK_REGS:inst2|H:inst5|REGISTER32bit:inst1|REGISTER8bit:inst|inst16                                ; |computador_mic|CPU:inst|DATAPATH:inst2|BANK_REGS:inst2|H:inst5|REGISTER32bit:inst1|REGISTER8bit:inst|inst16                          ; regout           ;
; |computador_mic|CPU:inst|DATAPATH:inst2|ULA_32bit:inst|ULA_8bit:inst|ULA_1bit:inst5|inst1                                                   ; |computador_mic|CPU:inst|DATAPATH:inst2|ULA_32bit:inst|ULA_8bit:inst|ULA_1bit:inst5|inst1                                             ; combout          ;
; |computador_mic|CPU:inst|DATAPATH:inst2|ULA_32bit:inst|ULA_8bit:inst|ULA_1bit:inst5|FULLADDER_1bit:inst7|inst4                              ; |computador_mic|CPU:inst|DATAPATH:inst2|ULA_32bit:inst|ULA_8bit:inst|ULA_1bit:inst5|FULLADDER_1bit:inst7|inst4                        ; combout          ;
; |computador_mic|CPU:inst|DATAPATH:inst2|ULA_32bit:inst|ULA_8bit:inst|ULA_1bit:inst6|FULLADDER_1bit:inst7|inst4                              ; |computador_mic|CPU:inst|DATAPATH:inst2|ULA_32bit:inst|ULA_8bit:inst|ULA_1bit:inst6|FULLADDER_1bit:inst7|inst4                        ; combout          ;
; |computador_mic|CPU:inst|DATAPATH:inst2|BANK_REGS:inst2|SP:inst50|REGISTER32bit:inst1|REGISTER8bit:inst|inst12                              ; |computador_mic|CPU:inst|DATAPATH:inst2|BANK_REGS:inst2|SP:inst50|REGISTER32bit:inst1|REGISTER8bit:inst|inst12                        ; regout           ;
; |computador_mic|CPU:inst|DATAPATH:inst2|BANK_REGS:inst2|CPP:inst52|REGISTER32bit:inst1|REGISTER8bit:inst|inst12                             ; |computador_mic|CPU:inst|DATAPATH:inst2|BANK_REGS:inst2|CPP:inst52|REGISTER32bit:inst1|REGISTER8bit:inst|inst12                       ; regout           ;
; |computador_mic|CPU:inst|DATAPATH:inst2|BANK_REGS:inst2|LV:inst51|REGISTER32bit:inst1|REGISTER8bit:inst|inst12                              ; |computador_mic|CPU:inst|DATAPATH:inst2|BANK_REGS:inst2|LV:inst51|REGISTER32bit:inst1|REGISTER8bit:inst|inst12                        ; regout           ;
; |computador_mic|CPU:inst|DATAPATH:inst2|BANK_REGS:inst2|OUT_B[3]~128                                                                        ; |computador_mic|CPU:inst|DATAPATH:inst2|BANK_REGS:inst2|OUT_B[3]~128                                                                  ; combout          ;
; |computador_mic|CPU:inst|DATAPATH:inst2|BANK_REGS:inst2|OPC:inst4|REGISTER32bit:inst1|REGISTER8bit:inst|inst12                              ; |computador_mic|CPU:inst|DATAPATH:inst2|BANK_REGS:inst2|OPC:inst4|REGISTER32bit:inst1|REGISTER8bit:inst|inst12                        ; regout           ;
; |computador_mic|CPU:inst|DATAPATH:inst2|BANK_REGS:inst2|TOS:inst53|REGISTER32bit:inst1|REGISTER8bit:inst|inst12                             ; |computador_mic|CPU:inst|DATAPATH:inst2|BANK_REGS:inst2|TOS:inst53|REGISTER32bit:inst1|REGISTER8bit:inst|inst12                       ; regout           ;
; |computador_mic|CPU:inst|DATAPATH:inst2|BANK_REGS:inst2|OUT_B[3]~129                                                                        ; |computador_mic|CPU:inst|DATAPATH:inst2|BANK_REGS:inst2|OUT_B[3]~129                                                                  ; combout          ;
; |computador_mic|CPU:inst|DATAPATH:inst2|BANK_REGS:inst2|MDR:inst1|REGISTER32bit:inst1|REGISTER8bit:inst|inst12                              ; |computador_mic|CPU:inst|DATAPATH:inst2|BANK_REGS:inst2|MDR:inst1|REGISTER32bit:inst1|REGISTER8bit:inst|inst12                        ; regout           ;
; |computador_mic|CPU:inst|DATAPATH:inst2|BANK_REGS:inst2|H:inst5|REGISTER32bit:inst1|REGISTER8bit:inst|inst12                                ; |computador_mic|CPU:inst|DATAPATH:inst2|BANK_REGS:inst2|H:inst5|REGISTER32bit:inst1|REGISTER8bit:inst|inst12                          ; regout           ;
; |computador_mic|CPU:inst|DATAPATH:inst2|ULA_32bit:inst|ULA_8bit:inst|ULA_1bit:inst4|inst1                                                   ; |computador_mic|CPU:inst|DATAPATH:inst2|ULA_32bit:inst|ULA_8bit:inst|ULA_1bit:inst4|inst1                                             ; combout          ;
; |computador_mic|CPU:inst|DATAPATH:inst2|BANK_REGS:inst2|CPP:inst52|REGISTER32bit:inst1|REGISTER8bit:inst|inst8                              ; |computador_mic|CPU:inst|DATAPATH:inst2|BANK_REGS:inst2|CPP:inst52|REGISTER32bit:inst1|REGISTER8bit:inst|inst8                        ; regout           ;
; |computador_mic|CPU:inst|DATAPATH:inst2|BANK_REGS:inst2|LV:inst51|REGISTER32bit:inst1|REGISTER8bit:inst|inst8                               ; |computador_mic|CPU:inst|DATAPATH:inst2|BANK_REGS:inst2|LV:inst51|REGISTER32bit:inst1|REGISTER8bit:inst|inst8                         ; regout           ;
; |computador_mic|CPU:inst|DATAPATH:inst2|BANK_REGS:inst2|OUT_B[2]~133                                                                        ; |computador_mic|CPU:inst|DATAPATH:inst2|BANK_REGS:inst2|OUT_B[2]~133                                                                  ; combout          ;
; |computador_mic|CPU:inst|DATAPATH:inst2|BANK_REGS:inst2|OPC:inst4|REGISTER32bit:inst1|REGISTER8bit:inst|inst8                               ; |computador_mic|CPU:inst|DATAPATH:inst2|BANK_REGS:inst2|OPC:inst4|REGISTER32bit:inst1|REGISTER8bit:inst|inst8                         ; regout           ;
; |computador_mic|CPU:inst|DATAPATH:inst2|BANK_REGS:inst2|H:inst5|REGISTER32bit:inst1|REGISTER8bit:inst|inst8                                 ; |computador_mic|CPU:inst|DATAPATH:inst2|BANK_REGS:inst2|H:inst5|REGISTER32bit:inst1|REGISTER8bit:inst|inst8                           ; regout           ;
; |computador_mic|CPU:inst|DATAPATH:inst2|BANK_REGS:inst2|CPP:inst52|REGISTER32bit:inst1|REGISTER8bit:inst|inst5                              ; |computador_mic|CPU:inst|DATAPATH:inst2|BANK_REGS:inst2|CPP:inst52|REGISTER32bit:inst1|REGISTER8bit:inst|inst5                        ; regout           ;
; |computador_mic|CPU:inst|DATAPATH:inst2|BANK_REGS:inst2|LV:inst51|REGISTER32bit:inst1|REGISTER8bit:inst|inst5                               ; |computador_mic|CPU:inst|DATAPATH:inst2|BANK_REGS:inst2|LV:inst51|REGISTER32bit:inst1|REGISTER8bit:inst|inst5                         ; regout           ;
; |computador_mic|CPU:inst|DATAPATH:inst2|BANK_REGS:inst2|OUT_B[1]~138                                                                        ; |computador_mic|CPU:inst|DATAPATH:inst2|BANK_REGS:inst2|OUT_B[1]~138                                                                  ; combout          ;
; |computador_mic|CPU:inst|DATAPATH:inst2|BANK_REGS:inst2|OPC:inst4|REGISTER32bit:inst1|REGISTER8bit:inst|inst5                               ; |computador_mic|CPU:inst|DATAPATH:inst2|BANK_REGS:inst2|OPC:inst4|REGISTER32bit:inst1|REGISTER8bit:inst|inst5                         ; regout           ;
; |computador_mic|CPU:inst|DATAPATH:inst2|BANK_REGS:inst2|H:inst5|REGISTER32bit:inst1|REGISTER8bit:inst|inst5                                 ; |computador_mic|CPU:inst|DATAPATH:inst2|BANK_REGS:inst2|H:inst5|REGISTER32bit:inst1|REGISTER8bit:inst|inst5                           ; regout           ;
; |computador_mic|CPU:inst|DATAPATH:inst2|BANK_REGS:inst2|CPP:inst52|REGISTER32bit:inst1|REGISTER8bit:inst|inst                               ; |computador_mic|CPU:inst|DATAPATH:inst2|BANK_REGS:inst2|CPP:inst52|REGISTER32bit:inst1|REGISTER8bit:inst|inst                         ; regout           ;
; |computador_mic|CPU:inst|DATAPATH:inst2|BANK_REGS:inst2|LV:inst51|REGISTER32bit:inst1|REGISTER8bit:inst|inst                                ; |computador_mic|CPU:inst|DATAPATH:inst2|BANK_REGS:inst2|LV:inst51|REGISTER32bit:inst1|REGISTER8bit:inst|inst                          ; regout           ;
; |computador_mic|CPU:inst|DATAPATH:inst2|BANK_REGS:inst2|OUT_B[0]~143                                                                        ; |computador_mic|CPU:inst|DATAPATH:inst2|BANK_REGS:inst2|OUT_B[0]~143                                                                  ; combout          ;
; |computador_mic|CPU:inst|DATAPATH:inst2|BANK_REGS:inst2|OPC:inst4|REGISTER32bit:inst1|REGISTER8bit:inst|inst                                ; |computador_mic|CPU:inst|DATAPATH:inst2|BANK_REGS:inst2|OPC:inst4|REGISTER32bit:inst1|REGISTER8bit:inst|inst                          ; regout           ;
; |computador_mic|CPU:inst|CONTROL_UNIT:inst|MPC_GENERATOR:inst|inst1                                                                         ; |computador_mic|CPU:inst|CONTROL_UNIT:inst|MPC_GENERATOR:inst|inst1                                                                   ; regout           ;
; |computador_mic|CPU:inst|CONTROL_UNIT:inst|MPC_GENERATOR:inst|inst~0                                                                        ; |computador_mic|CPU:inst|CONTROL_UNIT:inst|MPC_GENERATOR:inst|inst~0                                                                  ; combout          ;
; |computador_mic|CPU:inst|CONTROL_UNIT:inst|MPC_GENERATOR:inst|inst                                                                          ; |computador_mic|CPU:inst|CONTROL_UNIT:inst|MPC_GENERATOR:inst|inst                                                                    ; combout          ;
; |computador_mic|CPU:inst|CONTROL_UNIT:inst|inst2[7]                                                                                         ; |computador_mic|CPU:inst|CONTROL_UNIT:inst|inst2[7]                                                                                   ; regout           ;
; |computador_mic|CPU:inst|CONTROL_UNIT:inst|MPC_GENERATOR:inst|inst12[7]                                                                     ; |computador_mic|CPU:inst|CONTROL_UNIT:inst|MPC_GENERATOR:inst|inst12[7]                                                               ; combout          ;
; |computador_mic|CPU:inst|DATAPATH:inst2|BANK_REGS:inst2|CPP:inst52|REGISTER32bit:inst1|inst12                                               ; |computador_mic|CPU:inst|DATAPATH:inst2|BANK_REGS:inst2|CPP:inst52|REGISTER32bit:inst1|inst12                                         ; combout          ;
; |computador_mic|CPU:inst|DATAPATH:inst2|BANK_REGS:inst2|LV:inst51|REGISTER32bit:inst1|inst12                                                ; |computador_mic|CPU:inst|DATAPATH:inst2|BANK_REGS:inst2|LV:inst51|REGISTER32bit:inst1|inst12                                          ; combout          ;
; |computador_mic|CPU:inst|DATAPATH:inst2|BANK_REGS:inst2|OPC:inst4|REGISTER32bit:inst1|inst12                                                ; |computador_mic|CPU:inst|DATAPATH:inst2|BANK_REGS:inst2|OPC:inst4|REGISTER32bit:inst1|inst12                                          ; combout          ;
; |computador_mic|PC[31]                                                                                                                      ; |computador_mic|PC[31]                                                                                                                ; padio            ;
; |computador_mic|PC[30]                                                                                                                      ; |computador_mic|PC[30]                                                                                                                ; padio            ;
; |computador_mic|PC[29]                                                                                                                      ; |computador_mic|PC[29]                                                                                                                ; padio            ;
; |computador_mic|PC[28]                                                                                                                      ; |computador_mic|PC[28]                                                                                                                ; padio            ;
; |computador_mic|PC[27]                                                                                                                      ; |computador_mic|PC[27]                                                                                                                ; padio            ;
; |computador_mic|PC[26]                                                                                                                      ; |computador_mic|PC[26]                                                                                                                ; padio            ;
; |computador_mic|PC[25]                                                                                                                      ; |computador_mic|PC[25]                                                                                                                ; padio            ;
; |computador_mic|PC[24]                                                                                                                      ; |computador_mic|PC[24]                                                                                                                ; padio            ;
; |computador_mic|PC[23]                                                                                                                      ; |computador_mic|PC[23]                                                                                                                ; padio            ;
; |computador_mic|PC[22]                                                                                                                      ; |computador_mic|PC[22]                                                                                                                ; padio            ;
; |computador_mic|PC[21]                                                                                                                      ; |computador_mic|PC[21]                                                                                                                ; padio            ;
; |computador_mic|PC[20]                                                                                                                      ; |computador_mic|PC[20]                                                                                                                ; padio            ;
; |computador_mic|PC[19]                                                                                                                      ; |computador_mic|PC[19]                                                                                                                ; padio            ;
; |computador_mic|PC[18]                                                                                                                      ; |computador_mic|PC[18]                                                                                                                ; padio            ;
; |computador_mic|PC[17]                                                                                                                      ; |computador_mic|PC[17]                                                                                                                ; padio            ;
; |computador_mic|PC[16]                                                                                                                      ; |computador_mic|PC[16]                                                                                                                ; padio            ;
; |computador_mic|PC[15]                                                                                                                      ; |computador_mic|PC[15]                                                                                                                ; padio            ;
; |computador_mic|PC[14]                                                                                                                      ; |computador_mic|PC[14]                                                                                                                ; padio            ;
; |computador_mic|PC[13]                                                                                                                      ; |computador_mic|PC[13]                                                                                                                ; padio            ;
; |computador_mic|PC[12]                                                                                                                      ; |computador_mic|PC[12]                                                                                                                ; padio            ;
; |computador_mic|PC[11]                                                                                                                      ; |computador_mic|PC[11]                                                                                                                ; padio            ;
; |computador_mic|PC[10]                                                                                                                      ; |computador_mic|PC[10]                                                                                                                ; padio            ;
; |computador_mic|PC[9]                                                                                                                       ; |computador_mic|PC[9]                                                                                                                 ; padio            ;
; |computador_mic|PC[8]                                                                                                                       ; |computador_mic|PC[8]                                                                                                                 ; padio            ;
; |computador_mic|PC[7]                                                                                                                       ; |computador_mic|PC[7]                                                                                                                 ; padio            ;
; |computador_mic|DATA_MEM_ADDR[31]                                                                                                           ; |computador_mic|DATA_MEM_ADDR[31]                                                                                                     ; padio            ;
; |computador_mic|DATA_MEM_ADDR[30]                                                                                                           ; |computador_mic|DATA_MEM_ADDR[30]                                                                                                     ; padio            ;
; |computador_mic|DATA_MEM_ADDR[29]                                                                                                           ; |computador_mic|DATA_MEM_ADDR[29]                                                                                                     ; padio            ;
; |computador_mic|DATA_MEM_ADDR[28]                                                                                                           ; |computador_mic|DATA_MEM_ADDR[28]                                                                                                     ; padio            ;
; |computador_mic|DATA_MEM_ADDR[27]                                                                                                           ; |computador_mic|DATA_MEM_ADDR[27]                                                                                                     ; padio            ;
; |computador_mic|DATA_MEM_ADDR[26]                                                                                                           ; |computador_mic|DATA_MEM_ADDR[26]                                                                                                     ; padio            ;
; |computador_mic|DATA_MEM_ADDR[25]                                                                                                           ; |computador_mic|DATA_MEM_ADDR[25]                                                                                                     ; padio            ;
; |computador_mic|DATA_MEM_ADDR[24]                                                                                                           ; |computador_mic|DATA_MEM_ADDR[24]                                                                                                     ; padio            ;
; |computador_mic|DATA_MEM_ADDR[23]                                                                                                           ; |computador_mic|DATA_MEM_ADDR[23]                                                                                                     ; padio            ;
; |computador_mic|DATA_MEM_ADDR[22]                                                                                                           ; |computador_mic|DATA_MEM_ADDR[22]                                                                                                     ; padio            ;
; |computador_mic|DATA_MEM_ADDR[21]                                                                                                           ; |computador_mic|DATA_MEM_ADDR[21]                                                                                                     ; padio            ;
; |computador_mic|DATA_MEM_ADDR[20]                                                                                                           ; |computador_mic|DATA_MEM_ADDR[20]                                                                                                     ; padio            ;
; |computador_mic|DATA_MEM_ADDR[19]                                                                                                           ; |computador_mic|DATA_MEM_ADDR[19]                                                                                                     ; padio            ;
; |computador_mic|DATA_MEM_ADDR[18]                                                                                                           ; |computador_mic|DATA_MEM_ADDR[18]                                                                                                     ; padio            ;
; |computador_mic|DATA_MEM_ADDR[17]                                                                                                           ; |computador_mic|DATA_MEM_ADDR[17]                                                                                                     ; padio            ;
; |computador_mic|DATA_MEM_ADDR[16]                                                                                                           ; |computador_mic|DATA_MEM_ADDR[16]                                                                                                     ; padio            ;
; |computador_mic|DATA_MEM_ADDR[15]                                                                                                           ; |computador_mic|DATA_MEM_ADDR[15]                                                                                                     ; padio            ;
; |computador_mic|DATA_MEM_ADDR[14]                                                                                                           ; |computador_mic|DATA_MEM_ADDR[14]                                                                                                     ; padio            ;
; |computador_mic|DATA_MEM_ADDR[13]                                                                                                           ; |computador_mic|DATA_MEM_ADDR[13]                                                                                                     ; padio            ;
; |computador_mic|DATA_MEM_ADDR[12]                                                                                                           ; |computador_mic|DATA_MEM_ADDR[12]                                                                                                     ; padio            ;
; |computador_mic|DATA_MEM_ADDR[11]                                                                                                           ; |computador_mic|DATA_MEM_ADDR[11]                                                                                                     ; padio            ;
; |computador_mic|DATA_MEM_ADDR[10]                                                                                                           ; |computador_mic|DATA_MEM_ADDR[10]                                                                                                     ; padio            ;
; |computador_mic|DATA_MEM_ADDR[6]                                                                                                            ; |computador_mic|DATA_MEM_ADDR[6]                                                                                                      ; padio            ;
; |computador_mic|DATA_MEM_ADDR[3]                                                                                                            ; |computador_mic|DATA_MEM_ADDR[3]                                                                                                      ; padio            ;
; |computador_mic|DATA_MEM_OUT[31]                                                                                                            ; |computador_mic|DATA_MEM_OUT[31]                                                                                                      ; padio            ;
; |computador_mic|DATA_MEM_OUT[30]                                                                                                            ; |computador_mic|DATA_MEM_OUT[30]                                                                                                      ; padio            ;
; |computador_mic|DATA_MEM_OUT[29]                                                                                                            ; |computador_mic|DATA_MEM_OUT[29]                                                                                                      ; padio            ;
; |computador_mic|DATA_MEM_OUT[28]                                                                                                            ; |computador_mic|DATA_MEM_OUT[28]                                                                                                      ; padio            ;
; |computador_mic|DATA_MEM_OUT[25]                                                                                                            ; |computador_mic|DATA_MEM_OUT[25]                                                                                                      ; padio            ;
; |computador_mic|DATA_MEM_OUT[24]                                                                                                            ; |computador_mic|DATA_MEM_OUT[24]                                                                                                      ; padio            ;
; |computador_mic|DATA_MEM_OUT[23]                                                                                                            ; |computador_mic|DATA_MEM_OUT[23]                                                                                                      ; padio            ;
; |computador_mic|DATA_MEM_OUT[22]                                                                                                            ; |computador_mic|DATA_MEM_OUT[22]                                                                                                      ; padio            ;
; |computador_mic|DATA_MEM_OUT[21]                                                                                                            ; |computador_mic|DATA_MEM_OUT[21]                                                                                                      ; padio            ;
; |computador_mic|DATA_MEM_OUT[20]                                                                                                            ; |computador_mic|DATA_MEM_OUT[20]                                                                                                      ; padio            ;
; |computador_mic|DATA_MEM_OUT[15]                                                                                                            ; |computador_mic|DATA_MEM_OUT[15]                                                                                                      ; padio            ;
; |computador_mic|DATA_MEM_OUT[14]                                                                                                            ; |computador_mic|DATA_MEM_OUT[14]                                                                                                      ; padio            ;
; |computador_mic|DATA_MEM_OUT[13]                                                                                                            ; |computador_mic|DATA_MEM_OUT[13]                                                                                                      ; padio            ;
; |computador_mic|DATA_MEM_OUT[12]                                                                                                            ; |computador_mic|DATA_MEM_OUT[12]                                                                                                      ; padio            ;
; |computador_mic|DATA_MEM_OUT[8]                                                                                                             ; |computador_mic|DATA_MEM_OUT[8]                                                                                                       ; padio            ;
; |computador_mic|DATA_MEM_OUT[7]                                                                                                             ; |computador_mic|DATA_MEM_OUT[7]                                                                                                       ; padio            ;
; |computador_mic|DATA_MEM_OUT[6]                                                                                                             ; |computador_mic|DATA_MEM_OUT[6]                                                                                                       ; padio            ;
; |computador_mic|DATA_MEM_OUT[5]                                                                                                             ; |computador_mic|DATA_MEM_OUT[5]                                                                                                       ; padio            ;
; |computador_mic|DATA_MEM_OUT[4]                                                                                                             ; |computador_mic|DATA_MEM_OUT[4]                                                                                                       ; padio            ;
; |computador_mic|DATA_MEM_OUT[3]                                                                                                             ; |computador_mic|DATA_MEM_OUT[3]                                                                                                       ; padio            ;
; |computador_mic|MBR_OUT[7]                                                                                                                  ; |computador_mic|MBR_OUT[7]                                                                                                            ; padio            ;
; |computador_mic|MIR[35]                                                                                                                     ; |computador_mic|MIR[35]                                                                                                               ; padio            ;
; |computador_mic|MIR[34]                                                                                                                     ; |computador_mic|MIR[34]                                                                                                               ; padio            ;
; |computador_mic|MIR[33]                                                                                                                     ; |computador_mic|MIR[33]                                                                                                               ; padio            ;
; |computador_mic|MIR[31]                                                                                                                     ; |computador_mic|MIR[31]                                                                                                               ; padio            ;
; |computador_mic|MIR[25]                                                                                                                     ; |computador_mic|MIR[25]                                                                                                               ; padio            ;
; |computador_mic|MIR[24]                                                                                                                     ; |computador_mic|MIR[24]                                                                                                               ; padio            ;
; |computador_mic|MIR[22]                                                                                                                     ; |computador_mic|MIR[22]                                                                                                               ; padio            ;
; |computador_mic|MIR[14]                                                                                                                     ; |computador_mic|MIR[14]                                                                                                               ; padio            ;
; |computador_mic|MIR[12]                                                                                                                     ; |computador_mic|MIR[12]                                                                                                               ; padio            ;
; |computador_mic|MIR[11]                                                                                                                     ; |computador_mic|MIR[11]                                                                                                               ; padio            ;
; |computador_mic|MIR[3]                                                                                                                      ; |computador_mic|MIR[3]                                                                                                                ; padio            ;
; |computador_mic|MPC[8]                                                                                                                      ; |computador_mic|MPC[8]                                                                                                                ; padio            ;
; |computador_mic|MPC[7]                                                                                                                      ; |computador_mic|MPC[7]                                                                                                                ; padio            ;
; |computador_mic|CPU:inst|DATAPATH:inst2|BANK_REGS:inst2|CPP:inst52|REGISTER32bit:inst1|inst12~clkctrl                                       ; |computador_mic|CPU:inst|DATAPATH:inst2|BANK_REGS:inst2|CPP:inst52|REGISTER32bit:inst1|inst12~clkctrl                                 ; outclk           ;
; |computador_mic|CPU:inst|DATAPATH:inst2|BANK_REGS:inst2|LV:inst51|REGISTER32bit:inst1|inst12~clkctrl                                        ; |computador_mic|CPU:inst|DATAPATH:inst2|BANK_REGS:inst2|LV:inst51|REGISTER32bit:inst1|inst12~clkctrl                                  ; outclk           ;
; |computador_mic|CPU:inst|DATAPATH:inst2|BANK_REGS:inst2|OPC:inst4|REGISTER32bit:inst1|inst12~clkctrl                                        ; |computador_mic|CPU:inst|DATAPATH:inst2|BANK_REGS:inst2|OPC:inst4|REGISTER32bit:inst1|inst12~clkctrl                                  ; outclk           ;
+---------------------------------------------------------------------------------------------------------------------------------------------+---------------------------------------------------------------------------------------------------------------------------------------+------------------+


+---------------------+
; Simulator INI Usage ;
+--------+------------+
; Option ; Usage      ;
+--------+------------+


+--------------------+
; Simulator Messages ;
+--------------------+
Info: *******************************************************************
Info: Running Quartus II 64-Bit Simulator
    Info: Version 13.0.1 Build 232 06/12/2013 Service Pack 1 SJ Web Edition
    Info: Processing started: Fri Jan 17 08:34:45 2025
Info: Command: quartus_sim --simulation_results_format=VWF MIC1 -c MIC1
Info (324025): Using vector source file "C:/Users/grego/Desktop/mmm/joaquim/MIC1-main/mic atualizado/MIC1_recursive_sum.vwf"
Info (328054): Inverted registers were found during simulation
    Info (328055): Register: |computador_mic|CPU:inst|DATAPATH:inst2|BANK_REGS:inst2|CPP:inst52|REGISTER32bit:inst1|REGISTER8bit:inst1|inst24
    Info (328055): Register: |computador_mic|CPU:inst|DATAPATH:inst2|BANK_REGS:inst2|CPP:inst52|REGISTER32bit:inst1|REGISTER8bit:inst1|inst28
    Info (328055): Register: |computador_mic|CPU:inst|DATAPATH:inst2|BANK_REGS:inst2|CPP:inst52|REGISTER32bit:inst1|REGISTER8bit:inst|inst28
    Info (328055): Register: |computador_mic|CPU:inst|DATAPATH:inst2|BANK_REGS:inst2|SP:inst50|REGISTER32bit:inst1|REGISTER8bit:inst|inst24
    Info (328055): Register: |computador_mic|CPU:inst|DATAPATH:inst2|BANK_REGS:inst2|LV:inst51|REGISTER32bit:inst1|REGISTER8bit:inst|inst24
    Info (328055): Register: |computador_mic|CPU:inst|DATAPATH:inst2|BANK_REGS:inst2|CPP:inst52|REGISTER32bit:inst1|REGISTER8bit:inst|inst24
    Info (328055): Register: |computador_mic|CPU:inst|DATAPATH:inst2|BANK_REGS:inst2|CPP:inst52|REGISTER32bit:inst1|REGISTER8bit:inst|inst20
    Info (328055): Register: |computador_mic|CPU:inst|DATAPATH:inst2|BANK_REGS:inst2|CPP:inst52|REGISTER32bit:inst1|REGISTER8bit:inst|inst16
Info (310003): Option to preserve fewer signal transitions to reduce memory requirements is enabled
    Info (310004): Simulation has been partitioned into sub-simulations according to the maximum transition count determined by the engine. Transitions from memory will be flushed out to disk at the end of each sub-simulation to reduce memory requirements.
Info (310002): Simulation partitioned into 1 sub-simulations
Info (328053): Simulation coverage is      59.01 %
Info (328052): Number of transitions in simulation is 144361
Info (324045): Vector file MIC1.sim.vwf is saved in VWF text format. You can compress it into CVWF format in order to reduce file size. For more details please refer to the Quartus II Help.
Info: Quartus II 64-Bit Simulator was successful. 0 errors, 0 warnings
    Info: Peak virtual memory: 4481 megabytes
    Info: Processing ended: Fri Jan 17 08:34:47 2025
    Info: Elapsed time: 00:00:02
    Info: Total CPU time (on all processors): 00:00:02


