Simulator report for mic1
Thu Dec 12 19:45:09 2024
Quartus II 64-Bit Version 13.0.1 Build 232 06/12/2013 Service Pack 1 SJ Web Edition


---------------------
; Table of Contents ;
---------------------
  1. Legal Notice
  2. Simulator Summary
  3. Simulator Settings
  4. Simulation Waveforms
  5. |ULA|UNIDADE_CONTROLE:inst|CONTROLSTORE:inst3|altsyncram:altsyncram_component|altsyncram_ds61:auto_generated|ALTSYNCRAM
  6. Coverage Summary
  7. Complete 1/0-Value Coverage
  8. Missing 1-Value Coverage
  9. Missing 0-Value Coverage
 10. Simulator INI Usage
 11. Simulator Messages



----------------
; Legal Notice ;
----------------
Copyright (C) 1991-2013 Altera Corporation
Your use of Altera Corporation's design tools, logic functions 
and other software and tools, and its AMPP partner logic 
functions, and any output files from any of the foregoing 
(including device programming or simulation files), and any 
associated documentation or information are expressly subject 
to the terms and conditions of the Altera Program License 
Subscription Agreement, Altera MegaCore Function License 
Agreement, or other applicable license agreement, including, 
without limitation, that your use is for the sole purpose of 
programming logic devices manufactured by Altera and sold by 
Altera or its authorized distributors.  Please refer to the 
applicable agreement for further details.



+--------------------------------------------+
; Simulator Summary                          ;
+-----------------------------+--------------+
; Type                        ; Value        ;
+-----------------------------+--------------+
; Simulation Start Time       ; 0 ps         ;
; Simulation End Time         ; 1.8 us       ;
; Simulation Netlist Size     ; 1182 nodes   ;
; Simulation Coverage         ;      59.14 % ;
; Total Number of Transitions ; 8958         ;
; Simulation Breakpoints      ; 0            ;
; Family                      ; Cyclone II   ;
; Device                      ; EP2C35F672C6 ;
+-----------------------------+--------------+


+------------------------------------------------------------------------------------------------------------------------------------------------------------------------+
; Simulator Settings                                                                                                                                                     ;
+--------------------------------------------------------------------------------------------+-----------------------------------------------------------+---------------+
; Option                                                                                     ; Setting                                                   ; Default Value ;
+--------------------------------------------------------------------------------------------+-----------------------------------------------------------+---------------+
; Simulation mode                                                                            ; Timing                                                    ; Timing        ;
; Start time                                                                                 ; 0 ns                                                      ; 0 ns          ;
; Simulation results format                                                                  ; VWF                                                       ;               ;
; Vector input source                                                                        ; C:/Users/grego/Desktop/anderson/MIC-1/CPU_wide_istore.vwf ;               ;
; Add pins automatically to simulation output waveforms                                      ; On                                                        ; On            ;
; Check outputs                                                                              ; Off                                                       ; Off           ;
; Report simulation coverage                                                                 ; On                                                        ; On            ;
; Display complete 1/0 value coverage report                                                 ; On                                                        ; On            ;
; Display missing 1-value coverage report                                                    ; On                                                        ; On            ;
; Display missing 0-value coverage report                                                    ; On                                                        ; On            ;
; Detect setup and hold time violations                                                      ; Off                                                       ; Off           ;
; Detect glitches                                                                            ; Off                                                       ; Off           ;
; Disable timing delays in Timing Simulation                                                 ; Off                                                       ; Off           ;
; Generate Signal Activity File                                                              ; Off                                                       ; Off           ;
; Generate VCD File for PowerPlay Power Analyzer                                             ; Off                                                       ; Off           ;
; Group bus channels in simulation results                                                   ; Off                                                       ; Off           ;
; Preserve fewer signal transitions to reduce memory requirements                            ; On                                                        ; On            ;
; Trigger vector comparison with the specified mode                                          ; INPUT_EDGE                                                ; INPUT_EDGE    ;
; Disable setup and hold time violations detection in input registers of bi-directional pins ; Off                                                       ; Off           ;
; Overwrite Waveform Inputs With Simulation Outputs                                          ; Off                                                       ;               ;
; Perform Glitch Filtering in Timing Simulation                                              ; Auto                                                      ; Auto          ;
+--------------------------------------------------------------------------------------------+-----------------------------------------------------------+---------------+


+----------------------+
; Simulation Waveforms ;
+----------------------+
Waveform report data cannot be output to ASCII.
Please use Quartus II 64-Bit to view the waveform report data.


+-------------------------------------------------------------------------------------------------------------------------+
; |ULA|UNIDADE_CONTROLE:inst|CONTROLSTORE:inst3|altsyncram:altsyncram_component|altsyncram_ds61:auto_generated|ALTSYNCRAM ;
+-------------------------------------------------------------------------------------------------------------------------+
Please refer to fitter text-based report (*.fit.rpt) to view logical memory report content in ASCII.


+--------------------------------------------------------------------+
; Coverage Summary                                                   ;
+-----------------------------------------------------+--------------+
; Type                                                ; Value        ;
+-----------------------------------------------------+--------------+
; Total coverage as a percentage                      ;      59.14 % ;
; Total nodes checked                                 ; 1182         ;
; Total output ports checked                          ; 1214         ;
; Total output ports with complete 1/0-value coverage ; 718          ;
; Total output ports with no 1/0-value coverage       ; 384          ;
; Total output ports with no 1-value coverage         ; 405          ;
; Total output ports with no 0-value coverage         ; 475          ;
+-----------------------------------------------------+--------------+


The following table displays output ports that toggle between 1 and 0 during simulation.
+---------------------------------------------------------------------------------------------------------------------------------------------------------------------------------------------------------------------------------------------------------------------+
; Complete 1/0-Value Coverage                                                                                                                                                                                                                                         ;
+---------------------------------------------------------------------------------------------------------------------------+----------------------------------------------------------------------------------------------------------------------+------------------+
; Node Name                                                                                                                 ; Output Port Name                                                                                                     ; Output Port Type ;
+---------------------------------------------------------------------------------------------------------------------------+----------------------------------------------------------------------------------------------------------------------+------------------+
; |ULA|UNIDADE_CONTROLE:inst|CONTROLSTORE:inst3|altsyncram:altsyncram_component|altsyncram_ds61:auto_generated|ram_block1a0 ; |ULA|UNIDADE_CONTROLE:inst|CONTROLSTORE:inst3|altsyncram:altsyncram_component|altsyncram_ds61:auto_generated|q_a[0]  ; portadataout0    ;
; |ULA|UNIDADE_CONTROLE:inst|CONTROLSTORE:inst3|altsyncram:altsyncram_component|altsyncram_ds61:auto_generated|ram_block1a0 ; |ULA|UNIDADE_CONTROLE:inst|CONTROLSTORE:inst3|altsyncram:altsyncram_component|altsyncram_ds61:auto_generated|q_a[1]  ; portadataout1    ;
; |ULA|UNIDADE_CONTROLE:inst|CONTROLSTORE:inst3|altsyncram:altsyncram_component|altsyncram_ds61:auto_generated|ram_block1a0 ; |ULA|UNIDADE_CONTROLE:inst|CONTROLSTORE:inst3|altsyncram:altsyncram_component|altsyncram_ds61:auto_generated|q_a[17] ; portadataout3    ;
; |ULA|UNIDADE_CONTROLE:inst|CONTROLSTORE:inst3|altsyncram:altsyncram_component|altsyncram_ds61:auto_generated|ram_block1a0 ; |ULA|UNIDADE_CONTROLE:inst|CONTROLSTORE:inst3|altsyncram:altsyncram_component|altsyncram_ds61:auto_generated|q_a[18] ; portadataout4    ;
; |ULA|UNIDADE_CONTROLE:inst|CONTROLSTORE:inst3|altsyncram:altsyncram_component|altsyncram_ds61:auto_generated|ram_block1a0 ; |ULA|UNIDADE_CONTROLE:inst|CONTROLSTORE:inst3|altsyncram:altsyncram_component|altsyncram_ds61:auto_generated|q_a[19] ; portadataout5    ;
; |ULA|UNIDADE_CONTROLE:inst|CONTROLSTORE:inst3|altsyncram:altsyncram_component|altsyncram_ds61:auto_generated|ram_block1a0 ; |ULA|UNIDADE_CONTROLE:inst|CONTROLSTORE:inst3|altsyncram:altsyncram_component|altsyncram_ds61:auto_generated|q_a[20] ; portadataout6    ;
; |ULA|UNIDADE_CONTROLE:inst|CONTROLSTORE:inst3|altsyncram:altsyncram_component|altsyncram_ds61:auto_generated|ram_block1a2 ; |ULA|UNIDADE_CONTROLE:inst|CONTROLSTORE:inst3|altsyncram:altsyncram_component|altsyncram_ds61:auto_generated|q_a[2]  ; portadataout0    ;
; |ULA|UNIDADE_CONTROLE:inst|CONTROLSTORE:inst3|altsyncram:altsyncram_component|altsyncram_ds61:auto_generated|ram_block1a2 ; |ULA|UNIDADE_CONTROLE:inst|CONTROLSTORE:inst3|altsyncram:altsyncram_component|altsyncram_ds61:auto_generated|q_a[16] ; portadataout1    ;
; |ULA|UNIDADE_CONTROLE:inst|CONTROLSTORE:inst3|altsyncram:altsyncram_component|altsyncram_ds61:auto_generated|ram_block1a2 ; |ULA|UNIDADE_CONTROLE:inst|CONTROLSTORE:inst3|altsyncram:altsyncram_component|altsyncram_ds61:auto_generated|q_a[21] ; portadataout2    ;
; |ULA|UNIDADE_CONTROLE:inst|CONTROLSTORE:inst3|altsyncram:altsyncram_component|altsyncram_ds61:auto_generated|ram_block1a2 ; |ULA|UNIDADE_CONTROLE:inst|CONTROLSTORE:inst3|altsyncram:altsyncram_component|altsyncram_ds61:auto_generated|q_a[30] ; portadataout3    ;
; |ULA|UNIDADE_CONTROLE:inst|CONTROLSTORE:inst3|altsyncram:altsyncram_component|altsyncram_ds61:auto_generated|ram_block1a2 ; |ULA|UNIDADE_CONTROLE:inst|CONTROLSTORE:inst3|altsyncram:altsyncram_component|altsyncram_ds61:auto_generated|q_a[32] ; portadataout5    ;
; |ULA|UNIDADE_CONTROLE:inst|CONTROLSTORE:inst3|altsyncram:altsyncram_component|altsyncram_ds61:auto_generated|ram_block1a7 ; |ULA|UNIDADE_CONTROLE:inst|CONTROLSTORE:inst3|altsyncram:altsyncram_component|altsyncram_ds61:auto_generated|q_a[7]  ; portadataout0    ;
; |ULA|UNIDADE_CONTROLE:inst|CONTROLSTORE:inst3|altsyncram:altsyncram_component|altsyncram_ds61:auto_generated|ram_block1a7 ; |ULA|UNIDADE_CONTROLE:inst|CONTROLSTORE:inst3|altsyncram:altsyncram_component|altsyncram_ds61:auto_generated|q_a[8]  ; portadataout1    ;
; |ULA|UNIDADE_CONTROLE:inst|CONTROLSTORE:inst3|altsyncram:altsyncram_component|altsyncram_ds61:auto_generated|ram_block1a7 ; |ULA|UNIDADE_CONTROLE:inst|CONTROLSTORE:inst3|altsyncram:altsyncram_component|altsyncram_ds61:auto_generated|q_a[9]  ; portadataout2    ;
; |ULA|UNIDADE_CONTROLE:inst|CONTROLSTORE:inst3|altsyncram:altsyncram_component|altsyncram_ds61:auto_generated|ram_block1a7 ; |ULA|UNIDADE_CONTROLE:inst|CONTROLSTORE:inst3|altsyncram:altsyncram_component|altsyncram_ds61:auto_generated|q_a[10] ; portadataout3    ;
; |ULA|UNIDADE_CONTROLE:inst|CONTROLSTORE:inst3|altsyncram:altsyncram_component|altsyncram_ds61:auto_generated|ram_block1a7 ; |ULA|UNIDADE_CONTROLE:inst|CONTROLSTORE:inst3|altsyncram:altsyncram_component|altsyncram_ds61:auto_generated|q_a[13] ; portadataout6    ;
; |ULA|UNIDADE_CONTROLE:inst|CONTROLSTORE:inst3|altsyncram:altsyncram_component|altsyncram_ds61:auto_generated|ram_block1a7 ; |ULA|UNIDADE_CONTROLE:inst|CONTROLSTORE:inst3|altsyncram:altsyncram_component|altsyncram_ds61:auto_generated|q_a[15] ; portadataout8    ;
; |ULA|UNIDADE_CONTROLE:inst|CONTROLSTORE:inst3|altsyncram:altsyncram_component|altsyncram_ds61:auto_generated|ram_block1a4 ; |ULA|UNIDADE_CONTROLE:inst|CONTROLSTORE:inst3|altsyncram:altsyncram_component|altsyncram_ds61:auto_generated|q_a[4]  ; portadataout0    ;
; |ULA|UNIDADE_CONTROLE:inst|CONTROLSTORE:inst3|altsyncram:altsyncram_component|altsyncram_ds61:auto_generated|ram_block1a4 ; |ULA|UNIDADE_CONTROLE:inst|CONTROLSTORE:inst3|altsyncram:altsyncram_component|altsyncram_ds61:auto_generated|q_a[5]  ; portadataout1    ;
; |ULA|UNIDADE_CONTROLE:inst|CONTROLSTORE:inst3|altsyncram:altsyncram_component|altsyncram_ds61:auto_generated|ram_block1a4 ; |ULA|UNIDADE_CONTROLE:inst|CONTROLSTORE:inst3|altsyncram:altsyncram_component|altsyncram_ds61:auto_generated|q_a[6]  ; portadataout2    ;
; |ULA|UNIDADE_CONTROLE:inst|CONTROLSTORE:inst3|altsyncram:altsyncram_component|altsyncram_ds61:auto_generated|ram_block1a4 ; |ULA|UNIDADE_CONTROLE:inst|CONTROLSTORE:inst3|altsyncram:altsyncram_component|altsyncram_ds61:auto_generated|q_a[26] ; portadataout5    ;
; |ULA|UNIDADE_CONTROLE:inst|CONTROLSTORE:inst3|altsyncram:altsyncram_component|altsyncram_ds61:auto_generated|ram_block1a4 ; |ULA|UNIDADE_CONTROLE:inst|CONTROLSTORE:inst3|altsyncram:altsyncram_component|altsyncram_ds61:auto_generated|q_a[27] ; portadataout6    ;
; |ULA|UNIDADE_CONTROLE:inst|CONTROLSTORE:inst3|altsyncram:altsyncram_component|altsyncram_ds61:auto_generated|ram_block1a4 ; |ULA|UNIDADE_CONTROLE:inst|CONTROLSTORE:inst3|altsyncram:altsyncram_component|altsyncram_ds61:auto_generated|q_a[28] ; portadataout7    ;
; |ULA|UNIDADE_CONTROLE:inst|CONTROLSTORE:inst3|altsyncram:altsyncram_component|altsyncram_ds61:auto_generated|ram_block1a4 ; |ULA|UNIDADE_CONTROLE:inst|CONTROLSTORE:inst3|altsyncram:altsyncram_component|altsyncram_ds61:auto_generated|q_a[29] ; portadataout8    ;
; |ULA|UNIDADE_CONTROLE:inst|inst4                                                                                          ; |ULA|UNIDADE_CONTROLE:inst|inst4                                                                                     ; regout           ;
; |ULA|data_path:inst2|ULA_32bit:inst|ULA_8bit:inst4|ULA_1bit:inst8|inst8                                                   ; |ULA|data_path:inst2|ULA_32bit:inst|ULA_8bit:inst4|ULA_1bit:inst8|inst8                                              ; combout          ;
; |ULA|data_path:inst2|BANK_REG:inst1|MBR:inst5|REGISTER32bit:inst|REGISTER4bit:inst15|inst20                               ; |ULA|data_path:inst2|BANK_REG:inst1|MBR:inst5|REGISTER32bit:inst|REGISTER4bit:inst15|inst20                          ; regout           ;
; |ULA|data_path:inst2|BANK_REG:inst1|MBR:inst5|inst12                                                                      ; |ULA|data_path:inst2|BANK_REG:inst1|MBR:inst5|inst12                                                                 ; combout          ;
; |ULA|data_path:inst2|BANK_REG:inst1|MBR:inst5|inst10                                                                      ; |ULA|data_path:inst2|BANK_REG:inst1|MBR:inst5|inst10                                                                 ; combout          ;
; |ULA|data_path:inst2|BANK_REG:inst1|PC:inst4|inst10                                                                       ; |ULA|data_path:inst2|BANK_REG:inst1|PC:inst4|inst10                                                                  ; combout          ;
; |ULA|data_path:inst2|BANK_REG:inst1|SP:inst1|inst10                                                                       ; |ULA|data_path:inst2|BANK_REG:inst1|SP:inst1|inst10                                                                  ; combout          ;
; |ULA|data_path:inst2|BANK_REG:inst1|MBR:inst5|REGISTER32bit:inst3|inst4[24]~1                                             ; |ULA|data_path:inst2|BANK_REG:inst1|MBR:inst5|REGISTER32bit:inst3|inst4[24]~1                                        ; combout          ;
; |ULA|data_path:inst2|BANK_REG:inst1|LV:inst2|inst6                                                                        ; |ULA|data_path:inst2|BANK_REG:inst1|LV:inst2|inst6                                                                   ; combout          ;
; |ULA|data_path:inst2|BANK_REG:inst1|TOS:inst7|inst6                                                                       ; |ULA|data_path:inst2|BANK_REG:inst1|TOS:inst7|inst6                                                                  ; combout          ;
; |ULA|data_path:inst2|BANK_REG:inst1|MBR:inst5|REGISTER32bit:inst3|inst4[24]~3                                             ; |ULA|data_path:inst2|BANK_REG:inst1|MBR:inst5|REGISTER32bit:inst3|inst4[24]~3                                        ; combout          ;
; |ULA|data_path:inst2|BANK_REG:inst1|MBR:inst5|REGISTER32bit:inst3|inst4[24]~4                                             ; |ULA|data_path:inst2|BANK_REG:inst1|MBR:inst5|REGISTER32bit:inst3|inst4[24]~4                                        ; combout          ;
; |ULA|data_path:inst2|BANK_REG:inst1|MDR:inst3|inst15                                                                      ; |ULA|data_path:inst2|BANK_REG:inst1|MDR:inst3|inst15                                                                 ; combout          ;
; |ULA|data_path:inst2|BANK_REG:inst1|MBR:inst5|REGISTER32bit:inst3|inst4[24]~5                                             ; |ULA|data_path:inst2|BANK_REG:inst1|MBR:inst5|REGISTER32bit:inst3|inst4[24]~5                                        ; combout          ;
; |ULA|data_path:inst2|ULA_32bit:inst|ULA_8bit:inst4|ULA_1bit:inst8|inst43~0                                                ; |ULA|data_path:inst2|ULA_32bit:inst|ULA_8bit:inst4|ULA_1bit:inst8|inst43~0                                           ; combout          ;
; |ULA|data_path:inst2|ULA_32bit:inst|ULA_8bit:inst4|ULA_1bit:inst8|inst14~0                                                ; |ULA|data_path:inst2|ULA_32bit:inst|ULA_8bit:inst4|ULA_1bit:inst8|inst14~0                                           ; combout          ;
; |ULA|data_path:inst2|ULA_32bit:inst|ULA_8bit:inst|ULA_1bit:inst5|decoder2to4:inst2|inst~0                                 ; |ULA|data_path:inst2|ULA_32bit:inst|ULA_8bit:inst|ULA_1bit:inst5|decoder2to4:inst2|inst~0                            ; combout          ;
; |ULA|data_path:inst2|ULA_32bit:inst|ULA_8bit:inst4|ULA_1bit:inst7|inst8                                                   ; |ULA|data_path:inst2|ULA_32bit:inst|ULA_8bit:inst4|ULA_1bit:inst7|inst8                                              ; combout          ;
; |ULA|data_path:inst2|ULA_32bit:inst|ULA_8bit:inst4|ULA_1bit:inst6|inst8                                                   ; |ULA|data_path:inst2|ULA_32bit:inst|ULA_8bit:inst4|ULA_1bit:inst6|inst8                                              ; combout          ;
; |ULA|data_path:inst2|BANK_REG:inst1|MBR:inst5|REGISTER32bit:inst3|inst4[26]~7                                             ; |ULA|data_path:inst2|BANK_REG:inst1|MBR:inst5|REGISTER32bit:inst3|inst4[26]~7                                        ; combout          ;
; |ULA|data_path:inst2|BANK_REG:inst1|MBR:inst5|REGISTER32bit:inst3|inst4[26]~8                                             ; |ULA|data_path:inst2|BANK_REG:inst1|MBR:inst5|REGISTER32bit:inst3|inst4[26]~8                                        ; combout          ;
; |ULA|data_path:inst2|BANK_REG:inst1|MBR:inst5|REGISTER32bit:inst3|inst4[26]~9                                             ; |ULA|data_path:inst2|BANK_REG:inst1|MBR:inst5|REGISTER32bit:inst3|inst4[26]~9                                        ; combout          ;
; |ULA|data_path:inst2|BANK_REG:inst1|MBR:inst5|REGISTER32bit:inst3|inst4[26]~10                                            ; |ULA|data_path:inst2|BANK_REG:inst1|MBR:inst5|REGISTER32bit:inst3|inst4[26]~10                                       ; combout          ;
; |ULA|data_path:inst2|BANK_REG:inst1|MBR:inst5|REGISTER32bit:inst3|inst4[26]~11                                            ; |ULA|data_path:inst2|BANK_REG:inst1|MBR:inst5|REGISTER32bit:inst3|inst4[26]~11                                       ; combout          ;
; |ULA|data_path:inst2|ULA_32bit:inst|ULA_8bit:inst4|ULA_1bit:inst6|inst43~0                                                ; |ULA|data_path:inst2|ULA_32bit:inst|ULA_8bit:inst4|ULA_1bit:inst6|inst43~0                                           ; combout          ;
; |ULA|data_path:inst2|ULA_32bit:inst|ULA_8bit:inst4|ULA_1bit:inst5|inst8                                                   ; |ULA|data_path:inst2|ULA_32bit:inst|ULA_8bit:inst4|ULA_1bit:inst5|inst8                                              ; combout          ;
; |ULA|data_path:inst2|BANK_REG:inst1|MBR:inst5|REGISTER32bit:inst3|inst4[27]~12                                            ; |ULA|data_path:inst2|BANK_REG:inst1|MBR:inst5|REGISTER32bit:inst3|inst4[27]~12                                       ; combout          ;
; |ULA|data_path:inst2|BANK_REG:inst1|MBR:inst5|REGISTER32bit:inst3|inst4[27]~14                                            ; |ULA|data_path:inst2|BANK_REG:inst1|MBR:inst5|REGISTER32bit:inst3|inst4[27]~14                                       ; combout          ;
; |ULA|data_path:inst2|BANK_REG:inst1|MBR:inst5|REGISTER32bit:inst3|inst4[27]~15                                            ; |ULA|data_path:inst2|BANK_REG:inst1|MBR:inst5|REGISTER32bit:inst3|inst4[27]~15                                       ; combout          ;
; |ULA|data_path:inst2|BANK_REG:inst1|MBR:inst5|REGISTER32bit:inst3|inst4[27]~16                                            ; |ULA|data_path:inst2|BANK_REG:inst1|MBR:inst5|REGISTER32bit:inst3|inst4[27]~16                                       ; combout          ;
; |ULA|data_path:inst2|ULA_32bit:inst|ULA_8bit:inst4|ULA_1bit:inst5|inst43~0                                                ; |ULA|data_path:inst2|ULA_32bit:inst|ULA_8bit:inst4|ULA_1bit:inst5|inst43~0                                           ; combout          ;
; |ULA|data_path:inst2|ULA_32bit:inst|ULA_8bit:inst4|ULA_1bit:inst4|inst8                                                   ; |ULA|data_path:inst2|ULA_32bit:inst|ULA_8bit:inst4|ULA_1bit:inst4|inst8                                              ; combout          ;
; |ULA|data_path:inst2|BANK_REG:inst1|MBR:inst5|REGISTER32bit:inst3|inst4[28]~17                                            ; |ULA|data_path:inst2|BANK_REG:inst1|MBR:inst5|REGISTER32bit:inst3|inst4[28]~17                                       ; combout          ;
; |ULA|data_path:inst2|BANK_REG:inst1|MBR:inst5|REGISTER32bit:inst3|inst4[28]~18                                            ; |ULA|data_path:inst2|BANK_REG:inst1|MBR:inst5|REGISTER32bit:inst3|inst4[28]~18                                       ; combout          ;
; |ULA|data_path:inst2|BANK_REG:inst1|MBR:inst5|REGISTER32bit:inst3|inst4[28]~19                                            ; |ULA|data_path:inst2|BANK_REG:inst1|MBR:inst5|REGISTER32bit:inst3|inst4[28]~19                                       ; combout          ;
; |ULA|data_path:inst2|BANK_REG:inst1|MBR:inst5|REGISTER32bit:inst3|inst4[28]~20                                            ; |ULA|data_path:inst2|BANK_REG:inst1|MBR:inst5|REGISTER32bit:inst3|inst4[28]~20                                       ; combout          ;
; |ULA|data_path:inst2|BANK_REG:inst1|MBR:inst5|REGISTER32bit:inst3|inst4[28]~21                                            ; |ULA|data_path:inst2|BANK_REG:inst1|MBR:inst5|REGISTER32bit:inst3|inst4[28]~21                                       ; combout          ;
; |ULA|data_path:inst2|ULA_32bit:inst|ULA_8bit:inst4|ULA_1bit:inst4|inst43~0                                                ; |ULA|data_path:inst2|ULA_32bit:inst|ULA_8bit:inst4|ULA_1bit:inst4|inst43~0                                           ; combout          ;
; |ULA|data_path:inst2|ULA_32bit:inst|ULA_8bit:inst4|ULA_1bit:inst3|inst8                                                   ; |ULA|data_path:inst2|ULA_32bit:inst|ULA_8bit:inst4|ULA_1bit:inst3|inst8                                              ; combout          ;
; |ULA|data_path:inst2|BANK_REG:inst1|MBR:inst5|REGISTER32bit:inst3|inst4[29]~22                                            ; |ULA|data_path:inst2|BANK_REG:inst1|MBR:inst5|REGISTER32bit:inst3|inst4[29]~22                                       ; combout          ;
; |ULA|data_path:inst2|BANK_REG:inst1|MBR:inst5|REGISTER32bit:inst3|inst4[29]~23                                            ; |ULA|data_path:inst2|BANK_REG:inst1|MBR:inst5|REGISTER32bit:inst3|inst4[29]~23                                       ; combout          ;
; |ULA|data_path:inst2|BANK_REG:inst1|MBR:inst5|REGISTER32bit:inst3|inst4[29]~24                                            ; |ULA|data_path:inst2|BANK_REG:inst1|MBR:inst5|REGISTER32bit:inst3|inst4[29]~24                                       ; combout          ;
; |ULA|data_path:inst2|BANK_REG:inst1|MBR:inst5|REGISTER32bit:inst3|inst4[29]~25                                            ; |ULA|data_path:inst2|BANK_REG:inst1|MBR:inst5|REGISTER32bit:inst3|inst4[29]~25                                       ; combout          ;
; |ULA|data_path:inst2|BANK_REG:inst1|MBR:inst5|REGISTER32bit:inst3|inst4[29]~26                                            ; |ULA|data_path:inst2|BANK_REG:inst1|MBR:inst5|REGISTER32bit:inst3|inst4[29]~26                                       ; combout          ;
; |ULA|data_path:inst2|ULA_32bit:inst|ULA_8bit:inst4|ULA_1bit:inst3|inst43~0                                                ; |ULA|data_path:inst2|ULA_32bit:inst|ULA_8bit:inst4|ULA_1bit:inst3|inst43~0                                           ; combout          ;
; |ULA|data_path:inst2|ULA_32bit:inst|ULA_8bit:inst4|ULA_1bit:inst2|inst8                                                   ; |ULA|data_path:inst2|ULA_32bit:inst|ULA_8bit:inst4|ULA_1bit:inst2|inst8                                              ; combout          ;
; |ULA|data_path:inst2|BANK_REG:inst1|MBR:inst5|REGISTER32bit:inst3|inst4[30]~27                                            ; |ULA|data_path:inst2|BANK_REG:inst1|MBR:inst5|REGISTER32bit:inst3|inst4[30]~27                                       ; combout          ;
; |ULA|data_path:inst2|BANK_REG:inst1|MBR:inst5|REGISTER32bit:inst3|inst4[30]~28                                            ; |ULA|data_path:inst2|BANK_REG:inst1|MBR:inst5|REGISTER32bit:inst3|inst4[30]~28                                       ; combout          ;
; |ULA|data_path:inst2|BANK_REG:inst1|MBR:inst5|REGISTER32bit:inst3|inst4[30]~29                                            ; |ULA|data_path:inst2|BANK_REG:inst1|MBR:inst5|REGISTER32bit:inst3|inst4[30]~29                                       ; combout          ;
; |ULA|data_path:inst2|BANK_REG:inst1|MBR:inst5|REGISTER32bit:inst3|inst4[30]~30                                            ; |ULA|data_path:inst2|BANK_REG:inst1|MBR:inst5|REGISTER32bit:inst3|inst4[30]~30                                       ; combout          ;
; |ULA|data_path:inst2|BANK_REG:inst1|MBR:inst5|REGISTER32bit:inst3|inst4[30]~31                                            ; |ULA|data_path:inst2|BANK_REG:inst1|MBR:inst5|REGISTER32bit:inst3|inst4[30]~31                                       ; combout          ;
; |ULA|data_path:inst2|ULA_32bit:inst|ULA_8bit:inst4|ULA_1bit:inst2|inst43~0                                                ; |ULA|data_path:inst2|ULA_32bit:inst|ULA_8bit:inst4|ULA_1bit:inst2|inst43~0                                           ; combout          ;
; |ULA|data_path:inst2|ULA_32bit:inst|ULA_8bit:inst4|ULA_1bit:inst|inst8                                                    ; |ULA|data_path:inst2|ULA_32bit:inst|ULA_8bit:inst4|ULA_1bit:inst|inst8                                               ; combout          ;
; |ULA|data_path:inst2|BANK_REG:inst1|MBR:inst5|REGISTER32bit:inst3|inst4[31]~32                                            ; |ULA|data_path:inst2|BANK_REG:inst1|MBR:inst5|REGISTER32bit:inst3|inst4[31]~32                                       ; combout          ;
; |ULA|data_path:inst2|BANK_REG:inst1|MBR:inst5|REGISTER32bit:inst3|inst4[31]~33                                            ; |ULA|data_path:inst2|BANK_REG:inst1|MBR:inst5|REGISTER32bit:inst3|inst4[31]~33                                       ; combout          ;
; |ULA|data_path:inst2|BANK_REG:inst1|MBR:inst5|REGISTER32bit:inst3|inst4[31]~34                                            ; |ULA|data_path:inst2|BANK_REG:inst1|MBR:inst5|REGISTER32bit:inst3|inst4[31]~34                                       ; combout          ;
; |ULA|data_path:inst2|BANK_REG:inst1|MBR:inst5|REGISTER32bit:inst3|inst4[31]~35                                            ; |ULA|data_path:inst2|BANK_REG:inst1|MBR:inst5|REGISTER32bit:inst3|inst4[31]~35                                       ; combout          ;
; |ULA|data_path:inst2|BANK_REG:inst1|MBR:inst5|REGISTER32bit:inst3|inst4[31]~36                                            ; |ULA|data_path:inst2|BANK_REG:inst1|MBR:inst5|REGISTER32bit:inst3|inst4[31]~36                                       ; combout          ;
; |ULA|data_path:inst2|ULA_32bit:inst|ULA_8bit:inst4|ULA_1bit:inst|inst43~0                                                 ; |ULA|data_path:inst2|ULA_32bit:inst|ULA_8bit:inst4|ULA_1bit:inst|inst43~0                                            ; combout          ;
; |ULA|data_path:inst2|ULA_32bit:inst|ULA_8bit:inst3|ULA_1bit:inst7|inst8                                                   ; |ULA|data_path:inst2|ULA_32bit:inst|ULA_8bit:inst3|ULA_1bit:inst7|inst8                                              ; combout          ;
; |ULA|data_path:inst2|BANK_REG:inst1|MBR:inst5|REGISTER32bit:inst3|inst4[17]~37                                            ; |ULA|data_path:inst2|BANK_REG:inst1|MBR:inst5|REGISTER32bit:inst3|inst4[17]~37                                       ; combout          ;
; |ULA|data_path:inst2|BANK_REG:inst1|MBR:inst5|REGISTER32bit:inst3|inst4[17]~38                                            ; |ULA|data_path:inst2|BANK_REG:inst1|MBR:inst5|REGISTER32bit:inst3|inst4[17]~38                                       ; combout          ;
; |ULA|data_path:inst2|BANK_REG:inst1|MBR:inst5|REGISTER32bit:inst3|inst4[17]~39                                            ; |ULA|data_path:inst2|BANK_REG:inst1|MBR:inst5|REGISTER32bit:inst3|inst4[17]~39                                       ; combout          ;
; |ULA|data_path:inst2|BANK_REG:inst1|MBR:inst5|REGISTER32bit:inst3|inst4[17]~40                                            ; |ULA|data_path:inst2|BANK_REG:inst1|MBR:inst5|REGISTER32bit:inst3|inst4[17]~40                                       ; combout          ;
; |ULA|data_path:inst2|BANK_REG:inst1|MBR:inst5|REGISTER32bit:inst3|inst4[17]~41                                            ; |ULA|data_path:inst2|BANK_REG:inst1|MBR:inst5|REGISTER32bit:inst3|inst4[17]~41                                       ; combout          ;
; |ULA|data_path:inst2|ULA_32bit:inst|ULA_8bit:inst3|ULA_1bit:inst7|inst43~0                                                ; |ULA|data_path:inst2|ULA_32bit:inst|ULA_8bit:inst3|ULA_1bit:inst7|inst43~0                                           ; combout          ;
; |ULA|data_path:inst2|ULA_32bit:inst|ULA_8bit:inst3|ULA_1bit:inst6|inst8                                                   ; |ULA|data_path:inst2|ULA_32bit:inst|ULA_8bit:inst3|ULA_1bit:inst6|inst8                                              ; combout          ;
; |ULA|data_path:inst2|BANK_REG:inst1|MBR:inst5|REGISTER32bit:inst3|inst4[18]~42                                            ; |ULA|data_path:inst2|BANK_REG:inst1|MBR:inst5|REGISTER32bit:inst3|inst4[18]~42                                       ; combout          ;
; |ULA|data_path:inst2|BANK_REG:inst1|MBR:inst5|REGISTER32bit:inst3|inst4[18]~43                                            ; |ULA|data_path:inst2|BANK_REG:inst1|MBR:inst5|REGISTER32bit:inst3|inst4[18]~43                                       ; combout          ;
; |ULA|data_path:inst2|BANK_REG:inst1|MBR:inst5|REGISTER32bit:inst3|inst4[18]~44                                            ; |ULA|data_path:inst2|BANK_REG:inst1|MBR:inst5|REGISTER32bit:inst3|inst4[18]~44                                       ; combout          ;
; |ULA|data_path:inst2|BANK_REG:inst1|MBR:inst5|REGISTER32bit:inst3|inst4[18]~45                                            ; |ULA|data_path:inst2|BANK_REG:inst1|MBR:inst5|REGISTER32bit:inst3|inst4[18]~45                                       ; combout          ;
; |ULA|data_path:inst2|BANK_REG:inst1|MBR:inst5|REGISTER32bit:inst3|inst4[18]~46                                            ; |ULA|data_path:inst2|BANK_REG:inst1|MBR:inst5|REGISTER32bit:inst3|inst4[18]~46                                       ; combout          ;
; |ULA|data_path:inst2|ULA_32bit:inst|ULA_8bit:inst3|ULA_1bit:inst6|inst43~0                                                ; |ULA|data_path:inst2|ULA_32bit:inst|ULA_8bit:inst3|ULA_1bit:inst6|inst43~0                                           ; combout          ;
; |ULA|data_path:inst2|ULA_32bit:inst|ULA_8bit:inst3|ULA_1bit:inst5|inst8                                                   ; |ULA|data_path:inst2|ULA_32bit:inst|ULA_8bit:inst3|ULA_1bit:inst5|inst8                                              ; combout          ;
; |ULA|data_path:inst2|BANK_REG:inst1|MBR:inst5|REGISTER32bit:inst3|inst4[19]~47                                            ; |ULA|data_path:inst2|BANK_REG:inst1|MBR:inst5|REGISTER32bit:inst3|inst4[19]~47                                       ; combout          ;
; |ULA|data_path:inst2|BANK_REG:inst1|MBR:inst5|REGISTER32bit:inst3|inst4[19]~48                                            ; |ULA|data_path:inst2|BANK_REG:inst1|MBR:inst5|REGISTER32bit:inst3|inst4[19]~48                                       ; combout          ;
; |ULA|data_path:inst2|BANK_REG:inst1|MBR:inst5|REGISTER32bit:inst3|inst4[19]~49                                            ; |ULA|data_path:inst2|BANK_REG:inst1|MBR:inst5|REGISTER32bit:inst3|inst4[19]~49                                       ; combout          ;
; |ULA|data_path:inst2|BANK_REG:inst1|MBR:inst5|REGISTER32bit:inst3|inst4[19]~50                                            ; |ULA|data_path:inst2|BANK_REG:inst1|MBR:inst5|REGISTER32bit:inst3|inst4[19]~50                                       ; combout          ;
; |ULA|data_path:inst2|BANK_REG:inst1|MBR:inst5|REGISTER32bit:inst3|inst4[19]~51                                            ; |ULA|data_path:inst2|BANK_REG:inst1|MBR:inst5|REGISTER32bit:inst3|inst4[19]~51                                       ; combout          ;
; |ULA|data_path:inst2|ULA_32bit:inst|ULA_8bit:inst3|ULA_1bit:inst5|inst43~0                                                ; |ULA|data_path:inst2|ULA_32bit:inst|ULA_8bit:inst3|ULA_1bit:inst5|inst43~0                                           ; combout          ;
; |ULA|data_path:inst2|ULA_32bit:inst|ULA_8bit:inst3|ULA_1bit:inst4|inst8                                                   ; |ULA|data_path:inst2|ULA_32bit:inst|ULA_8bit:inst3|ULA_1bit:inst4|inst8                                              ; combout          ;
; |ULA|data_path:inst2|BANK_REG:inst1|MBR:inst5|REGISTER32bit:inst3|inst4[20]~52                                            ; |ULA|data_path:inst2|BANK_REG:inst1|MBR:inst5|REGISTER32bit:inst3|inst4[20]~52                                       ; combout          ;
; |ULA|data_path:inst2|BANK_REG:inst1|MBR:inst5|REGISTER32bit:inst3|inst4[20]~53                                            ; |ULA|data_path:inst2|BANK_REG:inst1|MBR:inst5|REGISTER32bit:inst3|inst4[20]~53                                       ; combout          ;
; |ULA|data_path:inst2|BANK_REG:inst1|MBR:inst5|REGISTER32bit:inst3|inst4[20]~54                                            ; |ULA|data_path:inst2|BANK_REG:inst1|MBR:inst5|REGISTER32bit:inst3|inst4[20]~54                                       ; combout          ;
; |ULA|data_path:inst2|BANK_REG:inst1|MBR:inst5|REGISTER32bit:inst3|inst4[20]~55                                            ; |ULA|data_path:inst2|BANK_REG:inst1|MBR:inst5|REGISTER32bit:inst3|inst4[20]~55                                       ; combout          ;
; |ULA|data_path:inst2|BANK_REG:inst1|MBR:inst5|REGISTER32bit:inst3|inst4[20]~56                                            ; |ULA|data_path:inst2|BANK_REG:inst1|MBR:inst5|REGISTER32bit:inst3|inst4[20]~56                                       ; combout          ;
; |ULA|data_path:inst2|ULA_32bit:inst|ULA_8bit:inst3|ULA_1bit:inst4|inst43~0                                                ; |ULA|data_path:inst2|ULA_32bit:inst|ULA_8bit:inst3|ULA_1bit:inst4|inst43~0                                           ; combout          ;
; |ULA|data_path:inst2|ULA_32bit:inst|ULA_8bit:inst3|ULA_1bit:inst3|inst8                                                   ; |ULA|data_path:inst2|ULA_32bit:inst|ULA_8bit:inst3|ULA_1bit:inst3|inst8                                              ; combout          ;
; |ULA|data_path:inst2|BANK_REG:inst1|MBR:inst5|REGISTER32bit:inst3|inst4[21]~57                                            ; |ULA|data_path:inst2|BANK_REG:inst1|MBR:inst5|REGISTER32bit:inst3|inst4[21]~57                                       ; combout          ;
; |ULA|data_path:inst2|BANK_REG:inst1|MBR:inst5|REGISTER32bit:inst3|inst4[21]~58                                            ; |ULA|data_path:inst2|BANK_REG:inst1|MBR:inst5|REGISTER32bit:inst3|inst4[21]~58                                       ; combout          ;
; |ULA|data_path:inst2|BANK_REG:inst1|MBR:inst5|REGISTER32bit:inst3|inst4[21]~59                                            ; |ULA|data_path:inst2|BANK_REG:inst1|MBR:inst5|REGISTER32bit:inst3|inst4[21]~59                                       ; combout          ;
; |ULA|data_path:inst2|BANK_REG:inst1|MBR:inst5|REGISTER32bit:inst3|inst4[21]~60                                            ; |ULA|data_path:inst2|BANK_REG:inst1|MBR:inst5|REGISTER32bit:inst3|inst4[21]~60                                       ; combout          ;
; |ULA|data_path:inst2|BANK_REG:inst1|MBR:inst5|REGISTER32bit:inst3|inst4[21]~61                                            ; |ULA|data_path:inst2|BANK_REG:inst1|MBR:inst5|REGISTER32bit:inst3|inst4[21]~61                                       ; combout          ;
; |ULA|data_path:inst2|ULA_32bit:inst|ULA_8bit:inst3|ULA_1bit:inst3|inst43~0                                                ; |ULA|data_path:inst2|ULA_32bit:inst|ULA_8bit:inst3|ULA_1bit:inst3|inst43~0                                           ; combout          ;
; |ULA|data_path:inst2|ULA_32bit:inst|ULA_8bit:inst3|ULA_1bit:inst2|inst8                                                   ; |ULA|data_path:inst2|ULA_32bit:inst|ULA_8bit:inst3|ULA_1bit:inst2|inst8                                              ; combout          ;
; |ULA|data_path:inst2|BANK_REG:inst1|MBR:inst5|REGISTER32bit:inst3|inst4[22]~62                                            ; |ULA|data_path:inst2|BANK_REG:inst1|MBR:inst5|REGISTER32bit:inst3|inst4[22]~62                                       ; combout          ;
; |ULA|data_path:inst2|BANK_REG:inst1|MBR:inst5|REGISTER32bit:inst3|inst4[22]~63                                            ; |ULA|data_path:inst2|BANK_REG:inst1|MBR:inst5|REGISTER32bit:inst3|inst4[22]~63                                       ; combout          ;
; |ULA|data_path:inst2|BANK_REG:inst1|MBR:inst5|REGISTER32bit:inst3|inst4[22]~64                                            ; |ULA|data_path:inst2|BANK_REG:inst1|MBR:inst5|REGISTER32bit:inst3|inst4[22]~64                                       ; combout          ;
; |ULA|data_path:inst2|BANK_REG:inst1|MBR:inst5|REGISTER32bit:inst3|inst4[22]~65                                            ; |ULA|data_path:inst2|BANK_REG:inst1|MBR:inst5|REGISTER32bit:inst3|inst4[22]~65                                       ; combout          ;
; |ULA|data_path:inst2|BANK_REG:inst1|MBR:inst5|REGISTER32bit:inst3|inst4[22]~66                                            ; |ULA|data_path:inst2|BANK_REG:inst1|MBR:inst5|REGISTER32bit:inst3|inst4[22]~66                                       ; combout          ;
; |ULA|data_path:inst2|ULA_32bit:inst|ULA_8bit:inst3|ULA_1bit:inst2|inst43~0                                                ; |ULA|data_path:inst2|ULA_32bit:inst|ULA_8bit:inst3|ULA_1bit:inst2|inst43~0                                           ; combout          ;
; |ULA|data_path:inst2|ULA_32bit:inst|ULA_8bit:inst3|ULA_1bit:inst|inst8                                                    ; |ULA|data_path:inst2|ULA_32bit:inst|ULA_8bit:inst3|ULA_1bit:inst|inst8                                               ; combout          ;
; |ULA|data_path:inst2|BANK_REG:inst1|MBR:inst5|REGISTER32bit:inst3|inst4[23]~67                                            ; |ULA|data_path:inst2|BANK_REG:inst1|MBR:inst5|REGISTER32bit:inst3|inst4[23]~67                                       ; combout          ;
; |ULA|data_path:inst2|BANK_REG:inst1|MBR:inst5|REGISTER32bit:inst3|inst4[23]~68                                            ; |ULA|data_path:inst2|BANK_REG:inst1|MBR:inst5|REGISTER32bit:inst3|inst4[23]~68                                       ; combout          ;
; |ULA|data_path:inst2|BANK_REG:inst1|MBR:inst5|REGISTER32bit:inst3|inst4[23]~69                                            ; |ULA|data_path:inst2|BANK_REG:inst1|MBR:inst5|REGISTER32bit:inst3|inst4[23]~69                                       ; combout          ;
; |ULA|data_path:inst2|BANK_REG:inst1|MBR:inst5|REGISTER32bit:inst3|inst4[23]~70                                            ; |ULA|data_path:inst2|BANK_REG:inst1|MBR:inst5|REGISTER32bit:inst3|inst4[23]~70                                       ; combout          ;
; |ULA|data_path:inst2|BANK_REG:inst1|MBR:inst5|REGISTER32bit:inst3|inst4[23]~71                                            ; |ULA|data_path:inst2|BANK_REG:inst1|MBR:inst5|REGISTER32bit:inst3|inst4[23]~71                                       ; combout          ;
; |ULA|data_path:inst2|ULA_32bit:inst|ULA_8bit:inst3|ULA_1bit:inst|inst43~0                                                 ; |ULA|data_path:inst2|ULA_32bit:inst|ULA_8bit:inst3|ULA_1bit:inst|inst43~0                                            ; combout          ;
; |ULA|data_path:inst2|ULA_32bit:inst|ULA_8bit:inst|ULA_1bit:inst8|inst8                                                    ; |ULA|data_path:inst2|ULA_32bit:inst|ULA_8bit:inst|ULA_1bit:inst8|inst8                                               ; combout          ;
; |ULA|data_path:inst2|BANK_REG:inst1|MBR:inst5|REGISTER32bit:inst3|inst4[8]~72                                             ; |ULA|data_path:inst2|BANK_REG:inst1|MBR:inst5|REGISTER32bit:inst3|inst4[8]~72                                        ; combout          ;
; |ULA|data_path:inst2|BANK_REG:inst1|MBR:inst5|REGISTER32bit:inst3|inst4[8]~73                                             ; |ULA|data_path:inst2|BANK_REG:inst1|MBR:inst5|REGISTER32bit:inst3|inst4[8]~73                                        ; combout          ;
; |ULA|data_path:inst2|BANK_REG:inst1|MBR:inst5|REGISTER32bit:inst3|inst4[8]~74                                             ; |ULA|data_path:inst2|BANK_REG:inst1|MBR:inst5|REGISTER32bit:inst3|inst4[8]~74                                        ; combout          ;
; |ULA|data_path:inst2|BANK_REG:inst1|MBR:inst5|REGISTER32bit:inst3|inst4[8]~75                                             ; |ULA|data_path:inst2|BANK_REG:inst1|MBR:inst5|REGISTER32bit:inst3|inst4[8]~75                                        ; combout          ;
; |ULA|data_path:inst2|BANK_REG:inst1|MBR:inst5|REGISTER32bit:inst3|inst4[8]~76                                             ; |ULA|data_path:inst2|BANK_REG:inst1|MBR:inst5|REGISTER32bit:inst3|inst4[8]~76                                        ; combout          ;
; |ULA|data_path:inst2|ULA_32bit:inst|ULA_8bit:inst|ULA_1bit:inst8|inst43~0                                                 ; |ULA|data_path:inst2|ULA_32bit:inst|ULA_8bit:inst|ULA_1bit:inst8|inst43~0                                            ; combout          ;
; |ULA|data_path:inst2|ULA_32bit:inst|ULA_8bit:inst|ULA_1bit:inst7|inst8                                                    ; |ULA|data_path:inst2|ULA_32bit:inst|ULA_8bit:inst|ULA_1bit:inst7|inst8                                               ; combout          ;
; |ULA|data_path:inst2|BANK_REG:inst1|MBR:inst5|REGISTER32bit:inst3|inst4[9]~77                                             ; |ULA|data_path:inst2|BANK_REG:inst1|MBR:inst5|REGISTER32bit:inst3|inst4[9]~77                                        ; combout          ;
; |ULA|data_path:inst2|BANK_REG:inst1|MBR:inst5|REGISTER32bit:inst3|inst4[9]~78                                             ; |ULA|data_path:inst2|BANK_REG:inst1|MBR:inst5|REGISTER32bit:inst3|inst4[9]~78                                        ; combout          ;
; |ULA|data_path:inst2|BANK_REG:inst1|MBR:inst5|REGISTER32bit:inst3|inst4[9]~79                                             ; |ULA|data_path:inst2|BANK_REG:inst1|MBR:inst5|REGISTER32bit:inst3|inst4[9]~79                                        ; combout          ;
; |ULA|data_path:inst2|BANK_REG:inst1|MBR:inst5|REGISTER32bit:inst3|inst4[9]~80                                             ; |ULA|data_path:inst2|BANK_REG:inst1|MBR:inst5|REGISTER32bit:inst3|inst4[9]~80                                        ; combout          ;
; |ULA|data_path:inst2|BANK_REG:inst1|MBR:inst5|REGISTER32bit:inst3|inst4[9]~81                                             ; |ULA|data_path:inst2|BANK_REG:inst1|MBR:inst5|REGISTER32bit:inst3|inst4[9]~81                                        ; combout          ;
; |ULA|data_path:inst2|ULA_32bit:inst|ULA_8bit:inst|ULA_1bit:inst7|inst43~0                                                 ; |ULA|data_path:inst2|ULA_32bit:inst|ULA_8bit:inst|ULA_1bit:inst7|inst43~0                                            ; combout          ;
; |ULA|data_path:inst2|ULA_32bit:inst|ULA_8bit:inst|ULA_1bit:inst6|inst8                                                    ; |ULA|data_path:inst2|ULA_32bit:inst|ULA_8bit:inst|ULA_1bit:inst6|inst8                                               ; combout          ;
; |ULA|data_path:inst2|BANK_REG:inst1|MBR:inst5|REGISTER32bit:inst3|inst4[10]~82                                            ; |ULA|data_path:inst2|BANK_REG:inst1|MBR:inst5|REGISTER32bit:inst3|inst4[10]~82                                       ; combout          ;
; |ULA|data_path:inst2|BANK_REG:inst1|MBR:inst5|REGISTER32bit:inst3|inst4[10]~83                                            ; |ULA|data_path:inst2|BANK_REG:inst1|MBR:inst5|REGISTER32bit:inst3|inst4[10]~83                                       ; combout          ;
; |ULA|data_path:inst2|BANK_REG:inst1|MBR:inst5|REGISTER32bit:inst3|inst4[10]~84                                            ; |ULA|data_path:inst2|BANK_REG:inst1|MBR:inst5|REGISTER32bit:inst3|inst4[10]~84                                       ; combout          ;
; |ULA|data_path:inst2|BANK_REG:inst1|MBR:inst5|REGISTER32bit:inst3|inst4[10]~85                                            ; |ULA|data_path:inst2|BANK_REG:inst1|MBR:inst5|REGISTER32bit:inst3|inst4[10]~85                                       ; combout          ;
; |ULA|data_path:inst2|BANK_REG:inst1|MBR:inst5|REGISTER32bit:inst3|inst4[10]~86                                            ; |ULA|data_path:inst2|BANK_REG:inst1|MBR:inst5|REGISTER32bit:inst3|inst4[10]~86                                       ; combout          ;
; |ULA|data_path:inst2|ULA_32bit:inst|ULA_8bit:inst|ULA_1bit:inst6|inst43~0                                                 ; |ULA|data_path:inst2|ULA_32bit:inst|ULA_8bit:inst|ULA_1bit:inst6|inst43~0                                            ; combout          ;
; |ULA|data_path:inst2|ULA_32bit:inst|ULA_8bit:inst|ULA_1bit:inst5|inst8                                                    ; |ULA|data_path:inst2|ULA_32bit:inst|ULA_8bit:inst|ULA_1bit:inst5|inst8                                               ; combout          ;
; |ULA|data_path:inst2|BANK_REG:inst1|MBR:inst5|REGISTER32bit:inst3|inst4[11]~87                                            ; |ULA|data_path:inst2|BANK_REG:inst1|MBR:inst5|REGISTER32bit:inst3|inst4[11]~87                                       ; combout          ;
; |ULA|data_path:inst2|BANK_REG:inst1|MBR:inst5|REGISTER32bit:inst3|inst4[11]~88                                            ; |ULA|data_path:inst2|BANK_REG:inst1|MBR:inst5|REGISTER32bit:inst3|inst4[11]~88                                       ; combout          ;
; |ULA|data_path:inst2|BANK_REG:inst1|MBR:inst5|REGISTER32bit:inst3|inst4[11]~89                                            ; |ULA|data_path:inst2|BANK_REG:inst1|MBR:inst5|REGISTER32bit:inst3|inst4[11]~89                                       ; combout          ;
; |ULA|data_path:inst2|BANK_REG:inst1|MBR:inst5|REGISTER32bit:inst3|inst4[11]~90                                            ; |ULA|data_path:inst2|BANK_REG:inst1|MBR:inst5|REGISTER32bit:inst3|inst4[11]~90                                       ; combout          ;
; |ULA|data_path:inst2|BANK_REG:inst1|MBR:inst5|REGISTER32bit:inst3|inst4[11]~91                                            ; |ULA|data_path:inst2|BANK_REG:inst1|MBR:inst5|REGISTER32bit:inst3|inst4[11]~91                                       ; combout          ;
; |ULA|data_path:inst2|ULA_32bit:inst|ULA_8bit:inst|ULA_1bit:inst5|inst43~0                                                 ; |ULA|data_path:inst2|ULA_32bit:inst|ULA_8bit:inst|ULA_1bit:inst5|inst43~0                                            ; combout          ;
; |ULA|data_path:inst2|ULA_32bit:inst|ULA_8bit:inst|ULA_1bit:inst4|inst8                                                    ; |ULA|data_path:inst2|ULA_32bit:inst|ULA_8bit:inst|ULA_1bit:inst4|inst8                                               ; combout          ;
; |ULA|data_path:inst2|BANK_REG:inst1|MBR:inst5|REGISTER32bit:inst3|inst4[12]~92                                            ; |ULA|data_path:inst2|BANK_REG:inst1|MBR:inst5|REGISTER32bit:inst3|inst4[12]~92                                       ; combout          ;
; |ULA|data_path:inst2|BANK_REG:inst1|MBR:inst5|REGISTER32bit:inst3|inst4[12]~93                                            ; |ULA|data_path:inst2|BANK_REG:inst1|MBR:inst5|REGISTER32bit:inst3|inst4[12]~93                                       ; combout          ;
; |ULA|data_path:inst2|BANK_REG:inst1|MBR:inst5|REGISTER32bit:inst3|inst4[12]~94                                            ; |ULA|data_path:inst2|BANK_REG:inst1|MBR:inst5|REGISTER32bit:inst3|inst4[12]~94                                       ; combout          ;
; |ULA|data_path:inst2|BANK_REG:inst1|MBR:inst5|REGISTER32bit:inst3|inst4[12]~95                                            ; |ULA|data_path:inst2|BANK_REG:inst1|MBR:inst5|REGISTER32bit:inst3|inst4[12]~95                                       ; combout          ;
; |ULA|data_path:inst2|BANK_REG:inst1|MBR:inst5|REGISTER32bit:inst3|inst4[12]~96                                            ; |ULA|data_path:inst2|BANK_REG:inst1|MBR:inst5|REGISTER32bit:inst3|inst4[12]~96                                       ; combout          ;
; |ULA|data_path:inst2|ULA_32bit:inst|ULA_8bit:inst|ULA_1bit:inst4|inst43~0                                                 ; |ULA|data_path:inst2|ULA_32bit:inst|ULA_8bit:inst|ULA_1bit:inst4|inst43~0                                            ; combout          ;
; |ULA|data_path:inst2|ULA_32bit:inst|ULA_8bit:inst|ULA_1bit:inst3|inst8                                                    ; |ULA|data_path:inst2|ULA_32bit:inst|ULA_8bit:inst|ULA_1bit:inst3|inst8                                               ; combout          ;
; |ULA|data_path:inst2|BANK_REG:inst1|MBR:inst5|REGISTER32bit:inst3|inst4[13]~97                                            ; |ULA|data_path:inst2|BANK_REG:inst1|MBR:inst5|REGISTER32bit:inst3|inst4[13]~97                                       ; combout          ;
; |ULA|data_path:inst2|BANK_REG:inst1|MBR:inst5|REGISTER32bit:inst3|inst4[13]~98                                            ; |ULA|data_path:inst2|BANK_REG:inst1|MBR:inst5|REGISTER32bit:inst3|inst4[13]~98                                       ; combout          ;
; |ULA|data_path:inst2|BANK_REG:inst1|MBR:inst5|REGISTER32bit:inst3|inst4[13]~99                                            ; |ULA|data_path:inst2|BANK_REG:inst1|MBR:inst5|REGISTER32bit:inst3|inst4[13]~99                                       ; combout          ;
; |ULA|data_path:inst2|BANK_REG:inst1|MBR:inst5|REGISTER32bit:inst3|inst4[13]~100                                           ; |ULA|data_path:inst2|BANK_REG:inst1|MBR:inst5|REGISTER32bit:inst3|inst4[13]~100                                      ; combout          ;
; |ULA|data_path:inst2|BANK_REG:inst1|MBR:inst5|REGISTER32bit:inst3|inst4[13]~101                                           ; |ULA|data_path:inst2|BANK_REG:inst1|MBR:inst5|REGISTER32bit:inst3|inst4[13]~101                                      ; combout          ;
; |ULA|data_path:inst2|ULA_32bit:inst|ULA_8bit:inst|ULA_1bit:inst3|inst43~0                                                 ; |ULA|data_path:inst2|ULA_32bit:inst|ULA_8bit:inst|ULA_1bit:inst3|inst43~0                                            ; combout          ;
; |ULA|data_path:inst2|ULA_32bit:inst|ULA_8bit:inst|ULA_1bit:inst2|inst8                                                    ; |ULA|data_path:inst2|ULA_32bit:inst|ULA_8bit:inst|ULA_1bit:inst2|inst8                                               ; combout          ;
; |ULA|data_path:inst2|BANK_REG:inst1|MBR:inst5|REGISTER32bit:inst3|inst4[14]~102                                           ; |ULA|data_path:inst2|BANK_REG:inst1|MBR:inst5|REGISTER32bit:inst3|inst4[14]~102                                      ; combout          ;
; |ULA|data_path:inst2|BANK_REG:inst1|MBR:inst5|REGISTER32bit:inst3|inst4[14]~103                                           ; |ULA|data_path:inst2|BANK_REG:inst1|MBR:inst5|REGISTER32bit:inst3|inst4[14]~103                                      ; combout          ;
; |ULA|data_path:inst2|BANK_REG:inst1|MBR:inst5|REGISTER32bit:inst3|inst4[14]~104                                           ; |ULA|data_path:inst2|BANK_REG:inst1|MBR:inst5|REGISTER32bit:inst3|inst4[14]~104                                      ; combout          ;
; |ULA|data_path:inst2|BANK_REG:inst1|MBR:inst5|REGISTER32bit:inst3|inst4[14]~105                                           ; |ULA|data_path:inst2|BANK_REG:inst1|MBR:inst5|REGISTER32bit:inst3|inst4[14]~105                                      ; combout          ;
; |ULA|data_path:inst2|BANK_REG:inst1|MBR:inst5|REGISTER32bit:inst3|inst4[14]~106                                           ; |ULA|data_path:inst2|BANK_REG:inst1|MBR:inst5|REGISTER32bit:inst3|inst4[14]~106                                      ; combout          ;
; |ULA|data_path:inst2|ULA_32bit:inst|ULA_8bit:inst|ULA_1bit:inst2|inst43~0                                                 ; |ULA|data_path:inst2|ULA_32bit:inst|ULA_8bit:inst|ULA_1bit:inst2|inst43~0                                            ; combout          ;
; |ULA|data_path:inst2|ULA_32bit:inst|ULA_8bit:inst|ULA_1bit:inst|inst8                                                     ; |ULA|data_path:inst2|ULA_32bit:inst|ULA_8bit:inst|ULA_1bit:inst|inst8                                                ; combout          ;
; |ULA|data_path:inst2|BANK_REG:inst1|MBR:inst5|REGISTER32bit:inst3|inst4[15]~107                                           ; |ULA|data_path:inst2|BANK_REG:inst1|MBR:inst5|REGISTER32bit:inst3|inst4[15]~107                                      ; combout          ;
; |ULA|data_path:inst2|BANK_REG:inst1|MBR:inst5|REGISTER32bit:inst3|inst4[15]~108                                           ; |ULA|data_path:inst2|BANK_REG:inst1|MBR:inst5|REGISTER32bit:inst3|inst4[15]~108                                      ; combout          ;
; |ULA|data_path:inst2|BANK_REG:inst1|MBR:inst5|REGISTER32bit:inst3|inst4[15]~109                                           ; |ULA|data_path:inst2|BANK_REG:inst1|MBR:inst5|REGISTER32bit:inst3|inst4[15]~109                                      ; combout          ;
; |ULA|data_path:inst2|BANK_REG:inst1|MBR:inst5|REGISTER32bit:inst3|inst4[15]~110                                           ; |ULA|data_path:inst2|BANK_REG:inst1|MBR:inst5|REGISTER32bit:inst3|inst4[15]~110                                      ; combout          ;
; |ULA|data_path:inst2|BANK_REG:inst1|MBR:inst5|REGISTER32bit:inst3|inst4[15]~111                                           ; |ULA|data_path:inst2|BANK_REG:inst1|MBR:inst5|REGISTER32bit:inst3|inst4[15]~111                                      ; combout          ;
; |ULA|data_path:inst2|ULA_32bit:inst|ULA_8bit:inst|ULA_1bit:inst|inst43~0                                                  ; |ULA|data_path:inst2|ULA_32bit:inst|ULA_8bit:inst|ULA_1bit:inst|inst43~0                                             ; combout          ;
; |ULA|data_path:inst2|ULA_32bit:inst|ULA_8bit:inst1|ULA_1bit:inst8|inst8                                                   ; |ULA|data_path:inst2|ULA_32bit:inst|ULA_8bit:inst1|ULA_1bit:inst8|inst8                                              ; combout          ;
; |ULA|data_path:inst2|BANK_REG:inst1|PC:inst4|REGISTER32bit:inst|inst4[7]~2                                                ; |ULA|data_path:inst2|BANK_REG:inst1|PC:inst4|REGISTER32bit:inst|inst4[7]~2                                           ; combout          ;
; |ULA|data_path:inst2|BANK_REG:inst1|PC:inst4|REGISTER32bit:inst|inst4[7]~3                                                ; |ULA|data_path:inst2|BANK_REG:inst1|PC:inst4|REGISTER32bit:inst|inst4[7]~3                                           ; combout          ;
; |ULA|data_path:inst2|BANK_REG:inst1|PC:inst4|REGISTER32bit:inst|inst4[7]~4                                                ; |ULA|data_path:inst2|BANK_REG:inst1|PC:inst4|REGISTER32bit:inst|inst4[7]~4                                           ; combout          ;
; |ULA|data_path:inst2|BANK_REG:inst1|PC:inst4|REGISTER32bit:inst|inst4[7]~5                                                ; |ULA|data_path:inst2|BANK_REG:inst1|PC:inst4|REGISTER32bit:inst|inst4[7]~5                                           ; combout          ;
; |ULA|data_path:inst2|BANK_REG:inst1|PC:inst4|REGISTER32bit:inst|inst4[7]~6                                                ; |ULA|data_path:inst2|BANK_REG:inst1|PC:inst4|REGISTER32bit:inst|inst4[7]~6                                           ; combout          ;
; |ULA|data_path:inst2|BANK_REG:inst1|MBR:inst5|REGISTER32bit:inst3|REGISTER4bit:inst1|inst                                 ; |ULA|data_path:inst2|BANK_REG:inst1|MBR:inst5|REGISTER32bit:inst3|REGISTER4bit:inst1|inst                            ; regout           ;
; |ULA|data_path:inst2|BANK_REG:inst1|PC:inst4|REGISTER32bit:inst|inst4[7]~7                                                ; |ULA|data_path:inst2|BANK_REG:inst1|PC:inst4|REGISTER32bit:inst|inst4[7]~7                                           ; combout          ;
; |ULA|data_path:inst2|ULA_32bit:inst|ULA_8bit:inst1|ULA_1bit:inst8|inst43~0                                                ; |ULA|data_path:inst2|ULA_32bit:inst|ULA_8bit:inst1|ULA_1bit:inst8|inst43~0                                           ; combout          ;
; |ULA|data_path:inst2|ULA_32bit:inst|ULA_8bit:inst1|ULA_1bit:inst7|inst8                                                   ; |ULA|data_path:inst2|ULA_32bit:inst|ULA_8bit:inst1|ULA_1bit:inst7|inst8                                              ; combout          ;
; |ULA|data_path:inst2|BANK_REG:inst1|PC:inst4|REGISTER32bit:inst|inst4[6]~8                                                ; |ULA|data_path:inst2|BANK_REG:inst1|PC:inst4|REGISTER32bit:inst|inst4[6]~8                                           ; combout          ;
; |ULA|data_path:inst2|BANK_REG:inst1|PC:inst4|REGISTER32bit:inst|inst4[6]~9                                                ; |ULA|data_path:inst2|BANK_REG:inst1|PC:inst4|REGISTER32bit:inst|inst4[6]~9                                           ; combout          ;
; |ULA|data_path:inst2|BANK_REG:inst1|PC:inst4|REGISTER32bit:inst|inst4[6]~10                                               ; |ULA|data_path:inst2|BANK_REG:inst1|PC:inst4|REGISTER32bit:inst|inst4[6]~10                                          ; combout          ;
; |ULA|data_path:inst2|BANK_REG:inst1|MBR:inst5|REGISTER32bit:inst|REGISTER4bit:inst1|inst5                                 ; |ULA|data_path:inst2|BANK_REG:inst1|MBR:inst5|REGISTER32bit:inst|REGISTER4bit:inst1|inst5                            ; regout           ;
; |ULA|data_path:inst2|BANK_REG:inst1|PC:inst4|REGISTER32bit:inst|inst4[6]~11                                               ; |ULA|data_path:inst2|BANK_REG:inst1|PC:inst4|REGISTER32bit:inst|inst4[6]~11                                          ; combout          ;
; |ULA|data_path:inst2|BANK_REG:inst1|PC:inst4|REGISTER32bit:inst|inst4[6]~12                                               ; |ULA|data_path:inst2|BANK_REG:inst1|PC:inst4|REGISTER32bit:inst|inst4[6]~12                                          ; combout          ;
; |ULA|data_path:inst2|BANK_REG:inst1|MBR:inst5|REGISTER32bit:inst3|REGISTER4bit:inst1|inst5                                ; |ULA|data_path:inst2|BANK_REG:inst1|MBR:inst5|REGISTER32bit:inst3|REGISTER4bit:inst1|inst5                           ; regout           ;
; |ULA|data_path:inst2|BANK_REG:inst1|PC:inst4|REGISTER32bit:inst|inst4[6]~13                                               ; |ULA|data_path:inst2|BANK_REG:inst1|PC:inst4|REGISTER32bit:inst|inst4[6]~13                                          ; combout          ;
; |ULA|data_path:inst2|ULA_32bit:inst|ULA_8bit:inst1|ULA_1bit:inst7|inst43~0                                                ; |ULA|data_path:inst2|ULA_32bit:inst|ULA_8bit:inst1|ULA_1bit:inst7|inst43~0                                           ; combout          ;
; |ULA|data_path:inst2|ULA_32bit:inst|ULA_8bit:inst1|ULA_1bit:inst6|inst8                                                   ; |ULA|data_path:inst2|ULA_32bit:inst|ULA_8bit:inst1|ULA_1bit:inst6|inst8                                              ; combout          ;
; |ULA|data_path:inst2|BANK_REG:inst1|PC:inst4|REGISTER32bit:inst|inst4[5]~14                                               ; |ULA|data_path:inst2|BANK_REG:inst1|PC:inst4|REGISTER32bit:inst|inst4[5]~14                                          ; combout          ;
; |ULA|data_path:inst2|BANK_REG:inst1|PC:inst4|REGISTER32bit:inst|inst4[5]~15                                               ; |ULA|data_path:inst2|BANK_REG:inst1|PC:inst4|REGISTER32bit:inst|inst4[5]~15                                          ; combout          ;
; |ULA|data_path:inst2|BANK_REG:inst1|PC:inst4|REGISTER32bit:inst|inst4[5]~16                                               ; |ULA|data_path:inst2|BANK_REG:inst1|PC:inst4|REGISTER32bit:inst|inst4[5]~16                                          ; combout          ;
; |ULA|data_path:inst2|BANK_REG:inst1|MBR:inst5|REGISTER32bit:inst|REGISTER4bit:inst1|inst16                                ; |ULA|data_path:inst2|BANK_REG:inst1|MBR:inst5|REGISTER32bit:inst|REGISTER4bit:inst1|inst16                           ; regout           ;
; |ULA|data_path:inst2|BANK_REG:inst1|PC:inst4|REGISTER32bit:inst|inst4[5]~17                                               ; |ULA|data_path:inst2|BANK_REG:inst1|PC:inst4|REGISTER32bit:inst|inst4[5]~17                                          ; combout          ;
; |ULA|data_path:inst2|BANK_REG:inst1|PC:inst4|REGISTER32bit:inst|inst4[5]~18                                               ; |ULA|data_path:inst2|BANK_REG:inst1|PC:inst4|REGISTER32bit:inst|inst4[5]~18                                          ; combout          ;
; |ULA|data_path:inst2|BANK_REG:inst1|MBR:inst5|REGISTER32bit:inst3|REGISTER4bit:inst1|inst16                               ; |ULA|data_path:inst2|BANK_REG:inst1|MBR:inst5|REGISTER32bit:inst3|REGISTER4bit:inst1|inst16                          ; regout           ;
; |ULA|data_path:inst2|BANK_REG:inst1|PC:inst4|REGISTER32bit:inst|inst4[5]~19                                               ; |ULA|data_path:inst2|BANK_REG:inst1|PC:inst4|REGISTER32bit:inst|inst4[5]~19                                          ; combout          ;
; |ULA|data_path:inst2|ULA_32bit:inst|ULA_8bit:inst1|ULA_1bit:inst6|inst43~0                                                ; |ULA|data_path:inst2|ULA_32bit:inst|ULA_8bit:inst1|ULA_1bit:inst6|inst43~0                                           ; combout          ;
; |ULA|data_path:inst2|ULA_32bit:inst|ULA_8bit:inst1|ULA_1bit:inst5|inst8                                                   ; |ULA|data_path:inst2|ULA_32bit:inst|ULA_8bit:inst1|ULA_1bit:inst5|inst8                                              ; combout          ;
; |ULA|data_path:inst2|BANK_REG:inst1|PC:inst4|REGISTER32bit:inst|inst4[4]~20                                               ; |ULA|data_path:inst2|BANK_REG:inst1|PC:inst4|REGISTER32bit:inst|inst4[4]~20                                          ; combout          ;
; |ULA|data_path:inst2|BANK_REG:inst1|PC:inst4|REGISTER32bit:inst|inst4[4]~21                                               ; |ULA|data_path:inst2|BANK_REG:inst1|PC:inst4|REGISTER32bit:inst|inst4[4]~21                                          ; combout          ;
; |ULA|data_path:inst2|BANK_REG:inst1|PC:inst4|REGISTER32bit:inst|inst4[4]~22                                               ; |ULA|data_path:inst2|BANK_REG:inst1|PC:inst4|REGISTER32bit:inst|inst4[4]~22                                          ; combout          ;
; |ULA|data_path:inst2|BANK_REG:inst1|MBR:inst5|REGISTER32bit:inst|REGISTER4bit:inst1|inst20                                ; |ULA|data_path:inst2|BANK_REG:inst1|MBR:inst5|REGISTER32bit:inst|REGISTER4bit:inst1|inst20                           ; regout           ;
; |ULA|data_path:inst2|BANK_REG:inst1|PC:inst4|REGISTER32bit:inst|inst4[4]~23                                               ; |ULA|data_path:inst2|BANK_REG:inst1|PC:inst4|REGISTER32bit:inst|inst4[4]~23                                          ; combout          ;
; |ULA|data_path:inst2|BANK_REG:inst1|PC:inst4|REGISTER32bit:inst|inst4[4]~24                                               ; |ULA|data_path:inst2|BANK_REG:inst1|PC:inst4|REGISTER32bit:inst|inst4[4]~24                                          ; combout          ;
; |ULA|data_path:inst2|BANK_REG:inst1|MBR:inst5|REGISTER32bit:inst3|REGISTER4bit:inst1|inst20                               ; |ULA|data_path:inst2|BANK_REG:inst1|MBR:inst5|REGISTER32bit:inst3|REGISTER4bit:inst1|inst20                          ; regout           ;
; |ULA|data_path:inst2|BANK_REG:inst1|PC:inst4|REGISTER32bit:inst|inst4[4]~25                                               ; |ULA|data_path:inst2|BANK_REG:inst1|PC:inst4|REGISTER32bit:inst|inst4[4]~25                                          ; combout          ;
; |ULA|data_path:inst2|ULA_32bit:inst|ULA_8bit:inst1|ULA_1bit:inst5|inst43~0                                                ; |ULA|data_path:inst2|ULA_32bit:inst|ULA_8bit:inst1|ULA_1bit:inst5|inst43~0                                           ; combout          ;
; |ULA|data_path:inst2|ULA_32bit:inst|ULA_8bit:inst1|ULA_1bit:inst4|inst8                                                   ; |ULA|data_path:inst2|ULA_32bit:inst|ULA_8bit:inst1|ULA_1bit:inst4|inst8                                              ; combout          ;
; |ULA|data_path:inst2|BANK_REG:inst1|PC:inst4|REGISTER32bit:inst|inst4[3]~26                                               ; |ULA|data_path:inst2|BANK_REG:inst1|PC:inst4|REGISTER32bit:inst|inst4[3]~26                                          ; combout          ;
; |ULA|data_path:inst2|BANK_REG:inst1|PC:inst4|REGISTER32bit:inst|inst4[3]~27                                               ; |ULA|data_path:inst2|BANK_REG:inst1|PC:inst4|REGISTER32bit:inst|inst4[3]~27                                          ; combout          ;
; |ULA|data_path:inst2|BANK_REG:inst1|PC:inst4|REGISTER32bit:inst|inst4[3]~28                                               ; |ULA|data_path:inst2|BANK_REG:inst1|PC:inst4|REGISTER32bit:inst|inst4[3]~28                                          ; combout          ;
; |ULA|data_path:inst2|BANK_REG:inst1|PC:inst4|REGISTER32bit:inst|inst4[3]~29                                               ; |ULA|data_path:inst2|BANK_REG:inst1|PC:inst4|REGISTER32bit:inst|inst4[3]~29                                          ; combout          ;
; |ULA|data_path:inst2|BANK_REG:inst1|PC:inst4|REGISTER32bit:inst|inst4[3]~30                                               ; |ULA|data_path:inst2|BANK_REG:inst1|PC:inst4|REGISTER32bit:inst|inst4[3]~30                                          ; combout          ;
; |ULA|data_path:inst2|BANK_REG:inst1|PC:inst4|REGISTER32bit:inst|inst4[3]~31                                               ; |ULA|data_path:inst2|BANK_REG:inst1|PC:inst4|REGISTER32bit:inst|inst4[3]~31                                          ; combout          ;
; |ULA|data_path:inst2|ULA_32bit:inst|ULA_8bit:inst1|ULA_1bit:inst4|inst43~0                                                ; |ULA|data_path:inst2|ULA_32bit:inst|ULA_8bit:inst1|ULA_1bit:inst4|inst43~0                                           ; combout          ;
; |ULA|data_path:inst2|ULA_32bit:inst|ULA_8bit:inst1|ULA_1bit:inst3|inst8                                                   ; |ULA|data_path:inst2|ULA_32bit:inst|ULA_8bit:inst1|ULA_1bit:inst3|inst8                                              ; combout          ;
; |ULA|data_path:inst2|BANK_REG:inst1|PC:inst4|REGISTER32bit:inst|inst4[2]~32                                               ; |ULA|data_path:inst2|BANK_REG:inst1|PC:inst4|REGISTER32bit:inst|inst4[2]~32                                          ; combout          ;
; |ULA|data_path:inst2|BANK_REG:inst1|PC:inst4|REGISTER32bit:inst|inst4[2]~33                                               ; |ULA|data_path:inst2|BANK_REG:inst1|PC:inst4|REGISTER32bit:inst|inst4[2]~33                                          ; combout          ;
; |ULA|data_path:inst2|BANK_REG:inst1|PC:inst4|REGISTER32bit:inst|inst4[2]~34                                               ; |ULA|data_path:inst2|BANK_REG:inst1|PC:inst4|REGISTER32bit:inst|inst4[2]~34                                          ; combout          ;
; |ULA|data_path:inst2|BANK_REG:inst1|MBR:inst5|REGISTER32bit:inst|REGISTER4bit:inst|inst16                                 ; |ULA|data_path:inst2|BANK_REG:inst1|MBR:inst5|REGISTER32bit:inst|REGISTER4bit:inst|inst16                            ; regout           ;
; |ULA|data_path:inst2|BANK_REG:inst1|PC:inst4|REGISTER32bit:inst|inst4[2]~35                                               ; |ULA|data_path:inst2|BANK_REG:inst1|PC:inst4|REGISTER32bit:inst|inst4[2]~35                                          ; combout          ;
; |ULA|data_path:inst2|BANK_REG:inst1|PC:inst4|REGISTER32bit:inst|inst4[2]~36                                               ; |ULA|data_path:inst2|BANK_REG:inst1|PC:inst4|REGISTER32bit:inst|inst4[2]~36                                          ; combout          ;
; |ULA|data_path:inst2|BANK_REG:inst1|MBR:inst5|REGISTER32bit:inst3|REGISTER4bit:inst|inst16                                ; |ULA|data_path:inst2|BANK_REG:inst1|MBR:inst5|REGISTER32bit:inst3|REGISTER4bit:inst|inst16                           ; regout           ;
; |ULA|data_path:inst2|BANK_REG:inst1|PC:inst4|REGISTER32bit:inst|inst4[2]~37                                               ; |ULA|data_path:inst2|BANK_REG:inst1|PC:inst4|REGISTER32bit:inst|inst4[2]~37                                          ; combout          ;
; |ULA|data_path:inst2|ULA_32bit:inst|ULA_8bit:inst1|ULA_1bit:inst3|inst43~0                                                ; |ULA|data_path:inst2|ULA_32bit:inst|ULA_8bit:inst1|ULA_1bit:inst3|inst43~0                                           ; combout          ;
; |ULA|data_path:inst2|ULA_32bit:inst|ULA_8bit:inst1|ULA_1bit:inst2|inst8                                                   ; |ULA|data_path:inst2|ULA_32bit:inst|ULA_8bit:inst1|ULA_1bit:inst2|inst8                                              ; combout          ;
; |ULA|data_path:inst2|BANK_REG:inst1|PC:inst4|REGISTER32bit:inst|REGISTER4bit:inst|inst5                                   ; |ULA|data_path:inst2|BANK_REG:inst1|PC:inst4|REGISTER32bit:inst|REGISTER4bit:inst|inst5                              ; regout           ;
; |ULA|data_path:inst2|BANK_REG:inst1|PC:inst4|REGISTER32bit:inst|inst4[1]~38                                               ; |ULA|data_path:inst2|BANK_REG:inst1|PC:inst4|REGISTER32bit:inst|inst4[1]~38                                          ; combout          ;
; |ULA|data_path:inst2|BANK_REG:inst1|PC:inst4|REGISTER32bit:inst|inst4[1]~39                                               ; |ULA|data_path:inst2|BANK_REG:inst1|PC:inst4|REGISTER32bit:inst|inst4[1]~39                                          ; combout          ;
; |ULA|data_path:inst2|BANK_REG:inst1|PC:inst4|REGISTER32bit:inst|inst4[1]~40                                               ; |ULA|data_path:inst2|BANK_REG:inst1|PC:inst4|REGISTER32bit:inst|inst4[1]~40                                          ; combout          ;
; |ULA|data_path:inst2|BANK_REG:inst1|MBR:inst5|REGISTER32bit:inst|REGISTER4bit:inst|inst5                                  ; |ULA|data_path:inst2|BANK_REG:inst1|MBR:inst5|REGISTER32bit:inst|REGISTER4bit:inst|inst5                             ; regout           ;
; |ULA|data_path:inst2|BANK_REG:inst1|PC:inst4|REGISTER32bit:inst|inst4[1]~41                                               ; |ULA|data_path:inst2|BANK_REG:inst1|PC:inst4|REGISTER32bit:inst|inst4[1]~41                                          ; combout          ;
; |ULA|data_path:inst2|BANK_REG:inst1|PC:inst4|REGISTER32bit:inst|inst4[1]~42                                               ; |ULA|data_path:inst2|BANK_REG:inst1|PC:inst4|REGISTER32bit:inst|inst4[1]~42                                          ; combout          ;
; |ULA|data_path:inst2|BANK_REG:inst1|MBR:inst5|REGISTER32bit:inst3|REGISTER4bit:inst|inst5                                 ; |ULA|data_path:inst2|BANK_REG:inst1|MBR:inst5|REGISTER32bit:inst3|REGISTER4bit:inst|inst5                            ; regout           ;
; |ULA|data_path:inst2|ULA_32bit:inst|ULA_8bit:inst1|ULA_1bit:inst2|inst43~0                                                ; |ULA|data_path:inst2|ULA_32bit:inst|ULA_8bit:inst1|ULA_1bit:inst2|inst43~0                                           ; combout          ;
; |ULA|data_path:inst2|ULA_32bit:inst|ULA_8bit:inst1|ULA_1bit:inst2|inst43~1                                                ; |ULA|data_path:inst2|ULA_32bit:inst|ULA_8bit:inst1|ULA_1bit:inst2|inst43~1                                           ; combout          ;
; |ULA|data_path:inst2|ULA_32bit:inst|ULA_8bit:inst1|ULA_1bit:inst|inst8                                                    ; |ULA|data_path:inst2|ULA_32bit:inst|ULA_8bit:inst1|ULA_1bit:inst|inst8                                               ; combout          ;
; |ULA|data_path:inst2|BANK_REG:inst1|MBR:inst5|REGISTER32bit:inst3|REGISTER4bit:inst|inst                                  ; |ULA|data_path:inst2|BANK_REG:inst1|MBR:inst5|REGISTER32bit:inst3|REGISTER4bit:inst|inst                             ; regout           ;
; |ULA|data_path:inst2|BANK_REG:inst1|PC:inst4|REGISTER32bit:inst|REGISTER4bit:inst|inst                                    ; |ULA|data_path:inst2|BANK_REG:inst1|PC:inst4|REGISTER32bit:inst|REGISTER4bit:inst|inst                               ; regout           ;
; |ULA|data_path:inst2|BANK_REG:inst1|PC:inst4|REGISTER32bit:inst|inst4[0]~43                                               ; |ULA|data_path:inst2|BANK_REG:inst1|PC:inst4|REGISTER32bit:inst|inst4[0]~43                                          ; combout          ;
; |ULA|data_path:inst2|BANK_REG:inst1|PC:inst4|REGISTER32bit:inst|inst4[0]~44                                               ; |ULA|data_path:inst2|BANK_REG:inst1|PC:inst4|REGISTER32bit:inst|inst4[0]~44                                          ; combout          ;
; |ULA|data_path:inst2|BANK_REG:inst1|PC:inst4|REGISTER32bit:inst|inst4[0]~45                                               ; |ULA|data_path:inst2|BANK_REG:inst1|PC:inst4|REGISTER32bit:inst|inst4[0]~45                                          ; combout          ;
; |ULA|data_path:inst2|BANK_REG:inst1|MBR:inst5|REGISTER32bit:inst|REGISTER4bit:inst|inst                                   ; |ULA|data_path:inst2|BANK_REG:inst1|MBR:inst5|REGISTER32bit:inst|REGISTER4bit:inst|inst                              ; regout           ;
; |ULA|data_path:inst2|BANK_REG:inst1|PC:inst4|REGISTER32bit:inst|inst4[0]~46                                               ; |ULA|data_path:inst2|BANK_REG:inst1|PC:inst4|REGISTER32bit:inst|inst4[0]~46                                          ; combout          ;
; |ULA|data_path:inst2|BANK_REG:inst1|PC:inst4|REGISTER32bit:inst|inst4[0]~47                                               ; |ULA|data_path:inst2|BANK_REG:inst1|PC:inst4|REGISTER32bit:inst|inst4[0]~47                                          ; combout          ;
; |ULA|data_path:inst2|ULA_32bit:inst|ULA_8bit:inst1|ULA_1bit:inst|FullAdder_1bit:inst|xor3:inst9|1~0                       ; |ULA|data_path:inst2|ULA_32bit:inst|ULA_8bit:inst1|ULA_1bit:inst|FullAdder_1bit:inst|xor3:inst9|1~0                  ; combout          ;
; |ULA|data_path:inst2|ULA_32bit:inst|ULA_8bit:inst1|ULA_1bit:inst|FullAdder_1bit:inst|xor3:inst9|1~1                       ; |ULA|data_path:inst2|ULA_32bit:inst|ULA_8bit:inst1|ULA_1bit:inst|FullAdder_1bit:inst|xor3:inst9|1~1                  ; combout          ;
; |ULA|data_path:inst2|ULA_32bit:inst|ULA_8bit:inst1|ULA_1bit:inst2|FullAdder_1bit:inst|xor3:inst9|1~0                      ; |ULA|data_path:inst2|ULA_32bit:inst|ULA_8bit:inst1|ULA_1bit:inst2|FullAdder_1bit:inst|xor3:inst9|1~0                 ; combout          ;
; |ULA|data_path:inst2|ULA_32bit:inst|ULA_8bit:inst1|ULA_1bit:inst3|FullAdder_1bit:inst|xor3:inst9|1~0                      ; |ULA|data_path:inst2|ULA_32bit:inst|ULA_8bit:inst1|ULA_1bit:inst3|FullAdder_1bit:inst|xor3:inst9|1~0                 ; combout          ;
; |ULA|data_path:inst2|ULA_32bit:inst|ULA_8bit:inst1|ULA_1bit:inst4|FullAdder_1bit:inst|xor3:inst9|1~0                      ; |ULA|data_path:inst2|ULA_32bit:inst|ULA_8bit:inst1|ULA_1bit:inst4|FullAdder_1bit:inst|xor3:inst9|1~0                 ; combout          ;
; |ULA|data_path:inst2|ULA_32bit:inst|ULA_8bit:inst1|ULA_1bit:inst5|FullAdder_1bit:inst|xor3:inst9|1~0                      ; |ULA|data_path:inst2|ULA_32bit:inst|ULA_8bit:inst1|ULA_1bit:inst5|FullAdder_1bit:inst|xor3:inst9|1~0                 ; combout          ;
; |ULA|data_path:inst2|ULA_32bit:inst|ULA_8bit:inst1|ULA_1bit:inst6|FullAdder_1bit:inst|xor3:inst9|1~0                      ; |ULA|data_path:inst2|ULA_32bit:inst|ULA_8bit:inst1|ULA_1bit:inst6|FullAdder_1bit:inst|xor3:inst9|1~0                 ; combout          ;
; |ULA|data_path:inst2|ULA_32bit:inst|ULA_8bit:inst1|ULA_1bit:inst7|FullAdder_1bit:inst|xor3:inst9|1~0                      ; |ULA|data_path:inst2|ULA_32bit:inst|ULA_8bit:inst1|ULA_1bit:inst7|FullAdder_1bit:inst|xor3:inst9|1~0                 ; combout          ;
; |ULA|data_path:inst2|ULA_32bit:inst|ULA_8bit:inst1|ULA_1bit:inst8|FullAdder_1bit:inst|xor3:inst9|1~0                      ; |ULA|data_path:inst2|ULA_32bit:inst|ULA_8bit:inst1|ULA_1bit:inst8|FullAdder_1bit:inst|xor3:inst9|1~0                 ; combout          ;
; |ULA|data_path:inst2|ULA_32bit:inst|ULA_8bit:inst|ULA_1bit:inst|FullAdder_1bit:inst|xor3:inst9|1~0                        ; |ULA|data_path:inst2|ULA_32bit:inst|ULA_8bit:inst|ULA_1bit:inst|FullAdder_1bit:inst|xor3:inst9|1~0                   ; combout          ;
; |ULA|data_path:inst2|ULA_32bit:inst|ULA_8bit:inst|ULA_1bit:inst2|FullAdder_1bit:inst|xor3:inst9|1~0                       ; |ULA|data_path:inst2|ULA_32bit:inst|ULA_8bit:inst|ULA_1bit:inst2|FullAdder_1bit:inst|xor3:inst9|1~0                  ; combout          ;
; |ULA|data_path:inst2|ULA_32bit:inst|ULA_8bit:inst|ULA_1bit:inst3|FullAdder_1bit:inst|xor3:inst9|1~0                       ; |ULA|data_path:inst2|ULA_32bit:inst|ULA_8bit:inst|ULA_1bit:inst3|FullAdder_1bit:inst|xor3:inst9|1~0                  ; combout          ;
; |ULA|data_path:inst2|ULA_32bit:inst|ULA_8bit:inst|ULA_1bit:inst4|FullAdder_1bit:inst|xor3:inst9|1~0                       ; |ULA|data_path:inst2|ULA_32bit:inst|ULA_8bit:inst|ULA_1bit:inst4|FullAdder_1bit:inst|xor3:inst9|1~0                  ; combout          ;
; |ULA|data_path:inst2|ULA_32bit:inst|ULA_8bit:inst|ULA_1bit:inst5|FullAdder_1bit:inst|xor3:inst9|1~0                       ; |ULA|data_path:inst2|ULA_32bit:inst|ULA_8bit:inst|ULA_1bit:inst5|FullAdder_1bit:inst|xor3:inst9|1~0                  ; combout          ;
; |ULA|data_path:inst2|ULA_32bit:inst|ULA_8bit:inst|ULA_1bit:inst6|FullAdder_1bit:inst|xor3:inst9|1~0                       ; |ULA|data_path:inst2|ULA_32bit:inst|ULA_8bit:inst|ULA_1bit:inst6|FullAdder_1bit:inst|xor3:inst9|1~0                  ; combout          ;
; |ULA|data_path:inst2|ULA_32bit:inst|ULA_8bit:inst|ULA_1bit:inst7|FullAdder_1bit:inst|xor3:inst9|1~0                       ; |ULA|data_path:inst2|ULA_32bit:inst|ULA_8bit:inst|ULA_1bit:inst7|FullAdder_1bit:inst|xor3:inst9|1~0                  ; combout          ;
; |ULA|data_path:inst2|ULA_32bit:inst|ULA_8bit:inst|ULA_1bit:inst8|FullAdder_1bit:inst|xor3:inst9|1~0                       ; |ULA|data_path:inst2|ULA_32bit:inst|ULA_8bit:inst|ULA_1bit:inst8|FullAdder_1bit:inst|xor3:inst9|1~0                  ; combout          ;
; |ULA|data_path:inst2|ULA_32bit:inst|ULA_8bit:inst3|ULA_1bit:inst|FullAdder_1bit:inst|xor3:inst9|1~0                       ; |ULA|data_path:inst2|ULA_32bit:inst|ULA_8bit:inst3|ULA_1bit:inst|FullAdder_1bit:inst|xor3:inst9|1~0                  ; combout          ;
; |ULA|data_path:inst2|ULA_32bit:inst|ULA_8bit:inst3|ULA_1bit:inst2|FullAdder_1bit:inst|xor3:inst9|1~0                      ; |ULA|data_path:inst2|ULA_32bit:inst|ULA_8bit:inst3|ULA_1bit:inst2|FullAdder_1bit:inst|xor3:inst9|1~0                 ; combout          ;
; |ULA|data_path:inst2|ULA_32bit:inst|ULA_8bit:inst3|ULA_1bit:inst3|FullAdder_1bit:inst|xor3:inst9|1~0                      ; |ULA|data_path:inst2|ULA_32bit:inst|ULA_8bit:inst3|ULA_1bit:inst3|FullAdder_1bit:inst|xor3:inst9|1~0                 ; combout          ;
; |ULA|data_path:inst2|ULA_32bit:inst|ULA_8bit:inst3|ULA_1bit:inst4|FullAdder_1bit:inst|xor3:inst9|1~0                      ; |ULA|data_path:inst2|ULA_32bit:inst|ULA_8bit:inst3|ULA_1bit:inst4|FullAdder_1bit:inst|xor3:inst9|1~0                 ; combout          ;
; |ULA|data_path:inst2|ULA_32bit:inst|ULA_8bit:inst3|ULA_1bit:inst5|FullAdder_1bit:inst|xor3:inst9|1~0                      ; |ULA|data_path:inst2|ULA_32bit:inst|ULA_8bit:inst3|ULA_1bit:inst5|FullAdder_1bit:inst|xor3:inst9|1~0                 ; combout          ;
; |ULA|data_path:inst2|ULA_32bit:inst|ULA_8bit:inst3|ULA_1bit:inst6|FullAdder_1bit:inst|xor3:inst9|1~0                      ; |ULA|data_path:inst2|ULA_32bit:inst|ULA_8bit:inst3|ULA_1bit:inst6|FullAdder_1bit:inst|xor3:inst9|1~0                 ; combout          ;
; |ULA|data_path:inst2|ULA_32bit:inst|ULA_8bit:inst3|ULA_1bit:inst7|FullAdder_1bit:inst|xor3:inst9|1~0                      ; |ULA|data_path:inst2|ULA_32bit:inst|ULA_8bit:inst3|ULA_1bit:inst7|FullAdder_1bit:inst|xor3:inst9|1~0                 ; combout          ;
; |ULA|data_path:inst2|ULA_32bit:inst|ULA_8bit:inst3|ULA_1bit:inst8|inst8                                                   ; |ULA|data_path:inst2|ULA_32bit:inst|ULA_8bit:inst3|ULA_1bit:inst8|inst8                                              ; combout          ;
; |ULA|data_path:inst2|BANK_REG:inst1|MBR:inst5|REGISTER32bit:inst3|inst4[16]~113                                           ; |ULA|data_path:inst2|BANK_REG:inst1|MBR:inst5|REGISTER32bit:inst3|inst4[16]~113                                      ; combout          ;
; |ULA|data_path:inst2|BANK_REG:inst1|MBR:inst5|REGISTER32bit:inst3|inst4[16]~114                                           ; |ULA|data_path:inst2|BANK_REG:inst1|MBR:inst5|REGISTER32bit:inst3|inst4[16]~114                                      ; combout          ;
; |ULA|data_path:inst2|BANK_REG:inst1|MBR:inst5|REGISTER32bit:inst3|inst4[16]~115                                           ; |ULA|data_path:inst2|BANK_REG:inst1|MBR:inst5|REGISTER32bit:inst3|inst4[16]~115                                      ; combout          ;
; |ULA|data_path:inst2|BANK_REG:inst1|MBR:inst5|REGISTER32bit:inst3|inst4[16]~116                                           ; |ULA|data_path:inst2|BANK_REG:inst1|MBR:inst5|REGISTER32bit:inst3|inst4[16]~116                                      ; combout          ;
; |ULA|data_path:inst2|BANK_REG:inst1|MBR:inst5|REGISTER32bit:inst3|inst4[16]~117                                           ; |ULA|data_path:inst2|BANK_REG:inst1|MBR:inst5|REGISTER32bit:inst3|inst4[16]~117                                      ; combout          ;
; |ULA|data_path:inst2|ULA_32bit:inst|ULA_8bit:inst3|ULA_1bit:inst8|inst43~0                                                ; |ULA|data_path:inst2|ULA_32bit:inst|ULA_8bit:inst3|ULA_1bit:inst8|inst43~0                                           ; combout          ;
; |ULA|data_path:inst2|ULA_32bit:inst|ULA_8bit:inst3|ULA_1bit:inst8|FullAdder_1bit:inst|xor3:inst9|1~0                      ; |ULA|data_path:inst2|ULA_32bit:inst|ULA_8bit:inst3|ULA_1bit:inst8|FullAdder_1bit:inst|xor3:inst9|1~0                 ; combout          ;
; |ULA|data_path:inst2|ULA_32bit:inst|ULA_8bit:inst4|ULA_1bit:inst|FullAdder_1bit:inst|xor3:inst9|1~0                       ; |ULA|data_path:inst2|ULA_32bit:inst|ULA_8bit:inst4|ULA_1bit:inst|FullAdder_1bit:inst|xor3:inst9|1~0                  ; combout          ;
; |ULA|data_path:inst2|ULA_32bit:inst|ULA_8bit:inst4|ULA_1bit:inst2|FullAdder_1bit:inst|xor3:inst9|1~0                      ; |ULA|data_path:inst2|ULA_32bit:inst|ULA_8bit:inst4|ULA_1bit:inst2|FullAdder_1bit:inst|xor3:inst9|1~0                 ; combout          ;
; |ULA|data_path:inst2|ULA_32bit:inst|ULA_8bit:inst4|ULA_1bit:inst3|FullAdder_1bit:inst|xor3:inst9|1~0                      ; |ULA|data_path:inst2|ULA_32bit:inst|ULA_8bit:inst4|ULA_1bit:inst3|FullAdder_1bit:inst|xor3:inst9|1~0                 ; combout          ;
; |ULA|data_path:inst2|ULA_32bit:inst|ULA_8bit:inst4|ULA_1bit:inst4|FullAdder_1bit:inst|xor3:inst9|1~0                      ; |ULA|data_path:inst2|ULA_32bit:inst|ULA_8bit:inst4|ULA_1bit:inst4|FullAdder_1bit:inst|xor3:inst9|1~0                 ; combout          ;
; |ULA|data_path:inst2|ULA_32bit:inst|ULA_8bit:inst4|ULA_1bit:inst5|FullAdder_1bit:inst|xor3:inst9|1~0                      ; |ULA|data_path:inst2|ULA_32bit:inst|ULA_8bit:inst4|ULA_1bit:inst5|FullAdder_1bit:inst|xor3:inst9|1~0                 ; combout          ;
; |ULA|data_path:inst2|ULA_32bit:inst|ULA_8bit:inst4|ULA_1bit:inst6|FullAdder_1bit:inst|xor3:inst9|1~0                      ; |ULA|data_path:inst2|ULA_32bit:inst|ULA_8bit:inst4|ULA_1bit:inst6|FullAdder_1bit:inst|xor3:inst9|1~0                 ; combout          ;
; |ULA|data_path:inst2|BANK_REG:inst1|MBR:inst5|REGISTER32bit:inst3|inst4[25]~118                                           ; |ULA|data_path:inst2|BANK_REG:inst1|MBR:inst5|REGISTER32bit:inst3|inst4[25]~118                                      ; combout          ;
; |ULA|data_path:inst2|BANK_REG:inst1|MBR:inst5|REGISTER32bit:inst3|inst4[25]~119                                           ; |ULA|data_path:inst2|BANK_REG:inst1|MBR:inst5|REGISTER32bit:inst3|inst4[25]~119                                      ; combout          ;
; |ULA|data_path:inst2|BANK_REG:inst1|MBR:inst5|REGISTER32bit:inst3|inst4[25]~120                                           ; |ULA|data_path:inst2|BANK_REG:inst1|MBR:inst5|REGISTER32bit:inst3|inst4[25]~120                                      ; combout          ;
; |ULA|data_path:inst2|BANK_REG:inst1|MBR:inst5|REGISTER32bit:inst3|inst4[25]~121                                           ; |ULA|data_path:inst2|BANK_REG:inst1|MBR:inst5|REGISTER32bit:inst3|inst4[25]~121                                      ; combout          ;
; |ULA|data_path:inst2|BANK_REG:inst1|MBR:inst5|REGISTER32bit:inst3|inst4[25]~122                                           ; |ULA|data_path:inst2|BANK_REG:inst1|MBR:inst5|REGISTER32bit:inst3|inst4[25]~122                                      ; combout          ;
; |ULA|data_path:inst2|ULA_32bit:inst|ULA_8bit:inst4|ULA_1bit:inst7|inst43~0                                                ; |ULA|data_path:inst2|ULA_32bit:inst|ULA_8bit:inst4|ULA_1bit:inst7|inst43~0                                           ; combout          ;
; |ULA|data_path:inst2|ULA_32bit:inst|ULA_8bit:inst4|ULA_1bit:inst8|FullAdder_1bit:inst|inst~0                              ; |ULA|data_path:inst2|ULA_32bit:inst|ULA_8bit:inst4|ULA_1bit:inst8|FullAdder_1bit:inst|inst~0                         ; combout          ;
; |ULA|data_path:inst2|ULA_32bit:inst|ULA_8bit:inst4|ULA_1bit:inst8|FullAdder_1bit:inst|inst~1                              ; |ULA|data_path:inst2|ULA_32bit:inst|ULA_8bit:inst4|ULA_1bit:inst8|FullAdder_1bit:inst|inst~1                         ; combout          ;
; |ULA|data_path:inst2|SHIFTER:inst2|inst1[31]~45                                                                           ; |ULA|data_path:inst2|SHIFTER:inst2|inst1[31]~45                                                                      ; combout          ;
; |ULA|data_path:inst2|ULA_32bit:inst|ULA_8bit:inst3|ULA_1bit:inst8|inst14~0                                                ; |ULA|data_path:inst2|ULA_32bit:inst|ULA_8bit:inst3|ULA_1bit:inst8|inst14~0                                           ; combout          ;
; |ULA|data_path:inst2|ULA_32bit:inst|ULA_8bit:inst3|ULA_1bit:inst8|FullAdder_1bit:inst|xor4:inst8|3~0                      ; |ULA|data_path:inst2|ULA_32bit:inst|ULA_8bit:inst3|ULA_1bit:inst8|FullAdder_1bit:inst|xor4:inst8|3~0                 ; combout          ;
; |ULA|data_path:inst2|ULA_32bit:inst|ULA_8bit:inst3|ULA_1bit:inst8|inst14~1                                                ; |ULA|data_path:inst2|ULA_32bit:inst|ULA_8bit:inst3|ULA_1bit:inst8|inst14~1                                           ; combout          ;
; |ULA|data_path:inst2|SHIFTER:inst2|inst1[31]~46                                                                           ; |ULA|data_path:inst2|SHIFTER:inst2|inst1[31]~46                                                                      ; combout          ;
; |ULA|data_path:inst2|ULA_32bit:inst|ULA_8bit:inst4|ULA_1bit:inst7|inst14~0                                                ; |ULA|data_path:inst2|ULA_32bit:inst|ULA_8bit:inst4|ULA_1bit:inst7|inst14~0                                           ; combout          ;
; |ULA|data_path:inst2|ULA_32bit:inst|ULA_8bit:inst4|ULA_1bit:inst7|FullAdder_1bit:inst|xor4:inst8|3~0                      ; |ULA|data_path:inst2|ULA_32bit:inst|ULA_8bit:inst4|ULA_1bit:inst7|FullAdder_1bit:inst|xor4:inst8|3~0                 ; combout          ;
; |ULA|data_path:inst2|ULA_32bit:inst|ULA_8bit:inst4|ULA_1bit:inst7|inst14~1                                                ; |ULA|data_path:inst2|ULA_32bit:inst|ULA_8bit:inst4|ULA_1bit:inst7|inst14~1                                           ; combout          ;
; |ULA|data_path:inst2|ULA_32bit:inst|ULA_8bit:inst3|ULA_1bit:inst7|inst14~0                                                ; |ULA|data_path:inst2|ULA_32bit:inst|ULA_8bit:inst3|ULA_1bit:inst7|inst14~0                                           ; combout          ;
; |ULA|data_path:inst2|ULA_32bit:inst|ULA_8bit:inst3|ULA_1bit:inst7|FullAdder_1bit:inst|xor4:inst8|3~0                      ; |ULA|data_path:inst2|ULA_32bit:inst|ULA_8bit:inst3|ULA_1bit:inst7|FullAdder_1bit:inst|xor4:inst8|3~0                 ; combout          ;
; |ULA|data_path:inst2|ULA_32bit:inst|ULA_8bit:inst3|ULA_1bit:inst7|inst14~1                                                ; |ULA|data_path:inst2|ULA_32bit:inst|ULA_8bit:inst3|ULA_1bit:inst7|inst14~1                                           ; combout          ;
; |ULA|data_path:inst2|SHIFTER:inst2|inst1[30]~47                                                                           ; |ULA|data_path:inst2|SHIFTER:inst2|inst1[30]~47                                                                      ; combout          ;
; |ULA|data_path:inst2|SHIFTER:inst2|inst1[30]                                                                              ; |ULA|data_path:inst2|SHIFTER:inst2|inst1[30]                                                                         ; combout          ;
; |ULA|data_path:inst2|ULA_32bit:inst|ULA_8bit:inst4|ULA_1bit:inst6|inst14~0                                                ; |ULA|data_path:inst2|ULA_32bit:inst|ULA_8bit:inst4|ULA_1bit:inst6|inst14~0                                           ; combout          ;
; |ULA|data_path:inst2|ULA_32bit:inst|ULA_8bit:inst4|ULA_1bit:inst6|FullAdder_1bit:inst|xor4:inst8|3~0                      ; |ULA|data_path:inst2|ULA_32bit:inst|ULA_8bit:inst4|ULA_1bit:inst6|FullAdder_1bit:inst|xor4:inst8|3~0                 ; combout          ;
; |ULA|data_path:inst2|ULA_32bit:inst|ULA_8bit:inst4|ULA_1bit:inst6|inst14~1                                                ; |ULA|data_path:inst2|ULA_32bit:inst|ULA_8bit:inst4|ULA_1bit:inst6|inst14~1                                           ; combout          ;
; |ULA|data_path:inst2|ULA_32bit:inst|ULA_8bit:inst3|ULA_1bit:inst6|inst14~0                                                ; |ULA|data_path:inst2|ULA_32bit:inst|ULA_8bit:inst3|ULA_1bit:inst6|inst14~0                                           ; combout          ;
; |ULA|data_path:inst2|ULA_32bit:inst|ULA_8bit:inst3|ULA_1bit:inst6|FullAdder_1bit:inst|xor4:inst8|3~0                      ; |ULA|data_path:inst2|ULA_32bit:inst|ULA_8bit:inst3|ULA_1bit:inst6|FullAdder_1bit:inst|xor4:inst8|3~0                 ; combout          ;
; |ULA|data_path:inst2|ULA_32bit:inst|ULA_8bit:inst3|ULA_1bit:inst6|inst14~1                                                ; |ULA|data_path:inst2|ULA_32bit:inst|ULA_8bit:inst3|ULA_1bit:inst6|inst14~1                                           ; combout          ;
; |ULA|data_path:inst2|SHIFTER:inst2|inst1[29]~48                                                                           ; |ULA|data_path:inst2|SHIFTER:inst2|inst1[29]~48                                                                      ; combout          ;
; |ULA|data_path:inst2|ULA_32bit:inst|ULA_8bit:inst4|ULA_1bit:inst5|inst14~0                                                ; |ULA|data_path:inst2|ULA_32bit:inst|ULA_8bit:inst4|ULA_1bit:inst5|inst14~0                                           ; combout          ;
; |ULA|data_path:inst2|ULA_32bit:inst|ULA_8bit:inst4|ULA_1bit:inst5|FullAdder_1bit:inst|xor4:inst8|3~0                      ; |ULA|data_path:inst2|ULA_32bit:inst|ULA_8bit:inst4|ULA_1bit:inst5|FullAdder_1bit:inst|xor4:inst8|3~0                 ; combout          ;
; |ULA|data_path:inst2|ULA_32bit:inst|ULA_8bit:inst4|ULA_1bit:inst5|inst14~1                                                ; |ULA|data_path:inst2|ULA_32bit:inst|ULA_8bit:inst4|ULA_1bit:inst5|inst14~1                                           ; combout          ;
; |ULA|data_path:inst2|ULA_32bit:inst|ULA_8bit:inst3|ULA_1bit:inst5|inst14~0                                                ; |ULA|data_path:inst2|ULA_32bit:inst|ULA_8bit:inst3|ULA_1bit:inst5|inst14~0                                           ; combout          ;
; |ULA|data_path:inst2|ULA_32bit:inst|ULA_8bit:inst3|ULA_1bit:inst5|FullAdder_1bit:inst|xor4:inst8|3~0                      ; |ULA|data_path:inst2|ULA_32bit:inst|ULA_8bit:inst3|ULA_1bit:inst5|FullAdder_1bit:inst|xor4:inst8|3~0                 ; combout          ;
; |ULA|data_path:inst2|ULA_32bit:inst|ULA_8bit:inst3|ULA_1bit:inst5|inst14~1                                                ; |ULA|data_path:inst2|ULA_32bit:inst|ULA_8bit:inst3|ULA_1bit:inst5|inst14~1                                           ; combout          ;
; |ULA|data_path:inst2|SHIFTER:inst2|inst1[28]~49                                                                           ; |ULA|data_path:inst2|SHIFTER:inst2|inst1[28]~49                                                                      ; combout          ;
; |ULA|data_path:inst2|ULA_32bit:inst|ULA_8bit:inst4|ULA_1bit:inst4|inst14~0                                                ; |ULA|data_path:inst2|ULA_32bit:inst|ULA_8bit:inst4|ULA_1bit:inst4|inst14~0                                           ; combout          ;
; |ULA|data_path:inst2|ULA_32bit:inst|ULA_8bit:inst4|ULA_1bit:inst4|FullAdder_1bit:inst|xor4:inst8|3~0                      ; |ULA|data_path:inst2|ULA_32bit:inst|ULA_8bit:inst4|ULA_1bit:inst4|FullAdder_1bit:inst|xor4:inst8|3~0                 ; combout          ;
; |ULA|data_path:inst2|ULA_32bit:inst|ULA_8bit:inst4|ULA_1bit:inst4|inst14~1                                                ; |ULA|data_path:inst2|ULA_32bit:inst|ULA_8bit:inst4|ULA_1bit:inst4|inst14~1                                           ; combout          ;
; |ULA|data_path:inst2|ULA_32bit:inst|ULA_8bit:inst3|ULA_1bit:inst4|inst14~0                                                ; |ULA|data_path:inst2|ULA_32bit:inst|ULA_8bit:inst3|ULA_1bit:inst4|inst14~0                                           ; combout          ;
; |ULA|data_path:inst2|ULA_32bit:inst|ULA_8bit:inst3|ULA_1bit:inst4|FullAdder_1bit:inst|xor4:inst8|3~0                      ; |ULA|data_path:inst2|ULA_32bit:inst|ULA_8bit:inst3|ULA_1bit:inst4|FullAdder_1bit:inst|xor4:inst8|3~0                 ; combout          ;
; |ULA|data_path:inst2|ULA_32bit:inst|ULA_8bit:inst3|ULA_1bit:inst4|inst14~1                                                ; |ULA|data_path:inst2|ULA_32bit:inst|ULA_8bit:inst3|ULA_1bit:inst4|inst14~1                                           ; combout          ;
; |ULA|data_path:inst2|SHIFTER:inst2|inst1[27]~50                                                                           ; |ULA|data_path:inst2|SHIFTER:inst2|inst1[27]~50                                                                      ; combout          ;
; |ULA|data_path:inst2|ULA_32bit:inst|ULA_8bit:inst4|ULA_1bit:inst3|inst14~0                                                ; |ULA|data_path:inst2|ULA_32bit:inst|ULA_8bit:inst4|ULA_1bit:inst3|inst14~0                                           ; combout          ;
; |ULA|data_path:inst2|ULA_32bit:inst|ULA_8bit:inst4|ULA_1bit:inst3|FullAdder_1bit:inst|xor4:inst8|3~0                      ; |ULA|data_path:inst2|ULA_32bit:inst|ULA_8bit:inst4|ULA_1bit:inst3|FullAdder_1bit:inst|xor4:inst8|3~0                 ; combout          ;
; |ULA|data_path:inst2|ULA_32bit:inst|ULA_8bit:inst4|ULA_1bit:inst3|inst14~1                                                ; |ULA|data_path:inst2|ULA_32bit:inst|ULA_8bit:inst4|ULA_1bit:inst3|inst14~1                                           ; combout          ;
; |ULA|data_path:inst2|ULA_32bit:inst|ULA_8bit:inst3|ULA_1bit:inst3|inst14~0                                                ; |ULA|data_path:inst2|ULA_32bit:inst|ULA_8bit:inst3|ULA_1bit:inst3|inst14~0                                           ; combout          ;
; |ULA|data_path:inst2|ULA_32bit:inst|ULA_8bit:inst3|ULA_1bit:inst3|FullAdder_1bit:inst|xor4:inst8|3~0                      ; |ULA|data_path:inst2|ULA_32bit:inst|ULA_8bit:inst3|ULA_1bit:inst3|FullAdder_1bit:inst|xor4:inst8|3~0                 ; combout          ;
; |ULA|data_path:inst2|ULA_32bit:inst|ULA_8bit:inst3|ULA_1bit:inst3|inst14~1                                                ; |ULA|data_path:inst2|ULA_32bit:inst|ULA_8bit:inst3|ULA_1bit:inst3|inst14~1                                           ; combout          ;
; |ULA|data_path:inst2|SHIFTER:inst2|inst1[26]~51                                                                           ; |ULA|data_path:inst2|SHIFTER:inst2|inst1[26]~51                                                                      ; combout          ;
; |ULA|data_path:inst2|ULA_32bit:inst|ULA_8bit:inst4|ULA_1bit:inst2|inst14~0                                                ; |ULA|data_path:inst2|ULA_32bit:inst|ULA_8bit:inst4|ULA_1bit:inst2|inst14~0                                           ; combout          ;
; |ULA|data_path:inst2|ULA_32bit:inst|ULA_8bit:inst4|ULA_1bit:inst2|FullAdder_1bit:inst|xor4:inst8|3~0                      ; |ULA|data_path:inst2|ULA_32bit:inst|ULA_8bit:inst4|ULA_1bit:inst2|FullAdder_1bit:inst|xor4:inst8|3~0                 ; combout          ;
; |ULA|data_path:inst2|ULA_32bit:inst|ULA_8bit:inst4|ULA_1bit:inst2|inst14~1                                                ; |ULA|data_path:inst2|ULA_32bit:inst|ULA_8bit:inst4|ULA_1bit:inst2|inst14~1                                           ; combout          ;
; |ULA|data_path:inst2|ULA_32bit:inst|ULA_8bit:inst3|ULA_1bit:inst2|inst14~0                                                ; |ULA|data_path:inst2|ULA_32bit:inst|ULA_8bit:inst3|ULA_1bit:inst2|inst14~0                                           ; combout          ;
; |ULA|data_path:inst2|ULA_32bit:inst|ULA_8bit:inst3|ULA_1bit:inst2|FullAdder_1bit:inst|xor4:inst8|3~0                      ; |ULA|data_path:inst2|ULA_32bit:inst|ULA_8bit:inst3|ULA_1bit:inst2|FullAdder_1bit:inst|xor4:inst8|3~0                 ; combout          ;
; |ULA|data_path:inst2|ULA_32bit:inst|ULA_8bit:inst3|ULA_1bit:inst2|inst14~1                                                ; |ULA|data_path:inst2|ULA_32bit:inst|ULA_8bit:inst3|ULA_1bit:inst2|inst14~1                                           ; combout          ;
; |ULA|data_path:inst2|SHIFTER:inst2|inst1[25]~52                                                                           ; |ULA|data_path:inst2|SHIFTER:inst2|inst1[25]~52                                                                      ; combout          ;
; |ULA|data_path:inst2|ULA_32bit:inst|ULA_8bit:inst4|ULA_1bit:inst|inst14~0                                                 ; |ULA|data_path:inst2|ULA_32bit:inst|ULA_8bit:inst4|ULA_1bit:inst|inst14~0                                            ; combout          ;
; |ULA|data_path:inst2|ULA_32bit:inst|ULA_8bit:inst4|ULA_1bit:inst|FullAdder_1bit:inst|xor4:inst8|3~0                       ; |ULA|data_path:inst2|ULA_32bit:inst|ULA_8bit:inst4|ULA_1bit:inst|FullAdder_1bit:inst|xor4:inst8|3~0                  ; combout          ;
; |ULA|data_path:inst2|ULA_32bit:inst|ULA_8bit:inst4|ULA_1bit:inst|inst14~1                                                 ; |ULA|data_path:inst2|ULA_32bit:inst|ULA_8bit:inst4|ULA_1bit:inst|inst14~1                                            ; combout          ;
; |ULA|data_path:inst2|ULA_32bit:inst|ULA_8bit:inst3|ULA_1bit:inst|inst14~0                                                 ; |ULA|data_path:inst2|ULA_32bit:inst|ULA_8bit:inst3|ULA_1bit:inst|inst14~0                                            ; combout          ;
; |ULA|data_path:inst2|ULA_32bit:inst|ULA_8bit:inst3|ULA_1bit:inst|FullAdder_1bit:inst|xor4:inst8|3~0                       ; |ULA|data_path:inst2|ULA_32bit:inst|ULA_8bit:inst3|ULA_1bit:inst|FullAdder_1bit:inst|xor4:inst8|3~0                  ; combout          ;
; |ULA|data_path:inst2|ULA_32bit:inst|ULA_8bit:inst3|ULA_1bit:inst|inst14~1                                                 ; |ULA|data_path:inst2|ULA_32bit:inst|ULA_8bit:inst3|ULA_1bit:inst|inst14~1                                            ; combout          ;
; |ULA|data_path:inst2|SHIFTER:inst2|inst1[24]~53                                                                           ; |ULA|data_path:inst2|SHIFTER:inst2|inst1[24]~53                                                                      ; combout          ;
; |ULA|data_path:inst2|ULA_32bit:inst|ULA_8bit:inst|ULA_1bit:inst8|inst14~0                                                 ; |ULA|data_path:inst2|ULA_32bit:inst|ULA_8bit:inst|ULA_1bit:inst8|inst14~0                                            ; combout          ;
; |ULA|data_path:inst2|ULA_32bit:inst|ULA_8bit:inst|ULA_1bit:inst8|FullAdder_1bit:inst|xor4:inst8|3~0                       ; |ULA|data_path:inst2|ULA_32bit:inst|ULA_8bit:inst|ULA_1bit:inst8|FullAdder_1bit:inst|xor4:inst8|3~0                  ; combout          ;
; |ULA|data_path:inst2|ULA_32bit:inst|ULA_8bit:inst|ULA_1bit:inst8|inst14~1                                                 ; |ULA|data_path:inst2|ULA_32bit:inst|ULA_8bit:inst|ULA_1bit:inst8|inst14~1                                            ; combout          ;
; |ULA|data_path:inst2|SHIFTER:inst2|inst1[23]~54                                                                           ; |ULA|data_path:inst2|SHIFTER:inst2|inst1[23]~54                                                                      ; combout          ;
; |ULA|data_path:inst2|ULA_32bit:inst|ULA_8bit:inst|ULA_1bit:inst7|inst14~0                                                 ; |ULA|data_path:inst2|ULA_32bit:inst|ULA_8bit:inst|ULA_1bit:inst7|inst14~0                                            ; combout          ;
; |ULA|data_path:inst2|ULA_32bit:inst|ULA_8bit:inst|ULA_1bit:inst7|FullAdder_1bit:inst|xor4:inst8|3~0                       ; |ULA|data_path:inst2|ULA_32bit:inst|ULA_8bit:inst|ULA_1bit:inst7|FullAdder_1bit:inst|xor4:inst8|3~0                  ; combout          ;
; |ULA|data_path:inst2|ULA_32bit:inst|ULA_8bit:inst|ULA_1bit:inst7|inst14~1                                                 ; |ULA|data_path:inst2|ULA_32bit:inst|ULA_8bit:inst|ULA_1bit:inst7|inst14~1                                            ; combout          ;
; |ULA|data_path:inst2|SHIFTER:inst2|inst1[22]~55                                                                           ; |ULA|data_path:inst2|SHIFTER:inst2|inst1[22]~55                                                                      ; combout          ;
; |ULA|data_path:inst2|ULA_32bit:inst|ULA_8bit:inst|ULA_1bit:inst6|inst14~0                                                 ; |ULA|data_path:inst2|ULA_32bit:inst|ULA_8bit:inst|ULA_1bit:inst6|inst14~0                                            ; combout          ;
; |ULA|data_path:inst2|ULA_32bit:inst|ULA_8bit:inst|ULA_1bit:inst6|FullAdder_1bit:inst|xor4:inst8|3~0                       ; |ULA|data_path:inst2|ULA_32bit:inst|ULA_8bit:inst|ULA_1bit:inst6|FullAdder_1bit:inst|xor4:inst8|3~0                  ; combout          ;
; |ULA|data_path:inst2|ULA_32bit:inst|ULA_8bit:inst|ULA_1bit:inst6|inst14~1                                                 ; |ULA|data_path:inst2|ULA_32bit:inst|ULA_8bit:inst|ULA_1bit:inst6|inst14~1                                            ; combout          ;
; |ULA|data_path:inst2|SHIFTER:inst2|inst1[21]~56                                                                           ; |ULA|data_path:inst2|SHIFTER:inst2|inst1[21]~56                                                                      ; combout          ;
; |ULA|data_path:inst2|ULA_32bit:inst|ULA_8bit:inst|ULA_1bit:inst5|inst14~0                                                 ; |ULA|data_path:inst2|ULA_32bit:inst|ULA_8bit:inst|ULA_1bit:inst5|inst14~0                                            ; combout          ;
; |ULA|data_path:inst2|ULA_32bit:inst|ULA_8bit:inst|ULA_1bit:inst5|FullAdder_1bit:inst|xor4:inst8|3~0                       ; |ULA|data_path:inst2|ULA_32bit:inst|ULA_8bit:inst|ULA_1bit:inst5|FullAdder_1bit:inst|xor4:inst8|3~0                  ; combout          ;
; |ULA|data_path:inst2|ULA_32bit:inst|ULA_8bit:inst|ULA_1bit:inst5|inst14~1                                                 ; |ULA|data_path:inst2|ULA_32bit:inst|ULA_8bit:inst|ULA_1bit:inst5|inst14~1                                            ; combout          ;
; |ULA|data_path:inst2|SHIFTER:inst2|inst1[20]~57                                                                           ; |ULA|data_path:inst2|SHIFTER:inst2|inst1[20]~57                                                                      ; combout          ;
; |ULA|data_path:inst2|ULA_32bit:inst|ULA_8bit:inst|ULA_1bit:inst4|inst14~0                                                 ; |ULA|data_path:inst2|ULA_32bit:inst|ULA_8bit:inst|ULA_1bit:inst4|inst14~0                                            ; combout          ;
; |ULA|data_path:inst2|ULA_32bit:inst|ULA_8bit:inst|ULA_1bit:inst4|FullAdder_1bit:inst|xor4:inst8|3~0                       ; |ULA|data_path:inst2|ULA_32bit:inst|ULA_8bit:inst|ULA_1bit:inst4|FullAdder_1bit:inst|xor4:inst8|3~0                  ; combout          ;
; |ULA|data_path:inst2|ULA_32bit:inst|ULA_8bit:inst|ULA_1bit:inst4|inst14~1                                                 ; |ULA|data_path:inst2|ULA_32bit:inst|ULA_8bit:inst|ULA_1bit:inst4|inst14~1                                            ; combout          ;
; |ULA|data_path:inst2|SHIFTER:inst2|inst1[19]~58                                                                           ; |ULA|data_path:inst2|SHIFTER:inst2|inst1[19]~58                                                                      ; combout          ;
; |ULA|data_path:inst2|ULA_32bit:inst|ULA_8bit:inst|ULA_1bit:inst3|inst14~0                                                 ; |ULA|data_path:inst2|ULA_32bit:inst|ULA_8bit:inst|ULA_1bit:inst3|inst14~0                                            ; combout          ;
; |ULA|data_path:inst2|ULA_32bit:inst|ULA_8bit:inst|ULA_1bit:inst3|FullAdder_1bit:inst|xor4:inst8|3~0                       ; |ULA|data_path:inst2|ULA_32bit:inst|ULA_8bit:inst|ULA_1bit:inst3|FullAdder_1bit:inst|xor4:inst8|3~0                  ; combout          ;
; |ULA|data_path:inst2|ULA_32bit:inst|ULA_8bit:inst|ULA_1bit:inst3|inst14~1                                                 ; |ULA|data_path:inst2|ULA_32bit:inst|ULA_8bit:inst|ULA_1bit:inst3|inst14~1                                            ; combout          ;
; |ULA|data_path:inst2|SHIFTER:inst2|inst1[18]~59                                                                           ; |ULA|data_path:inst2|SHIFTER:inst2|inst1[18]~59                                                                      ; combout          ;
; |ULA|data_path:inst2|ULA_32bit:inst|ULA_8bit:inst|ULA_1bit:inst2|inst14~0                                                 ; |ULA|data_path:inst2|ULA_32bit:inst|ULA_8bit:inst|ULA_1bit:inst2|inst14~0                                            ; combout          ;
; |ULA|data_path:inst2|ULA_32bit:inst|ULA_8bit:inst|ULA_1bit:inst2|FullAdder_1bit:inst|xor4:inst8|3~0                       ; |ULA|data_path:inst2|ULA_32bit:inst|ULA_8bit:inst|ULA_1bit:inst2|FullAdder_1bit:inst|xor4:inst8|3~0                  ; combout          ;
; |ULA|data_path:inst2|ULA_32bit:inst|ULA_8bit:inst|ULA_1bit:inst2|inst14~1                                                 ; |ULA|data_path:inst2|ULA_32bit:inst|ULA_8bit:inst|ULA_1bit:inst2|inst14~1                                            ; combout          ;
; |ULA|data_path:inst2|SHIFTER:inst2|inst1[17]~60                                                                           ; |ULA|data_path:inst2|SHIFTER:inst2|inst1[17]~60                                                                      ; combout          ;
; |ULA|data_path:inst2|ULA_32bit:inst|ULA_8bit:inst|ULA_1bit:inst|inst14~0                                                  ; |ULA|data_path:inst2|ULA_32bit:inst|ULA_8bit:inst|ULA_1bit:inst|inst14~0                                             ; combout          ;
; |ULA|data_path:inst2|ULA_32bit:inst|ULA_8bit:inst|ULA_1bit:inst|FullAdder_1bit:inst|xor4:inst8|3~0                        ; |ULA|data_path:inst2|ULA_32bit:inst|ULA_8bit:inst|ULA_1bit:inst|FullAdder_1bit:inst|xor4:inst8|3~0                   ; combout          ;
; |ULA|data_path:inst2|ULA_32bit:inst|ULA_8bit:inst|ULA_1bit:inst|inst14~1                                                  ; |ULA|data_path:inst2|ULA_32bit:inst|ULA_8bit:inst|ULA_1bit:inst|inst14~1                                             ; combout          ;
; |ULA|data_path:inst2|SHIFTER:inst2|inst1[16]~61                                                                           ; |ULA|data_path:inst2|SHIFTER:inst2|inst1[16]~61                                                                      ; combout          ;
; |ULA|data_path:inst2|ULA_32bit:inst|ULA_8bit:inst1|ULA_1bit:inst8|inst14~0                                                ; |ULA|data_path:inst2|ULA_32bit:inst|ULA_8bit:inst1|ULA_1bit:inst8|inst14~0                                           ; combout          ;
; |ULA|data_path:inst2|ULA_32bit:inst|ULA_8bit:inst1|ULA_1bit:inst8|FullAdder_1bit:inst|xor4:inst8|3~0                      ; |ULA|data_path:inst2|ULA_32bit:inst|ULA_8bit:inst1|ULA_1bit:inst8|FullAdder_1bit:inst|xor4:inst8|3~0                 ; combout          ;
; |ULA|data_path:inst2|ULA_32bit:inst|ULA_8bit:inst1|ULA_1bit:inst8|inst14~1                                                ; |ULA|data_path:inst2|ULA_32bit:inst|ULA_8bit:inst1|ULA_1bit:inst8|inst14~1                                           ; combout          ;
; |ULA|data_path:inst2|SHIFTER:inst2|inst1[15]~62                                                                           ; |ULA|data_path:inst2|SHIFTER:inst2|inst1[15]~62                                                                      ; combout          ;
; |ULA|data_path:inst2|ULA_32bit:inst|ULA_8bit:inst1|ULA_1bit:inst7|inst14~0                                                ; |ULA|data_path:inst2|ULA_32bit:inst|ULA_8bit:inst1|ULA_1bit:inst7|inst14~0                                           ; combout          ;
; |ULA|data_path:inst2|ULA_32bit:inst|ULA_8bit:inst1|ULA_1bit:inst7|FullAdder_1bit:inst|xor4:inst8|3~0                      ; |ULA|data_path:inst2|ULA_32bit:inst|ULA_8bit:inst1|ULA_1bit:inst7|FullAdder_1bit:inst|xor4:inst8|3~0                 ; combout          ;
; |ULA|data_path:inst2|ULA_32bit:inst|ULA_8bit:inst1|ULA_1bit:inst7|inst14~1                                                ; |ULA|data_path:inst2|ULA_32bit:inst|ULA_8bit:inst1|ULA_1bit:inst7|inst14~1                                           ; combout          ;
; |ULA|data_path:inst2|SHIFTER:inst2|inst1[14]~63                                                                           ; |ULA|data_path:inst2|SHIFTER:inst2|inst1[14]~63                                                                      ; combout          ;
; |ULA|data_path:inst2|ULA_32bit:inst|ULA_8bit:inst1|ULA_1bit:inst6|inst14~0                                                ; |ULA|data_path:inst2|ULA_32bit:inst|ULA_8bit:inst1|ULA_1bit:inst6|inst14~0                                           ; combout          ;
; |ULA|data_path:inst2|ULA_32bit:inst|ULA_8bit:inst1|ULA_1bit:inst6|FullAdder_1bit:inst|xor4:inst8|3~0                      ; |ULA|data_path:inst2|ULA_32bit:inst|ULA_8bit:inst1|ULA_1bit:inst6|FullAdder_1bit:inst|xor4:inst8|3~0                 ; combout          ;
; |ULA|data_path:inst2|ULA_32bit:inst|ULA_8bit:inst1|ULA_1bit:inst6|inst14~1                                                ; |ULA|data_path:inst2|ULA_32bit:inst|ULA_8bit:inst1|ULA_1bit:inst6|inst14~1                                           ; combout          ;
; |ULA|data_path:inst2|SHIFTER:inst2|inst1[13]~64                                                                           ; |ULA|data_path:inst2|SHIFTER:inst2|inst1[13]~64                                                                      ; combout          ;
; |ULA|data_path:inst2|ULA_32bit:inst|ULA_8bit:inst1|ULA_1bit:inst5|inst14~0                                                ; |ULA|data_path:inst2|ULA_32bit:inst|ULA_8bit:inst1|ULA_1bit:inst5|inst14~0                                           ; combout          ;
; |ULA|data_path:inst2|ULA_32bit:inst|ULA_8bit:inst1|ULA_1bit:inst5|FullAdder_1bit:inst|xor4:inst8|3~0                      ; |ULA|data_path:inst2|ULA_32bit:inst|ULA_8bit:inst1|ULA_1bit:inst5|FullAdder_1bit:inst|xor4:inst8|3~0                 ; combout          ;
; |ULA|data_path:inst2|ULA_32bit:inst|ULA_8bit:inst1|ULA_1bit:inst5|inst14~1                                                ; |ULA|data_path:inst2|ULA_32bit:inst|ULA_8bit:inst1|ULA_1bit:inst5|inst14~1                                           ; combout          ;
; |ULA|data_path:inst2|SHIFTER:inst2|inst1[12]~65                                                                           ; |ULA|data_path:inst2|SHIFTER:inst2|inst1[12]~65                                                                      ; combout          ;
; |ULA|data_path:inst2|ULA_32bit:inst|ULA_8bit:inst1|ULA_1bit:inst4|inst14~0                                                ; |ULA|data_path:inst2|ULA_32bit:inst|ULA_8bit:inst1|ULA_1bit:inst4|inst14~0                                           ; combout          ;
; |ULA|data_path:inst2|ULA_32bit:inst|ULA_8bit:inst1|ULA_1bit:inst4|FullAdder_1bit:inst|xor4:inst8|3~0                      ; |ULA|data_path:inst2|ULA_32bit:inst|ULA_8bit:inst1|ULA_1bit:inst4|FullAdder_1bit:inst|xor4:inst8|3~0                 ; combout          ;
; |ULA|data_path:inst2|ULA_32bit:inst|ULA_8bit:inst1|ULA_1bit:inst4|inst14~1                                                ; |ULA|data_path:inst2|ULA_32bit:inst|ULA_8bit:inst1|ULA_1bit:inst4|inst14~1                                           ; combout          ;
; |ULA|data_path:inst2|SHIFTER:inst2|inst1[11]~66                                                                           ; |ULA|data_path:inst2|SHIFTER:inst2|inst1[11]~66                                                                      ; combout          ;
; |ULA|data_path:inst2|ULA_32bit:inst|ULA_8bit:inst1|ULA_1bit:inst3|inst14~0                                                ; |ULA|data_path:inst2|ULA_32bit:inst|ULA_8bit:inst1|ULA_1bit:inst3|inst14~0                                           ; combout          ;
; |ULA|data_path:inst2|ULA_32bit:inst|ULA_8bit:inst1|ULA_1bit:inst3|FullAdder_1bit:inst|xor4:inst8|3~0                      ; |ULA|data_path:inst2|ULA_32bit:inst|ULA_8bit:inst1|ULA_1bit:inst3|FullAdder_1bit:inst|xor4:inst8|3~0                 ; combout          ;
; |ULA|data_path:inst2|ULA_32bit:inst|ULA_8bit:inst1|ULA_1bit:inst3|inst14~1                                                ; |ULA|data_path:inst2|ULA_32bit:inst|ULA_8bit:inst1|ULA_1bit:inst3|inst14~1                                           ; combout          ;
; |ULA|data_path:inst2|SHIFTER:inst2|inst1[10]~67                                                                           ; |ULA|data_path:inst2|SHIFTER:inst2|inst1[10]~67                                                                      ; combout          ;
; |ULA|data_path:inst2|ULA_32bit:inst|ULA_8bit:inst1|ULA_1bit:inst2|inst14~0                                                ; |ULA|data_path:inst2|ULA_32bit:inst|ULA_8bit:inst1|ULA_1bit:inst2|inst14~0                                           ; combout          ;
; |ULA|data_path:inst2|ULA_32bit:inst|ULA_8bit:inst1|ULA_1bit:inst2|inst14~1                                                ; |ULA|data_path:inst2|ULA_32bit:inst|ULA_8bit:inst1|ULA_1bit:inst2|inst14~1                                           ; combout          ;
; |ULA|data_path:inst2|ULA_32bit:inst|ULA_8bit:inst1|ULA_1bit:inst2|inst14~2                                                ; |ULA|data_path:inst2|ULA_32bit:inst|ULA_8bit:inst1|ULA_1bit:inst2|inst14~2                                           ; combout          ;
; |ULA|data_path:inst2|SHIFTER:inst2|inst1[9]~68                                                                            ; |ULA|data_path:inst2|SHIFTER:inst2|inst1[9]~68                                                                       ; combout          ;
; |ULA|data_path:inst2|ULA_32bit:inst|ULA_8bit:inst1|ULA_1bit:inst|inst43~0                                                 ; |ULA|data_path:inst2|ULA_32bit:inst|ULA_8bit:inst1|ULA_1bit:inst|inst43~0                                            ; combout          ;
; |ULA|data_path:inst2|ULA_32bit:inst|ULA_8bit:inst1|ULA_1bit:inst|FullAdder_1bit:inst|xor4:inst8|3~0                       ; |ULA|data_path:inst2|ULA_32bit:inst|ULA_8bit:inst1|ULA_1bit:inst|FullAdder_1bit:inst|xor4:inst8|3~0                  ; combout          ;
; |ULA|data_path:inst2|ULA_32bit:inst|ULA_8bit:inst1|ULA_1bit:inst|inst14~0                                                 ; |ULA|data_path:inst2|ULA_32bit:inst|ULA_8bit:inst1|ULA_1bit:inst|inst14~0                                            ; combout          ;
; |ULA|data_path:inst2|ULA_32bit:inst|ULA_8bit:inst1|ULA_1bit:inst|inst14~1                                                 ; |ULA|data_path:inst2|ULA_32bit:inst|ULA_8bit:inst1|ULA_1bit:inst|inst14~1                                            ; combout          ;
; |ULA|data_path:inst2|SHIFTER:inst2|inst1[8]~69                                                                            ; |ULA|data_path:inst2|SHIFTER:inst2|inst1[8]~69                                                                       ; combout          ;
; |ULA|data_path:inst2|SHIFTER:inst2|inst1[7]                                                                               ; |ULA|data_path:inst2|SHIFTER:inst2|inst1[7]                                                                          ; combout          ;
; |ULA|data_path:inst2|SHIFTER:inst2|inst1[6]                                                                               ; |ULA|data_path:inst2|SHIFTER:inst2|inst1[6]                                                                          ; combout          ;
; |ULA|data_path:inst2|SHIFTER:inst2|inst1[5]                                                                               ; |ULA|data_path:inst2|SHIFTER:inst2|inst1[5]                                                                          ; combout          ;
; |ULA|data_path:inst2|SHIFTER:inst2|inst1[4]                                                                               ; |ULA|data_path:inst2|SHIFTER:inst2|inst1[4]                                                                          ; combout          ;
; |ULA|data_path:inst2|SHIFTER:inst2|inst1[3]                                                                               ; |ULA|data_path:inst2|SHIFTER:inst2|inst1[3]                                                                          ; combout          ;
; |ULA|data_path:inst2|SHIFTER:inst2|inst1[2]                                                                               ; |ULA|data_path:inst2|SHIFTER:inst2|inst1[2]                                                                          ; combout          ;
; |ULA|data_path:inst2|SHIFTER:inst2|inst1[1]                                                                               ; |ULA|data_path:inst2|SHIFTER:inst2|inst1[1]                                                                          ; combout          ;
; |ULA|data_path:inst2|SHIFTER:inst2|inst1[0]                                                                               ; |ULA|data_path:inst2|SHIFTER:inst2|inst1[0]                                                                          ; combout          ;
; |ULA|UNIDADE_CONTROLE:inst|MPC:inst2|inst1                                                                                ; |ULA|UNIDADE_CONTROLE:inst|MPC:inst2|inst1                                                                           ; regout           ;
; |ULA|UNIDADE_CONTROLE:inst|MPC:inst2|inst                                                                                 ; |ULA|UNIDADE_CONTROLE:inst|MPC:inst2|inst                                                                            ; regout           ;
; |ULA|UNIDADE_CONTROLE:inst|MPC:inst2|inst7[7]                                                                             ; |ULA|UNIDADE_CONTROLE:inst|MPC:inst2|inst7[7]                                                                        ; combout          ;
; |ULA|UNIDADE_CONTROLE:inst|MPC:inst2|inst7[6]                                                                             ; |ULA|UNIDADE_CONTROLE:inst|MPC:inst2|inst7[6]                                                                        ; combout          ;
; |ULA|UNIDADE_CONTROLE:inst|MPC:inst2|inst7[5]                                                                             ; |ULA|UNIDADE_CONTROLE:inst|MPC:inst2|inst7[5]                                                                        ; combout          ;
; |ULA|UNIDADE_CONTROLE:inst|MPC:inst2|inst7[4]                                                                             ; |ULA|UNIDADE_CONTROLE:inst|MPC:inst2|inst7[4]                                                                        ; combout          ;
; |ULA|UNIDADE_CONTROLE:inst|MPC:inst2|inst7[3]                                                                             ; |ULA|UNIDADE_CONTROLE:inst|MPC:inst2|inst7[3]                                                                        ; combout          ;
; |ULA|UNIDADE_CONTROLE:inst|MPC:inst2|inst7[2]                                                                             ; |ULA|UNIDADE_CONTROLE:inst|MPC:inst2|inst7[2]                                                                        ; combout          ;
; |ULA|UNIDADE_CONTROLE:inst|MPC:inst2|inst7[1]                                                                             ; |ULA|UNIDADE_CONTROLE:inst|MPC:inst2|inst7[1]                                                                        ; combout          ;
; |ULA|UNIDADE_CONTROLE:inst|MPC:inst2|inst7[0]                                                                             ; |ULA|UNIDADE_CONTROLE:inst|MPC:inst2|inst7[0]                                                                        ; combout          ;
; |ULA|data_path:inst2|BANK_REG:inst1|MDR:inst3|inst13                                                                      ; |ULA|data_path:inst2|BANK_REG:inst1|MDR:inst3|inst13                                                                 ; regout           ;
; |ULA|data_path:inst2|BANK_REG:inst1|MDR:inst3|REGISTER32bit:inst1|inst9[24]~0                                             ; |ULA|data_path:inst2|BANK_REG:inst1|MDR:inst3|REGISTER32bit:inst1|inst9[24]~0                                        ; combout          ;
; |ULA|data_path:inst2|BANK_REG:inst1|MDR:inst3|REGISTER32bit:inst1|inst9[26]~1                                             ; |ULA|data_path:inst2|BANK_REG:inst1|MDR:inst3|REGISTER32bit:inst1|inst9[26]~1                                        ; combout          ;
; |ULA|data_path:inst2|BANK_REG:inst1|MDR:inst3|REGISTER32bit:inst1|inst9[27]~2                                             ; |ULA|data_path:inst2|BANK_REG:inst1|MDR:inst3|REGISTER32bit:inst1|inst9[27]~2                                        ; combout          ;
; |ULA|data_path:inst2|BANK_REG:inst1|MDR:inst3|REGISTER32bit:inst1|inst9[28]~3                                             ; |ULA|data_path:inst2|BANK_REG:inst1|MDR:inst3|REGISTER32bit:inst1|inst9[28]~3                                        ; combout          ;
; |ULA|data_path:inst2|BANK_REG:inst1|MDR:inst3|REGISTER32bit:inst1|inst9[29]~4                                             ; |ULA|data_path:inst2|BANK_REG:inst1|MDR:inst3|REGISTER32bit:inst1|inst9[29]~4                                        ; combout          ;
; |ULA|data_path:inst2|BANK_REG:inst1|MDR:inst3|REGISTER32bit:inst1|inst9[30]~5                                             ; |ULA|data_path:inst2|BANK_REG:inst1|MDR:inst3|REGISTER32bit:inst1|inst9[30]~5                                        ; combout          ;
; |ULA|data_path:inst2|BANK_REG:inst1|MDR:inst3|REGISTER32bit:inst1|inst9[31]~6                                             ; |ULA|data_path:inst2|BANK_REG:inst1|MDR:inst3|REGISTER32bit:inst1|inst9[31]~6                                        ; combout          ;
; |ULA|data_path:inst2|BANK_REG:inst1|MDR:inst3|REGISTER32bit:inst1|inst9[17]~7                                             ; |ULA|data_path:inst2|BANK_REG:inst1|MDR:inst3|REGISTER32bit:inst1|inst9[17]~7                                        ; combout          ;
; |ULA|data_path:inst2|BANK_REG:inst1|MDR:inst3|REGISTER32bit:inst1|inst9[18]~8                                             ; |ULA|data_path:inst2|BANK_REG:inst1|MDR:inst3|REGISTER32bit:inst1|inst9[18]~8                                        ; combout          ;
; |ULA|data_path:inst2|BANK_REG:inst1|MDR:inst3|REGISTER32bit:inst1|inst9[19]~9                                             ; |ULA|data_path:inst2|BANK_REG:inst1|MDR:inst3|REGISTER32bit:inst1|inst9[19]~9                                        ; combout          ;
; |ULA|data_path:inst2|BANK_REG:inst1|MDR:inst3|REGISTER32bit:inst1|inst9[20]~10                                            ; |ULA|data_path:inst2|BANK_REG:inst1|MDR:inst3|REGISTER32bit:inst1|inst9[20]~10                                       ; combout          ;
; |ULA|data_path:inst2|BANK_REG:inst1|MDR:inst3|REGISTER32bit:inst1|inst9[21]~11                                            ; |ULA|data_path:inst2|BANK_REG:inst1|MDR:inst3|REGISTER32bit:inst1|inst9[21]~11                                       ; combout          ;
; |ULA|data_path:inst2|BANK_REG:inst1|MDR:inst3|REGISTER32bit:inst1|inst9[22]~12                                            ; |ULA|data_path:inst2|BANK_REG:inst1|MDR:inst3|REGISTER32bit:inst1|inst9[22]~12                                       ; combout          ;
; |ULA|data_path:inst2|BANK_REG:inst1|MDR:inst3|REGISTER32bit:inst1|inst9[23]~13                                            ; |ULA|data_path:inst2|BANK_REG:inst1|MDR:inst3|REGISTER32bit:inst1|inst9[23]~13                                       ; combout          ;
; |ULA|data_path:inst2|BANK_REG:inst1|MDR:inst3|REGISTER32bit:inst1|inst9[8]~14                                             ; |ULA|data_path:inst2|BANK_REG:inst1|MDR:inst3|REGISTER32bit:inst1|inst9[8]~14                                        ; combout          ;
; |ULA|data_path:inst2|BANK_REG:inst1|MDR:inst3|REGISTER32bit:inst1|inst9[9]~15                                             ; |ULA|data_path:inst2|BANK_REG:inst1|MDR:inst3|REGISTER32bit:inst1|inst9[9]~15                                        ; combout          ;
; |ULA|data_path:inst2|BANK_REG:inst1|MDR:inst3|REGISTER32bit:inst1|inst9[10]~16                                            ; |ULA|data_path:inst2|BANK_REG:inst1|MDR:inst3|REGISTER32bit:inst1|inst9[10]~16                                       ; combout          ;
; |ULA|data_path:inst2|BANK_REG:inst1|MDR:inst3|REGISTER32bit:inst1|inst9[11]~17                                            ; |ULA|data_path:inst2|BANK_REG:inst1|MDR:inst3|REGISTER32bit:inst1|inst9[11]~17                                       ; combout          ;
; |ULA|data_path:inst2|BANK_REG:inst1|MDR:inst3|REGISTER32bit:inst1|inst9[12]~18                                            ; |ULA|data_path:inst2|BANK_REG:inst1|MDR:inst3|REGISTER32bit:inst1|inst9[12]~18                                       ; combout          ;
; |ULA|data_path:inst2|BANK_REG:inst1|MDR:inst3|REGISTER32bit:inst1|inst9[13]~19                                            ; |ULA|data_path:inst2|BANK_REG:inst1|MDR:inst3|REGISTER32bit:inst1|inst9[13]~19                                       ; combout          ;
; |ULA|data_path:inst2|BANK_REG:inst1|MDR:inst3|REGISTER32bit:inst1|inst9[14]~20                                            ; |ULA|data_path:inst2|BANK_REG:inst1|MDR:inst3|REGISTER32bit:inst1|inst9[14]~20                                       ; combout          ;
; |ULA|data_path:inst2|BANK_REG:inst1|MDR:inst3|REGISTER32bit:inst1|inst9[15]~21                                            ; |ULA|data_path:inst2|BANK_REG:inst1|MDR:inst3|REGISTER32bit:inst1|inst9[15]~21                                       ; combout          ;
; |ULA|data_path:inst2|BANK_REG:inst1|MDR:inst3|REGISTER32bit:inst1|inst9[7]~22                                             ; |ULA|data_path:inst2|BANK_REG:inst1|MDR:inst3|REGISTER32bit:inst1|inst9[7]~22                                        ; combout          ;
; |ULA|data_path:inst2|BANK_REG:inst1|MDR:inst3|REGISTER32bit:inst1|inst9[6]~23                                             ; |ULA|data_path:inst2|BANK_REG:inst1|MDR:inst3|REGISTER32bit:inst1|inst9[6]~23                                        ; combout          ;
; |ULA|data_path:inst2|BANK_REG:inst1|MDR:inst3|REGISTER32bit:inst1|inst9[5]~24                                             ; |ULA|data_path:inst2|BANK_REG:inst1|MDR:inst3|REGISTER32bit:inst1|inst9[5]~24                                        ; combout          ;
; |ULA|data_path:inst2|BANK_REG:inst1|MDR:inst3|REGISTER32bit:inst1|inst9[4]~25                                             ; |ULA|data_path:inst2|BANK_REG:inst1|MDR:inst3|REGISTER32bit:inst1|inst9[4]~25                                        ; combout          ;
; |ULA|data_path:inst2|BANK_REG:inst1|MDR:inst3|REGISTER32bit:inst1|inst9[3]~26                                             ; |ULA|data_path:inst2|BANK_REG:inst1|MDR:inst3|REGISTER32bit:inst1|inst9[3]~26                                        ; combout          ;
; |ULA|data_path:inst2|BANK_REG:inst1|MDR:inst3|REGISTER32bit:inst1|inst9[2]~27                                             ; |ULA|data_path:inst2|BANK_REG:inst1|MDR:inst3|REGISTER32bit:inst1|inst9[2]~27                                        ; combout          ;
; |ULA|data_path:inst2|BANK_REG:inst1|MDR:inst3|REGISTER32bit:inst1|inst9[1]~28                                             ; |ULA|data_path:inst2|BANK_REG:inst1|MDR:inst3|REGISTER32bit:inst1|inst9[1]~28                                        ; combout          ;
; |ULA|data_path:inst2|BANK_REG:inst1|MDR:inst3|REGISTER32bit:inst1|inst9[0]~29                                             ; |ULA|data_path:inst2|BANK_REG:inst1|MDR:inst3|REGISTER32bit:inst1|inst9[0]~29                                        ; combout          ;
; |ULA|data_path:inst2|BANK_REG:inst1|MDR:inst3|REGISTER32bit:inst1|inst9[16]~30                                            ; |ULA|data_path:inst2|BANK_REG:inst1|MDR:inst3|REGISTER32bit:inst1|inst9[16]~30                                       ; combout          ;
; |ULA|data_path:inst2|BANK_REG:inst1|MDR:inst3|REGISTER32bit:inst1|inst9[25]~31                                            ; |ULA|data_path:inst2|BANK_REG:inst1|MDR:inst3|REGISTER32bit:inst1|inst9[25]~31                                       ; combout          ;
; |ULA|data_path:inst2|BANK_REG:inst1|PC:inst4|REGISTER32bit:inst|inst4[1]~56                                               ; |ULA|data_path:inst2|BANK_REG:inst1|PC:inst4|REGISTER32bit:inst|inst4[1]~56                                          ; combout          ;
; |ULA|data_path:inst2|SHIFTER:inst2|inst10~0                                                                               ; |ULA|data_path:inst2|SHIFTER:inst2|inst10~0                                                                          ; combout          ;
; |ULA|data_path:inst2|SHIFTER:inst2|inst10~1                                                                               ; |ULA|data_path:inst2|SHIFTER:inst2|inst10~1                                                                          ; combout          ;
; |ULA|data_path:inst2|SHIFTER:inst2|inst10~2                                                                               ; |ULA|data_path:inst2|SHIFTER:inst2|inst10~2                                                                          ; combout          ;
; |ULA|data_path:inst2|SHIFTER:inst2|inst10~3                                                                               ; |ULA|data_path:inst2|SHIFTER:inst2|inst10~3                                                                          ; combout          ;
; |ULA|data_path:inst2|SHIFTER:inst2|inst10~4                                                                               ; |ULA|data_path:inst2|SHIFTER:inst2|inst10~4                                                                          ; combout          ;
; |ULA|data_path:inst2|SHIFTER:inst2|inst10~5                                                                               ; |ULA|data_path:inst2|SHIFTER:inst2|inst10~5                                                                          ; combout          ;
; |ULA|data_path:inst2|SHIFTER:inst2|inst10~6                                                                               ; |ULA|data_path:inst2|SHIFTER:inst2|inst10~6                                                                          ; combout          ;
; |ULA|data_path:inst2|SHIFTER:inst2|inst10~7                                                                               ; |ULA|data_path:inst2|SHIFTER:inst2|inst10~7                                                                          ; combout          ;
; |ULA|data_path:inst2|SHIFTER:inst2|inst10~8                                                                               ; |ULA|data_path:inst2|SHIFTER:inst2|inst10~8                                                                          ; combout          ;
; |ULA|data_path:inst2|SHIFTER:inst2|inst10~9                                                                               ; |ULA|data_path:inst2|SHIFTER:inst2|inst10~9                                                                          ; combout          ;
; |ULA|data_path:inst2|SHIFTER:inst2|inst10                                                                                 ; |ULA|data_path:inst2|SHIFTER:inst2|inst10                                                                            ; combout          ;
; |ULA|data_path:inst2|BANK_REG:inst1|H:inst10|REGISTER32bit:inst|inst12                                                    ; |ULA|data_path:inst2|BANK_REG:inst1|H:inst10|REGISTER32bit:inst|inst12                                               ; combout          ;
; |ULA|data_path:inst2|BANK_REG:inst1|MBR:inst5|inst14                                                                      ; |ULA|data_path:inst2|BANK_REG:inst1|MBR:inst5|inst14                                                                 ; regout           ;
; |ULA|data_path:inst2|BANK_REG:inst1|MBR:inst5|REGISTER32bit:inst|inst12                                                   ; |ULA|data_path:inst2|BANK_REG:inst1|MBR:inst5|REGISTER32bit:inst|inst12                                              ; combout          ;
; |ULA|data_path:inst2|BANK_REG:inst1|PC:inst4|REGISTER32bit:inst|inst12                                                    ; |ULA|data_path:inst2|BANK_REG:inst1|PC:inst4|REGISTER32bit:inst|inst12                                               ; combout          ;
; |ULA|data_path:inst2|BANK_REG:inst1|SP:inst1|REGISTER32bit:inst|inst12                                                    ; |ULA|data_path:inst2|BANK_REG:inst1|SP:inst1|REGISTER32bit:inst|inst12                                               ; combout          ;
; |ULA|data_path:inst2|BANK_REG:inst1|TOS:inst7|REGISTER32bit:inst|inst12                                                   ; |ULA|data_path:inst2|BANK_REG:inst1|TOS:inst7|REGISTER32bit:inst|inst12                                              ; combout          ;
; |ULA|data_path:inst2|BANK_REG:inst1|MDR:inst3|REGISTER32bit:inst1|inst12                                                  ; |ULA|data_path:inst2|BANK_REG:inst1|MDR:inst3|REGISTER32bit:inst1|inst12                                             ; combout          ;
; |ULA|data_path:inst2|BANK_REG:inst1|MAR:inst|REGISTER32bit:inst|inst12                                                    ; |ULA|data_path:inst2|BANK_REG:inst1|MAR:inst|REGISTER32bit:inst|inst12                                               ; combout          ;
; |ULA|data_path:inst2|SHIFTER:inst2|inst1[29]                                                                              ; |ULA|data_path:inst2|SHIFTER:inst2|inst1[29]                                                                         ; combout          ;
; |ULA|data_path:inst2|SHIFTER:inst2|inst1[28]                                                                              ; |ULA|data_path:inst2|SHIFTER:inst2|inst1[28]                                                                         ; combout          ;
; |ULA|data_path:inst2|SHIFTER:inst2|inst1[27]                                                                              ; |ULA|data_path:inst2|SHIFTER:inst2|inst1[27]                                                                         ; combout          ;
; |ULA|data_path:inst2|SHIFTER:inst2|inst1[26]                                                                              ; |ULA|data_path:inst2|SHIFTER:inst2|inst1[26]                                                                         ; combout          ;
; |ULA|data_path:inst2|SHIFTER:inst2|inst1[25]                                                                              ; |ULA|data_path:inst2|SHIFTER:inst2|inst1[25]                                                                         ; combout          ;
; |ULA|data_path:inst2|SHIFTER:inst2|inst1[24]                                                                              ; |ULA|data_path:inst2|SHIFTER:inst2|inst1[24]                                                                         ; combout          ;
; |ULA|data_path:inst2|SHIFTER:inst2|inst1[23]                                                                              ; |ULA|data_path:inst2|SHIFTER:inst2|inst1[23]                                                                         ; combout          ;
; |ULA|data_path:inst2|SHIFTER:inst2|inst1[22]                                                                              ; |ULA|data_path:inst2|SHIFTER:inst2|inst1[22]                                                                         ; combout          ;
; |ULA|data_path:inst2|SHIFTER:inst2|inst1[21]                                                                              ; |ULA|data_path:inst2|SHIFTER:inst2|inst1[21]                                                                         ; combout          ;
; |ULA|data_path:inst2|SHIFTER:inst2|inst1[20]                                                                              ; |ULA|data_path:inst2|SHIFTER:inst2|inst1[20]                                                                         ; combout          ;
; |ULA|data_path:inst2|SHIFTER:inst2|inst1[19]                                                                              ; |ULA|data_path:inst2|SHIFTER:inst2|inst1[19]                                                                         ; combout          ;
; |ULA|data_path:inst2|SHIFTER:inst2|inst1[18]                                                                              ; |ULA|data_path:inst2|SHIFTER:inst2|inst1[18]                                                                         ; combout          ;
; |ULA|data_path:inst2|SHIFTER:inst2|inst1[17]                                                                              ; |ULA|data_path:inst2|SHIFTER:inst2|inst1[17]                                                                         ; combout          ;
; |ULA|data_path:inst2|SHIFTER:inst2|inst1[16]                                                                              ; |ULA|data_path:inst2|SHIFTER:inst2|inst1[16]                                                                         ; combout          ;
; |ULA|data_path:inst2|SHIFTER:inst2|inst1[15]                                                                              ; |ULA|data_path:inst2|SHIFTER:inst2|inst1[15]                                                                         ; combout          ;
; |ULA|data_path:inst2|SHIFTER:inst2|inst1[14]                                                                              ; |ULA|data_path:inst2|SHIFTER:inst2|inst1[14]                                                                         ; combout          ;
; |ULA|data_path:inst2|SHIFTER:inst2|inst1[13]                                                                              ; |ULA|data_path:inst2|SHIFTER:inst2|inst1[13]                                                                         ; combout          ;
; |ULA|data_path:inst2|SHIFTER:inst2|inst1[12]                                                                              ; |ULA|data_path:inst2|SHIFTER:inst2|inst1[12]                                                                         ; combout          ;
; |ULA|data_path:inst2|SHIFTER:inst2|inst1[11]                                                                              ; |ULA|data_path:inst2|SHIFTER:inst2|inst1[11]                                                                         ; combout          ;
; |ULA|data_path:inst2|SHIFTER:inst2|inst1[10]                                                                              ; |ULA|data_path:inst2|SHIFTER:inst2|inst1[10]                                                                         ; combout          ;
; |ULA|data_path:inst2|SHIFTER:inst2|inst1[9]                                                                               ; |ULA|data_path:inst2|SHIFTER:inst2|inst1[9]                                                                          ; combout          ;
; |ULA|data_path:inst2|SHIFTER:inst2|inst1[8]                                                                               ; |ULA|data_path:inst2|SHIFTER:inst2|inst1[8]                                                                          ; combout          ;
; |ULA|data_path:inst2|BANK_REG:inst1|PC:inst4|REGISTER32bit:inst|inst4[0]~57                                               ; |ULA|data_path:inst2|BANK_REG:inst1|PC:inst4|REGISTER32bit:inst|inst4[0]~57                                          ; combout          ;
; |ULA|data_path:inst2|BANK_REG:inst1|SP:inst1|REGISTER32bit:inst|REGISTER4bit:inst15|inst20~0                              ; |ULA|data_path:inst2|BANK_REG:inst1|SP:inst1|REGISTER32bit:inst|REGISTER4bit:inst15|inst20~0                         ; combout          ;
; |ULA|data_path:inst2|BANK_REG:inst1|LV:inst2|REGISTER32bit:inst|REGISTER4bit:inst15|inst20~0                              ; |ULA|data_path:inst2|BANK_REG:inst1|LV:inst2|REGISTER32bit:inst|REGISTER4bit:inst15|inst20~0                         ; combout          ;
; |ULA|data_path:inst2|BANK_REG:inst1|SP:inst1|REGISTER32bit:inst|REGISTER4bit:inst15|inst~0                                ; |ULA|data_path:inst2|BANK_REG:inst1|SP:inst1|REGISTER32bit:inst|REGISTER4bit:inst15|inst~0                           ; combout          ;
; |ULA|data_path:inst2|BANK_REG:inst1|LV:inst2|REGISTER32bit:inst|REGISTER4bit:inst15|inst~0                                ; |ULA|data_path:inst2|BANK_REG:inst1|LV:inst2|REGISTER32bit:inst|REGISTER4bit:inst15|inst~0                           ; combout          ;
; |ULA|data_path:inst2|BANK_REG:inst1|CPP:inst6|REGISTER32bit:inst|REGISTER4bit:inst1|inst~0                                ; |ULA|data_path:inst2|BANK_REG:inst1|CPP:inst6|REGISTER32bit:inst|REGISTER4bit:inst1|inst~0                           ; combout          ;
; |ULA|data_path:inst2|BANK_REG:inst1|MBR:inst5|REGISTER32bit:inst3|inst12                                                  ; |ULA|data_path:inst2|BANK_REG:inst1|MBR:inst5|REGISTER32bit:inst3|inst12                                             ; combout          ;
; |ULA|B_BUS[31]                                                                                                            ; |ULA|B_BUS[31]                                                                                                       ; padio            ;
; |ULA|B_BUS[30]                                                                                                            ; |ULA|B_BUS[30]                                                                                                       ; padio            ;
; |ULA|B_BUS[29]                                                                                                            ; |ULA|B_BUS[29]                                                                                                       ; padio            ;
; |ULA|B_BUS[28]                                                                                                            ; |ULA|B_BUS[28]                                                                                                       ; padio            ;
; |ULA|B_BUS[27]                                                                                                            ; |ULA|B_BUS[27]                                                                                                       ; padio            ;
; |ULA|B_BUS[26]                                                                                                            ; |ULA|B_BUS[26]                                                                                                       ; padio            ;
; |ULA|B_BUS[25]                                                                                                            ; |ULA|B_BUS[25]                                                                                                       ; padio            ;
; |ULA|B_BUS[24]                                                                                                            ; |ULA|B_BUS[24]                                                                                                       ; padio            ;
; |ULA|B_BUS[23]                                                                                                            ; |ULA|B_BUS[23]                                                                                                       ; padio            ;
; |ULA|B_BUS[22]                                                                                                            ; |ULA|B_BUS[22]                                                                                                       ; padio            ;
; |ULA|B_BUS[21]                                                                                                            ; |ULA|B_BUS[21]                                                                                                       ; padio            ;
; |ULA|B_BUS[20]                                                                                                            ; |ULA|B_BUS[20]                                                                                                       ; padio            ;
; |ULA|B_BUS[19]                                                                                                            ; |ULA|B_BUS[19]                                                                                                       ; padio            ;
; |ULA|B_BUS[18]                                                                                                            ; |ULA|B_BUS[18]                                                                                                       ; padio            ;
; |ULA|B_BUS[17]                                                                                                            ; |ULA|B_BUS[17]                                                                                                       ; padio            ;
; |ULA|B_BUS[16]                                                                                                            ; |ULA|B_BUS[16]                                                                                                       ; padio            ;
; |ULA|B_BUS[15]                                                                                                            ; |ULA|B_BUS[15]                                                                                                       ; padio            ;
; |ULA|B_BUS[14]                                                                                                            ; |ULA|B_BUS[14]                                                                                                       ; padio            ;
; |ULA|B_BUS[13]                                                                                                            ; |ULA|B_BUS[13]                                                                                                       ; padio            ;
; |ULA|B_BUS[12]                                                                                                            ; |ULA|B_BUS[12]                                                                                                       ; padio            ;
; |ULA|B_BUS[11]                                                                                                            ; |ULA|B_BUS[11]                                                                                                       ; padio            ;
; |ULA|B_BUS[10]                                                                                                            ; |ULA|B_BUS[10]                                                                                                       ; padio            ;
; |ULA|B_BUS[9]                                                                                                             ; |ULA|B_BUS[9]                                                                                                        ; padio            ;
; |ULA|B_BUS[8]                                                                                                             ; |ULA|B_BUS[8]                                                                                                        ; padio            ;
; |ULA|B_BUS[7]                                                                                                             ; |ULA|B_BUS[7]                                                                                                        ; padio            ;
; |ULA|B_BUS[6]                                                                                                             ; |ULA|B_BUS[6]                                                                                                        ; padio            ;
; |ULA|B_BUS[5]                                                                                                             ; |ULA|B_BUS[5]                                                                                                        ; padio            ;
; |ULA|B_BUS[4]                                                                                                             ; |ULA|B_BUS[4]                                                                                                        ; padio            ;
; |ULA|B_BUS[3]                                                                                                             ; |ULA|B_BUS[3]                                                                                                        ; padio            ;
; |ULA|B_BUS[2]                                                                                                             ; |ULA|B_BUS[2]                                                                                                        ; padio            ;
; |ULA|B_BUS[1]                                                                                                             ; |ULA|B_BUS[1]                                                                                                        ; padio            ;
; |ULA|B_BUS[0]                                                                                                             ; |ULA|B_BUS[0]                                                                                                        ; padio            ;
; |ULA|DATA_MEM_write_enable                                                                                                ; |ULA|DATA_MEM_write_enable                                                                                           ; padio            ;
; |ULA|A_BUS[31]                                                                                                            ; |ULA|A_BUS[31]                                                                                                       ; padio            ;
; |ULA|A_BUS[30]                                                                                                            ; |ULA|A_BUS[30]                                                                                                       ; padio            ;
; |ULA|A_BUS[29]                                                                                                            ; |ULA|A_BUS[29]                                                                                                       ; padio            ;
; |ULA|A_BUS[28]                                                                                                            ; |ULA|A_BUS[28]                                                                                                       ; padio            ;
; |ULA|A_BUS[27]                                                                                                            ; |ULA|A_BUS[27]                                                                                                       ; padio            ;
; |ULA|A_BUS[26]                                                                                                            ; |ULA|A_BUS[26]                                                                                                       ; padio            ;
; |ULA|A_BUS[25]                                                                                                            ; |ULA|A_BUS[25]                                                                                                       ; padio            ;
; |ULA|A_BUS[24]                                                                                                            ; |ULA|A_BUS[24]                                                                                                       ; padio            ;
; |ULA|A_BUS[23]                                                                                                            ; |ULA|A_BUS[23]                                                                                                       ; padio            ;
; |ULA|A_BUS[22]                                                                                                            ; |ULA|A_BUS[22]                                                                                                       ; padio            ;
; |ULA|A_BUS[21]                                                                                                            ; |ULA|A_BUS[21]                                                                                                       ; padio            ;
; |ULA|A_BUS[20]                                                                                                            ; |ULA|A_BUS[20]                                                                                                       ; padio            ;
; |ULA|A_BUS[19]                                                                                                            ; |ULA|A_BUS[19]                                                                                                       ; padio            ;
; |ULA|A_BUS[18]                                                                                                            ; |ULA|A_BUS[18]                                                                                                       ; padio            ;
; |ULA|A_BUS[17]                                                                                                            ; |ULA|A_BUS[17]                                                                                                       ; padio            ;
; |ULA|A_BUS[16]                                                                                                            ; |ULA|A_BUS[16]                                                                                                       ; padio            ;
; |ULA|A_BUS[15]                                                                                                            ; |ULA|A_BUS[15]                                                                                                       ; padio            ;
; |ULA|A_BUS[14]                                                                                                            ; |ULA|A_BUS[14]                                                                                                       ; padio            ;
; |ULA|A_BUS[13]                                                                                                            ; |ULA|A_BUS[13]                                                                                                       ; padio            ;
; |ULA|A_BUS[12]                                                                                                            ; |ULA|A_BUS[12]                                                                                                       ; padio            ;
; |ULA|A_BUS[11]                                                                                                            ; |ULA|A_BUS[11]                                                                                                       ; padio            ;
; |ULA|A_BUS[10]                                                                                                            ; |ULA|A_BUS[10]                                                                                                       ; padio            ;
; |ULA|A_BUS[9]                                                                                                             ; |ULA|A_BUS[9]                                                                                                        ; padio            ;
; |ULA|A_BUS[8]                                                                                                             ; |ULA|A_BUS[8]                                                                                                        ; padio            ;
; |ULA|A_BUS[7]                                                                                                             ; |ULA|A_BUS[7]                                                                                                        ; padio            ;
; |ULA|A_BUS[6]                                                                                                             ; |ULA|A_BUS[6]                                                                                                        ; padio            ;
; |ULA|A_BUS[5]                                                                                                             ; |ULA|A_BUS[5]                                                                                                        ; padio            ;
; |ULA|A_BUS[4]                                                                                                             ; |ULA|A_BUS[4]                                                                                                        ; padio            ;
; |ULA|A_BUS[3]                                                                                                             ; |ULA|A_BUS[3]                                                                                                        ; padio            ;
; |ULA|A_BUS[2]                                                                                                             ; |ULA|A_BUS[2]                                                                                                        ; padio            ;
; |ULA|A_BUS[1]                                                                                                             ; |ULA|A_BUS[1]                                                                                                        ; padio            ;
; |ULA|A_BUS[0]                                                                                                             ; |ULA|A_BUS[0]                                                                                                        ; padio            ;
; |ULA|MBR_OUT[7]                                                                                                           ; |ULA|MBR_OUT[7]                                                                                                      ; padio            ;
; |ULA|MBR_OUT[6]                                                                                                           ; |ULA|MBR_OUT[6]                                                                                                      ; padio            ;
; |ULA|MBR_OUT[5]                                                                                                           ; |ULA|MBR_OUT[5]                                                                                                      ; padio            ;
; |ULA|MBR_OUT[4]                                                                                                           ; |ULA|MBR_OUT[4]                                                                                                      ; padio            ;
; |ULA|MBR_OUT[2]                                                                                                           ; |ULA|MBR_OUT[2]                                                                                                      ; padio            ;
; |ULA|MBR_OUT[1]                                                                                                           ; |ULA|MBR_OUT[1]                                                                                                      ; padio            ;
; |ULA|MBR_OUT[0]                                                                                                           ; |ULA|MBR_OUT[0]                                                                                                      ; padio            ;
; |ULA|MIR[32]                                                                                                              ; |ULA|MIR[32]                                                                                                         ; padio            ;
; |ULA|MIR[30]                                                                                                              ; |ULA|MIR[30]                                                                                                         ; padio            ;
; |ULA|MIR[29]                                                                                                              ; |ULA|MIR[29]                                                                                                         ; padio            ;
; |ULA|MIR[28]                                                                                                              ; |ULA|MIR[28]                                                                                                         ; padio            ;
; |ULA|MIR[27]                                                                                                              ; |ULA|MIR[27]                                                                                                         ; padio            ;
; |ULA|MIR[26]                                                                                                              ; |ULA|MIR[26]                                                                                                         ; padio            ;
; |ULA|MIR[21]                                                                                                              ; |ULA|MIR[21]                                                                                                         ; padio            ;
; |ULA|MIR[20]                                                                                                              ; |ULA|MIR[20]                                                                                                         ; padio            ;
; |ULA|MIR[19]                                                                                                              ; |ULA|MIR[19]                                                                                                         ; padio            ;
; |ULA|MIR[18]                                                                                                              ; |ULA|MIR[18]                                                                                                         ; padio            ;
; |ULA|MIR[17]                                                                                                              ; |ULA|MIR[17]                                                                                                         ; padio            ;
; |ULA|MIR[16]                                                                                                              ; |ULA|MIR[16]                                                                                                         ; padio            ;
; |ULA|MIR[15]                                                                                                              ; |ULA|MIR[15]                                                                                                         ; padio            ;
; |ULA|MIR[13]                                                                                                              ; |ULA|MIR[13]                                                                                                         ; padio            ;
; |ULA|MIR[10]                                                                                                              ; |ULA|MIR[10]                                                                                                         ; padio            ;
; |ULA|MIR[9]                                                                                                               ; |ULA|MIR[9]                                                                                                          ; padio            ;
; |ULA|MIR[8]                                                                                                               ; |ULA|MIR[8]                                                                                                          ; padio            ;
; |ULA|MIR[7]                                                                                                               ; |ULA|MIR[7]                                                                                                          ; padio            ;
; |ULA|MIR[6]                                                                                                               ; |ULA|MIR[6]                                                                                                          ; padio            ;
; |ULA|MIR[5]                                                                                                               ; |ULA|MIR[5]                                                                                                          ; padio            ;
; |ULA|MIR[4]                                                                                                               ; |ULA|MIR[4]                                                                                                          ; padio            ;
; |ULA|MIR[2]                                                                                                               ; |ULA|MIR[2]                                                                                                          ; padio            ;
; |ULA|MIR[1]                                                                                                               ; |ULA|MIR[1]                                                                                                          ; padio            ;
; |ULA|MIR[0]                                                                                                               ; |ULA|MIR[0]                                                                                                          ; padio            ;
; |ULA|MPC[7]                                                                                                               ; |ULA|MPC[7]                                                                                                          ; padio            ;
; |ULA|MPC[6]                                                                                                               ; |ULA|MPC[6]                                                                                                          ; padio            ;
; |ULA|MPC[5]                                                                                                               ; |ULA|MPC[5]                                                                                                          ; padio            ;
; |ULA|MPC[4]                                                                                                               ; |ULA|MPC[4]                                                                                                          ; padio            ;
; |ULA|MPC[3]                                                                                                               ; |ULA|MPC[3]                                                                                                          ; padio            ;
; |ULA|MPC[2]                                                                                                               ; |ULA|MPC[2]                                                                                                          ; padio            ;
; |ULA|MPC[1]                                                                                                               ; |ULA|MPC[1]                                                                                                          ; padio            ;
; |ULA|MPC[0]                                                                                                               ; |ULA|MPC[0]                                                                                                          ; padio            ;
; |ULA|PC[1]                                                                                                                ; |ULA|PC[1]                                                                                                           ; padio            ;
; |ULA|PC[0]                                                                                                                ; |ULA|PC[0]                                                                                                           ; padio            ;
; |ULA|CLOCK                                                                                                                ; |ULA|CLOCK~corein                                                                                                    ; combout          ;
; |ULA|PROG_MEM_IN[7]                                                                                                       ; |ULA|PROG_MEM_IN[7]~corein                                                                                           ; combout          ;
; |ULA|PROG_MEM_IN[6]                                                                                                       ; |ULA|PROG_MEM_IN[6]~corein                                                                                           ; combout          ;
; |ULA|PROG_MEM_IN[5]                                                                                                       ; |ULA|PROG_MEM_IN[5]~corein                                                                                           ; combout          ;
; |ULA|PROG_MEM_IN[1]                                                                                                       ; |ULA|PROG_MEM_IN[1]~corein                                                                                           ; combout          ;
; |ULA|PROG_MEM_IN[0]                                                                                                       ; |ULA|PROG_MEM_IN[0]~corein                                                                                           ; combout          ;
; |ULA|CLOCK~clkctrl                                                                                                        ; |ULA|CLOCK~clkctrl                                                                                                   ; outclk           ;
; |ULA|data_path:inst2|BANK_REG:inst1|H:inst10|REGISTER32bit:inst|inst12~clkctrl                                            ; |ULA|data_path:inst2|BANK_REG:inst1|H:inst10|REGISTER32bit:inst|inst12~clkctrl                                       ; outclk           ;
; |ULA|data_path:inst2|BANK_REG:inst1|MAR:inst|REGISTER32bit:inst|inst12~clkctrl                                            ; |ULA|data_path:inst2|BANK_REG:inst1|MAR:inst|REGISTER32bit:inst|inst12~clkctrl                                       ; outclk           ;
; |ULA|data_path:inst2|BANK_REG:inst1|SP:inst1|REGISTER32bit:inst|inst12~clkctrl                                            ; |ULA|data_path:inst2|BANK_REG:inst1|SP:inst1|REGISTER32bit:inst|inst12~clkctrl                                       ; outclk           ;
; |ULA|data_path:inst2|BANK_REG:inst1|MBR:inst5|REGISTER32bit:inst3|inst12~clkctrl                                          ; |ULA|data_path:inst2|BANK_REG:inst1|MBR:inst5|REGISTER32bit:inst3|inst12~clkctrl                                     ; outclk           ;
; |ULA|data_path:inst2|BANK_REG:inst1|PC:inst4|REGISTER32bit:inst|inst12~clkctrl                                            ; |ULA|data_path:inst2|BANK_REG:inst1|PC:inst4|REGISTER32bit:inst|inst12~clkctrl                                       ; outclk           ;
; |ULA|data_path:inst2|BANK_REG:inst1|MDR:inst3|REGISTER32bit:inst1|inst12~clkctrl                                          ; |ULA|data_path:inst2|BANK_REG:inst1|MDR:inst3|REGISTER32bit:inst1|inst12~clkctrl                                     ; outclk           ;
; |ULA|data_path:inst2|BANK_REG:inst1|MBR:inst5|REGISTER32bit:inst|inst12~clkctrl                                           ; |ULA|data_path:inst2|BANK_REG:inst1|MBR:inst5|REGISTER32bit:inst|inst12~clkctrl                                      ; outclk           ;
; |ULA|data_path:inst2|BANK_REG:inst1|TOS:inst7|REGISTER32bit:inst|inst12~clkctrl                                           ; |ULA|data_path:inst2|BANK_REG:inst1|TOS:inst7|REGISTER32bit:inst|inst12~clkctrl                                      ; outclk           ;
; |ULA|data_path:inst2|BANK_REG:inst1|MDR:inst3|inst13~feeder                                                               ; |ULA|data_path:inst2|BANK_REG:inst1|MDR:inst3|inst13~feeder                                                          ; combout          ;
; |ULA|data_path:inst2|BANK_REG:inst1|MBR:inst5|inst14~feeder                                                               ; |ULA|data_path:inst2|BANK_REG:inst1|MBR:inst5|inst14~feeder                                                          ; combout          ;
; |ULA|data_path:inst2|BANK_REG:inst1|TOS:inst7|REGISTER32bit:inst|REGISTER4bit:inst16|inst~feeder                          ; |ULA|data_path:inst2|BANK_REG:inst1|TOS:inst7|REGISTER32bit:inst|REGISTER4bit:inst16|inst~feeder                     ; combout          ;
; |ULA|data_path:inst2|BANK_REG:inst1|PC:inst4|REGISTER32bit:inst|REGISTER4bit:inst16|inst~feeder                           ; |ULA|data_path:inst2|BANK_REG:inst1|PC:inst4|REGISTER32bit:inst|REGISTER4bit:inst16|inst~feeder                      ; combout          ;
; |ULA|data_path:inst2|BANK_REG:inst1|LV:inst2|REGISTER32bit:inst|REGISTER4bit:inst16|inst~feeder                           ; |ULA|data_path:inst2|BANK_REG:inst1|LV:inst2|REGISTER32bit:inst|REGISTER4bit:inst16|inst~feeder                      ; combout          ;
; |ULA|data_path:inst2|BANK_REG:inst1|MAR:inst|REGISTER32bit:inst|REGISTER4bit:inst16|inst~feeder                           ; |ULA|data_path:inst2|BANK_REG:inst1|MAR:inst|REGISTER32bit:inst|REGISTER4bit:inst16|inst~feeder                      ; combout          ;
; |ULA|data_path:inst2|BANK_REG:inst1|PC:inst4|REGISTER32bit:inst|REGISTER4bit:inst16|inst5~feeder                          ; |ULA|data_path:inst2|BANK_REG:inst1|PC:inst4|REGISTER32bit:inst|REGISTER4bit:inst16|inst5~feeder                     ; combout          ;
; |ULA|data_path:inst2|BANK_REG:inst1|MAR:inst|REGISTER32bit:inst|REGISTER4bit:inst16|inst5~feeder                          ; |ULA|data_path:inst2|BANK_REG:inst1|MAR:inst|REGISTER32bit:inst|REGISTER4bit:inst16|inst5~feeder                     ; combout          ;
; |ULA|data_path:inst2|BANK_REG:inst1|PC:inst4|REGISTER32bit:inst|REGISTER4bit:inst1|inst~feeder                            ; |ULA|data_path:inst2|BANK_REG:inst1|PC:inst4|REGISTER32bit:inst|REGISTER4bit:inst1|inst~feeder                       ; combout          ;
; |ULA|data_path:inst2|BANK_REG:inst1|OPC:inst8|REGISTER32bit:inst|REGISTER4bit:inst1|inst~feeder                           ; |ULA|data_path:inst2|BANK_REG:inst1|OPC:inst8|REGISTER32bit:inst|REGISTER4bit:inst1|inst~feeder                      ; combout          ;
; |ULA|data_path:inst2|BANK_REG:inst1|PC:inst4|REGISTER32bit:inst|REGISTER4bit:inst1|inst5~feeder                           ; |ULA|data_path:inst2|BANK_REG:inst1|PC:inst4|REGISTER32bit:inst|REGISTER4bit:inst1|inst5~feeder                      ; combout          ;
; |ULA|data_path:inst2|BANK_REG:inst1|TOS:inst7|REGISTER32bit:inst|REGISTER4bit:inst1|inst5~feeder                          ; |ULA|data_path:inst2|BANK_REG:inst1|TOS:inst7|REGISTER32bit:inst|REGISTER4bit:inst1|inst5~feeder                     ; combout          ;
; |ULA|data_path:inst2|BANK_REG:inst1|OPC:inst8|REGISTER32bit:inst|REGISTER4bit:inst1|inst5~feeder                          ; |ULA|data_path:inst2|BANK_REG:inst1|OPC:inst8|REGISTER32bit:inst|REGISTER4bit:inst1|inst5~feeder                     ; combout          ;
; |ULA|data_path:inst2|BANK_REG:inst1|MAR:inst|REGISTER32bit:inst|REGISTER4bit:inst1|inst5~feeder                           ; |ULA|data_path:inst2|BANK_REG:inst1|MAR:inst|REGISTER32bit:inst|REGISTER4bit:inst1|inst5~feeder                      ; combout          ;
; |ULA|data_path:inst2|BANK_REG:inst1|H:inst10|REGISTER32bit:inst|REGISTER4bit:inst1|inst16~feeder                          ; |ULA|data_path:inst2|BANK_REG:inst1|H:inst10|REGISTER32bit:inst|REGISTER4bit:inst1|inst16~feeder                     ; combout          ;
; |ULA|data_path:inst2|BANK_REG:inst1|MAR:inst|REGISTER32bit:inst|REGISTER4bit:inst1|inst16~feeder                          ; |ULA|data_path:inst2|BANK_REG:inst1|MAR:inst|REGISTER32bit:inst|REGISTER4bit:inst1|inst16~feeder                     ; combout          ;
; |ULA|data_path:inst2|BANK_REG:inst1|PC:inst4|REGISTER32bit:inst|REGISTER4bit:inst1|inst20~feeder                          ; |ULA|data_path:inst2|BANK_REG:inst1|PC:inst4|REGISTER32bit:inst|REGISTER4bit:inst1|inst20~feeder                     ; combout          ;
; |ULA|data_path:inst2|BANK_REG:inst1|MAR:inst|REGISTER32bit:inst|REGISTER4bit:inst1|inst20~feeder                          ; |ULA|data_path:inst2|BANK_REG:inst1|MAR:inst|REGISTER32bit:inst|REGISTER4bit:inst1|inst20~feeder                     ; combout          ;
; |ULA|data_path:inst2|BANK_REG:inst1|H:inst10|REGISTER32bit:inst|REGISTER4bit:inst|inst20~feeder                           ; |ULA|data_path:inst2|BANK_REG:inst1|H:inst10|REGISTER32bit:inst|REGISTER4bit:inst|inst20~feeder                      ; combout          ;
; |ULA|data_path:inst2|BANK_REG:inst1|MAR:inst|REGISTER32bit:inst|REGISTER4bit:inst|inst20~feeder                           ; |ULA|data_path:inst2|BANK_REG:inst1|MAR:inst|REGISTER32bit:inst|REGISTER4bit:inst|inst20~feeder                      ; combout          ;
; |ULA|data_path:inst2|BANK_REG:inst1|PC:inst4|REGISTER32bit:inst|REGISTER4bit:inst|inst20~feeder                           ; |ULA|data_path:inst2|BANK_REG:inst1|PC:inst4|REGISTER32bit:inst|REGISTER4bit:inst|inst20~feeder                      ; combout          ;
; |ULA|data_path:inst2|BANK_REG:inst1|H:inst10|REGISTER32bit:inst|REGISTER4bit:inst|inst16~feeder                           ; |ULA|data_path:inst2|BANK_REG:inst1|H:inst10|REGISTER32bit:inst|REGISTER4bit:inst|inst16~feeder                      ; combout          ;
; |ULA|data_path:inst2|BANK_REG:inst1|MAR:inst|REGISTER32bit:inst|REGISTER4bit:inst|inst16~feeder                           ; |ULA|data_path:inst2|BANK_REG:inst1|MAR:inst|REGISTER32bit:inst|REGISTER4bit:inst|inst16~feeder                      ; combout          ;
; |ULA|data_path:inst2|BANK_REG:inst1|TOS:inst7|REGISTER32bit:inst|REGISTER4bit:inst|inst5~feeder                           ; |ULA|data_path:inst2|BANK_REG:inst1|TOS:inst7|REGISTER32bit:inst|REGISTER4bit:inst|inst5~feeder                      ; combout          ;
; |ULA|data_path:inst2|BANK_REG:inst1|MAR:inst|REGISTER32bit:inst|REGISTER4bit:inst|inst5~feeder                            ; |ULA|data_path:inst2|BANK_REG:inst1|MAR:inst|REGISTER32bit:inst|REGISTER4bit:inst|inst5~feeder                       ; combout          ;
; |ULA|data_path:inst2|BANK_REG:inst1|H:inst10|REGISTER32bit:inst|REGISTER4bit:inst|inst5~feeder                            ; |ULA|data_path:inst2|BANK_REG:inst1|H:inst10|REGISTER32bit:inst|REGISTER4bit:inst|inst5~feeder                       ; combout          ;
; |ULA|data_path:inst2|BANK_REG:inst1|PC:inst4|REGISTER32bit:inst|REGISTER4bit:inst|inst5~feeder                            ; |ULA|data_path:inst2|BANK_REG:inst1|PC:inst4|REGISTER32bit:inst|REGISTER4bit:inst|inst5~feeder                       ; combout          ;
; |ULA|data_path:inst2|BANK_REG:inst1|MAR:inst|REGISTER32bit:inst|REGISTER4bit:inst16|inst16~feeder                         ; |ULA|data_path:inst2|BANK_REG:inst1|MAR:inst|REGISTER32bit:inst|REGISTER4bit:inst16|inst16~feeder                    ; combout          ;
; |ULA|data_path:inst2|BANK_REG:inst1|PC:inst4|REGISTER32bit:inst|REGISTER4bit:inst16|inst16~feeder                         ; |ULA|data_path:inst2|BANK_REG:inst1|PC:inst4|REGISTER32bit:inst|REGISTER4bit:inst16|inst16~feeder                    ; combout          ;
; |ULA|data_path:inst2|BANK_REG:inst1|LV:inst2|REGISTER32bit:inst|REGISTER4bit:inst16|inst16~feeder                         ; |ULA|data_path:inst2|BANK_REG:inst1|LV:inst2|REGISTER32bit:inst|REGISTER4bit:inst16|inst16~feeder                    ; combout          ;
; |ULA|data_path:inst2|BANK_REG:inst1|OPC:inst8|REGISTER32bit:inst|REGISTER4bit:inst16|inst20~feeder                        ; |ULA|data_path:inst2|BANK_REG:inst1|OPC:inst8|REGISTER32bit:inst|REGISTER4bit:inst16|inst20~feeder                   ; combout          ;
; |ULA|data_path:inst2|BANK_REG:inst1|OPC:inst8|REGISTER32bit:inst|REGISTER4bit:inst15|inst~feeder                          ; |ULA|data_path:inst2|BANK_REG:inst1|OPC:inst8|REGISTER32bit:inst|REGISTER4bit:inst15|inst~feeder                     ; combout          ;
; |ULA|data_path:inst2|BANK_REG:inst1|PC:inst4|REGISTER32bit:inst|REGISTER4bit:inst15|inst~feeder                           ; |ULA|data_path:inst2|BANK_REG:inst1|PC:inst4|REGISTER32bit:inst|REGISTER4bit:inst15|inst~feeder                      ; combout          ;
; |ULA|data_path:inst2|BANK_REG:inst1|PC:inst4|REGISTER32bit:inst|REGISTER4bit:inst15|inst5~feeder                          ; |ULA|data_path:inst2|BANK_REG:inst1|PC:inst4|REGISTER32bit:inst|REGISTER4bit:inst15|inst5~feeder                     ; combout          ;
; |ULA|data_path:inst2|BANK_REG:inst1|MAR:inst|REGISTER32bit:inst|REGISTER4bit:inst15|inst5~feeder                          ; |ULA|data_path:inst2|BANK_REG:inst1|MAR:inst|REGISTER32bit:inst|REGISTER4bit:inst15|inst5~feeder                     ; combout          ;
; |ULA|data_path:inst2|BANK_REG:inst1|MAR:inst|REGISTER32bit:inst|REGISTER4bit:inst15|inst16~feeder                         ; |ULA|data_path:inst2|BANK_REG:inst1|MAR:inst|REGISTER32bit:inst|REGISTER4bit:inst15|inst16~feeder                    ; combout          ;
; |ULA|data_path:inst2|BANK_REG:inst1|SP:inst1|REGISTER32bit:inst|REGISTER4bit:inst15|inst16~feeder                         ; |ULA|data_path:inst2|BANK_REG:inst1|SP:inst1|REGISTER32bit:inst|REGISTER4bit:inst15|inst16~feeder                    ; combout          ;
; |ULA|data_path:inst2|BANK_REG:inst1|OPC:inst8|REGISTER32bit:inst|REGISTER4bit:inst15|inst16~feeder                        ; |ULA|data_path:inst2|BANK_REG:inst1|OPC:inst8|REGISTER32bit:inst|REGISTER4bit:inst15|inst16~feeder                   ; combout          ;
; |ULA|data_path:inst2|BANK_REG:inst1|PC:inst4|REGISTER32bit:inst|REGISTER4bit:inst15|inst16~feeder                         ; |ULA|data_path:inst2|BANK_REG:inst1|PC:inst4|REGISTER32bit:inst|REGISTER4bit:inst15|inst16~feeder                    ; combout          ;
; |ULA|data_path:inst2|BANK_REG:inst1|MAR:inst|REGISTER32bit:inst|REGISTER4bit:inst14|inst~feeder                           ; |ULA|data_path:inst2|BANK_REG:inst1|MAR:inst|REGISTER32bit:inst|REGISTER4bit:inst14|inst~feeder                      ; combout          ;
; |ULA|data_path:inst2|BANK_REG:inst1|H:inst10|REGISTER32bit:inst|REGISTER4bit:inst14|inst~feeder                           ; |ULA|data_path:inst2|BANK_REG:inst1|H:inst10|REGISTER32bit:inst|REGISTER4bit:inst14|inst~feeder                      ; combout          ;
; |ULA|data_path:inst2|BANK_REG:inst1|MAR:inst|REGISTER32bit:inst|REGISTER4bit:inst14|inst5~feeder                          ; |ULA|data_path:inst2|BANK_REG:inst1|MAR:inst|REGISTER32bit:inst|REGISTER4bit:inst14|inst5~feeder                     ; combout          ;
; |ULA|data_path:inst2|BANK_REG:inst1|PC:inst4|REGISTER32bit:inst|REGISTER4bit:inst14|inst5~feeder                          ; |ULA|data_path:inst2|BANK_REG:inst1|PC:inst4|REGISTER32bit:inst|REGISTER4bit:inst14|inst5~feeder                     ; combout          ;
; |ULA|data_path:inst2|BANK_REG:inst1|PC:inst4|REGISTER32bit:inst|REGISTER4bit:inst14|inst16~feeder                         ; |ULA|data_path:inst2|BANK_REG:inst1|PC:inst4|REGISTER32bit:inst|REGISTER4bit:inst14|inst16~feeder                    ; combout          ;
; |ULA|data_path:inst2|BANK_REG:inst1|MAR:inst|REGISTER32bit:inst|REGISTER4bit:inst14|inst16~feeder                         ; |ULA|data_path:inst2|BANK_REG:inst1|MAR:inst|REGISTER32bit:inst|REGISTER4bit:inst14|inst16~feeder                    ; combout          ;
; |ULA|data_path:inst2|BANK_REG:inst1|MAR:inst|REGISTER32bit:inst|REGISTER4bit:inst14|inst20~feeder                         ; |ULA|data_path:inst2|BANK_REG:inst1|MAR:inst|REGISTER32bit:inst|REGISTER4bit:inst14|inst20~feeder                    ; combout          ;
; |ULA|data_path:inst2|BANK_REG:inst1|H:inst10|REGISTER32bit:inst|REGISTER4bit:inst11|inst~feeder                           ; |ULA|data_path:inst2|BANK_REG:inst1|H:inst10|REGISTER32bit:inst|REGISTER4bit:inst11|inst~feeder                      ; combout          ;
; |ULA|data_path:inst2|BANK_REG:inst1|MAR:inst|REGISTER32bit:inst|REGISTER4bit:inst11|inst~feeder                           ; |ULA|data_path:inst2|BANK_REG:inst1|MAR:inst|REGISTER32bit:inst|REGISTER4bit:inst11|inst~feeder                      ; combout          ;
; |ULA|data_path:inst2|BANK_REG:inst1|MAR:inst|REGISTER32bit:inst|REGISTER4bit:inst11|inst5~feeder                          ; |ULA|data_path:inst2|BANK_REG:inst1|MAR:inst|REGISTER32bit:inst|REGISTER4bit:inst11|inst5~feeder                     ; combout          ;
; |ULA|data_path:inst2|BANK_REG:inst1|MAR:inst|REGISTER32bit:inst|REGISTER4bit:inst11|inst16~feeder                         ; |ULA|data_path:inst2|BANK_REG:inst1|MAR:inst|REGISTER32bit:inst|REGISTER4bit:inst11|inst16~feeder                    ; combout          ;
; |ULA|data_path:inst2|BANK_REG:inst1|MAR:inst|REGISTER32bit:inst|REGISTER4bit:inst11|inst20~feeder                         ; |ULA|data_path:inst2|BANK_REG:inst1|MAR:inst|REGISTER32bit:inst|REGISTER4bit:inst11|inst20~feeder                    ; combout          ;
; |ULA|data_path:inst2|BANK_REG:inst1|H:inst10|REGISTER32bit:inst|REGISTER4bit:inst3|inst~feeder                            ; |ULA|data_path:inst2|BANK_REG:inst1|H:inst10|REGISTER32bit:inst|REGISTER4bit:inst3|inst~feeder                       ; combout          ;
; |ULA|data_path:inst2|BANK_REG:inst1|PC:inst4|REGISTER32bit:inst|REGISTER4bit:inst3|inst~feeder                            ; |ULA|data_path:inst2|BANK_REG:inst1|PC:inst4|REGISTER32bit:inst|REGISTER4bit:inst3|inst~feeder                       ; combout          ;
; |ULA|data_path:inst2|BANK_REG:inst1|LV:inst2|REGISTER32bit:inst|REGISTER4bit:inst3|inst16~feeder                          ; |ULA|data_path:inst2|BANK_REG:inst1|LV:inst2|REGISTER32bit:inst|REGISTER4bit:inst3|inst16~feeder                     ; combout          ;
; |ULA|data_path:inst2|BANK_REG:inst1|MAR:inst|REGISTER32bit:inst|REGISTER4bit:inst3|inst16~feeder                          ; |ULA|data_path:inst2|BANK_REG:inst1|MAR:inst|REGISTER32bit:inst|REGISTER4bit:inst3|inst16~feeder                     ; combout          ;
; |ULA|data_path:inst2|BANK_REG:inst1|OPC:inst8|REGISTER32bit:inst|REGISTER4bit:inst3|inst16~feeder                         ; |ULA|data_path:inst2|BANK_REG:inst1|OPC:inst8|REGISTER32bit:inst|REGISTER4bit:inst3|inst16~feeder                    ; combout          ;
; |ULA|data_path:inst2|BANK_REG:inst1|MAR:inst|REGISTER32bit:inst|REGISTER4bit:inst3|inst20~feeder                          ; |ULA|data_path:inst2|BANK_REG:inst1|MAR:inst|REGISTER32bit:inst|REGISTER4bit:inst3|inst20~feeder                     ; combout          ;
; |ULA|data_path:inst2|BANK_REG:inst1|MAR:inst|REGISTER32bit:inst|REGISTER4bit:inst2|inst~feeder                            ; |ULA|data_path:inst2|BANK_REG:inst1|MAR:inst|REGISTER32bit:inst|REGISTER4bit:inst2|inst~feeder                       ; combout          ;
; |ULA|data_path:inst2|BANK_REG:inst1|PC:inst4|REGISTER32bit:inst|REGISTER4bit:inst2|inst~feeder                            ; |ULA|data_path:inst2|BANK_REG:inst1|PC:inst4|REGISTER32bit:inst|REGISTER4bit:inst2|inst~feeder                       ; combout          ;
; |ULA|data_path:inst2|BANK_REG:inst1|TOS:inst7|REGISTER32bit:inst|REGISTER4bit:inst2|inst5~feeder                          ; |ULA|data_path:inst2|BANK_REG:inst1|TOS:inst7|REGISTER32bit:inst|REGISTER4bit:inst2|inst5~feeder                     ; combout          ;
; |ULA|data_path:inst2|BANK_REG:inst1|MAR:inst|REGISTER32bit:inst|REGISTER4bit:inst2|inst5~feeder                           ; |ULA|data_path:inst2|BANK_REG:inst1|MAR:inst|REGISTER32bit:inst|REGISTER4bit:inst2|inst5~feeder                      ; combout          ;
; |ULA|data_path:inst2|BANK_REG:inst1|MAR:inst|REGISTER32bit:inst|REGISTER4bit:inst2|inst16~feeder                          ; |ULA|data_path:inst2|BANK_REG:inst1|MAR:inst|REGISTER32bit:inst|REGISTER4bit:inst2|inst16~feeder                     ; combout          ;
; |ULA|data_path:inst2|BANK_REG:inst1|LV:inst2|REGISTER32bit:inst|REGISTER4bit:inst2|inst16~feeder                          ; |ULA|data_path:inst2|BANK_REG:inst1|LV:inst2|REGISTER32bit:inst|REGISTER4bit:inst2|inst16~feeder                     ; combout          ;
; |ULA|data_path:inst2|BANK_REG:inst1|OPC:inst8|REGISTER32bit:inst|REGISTER4bit:inst2|inst16~feeder                         ; |ULA|data_path:inst2|BANK_REG:inst1|OPC:inst8|REGISTER32bit:inst|REGISTER4bit:inst2|inst16~feeder                    ; combout          ;
; |ULA|data_path:inst2|BANK_REG:inst1|H:inst10|REGISTER32bit:inst|REGISTER4bit:inst2|inst20~feeder                          ; |ULA|data_path:inst2|BANK_REG:inst1|H:inst10|REGISTER32bit:inst|REGISTER4bit:inst2|inst20~feeder                     ; combout          ;
; |ULA|data_path:inst2|BANK_REG:inst1|MAR:inst|REGISTER32bit:inst|REGISTER4bit:inst2|inst20~feeder                          ; |ULA|data_path:inst2|BANK_REG:inst1|MAR:inst|REGISTER32bit:inst|REGISTER4bit:inst2|inst20~feeder                     ; combout          ;
+---------------------------------------------------------------------------------------------------------------------------+----------------------------------------------------------------------------------------------------------------------+------------------+


The following table displays output ports that do not toggle to 1 during simulation.
+---------------------------------------------------------------------------------------------------------------------------------------------------------------------------------------------------------------------------------------------------------------------+
; Missing 1-Value Coverage                                                                                                                                                                                                                                            ;
+---------------------------------------------------------------------------------------------------------------------------+----------------------------------------------------------------------------------------------------------------------+------------------+
; Node Name                                                                                                                 ; Output Port Name                                                                                                     ; Output Port Type ;
+---------------------------------------------------------------------------------------------------------------------------+----------------------------------------------------------------------------------------------------------------------+------------------+
; |ULA|UNIDADE_CONTROLE:inst|CONTROLSTORE:inst3|altsyncram:altsyncram_component|altsyncram_ds61:auto_generated|ram_block1a0 ; |ULA|UNIDADE_CONTROLE:inst|CONTROLSTORE:inst3|altsyncram:altsyncram_component|altsyncram_ds61:auto_generated|q_a[3]  ; portadataout2    ;
; |ULA|UNIDADE_CONTROLE:inst|CONTROLSTORE:inst3|altsyncram:altsyncram_component|altsyncram_ds61:auto_generated|ram_block1a0 ; |ULA|UNIDADE_CONTROLE:inst|CONTROLSTORE:inst3|altsyncram:altsyncram_component|altsyncram_ds61:auto_generated|q_a[22] ; portadataout7    ;
; |ULA|UNIDADE_CONTROLE:inst|CONTROLSTORE:inst3|altsyncram:altsyncram_component|altsyncram_ds61:auto_generated|ram_block1a0 ; |ULA|UNIDADE_CONTROLE:inst|CONTROLSTORE:inst3|altsyncram:altsyncram_component|altsyncram_ds61:auto_generated|q_a[23] ; portadataout8    ;
; |ULA|UNIDADE_CONTROLE:inst|CONTROLSTORE:inst3|altsyncram:altsyncram_component|altsyncram_ds61:auto_generated|ram_block1a2 ; |ULA|UNIDADE_CONTROLE:inst|CONTROLSTORE:inst3|altsyncram:altsyncram_component|altsyncram_ds61:auto_generated|q_a[31] ; portadataout4    ;
; |ULA|UNIDADE_CONTROLE:inst|CONTROLSTORE:inst3|altsyncram:altsyncram_component|altsyncram_ds61:auto_generated|ram_block1a2 ; |ULA|UNIDADE_CONTROLE:inst|CONTROLSTORE:inst3|altsyncram:altsyncram_component|altsyncram_ds61:auto_generated|q_a[33] ; portadataout6    ;
; |ULA|UNIDADE_CONTROLE:inst|CONTROLSTORE:inst3|altsyncram:altsyncram_component|altsyncram_ds61:auto_generated|ram_block1a2 ; |ULA|UNIDADE_CONTROLE:inst|CONTROLSTORE:inst3|altsyncram:altsyncram_component|altsyncram_ds61:auto_generated|q_a[34] ; portadataout7    ;
; |ULA|UNIDADE_CONTROLE:inst|CONTROLSTORE:inst3|altsyncram:altsyncram_component|altsyncram_ds61:auto_generated|ram_block1a2 ; |ULA|UNIDADE_CONTROLE:inst|CONTROLSTORE:inst3|altsyncram:altsyncram_component|altsyncram_ds61:auto_generated|q_a[35] ; portadataout8    ;
; |ULA|UNIDADE_CONTROLE:inst|CONTROLSTORE:inst3|altsyncram:altsyncram_component|altsyncram_ds61:auto_generated|ram_block1a7 ; |ULA|UNIDADE_CONTROLE:inst|CONTROLSTORE:inst3|altsyncram:altsyncram_component|altsyncram_ds61:auto_generated|q_a[11] ; portadataout4    ;
; |ULA|UNIDADE_CONTROLE:inst|CONTROLSTORE:inst3|altsyncram:altsyncram_component|altsyncram_ds61:auto_generated|ram_block1a7 ; |ULA|UNIDADE_CONTROLE:inst|CONTROLSTORE:inst3|altsyncram:altsyncram_component|altsyncram_ds61:auto_generated|q_a[12] ; portadataout5    ;
; |ULA|UNIDADE_CONTROLE:inst|CONTROLSTORE:inst3|altsyncram:altsyncram_component|altsyncram_ds61:auto_generated|ram_block1a7 ; |ULA|UNIDADE_CONTROLE:inst|CONTROLSTORE:inst3|altsyncram:altsyncram_component|altsyncram_ds61:auto_generated|q_a[14] ; portadataout7    ;
; |ULA|UNIDADE_CONTROLE:inst|CONTROLSTORE:inst3|altsyncram:altsyncram_component|altsyncram_ds61:auto_generated|ram_block1a4 ; |ULA|UNIDADE_CONTROLE:inst|CONTROLSTORE:inst3|altsyncram:altsyncram_component|altsyncram_ds61:auto_generated|q_a[24] ; portadataout3    ;
; |ULA|UNIDADE_CONTROLE:inst|CONTROLSTORE:inst3|altsyncram:altsyncram_component|altsyncram_ds61:auto_generated|ram_block1a4 ; |ULA|UNIDADE_CONTROLE:inst|CONTROLSTORE:inst3|altsyncram:altsyncram_component|altsyncram_ds61:auto_generated|q_a[25] ; portadataout4    ;
; |ULA|data_path:inst2|SHIFTER:inst2|inst1[31]~44                                                                           ; |ULA|data_path:inst2|SHIFTER:inst2|inst1[31]~44                                                                      ; combout          ;
; |ULA|data_path:inst2|BANK_REG:inst1|H:inst10|REGISTER32bit:inst|REGISTER4bit:inst15|inst20                                ; |ULA|data_path:inst2|BANK_REG:inst1|H:inst10|REGISTER32bit:inst|REGISTER4bit:inst15|inst20                           ; regout           ;
; |ULA|data_path:inst2|BANK_REG:inst1|MBR:inst5|REGISTER32bit:inst3|inst4[24]~0                                             ; |ULA|data_path:inst2|BANK_REG:inst1|MBR:inst5|REGISTER32bit:inst3|inst4[24]~0                                        ; combout          ;
; |ULA|data_path:inst2|BANK_REG:inst1|PC:inst4|REGISTER32bit:inst|REGISTER4bit:inst15|inst20                                ; |ULA|data_path:inst2|BANK_REG:inst1|PC:inst4|REGISTER32bit:inst|REGISTER4bit:inst15|inst20                           ; regout           ;
; |ULA|data_path:inst2|BANK_REG:inst1|SP:inst1|REGISTER32bit:inst|REGISTER4bit:inst15|inst20                                ; |ULA|data_path:inst2|BANK_REG:inst1|SP:inst1|REGISTER32bit:inst|REGISTER4bit:inst15|inst20                           ; regout           ;
; |ULA|data_path:inst2|BANK_REG:inst1|CPP:inst6|REGISTER32bit:inst|REGISTER4bit:inst15|inst20                               ; |ULA|data_path:inst2|BANK_REG:inst1|CPP:inst6|REGISTER32bit:inst|REGISTER4bit:inst15|inst20                          ; regout           ;
; |ULA|data_path:inst2|BANK_REG:inst1|CPP:inst6|inst6                                                                       ; |ULA|data_path:inst2|BANK_REG:inst1|CPP:inst6|inst6                                                                  ; combout          ;
; |ULA|data_path:inst2|BANK_REG:inst1|LV:inst2|REGISTER32bit:inst|REGISTER4bit:inst15|inst20                                ; |ULA|data_path:inst2|BANK_REG:inst1|LV:inst2|REGISTER32bit:inst|REGISTER4bit:inst15|inst20                           ; regout           ;
; |ULA|data_path:inst2|BANK_REG:inst1|MBR:inst5|REGISTER32bit:inst3|inst4[24]~2                                             ; |ULA|data_path:inst2|BANK_REG:inst1|MBR:inst5|REGISTER32bit:inst3|inst4[24]~2                                        ; combout          ;
; |ULA|data_path:inst2|BANK_REG:inst1|TOS:inst7|REGISTER32bit:inst|REGISTER4bit:inst15|inst20                               ; |ULA|data_path:inst2|BANK_REG:inst1|TOS:inst7|REGISTER32bit:inst|REGISTER4bit:inst15|inst20                          ; regout           ;
; |ULA|data_path:inst2|BANK_REG:inst1|OPC:inst8|inst8                                                                       ; |ULA|data_path:inst2|BANK_REG:inst1|OPC:inst8|inst8                                                                  ; combout          ;
; |ULA|data_path:inst2|BANK_REG:inst1|OPC:inst8|REGISTER32bit:inst|REGISTER4bit:inst15|inst20                               ; |ULA|data_path:inst2|BANK_REG:inst1|OPC:inst8|REGISTER32bit:inst|REGISTER4bit:inst15|inst20                          ; regout           ;
; |ULA|data_path:inst2|BANK_REG:inst1|MDR:inst3|REGISTER32bit:inst1|REGISTER4bit:inst15|inst20                              ; |ULA|data_path:inst2|BANK_REG:inst1|MDR:inst3|REGISTER32bit:inst1|REGISTER4bit:inst15|inst20                         ; regout           ;
; |ULA|data_path:inst2|BANK_REG:inst1|MBR:inst5|REGISTER32bit:inst3|inst4[24]~6                                             ; |ULA|data_path:inst2|BANK_REG:inst1|MBR:inst5|REGISTER32bit:inst3|inst4[24]~6                                        ; combout          ;
; |ULA|data_path:inst2|BANK_REG:inst1|H:inst10|REGISTER32bit:inst|REGISTER4bit:inst15|inst16                                ; |ULA|data_path:inst2|BANK_REG:inst1|H:inst10|REGISTER32bit:inst|REGISTER4bit:inst15|inst16                           ; regout           ;
; |ULA|data_path:inst2|BANK_REG:inst1|H:inst10|REGISTER32bit:inst|REGISTER4bit:inst15|inst5                                 ; |ULA|data_path:inst2|BANK_REG:inst1|H:inst10|REGISTER32bit:inst|REGISTER4bit:inst15|inst5                            ; regout           ;
; |ULA|data_path:inst2|BANK_REG:inst1|PC:inst4|REGISTER32bit:inst|REGISTER4bit:inst15|inst5                                 ; |ULA|data_path:inst2|BANK_REG:inst1|PC:inst4|REGISTER32bit:inst|REGISTER4bit:inst15|inst5                            ; regout           ;
; |ULA|data_path:inst2|BANK_REG:inst1|CPP:inst6|REGISTER32bit:inst|REGISTER4bit:inst15|inst5                                ; |ULA|data_path:inst2|BANK_REG:inst1|CPP:inst6|REGISTER32bit:inst|REGISTER4bit:inst15|inst5                           ; regout           ;
; |ULA|data_path:inst2|BANK_REG:inst1|LV:inst2|REGISTER32bit:inst|REGISTER4bit:inst15|inst5                                 ; |ULA|data_path:inst2|BANK_REG:inst1|LV:inst2|REGISTER32bit:inst|REGISTER4bit:inst15|inst5                            ; regout           ;
; |ULA|data_path:inst2|BANK_REG:inst1|TOS:inst7|REGISTER32bit:inst|REGISTER4bit:inst15|inst5                                ; |ULA|data_path:inst2|BANK_REG:inst1|TOS:inst7|REGISTER32bit:inst|REGISTER4bit:inst15|inst5                           ; regout           ;
; |ULA|data_path:inst2|BANK_REG:inst1|OPC:inst8|REGISTER32bit:inst|REGISTER4bit:inst15|inst5                                ; |ULA|data_path:inst2|BANK_REG:inst1|OPC:inst8|REGISTER32bit:inst|REGISTER4bit:inst15|inst5                           ; regout           ;
; |ULA|data_path:inst2|BANK_REG:inst1|MDR:inst3|REGISTER32bit:inst1|REGISTER4bit:inst15|inst5                               ; |ULA|data_path:inst2|BANK_REG:inst1|MDR:inst3|REGISTER32bit:inst1|REGISTER4bit:inst15|inst5                          ; regout           ;
; |ULA|data_path:inst2|BANK_REG:inst1|H:inst10|REGISTER32bit:inst|REGISTER4bit:inst15|inst                                  ; |ULA|data_path:inst2|BANK_REG:inst1|H:inst10|REGISTER32bit:inst|REGISTER4bit:inst15|inst                             ; regout           ;
; |ULA|data_path:inst2|BANK_REG:inst1|PC:inst4|REGISTER32bit:inst|REGISTER4bit:inst15|inst                                  ; |ULA|data_path:inst2|BANK_REG:inst1|PC:inst4|REGISTER32bit:inst|REGISTER4bit:inst15|inst                             ; regout           ;
; |ULA|data_path:inst2|BANK_REG:inst1|SP:inst1|REGISTER32bit:inst|REGISTER4bit:inst15|inst                                  ; |ULA|data_path:inst2|BANK_REG:inst1|SP:inst1|REGISTER32bit:inst|REGISTER4bit:inst15|inst                             ; regout           ;
; |ULA|data_path:inst2|BANK_REG:inst1|CPP:inst6|REGISTER32bit:inst|REGISTER4bit:inst15|inst                                 ; |ULA|data_path:inst2|BANK_REG:inst1|CPP:inst6|REGISTER32bit:inst|REGISTER4bit:inst15|inst                            ; regout           ;
; |ULA|data_path:inst2|BANK_REG:inst1|LV:inst2|REGISTER32bit:inst|REGISTER4bit:inst15|inst                                  ; |ULA|data_path:inst2|BANK_REG:inst1|LV:inst2|REGISTER32bit:inst|REGISTER4bit:inst15|inst                             ; regout           ;
; |ULA|data_path:inst2|BANK_REG:inst1|MBR:inst5|REGISTER32bit:inst3|inst4[27]~13                                            ; |ULA|data_path:inst2|BANK_REG:inst1|MBR:inst5|REGISTER32bit:inst3|inst4[27]~13                                       ; combout          ;
; |ULA|data_path:inst2|BANK_REG:inst1|TOS:inst7|REGISTER32bit:inst|REGISTER4bit:inst15|inst                                 ; |ULA|data_path:inst2|BANK_REG:inst1|TOS:inst7|REGISTER32bit:inst|REGISTER4bit:inst15|inst                            ; regout           ;
; |ULA|data_path:inst2|BANK_REG:inst1|OPC:inst8|REGISTER32bit:inst|REGISTER4bit:inst15|inst                                 ; |ULA|data_path:inst2|BANK_REG:inst1|OPC:inst8|REGISTER32bit:inst|REGISTER4bit:inst15|inst                            ; regout           ;
; |ULA|data_path:inst2|BANK_REG:inst1|MDR:inst3|REGISTER32bit:inst1|REGISTER4bit:inst15|inst                                ; |ULA|data_path:inst2|BANK_REG:inst1|MDR:inst3|REGISTER32bit:inst1|REGISTER4bit:inst15|inst                           ; regout           ;
; |ULA|data_path:inst2|BANK_REG:inst1|SP:inst1|REGISTER32bit:inst|REGISTER4bit:inst16|inst20                                ; |ULA|data_path:inst2|BANK_REG:inst1|SP:inst1|REGISTER32bit:inst|REGISTER4bit:inst16|inst20                           ; regout           ;
; |ULA|data_path:inst2|BANK_REG:inst1|PC:inst4|REGISTER32bit:inst|REGISTER4bit:inst16|inst20                                ; |ULA|data_path:inst2|BANK_REG:inst1|PC:inst4|REGISTER32bit:inst|REGISTER4bit:inst16|inst20                           ; regout           ;
; |ULA|data_path:inst2|BANK_REG:inst1|CPP:inst6|REGISTER32bit:inst|REGISTER4bit:inst16|inst20                               ; |ULA|data_path:inst2|BANK_REG:inst1|CPP:inst6|REGISTER32bit:inst|REGISTER4bit:inst16|inst20                          ; regout           ;
; |ULA|data_path:inst2|BANK_REG:inst1|LV:inst2|REGISTER32bit:inst|REGISTER4bit:inst16|inst20                                ; |ULA|data_path:inst2|BANK_REG:inst1|LV:inst2|REGISTER32bit:inst|REGISTER4bit:inst16|inst20                           ; regout           ;
; |ULA|data_path:inst2|BANK_REG:inst1|TOS:inst7|REGISTER32bit:inst|REGISTER4bit:inst16|inst20                               ; |ULA|data_path:inst2|BANK_REG:inst1|TOS:inst7|REGISTER32bit:inst|REGISTER4bit:inst16|inst20                          ; regout           ;
; |ULA|data_path:inst2|BANK_REG:inst1|OPC:inst8|REGISTER32bit:inst|REGISTER4bit:inst16|inst20                               ; |ULA|data_path:inst2|BANK_REG:inst1|OPC:inst8|REGISTER32bit:inst|REGISTER4bit:inst16|inst20                          ; regout           ;
; |ULA|data_path:inst2|BANK_REG:inst1|MDR:inst3|REGISTER32bit:inst1|REGISTER4bit:inst16|inst20                              ; |ULA|data_path:inst2|BANK_REG:inst1|MDR:inst3|REGISTER32bit:inst1|REGISTER4bit:inst16|inst20                         ; regout           ;
; |ULA|data_path:inst2|BANK_REG:inst1|H:inst10|REGISTER32bit:inst|REGISTER4bit:inst16|inst16                                ; |ULA|data_path:inst2|BANK_REG:inst1|H:inst10|REGISTER32bit:inst|REGISTER4bit:inst16|inst16                           ; regout           ;
; |ULA|data_path:inst2|BANK_REG:inst1|SP:inst1|REGISTER32bit:inst|REGISTER4bit:inst16|inst16                                ; |ULA|data_path:inst2|BANK_REG:inst1|SP:inst1|REGISTER32bit:inst|REGISTER4bit:inst16|inst16                           ; regout           ;
; |ULA|data_path:inst2|BANK_REG:inst1|PC:inst4|REGISTER32bit:inst|REGISTER4bit:inst16|inst16                                ; |ULA|data_path:inst2|BANK_REG:inst1|PC:inst4|REGISTER32bit:inst|REGISTER4bit:inst16|inst16                           ; regout           ;
; |ULA|data_path:inst2|BANK_REG:inst1|CPP:inst6|REGISTER32bit:inst|REGISTER4bit:inst16|inst16                               ; |ULA|data_path:inst2|BANK_REG:inst1|CPP:inst6|REGISTER32bit:inst|REGISTER4bit:inst16|inst16                          ; regout           ;
; |ULA|data_path:inst2|BANK_REG:inst1|LV:inst2|REGISTER32bit:inst|REGISTER4bit:inst16|inst16                                ; |ULA|data_path:inst2|BANK_REG:inst1|LV:inst2|REGISTER32bit:inst|REGISTER4bit:inst16|inst16                           ; regout           ;
; |ULA|data_path:inst2|BANK_REG:inst1|TOS:inst7|REGISTER32bit:inst|REGISTER4bit:inst16|inst16                               ; |ULA|data_path:inst2|BANK_REG:inst1|TOS:inst7|REGISTER32bit:inst|REGISTER4bit:inst16|inst16                          ; regout           ;
; |ULA|data_path:inst2|BANK_REG:inst1|OPC:inst8|REGISTER32bit:inst|REGISTER4bit:inst16|inst16                               ; |ULA|data_path:inst2|BANK_REG:inst1|OPC:inst8|REGISTER32bit:inst|REGISTER4bit:inst16|inst16                          ; regout           ;
; |ULA|data_path:inst2|BANK_REG:inst1|MDR:inst3|REGISTER32bit:inst1|REGISTER4bit:inst16|inst16                              ; |ULA|data_path:inst2|BANK_REG:inst1|MDR:inst3|REGISTER32bit:inst1|REGISTER4bit:inst16|inst16                         ; regout           ;
; |ULA|data_path:inst2|BANK_REG:inst1|H:inst10|REGISTER32bit:inst|REGISTER4bit:inst16|inst5                                 ; |ULA|data_path:inst2|BANK_REG:inst1|H:inst10|REGISTER32bit:inst|REGISTER4bit:inst16|inst5                            ; regout           ;
; |ULA|data_path:inst2|BANK_REG:inst1|SP:inst1|REGISTER32bit:inst|REGISTER4bit:inst16|inst5                                 ; |ULA|data_path:inst2|BANK_REG:inst1|SP:inst1|REGISTER32bit:inst|REGISTER4bit:inst16|inst5                            ; regout           ;
; |ULA|data_path:inst2|BANK_REG:inst1|PC:inst4|REGISTER32bit:inst|REGISTER4bit:inst16|inst5                                 ; |ULA|data_path:inst2|BANK_REG:inst1|PC:inst4|REGISTER32bit:inst|REGISTER4bit:inst16|inst5                            ; regout           ;
; |ULA|data_path:inst2|BANK_REG:inst1|CPP:inst6|REGISTER32bit:inst|REGISTER4bit:inst16|inst5                                ; |ULA|data_path:inst2|BANK_REG:inst1|CPP:inst6|REGISTER32bit:inst|REGISTER4bit:inst16|inst5                           ; regout           ;
; |ULA|data_path:inst2|BANK_REG:inst1|LV:inst2|REGISTER32bit:inst|REGISTER4bit:inst16|inst5                                 ; |ULA|data_path:inst2|BANK_REG:inst1|LV:inst2|REGISTER32bit:inst|REGISTER4bit:inst16|inst5                            ; regout           ;
; |ULA|data_path:inst2|BANK_REG:inst1|TOS:inst7|REGISTER32bit:inst|REGISTER4bit:inst16|inst5                                ; |ULA|data_path:inst2|BANK_REG:inst1|TOS:inst7|REGISTER32bit:inst|REGISTER4bit:inst16|inst5                           ; regout           ;
; |ULA|data_path:inst2|BANK_REG:inst1|OPC:inst8|REGISTER32bit:inst|REGISTER4bit:inst16|inst5                                ; |ULA|data_path:inst2|BANK_REG:inst1|OPC:inst8|REGISTER32bit:inst|REGISTER4bit:inst16|inst5                           ; regout           ;
; |ULA|data_path:inst2|BANK_REG:inst1|MDR:inst3|REGISTER32bit:inst1|REGISTER4bit:inst16|inst5                               ; |ULA|data_path:inst2|BANK_REG:inst1|MDR:inst3|REGISTER32bit:inst1|REGISTER4bit:inst16|inst5                          ; regout           ;
; |ULA|data_path:inst2|BANK_REG:inst1|PC:inst4|REGISTER32bit:inst|REGISTER4bit:inst16|inst                                  ; |ULA|data_path:inst2|BANK_REG:inst1|PC:inst4|REGISTER32bit:inst|REGISTER4bit:inst16|inst                             ; regout           ;
; |ULA|data_path:inst2|BANK_REG:inst1|CPP:inst6|REGISTER32bit:inst|REGISTER4bit:inst16|inst                                 ; |ULA|data_path:inst2|BANK_REG:inst1|CPP:inst6|REGISTER32bit:inst|REGISTER4bit:inst16|inst                            ; regout           ;
; |ULA|data_path:inst2|BANK_REG:inst1|LV:inst2|REGISTER32bit:inst|REGISTER4bit:inst16|inst                                  ; |ULA|data_path:inst2|BANK_REG:inst1|LV:inst2|REGISTER32bit:inst|REGISTER4bit:inst16|inst                             ; regout           ;
; |ULA|data_path:inst2|BANK_REG:inst1|TOS:inst7|REGISTER32bit:inst|REGISTER4bit:inst16|inst                                 ; |ULA|data_path:inst2|BANK_REG:inst1|TOS:inst7|REGISTER32bit:inst|REGISTER4bit:inst16|inst                            ; regout           ;
; |ULA|data_path:inst2|BANK_REG:inst1|OPC:inst8|REGISTER32bit:inst|REGISTER4bit:inst16|inst                                 ; |ULA|data_path:inst2|BANK_REG:inst1|OPC:inst8|REGISTER32bit:inst|REGISTER4bit:inst16|inst                            ; regout           ;
; |ULA|data_path:inst2|BANK_REG:inst1|MDR:inst3|REGISTER32bit:inst1|REGISTER4bit:inst16|inst                                ; |ULA|data_path:inst2|BANK_REG:inst1|MDR:inst3|REGISTER32bit:inst1|REGISTER4bit:inst16|inst                           ; regout           ;
; |ULA|data_path:inst2|BANK_REG:inst1|H:inst10|REGISTER32bit:inst|REGISTER4bit:inst11|inst16                                ; |ULA|data_path:inst2|BANK_REG:inst1|H:inst10|REGISTER32bit:inst|REGISTER4bit:inst11|inst16                           ; regout           ;
; |ULA|data_path:inst2|BANK_REG:inst1|PC:inst4|REGISTER32bit:inst|REGISTER4bit:inst11|inst16                                ; |ULA|data_path:inst2|BANK_REG:inst1|PC:inst4|REGISTER32bit:inst|REGISTER4bit:inst11|inst16                           ; regout           ;
; |ULA|data_path:inst2|BANK_REG:inst1|CPP:inst6|REGISTER32bit:inst|REGISTER4bit:inst11|inst16                               ; |ULA|data_path:inst2|BANK_REG:inst1|CPP:inst6|REGISTER32bit:inst|REGISTER4bit:inst11|inst16                          ; regout           ;
; |ULA|data_path:inst2|BANK_REG:inst1|LV:inst2|REGISTER32bit:inst|REGISTER4bit:inst11|inst16                                ; |ULA|data_path:inst2|BANK_REG:inst1|LV:inst2|REGISTER32bit:inst|REGISTER4bit:inst11|inst16                           ; regout           ;
; |ULA|data_path:inst2|BANK_REG:inst1|TOS:inst7|REGISTER32bit:inst|REGISTER4bit:inst11|inst16                               ; |ULA|data_path:inst2|BANK_REG:inst1|TOS:inst7|REGISTER32bit:inst|REGISTER4bit:inst11|inst16                          ; regout           ;
; |ULA|data_path:inst2|BANK_REG:inst1|OPC:inst8|REGISTER32bit:inst|REGISTER4bit:inst11|inst16                               ; |ULA|data_path:inst2|BANK_REG:inst1|OPC:inst8|REGISTER32bit:inst|REGISTER4bit:inst11|inst16                          ; regout           ;
; |ULA|data_path:inst2|BANK_REG:inst1|MDR:inst3|REGISTER32bit:inst1|REGISTER4bit:inst11|inst16                              ; |ULA|data_path:inst2|BANK_REG:inst1|MDR:inst3|REGISTER32bit:inst1|REGISTER4bit:inst11|inst16                         ; regout           ;
; |ULA|data_path:inst2|BANK_REG:inst1|H:inst10|REGISTER32bit:inst|REGISTER4bit:inst11|inst5                                 ; |ULA|data_path:inst2|BANK_REG:inst1|H:inst10|REGISTER32bit:inst|REGISTER4bit:inst11|inst5                            ; regout           ;
; |ULA|data_path:inst2|BANK_REG:inst1|PC:inst4|REGISTER32bit:inst|REGISTER4bit:inst11|inst5                                 ; |ULA|data_path:inst2|BANK_REG:inst1|PC:inst4|REGISTER32bit:inst|REGISTER4bit:inst11|inst5                            ; regout           ;
; |ULA|data_path:inst2|BANK_REG:inst1|CPP:inst6|REGISTER32bit:inst|REGISTER4bit:inst11|inst5                                ; |ULA|data_path:inst2|BANK_REG:inst1|CPP:inst6|REGISTER32bit:inst|REGISTER4bit:inst11|inst5                           ; regout           ;
; |ULA|data_path:inst2|BANK_REG:inst1|LV:inst2|REGISTER32bit:inst|REGISTER4bit:inst11|inst5                                 ; |ULA|data_path:inst2|BANK_REG:inst1|LV:inst2|REGISTER32bit:inst|REGISTER4bit:inst11|inst5                            ; regout           ;
; |ULA|data_path:inst2|BANK_REG:inst1|TOS:inst7|REGISTER32bit:inst|REGISTER4bit:inst11|inst5                                ; |ULA|data_path:inst2|BANK_REG:inst1|TOS:inst7|REGISTER32bit:inst|REGISTER4bit:inst11|inst5                           ; regout           ;
; |ULA|data_path:inst2|BANK_REG:inst1|OPC:inst8|REGISTER32bit:inst|REGISTER4bit:inst11|inst5                                ; |ULA|data_path:inst2|BANK_REG:inst1|OPC:inst8|REGISTER32bit:inst|REGISTER4bit:inst11|inst5                           ; regout           ;
; |ULA|data_path:inst2|BANK_REG:inst1|MDR:inst3|REGISTER32bit:inst1|REGISTER4bit:inst11|inst5                               ; |ULA|data_path:inst2|BANK_REG:inst1|MDR:inst3|REGISTER32bit:inst1|REGISTER4bit:inst11|inst5                          ; regout           ;
; |ULA|data_path:inst2|BANK_REG:inst1|H:inst10|REGISTER32bit:inst|REGISTER4bit:inst11|inst                                  ; |ULA|data_path:inst2|BANK_REG:inst1|H:inst10|REGISTER32bit:inst|REGISTER4bit:inst11|inst                             ; regout           ;
; |ULA|data_path:inst2|BANK_REG:inst1|PC:inst4|REGISTER32bit:inst|REGISTER4bit:inst11|inst                                  ; |ULA|data_path:inst2|BANK_REG:inst1|PC:inst4|REGISTER32bit:inst|REGISTER4bit:inst11|inst                             ; regout           ;
; |ULA|data_path:inst2|BANK_REG:inst1|CPP:inst6|REGISTER32bit:inst|REGISTER4bit:inst11|inst                                 ; |ULA|data_path:inst2|BANK_REG:inst1|CPP:inst6|REGISTER32bit:inst|REGISTER4bit:inst11|inst                            ; regout           ;
; |ULA|data_path:inst2|BANK_REG:inst1|LV:inst2|REGISTER32bit:inst|REGISTER4bit:inst11|inst                                  ; |ULA|data_path:inst2|BANK_REG:inst1|LV:inst2|REGISTER32bit:inst|REGISTER4bit:inst11|inst                             ; regout           ;
; |ULA|data_path:inst2|BANK_REG:inst1|TOS:inst7|REGISTER32bit:inst|REGISTER4bit:inst11|inst                                 ; |ULA|data_path:inst2|BANK_REG:inst1|TOS:inst7|REGISTER32bit:inst|REGISTER4bit:inst11|inst                            ; regout           ;
; |ULA|data_path:inst2|BANK_REG:inst1|OPC:inst8|REGISTER32bit:inst|REGISTER4bit:inst11|inst                                 ; |ULA|data_path:inst2|BANK_REG:inst1|OPC:inst8|REGISTER32bit:inst|REGISTER4bit:inst11|inst                            ; regout           ;
; |ULA|data_path:inst2|BANK_REG:inst1|MDR:inst3|REGISTER32bit:inst1|REGISTER4bit:inst11|inst                                ; |ULA|data_path:inst2|BANK_REG:inst1|MDR:inst3|REGISTER32bit:inst1|REGISTER4bit:inst11|inst                           ; regout           ;
; |ULA|data_path:inst2|BANK_REG:inst1|H:inst10|REGISTER32bit:inst|REGISTER4bit:inst14|inst20                                ; |ULA|data_path:inst2|BANK_REG:inst1|H:inst10|REGISTER32bit:inst|REGISTER4bit:inst14|inst20                           ; regout           ;
; |ULA|data_path:inst2|BANK_REG:inst1|PC:inst4|REGISTER32bit:inst|REGISTER4bit:inst14|inst20                                ; |ULA|data_path:inst2|BANK_REG:inst1|PC:inst4|REGISTER32bit:inst|REGISTER4bit:inst14|inst20                           ; regout           ;
; |ULA|data_path:inst2|BANK_REG:inst1|CPP:inst6|REGISTER32bit:inst|REGISTER4bit:inst14|inst20                               ; |ULA|data_path:inst2|BANK_REG:inst1|CPP:inst6|REGISTER32bit:inst|REGISTER4bit:inst14|inst20                          ; regout           ;
; |ULA|data_path:inst2|BANK_REG:inst1|LV:inst2|REGISTER32bit:inst|REGISTER4bit:inst14|inst20                                ; |ULA|data_path:inst2|BANK_REG:inst1|LV:inst2|REGISTER32bit:inst|REGISTER4bit:inst14|inst20                           ; regout           ;
; |ULA|data_path:inst2|BANK_REG:inst1|TOS:inst7|REGISTER32bit:inst|REGISTER4bit:inst14|inst20                               ; |ULA|data_path:inst2|BANK_REG:inst1|TOS:inst7|REGISTER32bit:inst|REGISTER4bit:inst14|inst20                          ; regout           ;
; |ULA|data_path:inst2|BANK_REG:inst1|OPC:inst8|REGISTER32bit:inst|REGISTER4bit:inst14|inst20                               ; |ULA|data_path:inst2|BANK_REG:inst1|OPC:inst8|REGISTER32bit:inst|REGISTER4bit:inst14|inst20                          ; regout           ;
; |ULA|data_path:inst2|BANK_REG:inst1|MDR:inst3|REGISTER32bit:inst1|REGISTER4bit:inst14|inst20                              ; |ULA|data_path:inst2|BANK_REG:inst1|MDR:inst3|REGISTER32bit:inst1|REGISTER4bit:inst14|inst20                         ; regout           ;
; |ULA|data_path:inst2|BANK_REG:inst1|H:inst10|REGISTER32bit:inst|REGISTER4bit:inst14|inst16                                ; |ULA|data_path:inst2|BANK_REG:inst1|H:inst10|REGISTER32bit:inst|REGISTER4bit:inst14|inst16                           ; regout           ;
; |ULA|data_path:inst2|BANK_REG:inst1|PC:inst4|REGISTER32bit:inst|REGISTER4bit:inst14|inst16                                ; |ULA|data_path:inst2|BANK_REG:inst1|PC:inst4|REGISTER32bit:inst|REGISTER4bit:inst14|inst16                           ; regout           ;
; |ULA|data_path:inst2|BANK_REG:inst1|CPP:inst6|REGISTER32bit:inst|REGISTER4bit:inst14|inst16                               ; |ULA|data_path:inst2|BANK_REG:inst1|CPP:inst6|REGISTER32bit:inst|REGISTER4bit:inst14|inst16                          ; regout           ;
; |ULA|data_path:inst2|BANK_REG:inst1|LV:inst2|REGISTER32bit:inst|REGISTER4bit:inst14|inst16                                ; |ULA|data_path:inst2|BANK_REG:inst1|LV:inst2|REGISTER32bit:inst|REGISTER4bit:inst14|inst16                           ; regout           ;
; |ULA|data_path:inst2|BANK_REG:inst1|TOS:inst7|REGISTER32bit:inst|REGISTER4bit:inst14|inst16                               ; |ULA|data_path:inst2|BANK_REG:inst1|TOS:inst7|REGISTER32bit:inst|REGISTER4bit:inst14|inst16                          ; regout           ;
; |ULA|data_path:inst2|BANK_REG:inst1|OPC:inst8|REGISTER32bit:inst|REGISTER4bit:inst14|inst16                               ; |ULA|data_path:inst2|BANK_REG:inst1|OPC:inst8|REGISTER32bit:inst|REGISTER4bit:inst14|inst16                          ; regout           ;
; |ULA|data_path:inst2|BANK_REG:inst1|MDR:inst3|REGISTER32bit:inst1|REGISTER4bit:inst14|inst16                              ; |ULA|data_path:inst2|BANK_REG:inst1|MDR:inst3|REGISTER32bit:inst1|REGISTER4bit:inst14|inst16                         ; regout           ;
; |ULA|data_path:inst2|BANK_REG:inst1|H:inst10|REGISTER32bit:inst|REGISTER4bit:inst14|inst5                                 ; |ULA|data_path:inst2|BANK_REG:inst1|H:inst10|REGISTER32bit:inst|REGISTER4bit:inst14|inst5                            ; regout           ;
; |ULA|data_path:inst2|BANK_REG:inst1|PC:inst4|REGISTER32bit:inst|REGISTER4bit:inst14|inst5                                 ; |ULA|data_path:inst2|BANK_REG:inst1|PC:inst4|REGISTER32bit:inst|REGISTER4bit:inst14|inst5                            ; regout           ;
; |ULA|data_path:inst2|BANK_REG:inst1|CPP:inst6|REGISTER32bit:inst|REGISTER4bit:inst14|inst5                                ; |ULA|data_path:inst2|BANK_REG:inst1|CPP:inst6|REGISTER32bit:inst|REGISTER4bit:inst14|inst5                           ; regout           ;
; |ULA|data_path:inst2|BANK_REG:inst1|LV:inst2|REGISTER32bit:inst|REGISTER4bit:inst14|inst5                                 ; |ULA|data_path:inst2|BANK_REG:inst1|LV:inst2|REGISTER32bit:inst|REGISTER4bit:inst14|inst5                            ; regout           ;
; |ULA|data_path:inst2|BANK_REG:inst1|TOS:inst7|REGISTER32bit:inst|REGISTER4bit:inst14|inst5                                ; |ULA|data_path:inst2|BANK_REG:inst1|TOS:inst7|REGISTER32bit:inst|REGISTER4bit:inst14|inst5                           ; regout           ;
; |ULA|data_path:inst2|BANK_REG:inst1|OPC:inst8|REGISTER32bit:inst|REGISTER4bit:inst14|inst5                                ; |ULA|data_path:inst2|BANK_REG:inst1|OPC:inst8|REGISTER32bit:inst|REGISTER4bit:inst14|inst5                           ; regout           ;
; |ULA|data_path:inst2|BANK_REG:inst1|MDR:inst3|REGISTER32bit:inst1|REGISTER4bit:inst14|inst5                               ; |ULA|data_path:inst2|BANK_REG:inst1|MDR:inst3|REGISTER32bit:inst1|REGISTER4bit:inst14|inst5                          ; regout           ;
; |ULA|data_path:inst2|BANK_REG:inst1|H:inst10|REGISTER32bit:inst|REGISTER4bit:inst14|inst                                  ; |ULA|data_path:inst2|BANK_REG:inst1|H:inst10|REGISTER32bit:inst|REGISTER4bit:inst14|inst                             ; regout           ;
; |ULA|data_path:inst2|BANK_REG:inst1|PC:inst4|REGISTER32bit:inst|REGISTER4bit:inst14|inst                                  ; |ULA|data_path:inst2|BANK_REG:inst1|PC:inst4|REGISTER32bit:inst|REGISTER4bit:inst14|inst                             ; regout           ;
; |ULA|data_path:inst2|BANK_REG:inst1|CPP:inst6|REGISTER32bit:inst|REGISTER4bit:inst14|inst                                 ; |ULA|data_path:inst2|BANK_REG:inst1|CPP:inst6|REGISTER32bit:inst|REGISTER4bit:inst14|inst                            ; regout           ;
; |ULA|data_path:inst2|BANK_REG:inst1|LV:inst2|REGISTER32bit:inst|REGISTER4bit:inst14|inst                                  ; |ULA|data_path:inst2|BANK_REG:inst1|LV:inst2|REGISTER32bit:inst|REGISTER4bit:inst14|inst                             ; regout           ;
; |ULA|data_path:inst2|BANK_REG:inst1|TOS:inst7|REGISTER32bit:inst|REGISTER4bit:inst14|inst                                 ; |ULA|data_path:inst2|BANK_REG:inst1|TOS:inst7|REGISTER32bit:inst|REGISTER4bit:inst14|inst                            ; regout           ;
; |ULA|data_path:inst2|BANK_REG:inst1|OPC:inst8|REGISTER32bit:inst|REGISTER4bit:inst14|inst                                 ; |ULA|data_path:inst2|BANK_REG:inst1|OPC:inst8|REGISTER32bit:inst|REGISTER4bit:inst14|inst                            ; regout           ;
; |ULA|data_path:inst2|BANK_REG:inst1|MDR:inst3|REGISTER32bit:inst1|REGISTER4bit:inst14|inst                                ; |ULA|data_path:inst2|BANK_REG:inst1|MDR:inst3|REGISTER32bit:inst1|REGISTER4bit:inst14|inst                           ; regout           ;
; |ULA|data_path:inst2|BANK_REG:inst1|H:inst10|REGISTER32bit:inst|REGISTER4bit:inst2|inst20                                 ; |ULA|data_path:inst2|BANK_REG:inst1|H:inst10|REGISTER32bit:inst|REGISTER4bit:inst2|inst20                            ; regout           ;
; |ULA|data_path:inst2|BANK_REG:inst1|PC:inst4|REGISTER32bit:inst|REGISTER4bit:inst2|inst20                                 ; |ULA|data_path:inst2|BANK_REG:inst1|PC:inst4|REGISTER32bit:inst|REGISTER4bit:inst2|inst20                            ; regout           ;
; |ULA|data_path:inst2|BANK_REG:inst1|CPP:inst6|REGISTER32bit:inst|REGISTER4bit:inst2|inst20                                ; |ULA|data_path:inst2|BANK_REG:inst1|CPP:inst6|REGISTER32bit:inst|REGISTER4bit:inst2|inst20                           ; regout           ;
; |ULA|data_path:inst2|BANK_REG:inst1|LV:inst2|REGISTER32bit:inst|REGISTER4bit:inst2|inst20                                 ; |ULA|data_path:inst2|BANK_REG:inst1|LV:inst2|REGISTER32bit:inst|REGISTER4bit:inst2|inst20                            ; regout           ;
; |ULA|data_path:inst2|BANK_REG:inst1|TOS:inst7|REGISTER32bit:inst|REGISTER4bit:inst2|inst20                                ; |ULA|data_path:inst2|BANK_REG:inst1|TOS:inst7|REGISTER32bit:inst|REGISTER4bit:inst2|inst20                           ; regout           ;
; |ULA|data_path:inst2|BANK_REG:inst1|OPC:inst8|REGISTER32bit:inst|REGISTER4bit:inst2|inst20                                ; |ULA|data_path:inst2|BANK_REG:inst1|OPC:inst8|REGISTER32bit:inst|REGISTER4bit:inst2|inst20                           ; regout           ;
; |ULA|data_path:inst2|BANK_REG:inst1|MDR:inst3|REGISTER32bit:inst1|REGISTER4bit:inst2|inst20                               ; |ULA|data_path:inst2|BANK_REG:inst1|MDR:inst3|REGISTER32bit:inst1|REGISTER4bit:inst2|inst20                          ; regout           ;
; |ULA|data_path:inst2|BANK_REG:inst1|H:inst10|REGISTER32bit:inst|REGISTER4bit:inst2|inst16                                 ; |ULA|data_path:inst2|BANK_REG:inst1|H:inst10|REGISTER32bit:inst|REGISTER4bit:inst2|inst16                            ; regout           ;
; |ULA|data_path:inst2|BANK_REG:inst1|PC:inst4|REGISTER32bit:inst|REGISTER4bit:inst2|inst16                                 ; |ULA|data_path:inst2|BANK_REG:inst1|PC:inst4|REGISTER32bit:inst|REGISTER4bit:inst2|inst16                            ; regout           ;
; |ULA|data_path:inst2|BANK_REG:inst1|CPP:inst6|REGISTER32bit:inst|REGISTER4bit:inst2|inst16                                ; |ULA|data_path:inst2|BANK_REG:inst1|CPP:inst6|REGISTER32bit:inst|REGISTER4bit:inst2|inst16                           ; regout           ;
; |ULA|data_path:inst2|BANK_REG:inst1|LV:inst2|REGISTER32bit:inst|REGISTER4bit:inst2|inst16                                 ; |ULA|data_path:inst2|BANK_REG:inst1|LV:inst2|REGISTER32bit:inst|REGISTER4bit:inst2|inst16                            ; regout           ;
; |ULA|data_path:inst2|BANK_REG:inst1|TOS:inst7|REGISTER32bit:inst|REGISTER4bit:inst2|inst16                                ; |ULA|data_path:inst2|BANK_REG:inst1|TOS:inst7|REGISTER32bit:inst|REGISTER4bit:inst2|inst16                           ; regout           ;
; |ULA|data_path:inst2|BANK_REG:inst1|OPC:inst8|REGISTER32bit:inst|REGISTER4bit:inst2|inst16                                ; |ULA|data_path:inst2|BANK_REG:inst1|OPC:inst8|REGISTER32bit:inst|REGISTER4bit:inst2|inst16                           ; regout           ;
; |ULA|data_path:inst2|BANK_REG:inst1|MDR:inst3|REGISTER32bit:inst1|REGISTER4bit:inst2|inst16                               ; |ULA|data_path:inst2|BANK_REG:inst1|MDR:inst3|REGISTER32bit:inst1|REGISTER4bit:inst2|inst16                          ; regout           ;
; |ULA|data_path:inst2|BANK_REG:inst1|H:inst10|REGISTER32bit:inst|REGISTER4bit:inst2|inst5                                  ; |ULA|data_path:inst2|BANK_REG:inst1|H:inst10|REGISTER32bit:inst|REGISTER4bit:inst2|inst5                             ; regout           ;
; |ULA|data_path:inst2|BANK_REG:inst1|PC:inst4|REGISTER32bit:inst|REGISTER4bit:inst2|inst5                                  ; |ULA|data_path:inst2|BANK_REG:inst1|PC:inst4|REGISTER32bit:inst|REGISTER4bit:inst2|inst5                             ; regout           ;
; |ULA|data_path:inst2|BANK_REG:inst1|CPP:inst6|REGISTER32bit:inst|REGISTER4bit:inst2|inst5                                 ; |ULA|data_path:inst2|BANK_REG:inst1|CPP:inst6|REGISTER32bit:inst|REGISTER4bit:inst2|inst5                            ; regout           ;
; |ULA|data_path:inst2|BANK_REG:inst1|LV:inst2|REGISTER32bit:inst|REGISTER4bit:inst2|inst5                                  ; |ULA|data_path:inst2|BANK_REG:inst1|LV:inst2|REGISTER32bit:inst|REGISTER4bit:inst2|inst5                             ; regout           ;
; |ULA|data_path:inst2|BANK_REG:inst1|TOS:inst7|REGISTER32bit:inst|REGISTER4bit:inst2|inst5                                 ; |ULA|data_path:inst2|BANK_REG:inst1|TOS:inst7|REGISTER32bit:inst|REGISTER4bit:inst2|inst5                            ; regout           ;
; |ULA|data_path:inst2|BANK_REG:inst1|OPC:inst8|REGISTER32bit:inst|REGISTER4bit:inst2|inst5                                 ; |ULA|data_path:inst2|BANK_REG:inst1|OPC:inst8|REGISTER32bit:inst|REGISTER4bit:inst2|inst5                            ; regout           ;
; |ULA|data_path:inst2|BANK_REG:inst1|MDR:inst3|REGISTER32bit:inst1|REGISTER4bit:inst2|inst5                                ; |ULA|data_path:inst2|BANK_REG:inst1|MDR:inst3|REGISTER32bit:inst1|REGISTER4bit:inst2|inst5                           ; regout           ;
; |ULA|data_path:inst2|BANK_REG:inst1|H:inst10|REGISTER32bit:inst|REGISTER4bit:inst2|inst                                   ; |ULA|data_path:inst2|BANK_REG:inst1|H:inst10|REGISTER32bit:inst|REGISTER4bit:inst2|inst                              ; regout           ;
; |ULA|data_path:inst2|BANK_REG:inst1|PC:inst4|REGISTER32bit:inst|REGISTER4bit:inst2|inst                                   ; |ULA|data_path:inst2|BANK_REG:inst1|PC:inst4|REGISTER32bit:inst|REGISTER4bit:inst2|inst                              ; regout           ;
; |ULA|data_path:inst2|BANK_REG:inst1|CPP:inst6|REGISTER32bit:inst|REGISTER4bit:inst2|inst                                  ; |ULA|data_path:inst2|BANK_REG:inst1|CPP:inst6|REGISTER32bit:inst|REGISTER4bit:inst2|inst                             ; regout           ;
; |ULA|data_path:inst2|BANK_REG:inst1|LV:inst2|REGISTER32bit:inst|REGISTER4bit:inst2|inst                                   ; |ULA|data_path:inst2|BANK_REG:inst1|LV:inst2|REGISTER32bit:inst|REGISTER4bit:inst2|inst                              ; regout           ;
; |ULA|data_path:inst2|BANK_REG:inst1|TOS:inst7|REGISTER32bit:inst|REGISTER4bit:inst2|inst                                  ; |ULA|data_path:inst2|BANK_REG:inst1|TOS:inst7|REGISTER32bit:inst|REGISTER4bit:inst2|inst                             ; regout           ;
; |ULA|data_path:inst2|BANK_REG:inst1|OPC:inst8|REGISTER32bit:inst|REGISTER4bit:inst2|inst                                  ; |ULA|data_path:inst2|BANK_REG:inst1|OPC:inst8|REGISTER32bit:inst|REGISTER4bit:inst2|inst                             ; regout           ;
; |ULA|data_path:inst2|BANK_REG:inst1|MDR:inst3|REGISTER32bit:inst1|REGISTER4bit:inst2|inst                                 ; |ULA|data_path:inst2|BANK_REG:inst1|MDR:inst3|REGISTER32bit:inst1|REGISTER4bit:inst2|inst                            ; regout           ;
; |ULA|data_path:inst2|BANK_REG:inst1|H:inst10|REGISTER32bit:inst|REGISTER4bit:inst3|inst20                                 ; |ULA|data_path:inst2|BANK_REG:inst1|H:inst10|REGISTER32bit:inst|REGISTER4bit:inst3|inst20                            ; regout           ;
; |ULA|data_path:inst2|BANK_REG:inst1|PC:inst4|REGISTER32bit:inst|REGISTER4bit:inst3|inst20                                 ; |ULA|data_path:inst2|BANK_REG:inst1|PC:inst4|REGISTER32bit:inst|REGISTER4bit:inst3|inst20                            ; regout           ;
; |ULA|data_path:inst2|BANK_REG:inst1|CPP:inst6|REGISTER32bit:inst|REGISTER4bit:inst3|inst20                                ; |ULA|data_path:inst2|BANK_REG:inst1|CPP:inst6|REGISTER32bit:inst|REGISTER4bit:inst3|inst20                           ; regout           ;
; |ULA|data_path:inst2|BANK_REG:inst1|LV:inst2|REGISTER32bit:inst|REGISTER4bit:inst3|inst20                                 ; |ULA|data_path:inst2|BANK_REG:inst1|LV:inst2|REGISTER32bit:inst|REGISTER4bit:inst3|inst20                            ; regout           ;
; |ULA|data_path:inst2|BANK_REG:inst1|TOS:inst7|REGISTER32bit:inst|REGISTER4bit:inst3|inst20                                ; |ULA|data_path:inst2|BANK_REG:inst1|TOS:inst7|REGISTER32bit:inst|REGISTER4bit:inst3|inst20                           ; regout           ;
; |ULA|data_path:inst2|BANK_REG:inst1|OPC:inst8|REGISTER32bit:inst|REGISTER4bit:inst3|inst20                                ; |ULA|data_path:inst2|BANK_REG:inst1|OPC:inst8|REGISTER32bit:inst|REGISTER4bit:inst3|inst20                           ; regout           ;
; |ULA|data_path:inst2|BANK_REG:inst1|MDR:inst3|REGISTER32bit:inst1|REGISTER4bit:inst3|inst20                               ; |ULA|data_path:inst2|BANK_REG:inst1|MDR:inst3|REGISTER32bit:inst1|REGISTER4bit:inst3|inst20                          ; regout           ;
; |ULA|data_path:inst2|BANK_REG:inst1|H:inst10|REGISTER32bit:inst|REGISTER4bit:inst3|inst16                                 ; |ULA|data_path:inst2|BANK_REG:inst1|H:inst10|REGISTER32bit:inst|REGISTER4bit:inst3|inst16                            ; regout           ;
; |ULA|data_path:inst2|BANK_REG:inst1|PC:inst4|REGISTER32bit:inst|REGISTER4bit:inst3|inst16                                 ; |ULA|data_path:inst2|BANK_REG:inst1|PC:inst4|REGISTER32bit:inst|REGISTER4bit:inst3|inst16                            ; regout           ;
; |ULA|data_path:inst2|BANK_REG:inst1|CPP:inst6|REGISTER32bit:inst|REGISTER4bit:inst3|inst16                                ; |ULA|data_path:inst2|BANK_REG:inst1|CPP:inst6|REGISTER32bit:inst|REGISTER4bit:inst3|inst16                           ; regout           ;
; |ULA|data_path:inst2|BANK_REG:inst1|LV:inst2|REGISTER32bit:inst|REGISTER4bit:inst3|inst16                                 ; |ULA|data_path:inst2|BANK_REG:inst1|LV:inst2|REGISTER32bit:inst|REGISTER4bit:inst3|inst16                            ; regout           ;
; |ULA|data_path:inst2|BANK_REG:inst1|TOS:inst7|REGISTER32bit:inst|REGISTER4bit:inst3|inst16                                ; |ULA|data_path:inst2|BANK_REG:inst1|TOS:inst7|REGISTER32bit:inst|REGISTER4bit:inst3|inst16                           ; regout           ;
; |ULA|data_path:inst2|BANK_REG:inst1|OPC:inst8|REGISTER32bit:inst|REGISTER4bit:inst3|inst16                                ; |ULA|data_path:inst2|BANK_REG:inst1|OPC:inst8|REGISTER32bit:inst|REGISTER4bit:inst3|inst16                           ; regout           ;
; |ULA|data_path:inst2|BANK_REG:inst1|MDR:inst3|REGISTER32bit:inst1|REGISTER4bit:inst3|inst16                               ; |ULA|data_path:inst2|BANK_REG:inst1|MDR:inst3|REGISTER32bit:inst1|REGISTER4bit:inst3|inst16                          ; regout           ;
; |ULA|data_path:inst2|BANK_REG:inst1|H:inst10|REGISTER32bit:inst|REGISTER4bit:inst3|inst5                                  ; |ULA|data_path:inst2|BANK_REG:inst1|H:inst10|REGISTER32bit:inst|REGISTER4bit:inst3|inst5                             ; regout           ;
; |ULA|data_path:inst2|BANK_REG:inst1|PC:inst4|REGISTER32bit:inst|REGISTER4bit:inst3|inst5                                  ; |ULA|data_path:inst2|BANK_REG:inst1|PC:inst4|REGISTER32bit:inst|REGISTER4bit:inst3|inst5                             ; regout           ;
; |ULA|data_path:inst2|BANK_REG:inst1|CPP:inst6|REGISTER32bit:inst|REGISTER4bit:inst3|inst5                                 ; |ULA|data_path:inst2|BANK_REG:inst1|CPP:inst6|REGISTER32bit:inst|REGISTER4bit:inst3|inst5                            ; regout           ;
; |ULA|data_path:inst2|BANK_REG:inst1|LV:inst2|REGISTER32bit:inst|REGISTER4bit:inst3|inst5                                  ; |ULA|data_path:inst2|BANK_REG:inst1|LV:inst2|REGISTER32bit:inst|REGISTER4bit:inst3|inst5                             ; regout           ;
; |ULA|data_path:inst2|BANK_REG:inst1|TOS:inst7|REGISTER32bit:inst|REGISTER4bit:inst3|inst5                                 ; |ULA|data_path:inst2|BANK_REG:inst1|TOS:inst7|REGISTER32bit:inst|REGISTER4bit:inst3|inst5                            ; regout           ;
; |ULA|data_path:inst2|BANK_REG:inst1|OPC:inst8|REGISTER32bit:inst|REGISTER4bit:inst3|inst5                                 ; |ULA|data_path:inst2|BANK_REG:inst1|OPC:inst8|REGISTER32bit:inst|REGISTER4bit:inst3|inst5                            ; regout           ;
; |ULA|data_path:inst2|BANK_REG:inst1|MDR:inst3|REGISTER32bit:inst1|REGISTER4bit:inst3|inst5                                ; |ULA|data_path:inst2|BANK_REG:inst1|MDR:inst3|REGISTER32bit:inst1|REGISTER4bit:inst3|inst5                           ; regout           ;
; |ULA|data_path:inst2|BANK_REG:inst1|H:inst10|REGISTER32bit:inst|REGISTER4bit:inst3|inst                                   ; |ULA|data_path:inst2|BANK_REG:inst1|H:inst10|REGISTER32bit:inst|REGISTER4bit:inst3|inst                              ; regout           ;
; |ULA|data_path:inst2|BANK_REG:inst1|PC:inst4|REGISTER32bit:inst|REGISTER4bit:inst3|inst                                   ; |ULA|data_path:inst2|BANK_REG:inst1|PC:inst4|REGISTER32bit:inst|REGISTER4bit:inst3|inst                              ; regout           ;
; |ULA|data_path:inst2|BANK_REG:inst1|CPP:inst6|REGISTER32bit:inst|REGISTER4bit:inst3|inst                                  ; |ULA|data_path:inst2|BANK_REG:inst1|CPP:inst6|REGISTER32bit:inst|REGISTER4bit:inst3|inst                             ; regout           ;
; |ULA|data_path:inst2|BANK_REG:inst1|LV:inst2|REGISTER32bit:inst|REGISTER4bit:inst3|inst                                   ; |ULA|data_path:inst2|BANK_REG:inst1|LV:inst2|REGISTER32bit:inst|REGISTER4bit:inst3|inst                              ; regout           ;
; |ULA|data_path:inst2|BANK_REG:inst1|TOS:inst7|REGISTER32bit:inst|REGISTER4bit:inst3|inst                                  ; |ULA|data_path:inst2|BANK_REG:inst1|TOS:inst7|REGISTER32bit:inst|REGISTER4bit:inst3|inst                             ; regout           ;
; |ULA|data_path:inst2|BANK_REG:inst1|OPC:inst8|REGISTER32bit:inst|REGISTER4bit:inst3|inst                                  ; |ULA|data_path:inst2|BANK_REG:inst1|OPC:inst8|REGISTER32bit:inst|REGISTER4bit:inst3|inst                             ; regout           ;
; |ULA|data_path:inst2|BANK_REG:inst1|MDR:inst3|REGISTER32bit:inst1|REGISTER4bit:inst3|inst                                 ; |ULA|data_path:inst2|BANK_REG:inst1|MDR:inst3|REGISTER32bit:inst1|REGISTER4bit:inst3|inst                            ; regout           ;
; |ULA|data_path:inst2|BANK_REG:inst1|H:inst10|REGISTER32bit:inst|REGISTER4bit:inst1|inst                                   ; |ULA|data_path:inst2|BANK_REG:inst1|H:inst10|REGISTER32bit:inst|REGISTER4bit:inst1|inst                              ; regout           ;
; |ULA|data_path:inst2|BANK_REG:inst1|PC:inst4|REGISTER32bit:inst|REGISTER4bit:inst1|inst                                   ; |ULA|data_path:inst2|BANK_REG:inst1|PC:inst4|REGISTER32bit:inst|REGISTER4bit:inst1|inst                              ; regout           ;
; |ULA|data_path:inst2|BANK_REG:inst1|LV:inst2|REGISTER32bit:inst|REGISTER4bit:inst1|inst                                   ; |ULA|data_path:inst2|BANK_REG:inst1|LV:inst2|REGISTER32bit:inst|REGISTER4bit:inst1|inst                              ; regout           ;
; |ULA|data_path:inst2|BANK_REG:inst1|TOS:inst7|REGISTER32bit:inst|REGISTER4bit:inst1|inst                                  ; |ULA|data_path:inst2|BANK_REG:inst1|TOS:inst7|REGISTER32bit:inst|REGISTER4bit:inst1|inst                             ; regout           ;
; |ULA|data_path:inst2|BANK_REG:inst1|CPP:inst6|REGISTER32bit:inst|REGISTER4bit:inst1|inst                                  ; |ULA|data_path:inst2|BANK_REG:inst1|CPP:inst6|REGISTER32bit:inst|REGISTER4bit:inst1|inst                             ; regout           ;
; |ULA|data_path:inst2|BANK_REG:inst1|MDR:inst3|REGISTER32bit:inst1|REGISTER4bit:inst1|inst                                 ; |ULA|data_path:inst2|BANK_REG:inst1|MDR:inst3|REGISTER32bit:inst1|REGISTER4bit:inst1|inst                            ; regout           ;
; |ULA|data_path:inst2|BANK_REG:inst1|OPC:inst8|REGISTER32bit:inst|REGISTER4bit:inst1|inst                                  ; |ULA|data_path:inst2|BANK_REG:inst1|OPC:inst8|REGISTER32bit:inst|REGISTER4bit:inst1|inst                             ; regout           ;
; |ULA|data_path:inst2|BANK_REG:inst1|H:inst10|REGISTER32bit:inst|REGISTER4bit:inst1|inst5                                  ; |ULA|data_path:inst2|BANK_REG:inst1|H:inst10|REGISTER32bit:inst|REGISTER4bit:inst1|inst5                             ; regout           ;
; |ULA|data_path:inst2|BANK_REG:inst1|PC:inst4|REGISTER32bit:inst|REGISTER4bit:inst1|inst5                                  ; |ULA|data_path:inst2|BANK_REG:inst1|PC:inst4|REGISTER32bit:inst|REGISTER4bit:inst1|inst5                             ; regout           ;
; |ULA|data_path:inst2|BANK_REG:inst1|CPP:inst6|REGISTER32bit:inst|REGISTER4bit:inst1|inst5                                 ; |ULA|data_path:inst2|BANK_REG:inst1|CPP:inst6|REGISTER32bit:inst|REGISTER4bit:inst1|inst5                            ; regout           ;
; |ULA|data_path:inst2|BANK_REG:inst1|LV:inst2|REGISTER32bit:inst|REGISTER4bit:inst1|inst5                                  ; |ULA|data_path:inst2|BANK_REG:inst1|LV:inst2|REGISTER32bit:inst|REGISTER4bit:inst1|inst5                             ; regout           ;
; |ULA|data_path:inst2|BANK_REG:inst1|TOS:inst7|REGISTER32bit:inst|REGISTER4bit:inst1|inst5                                 ; |ULA|data_path:inst2|BANK_REG:inst1|TOS:inst7|REGISTER32bit:inst|REGISTER4bit:inst1|inst5                            ; regout           ;
; |ULA|data_path:inst2|BANK_REG:inst1|OPC:inst8|REGISTER32bit:inst|REGISTER4bit:inst1|inst5                                 ; |ULA|data_path:inst2|BANK_REG:inst1|OPC:inst8|REGISTER32bit:inst|REGISTER4bit:inst1|inst5                            ; regout           ;
; |ULA|data_path:inst2|BANK_REG:inst1|MDR:inst3|REGISTER32bit:inst1|REGISTER4bit:inst1|inst5                                ; |ULA|data_path:inst2|BANK_REG:inst1|MDR:inst3|REGISTER32bit:inst1|REGISTER4bit:inst1|inst5                           ; regout           ;
; |ULA|data_path:inst2|BANK_REG:inst1|H:inst10|REGISTER32bit:inst|REGISTER4bit:inst1|inst16                                 ; |ULA|data_path:inst2|BANK_REG:inst1|H:inst10|REGISTER32bit:inst|REGISTER4bit:inst1|inst16                            ; regout           ;
; |ULA|data_path:inst2|BANK_REG:inst1|PC:inst4|REGISTER32bit:inst|REGISTER4bit:inst1|inst16                                 ; |ULA|data_path:inst2|BANK_REG:inst1|PC:inst4|REGISTER32bit:inst|REGISTER4bit:inst1|inst16                            ; regout           ;
; |ULA|data_path:inst2|BANK_REG:inst1|CPP:inst6|REGISTER32bit:inst|REGISTER4bit:inst1|inst16                                ; |ULA|data_path:inst2|BANK_REG:inst1|CPP:inst6|REGISTER32bit:inst|REGISTER4bit:inst1|inst16                           ; regout           ;
; |ULA|data_path:inst2|BANK_REG:inst1|LV:inst2|REGISTER32bit:inst|REGISTER4bit:inst1|inst16                                 ; |ULA|data_path:inst2|BANK_REG:inst1|LV:inst2|REGISTER32bit:inst|REGISTER4bit:inst1|inst16                            ; regout           ;
; |ULA|data_path:inst2|BANK_REG:inst1|TOS:inst7|REGISTER32bit:inst|REGISTER4bit:inst1|inst16                                ; |ULA|data_path:inst2|BANK_REG:inst1|TOS:inst7|REGISTER32bit:inst|REGISTER4bit:inst1|inst16                           ; regout           ;
; |ULA|data_path:inst2|BANK_REG:inst1|OPC:inst8|REGISTER32bit:inst|REGISTER4bit:inst1|inst16                                ; |ULA|data_path:inst2|BANK_REG:inst1|OPC:inst8|REGISTER32bit:inst|REGISTER4bit:inst1|inst16                           ; regout           ;
; |ULA|data_path:inst2|BANK_REG:inst1|MDR:inst3|REGISTER32bit:inst1|REGISTER4bit:inst1|inst16                               ; |ULA|data_path:inst2|BANK_REG:inst1|MDR:inst3|REGISTER32bit:inst1|REGISTER4bit:inst1|inst16                          ; regout           ;
; |ULA|data_path:inst2|BANK_REG:inst1|H:inst10|REGISTER32bit:inst|REGISTER4bit:inst1|inst20                                 ; |ULA|data_path:inst2|BANK_REG:inst1|H:inst10|REGISTER32bit:inst|REGISTER4bit:inst1|inst20                            ; regout           ;
; |ULA|data_path:inst2|BANK_REG:inst1|PC:inst4|REGISTER32bit:inst|REGISTER4bit:inst1|inst20                                 ; |ULA|data_path:inst2|BANK_REG:inst1|PC:inst4|REGISTER32bit:inst|REGISTER4bit:inst1|inst20                            ; regout           ;
; |ULA|data_path:inst2|BANK_REG:inst1|CPP:inst6|REGISTER32bit:inst|REGISTER4bit:inst1|inst20                                ; |ULA|data_path:inst2|BANK_REG:inst1|CPP:inst6|REGISTER32bit:inst|REGISTER4bit:inst1|inst20                           ; regout           ;
; |ULA|data_path:inst2|BANK_REG:inst1|LV:inst2|REGISTER32bit:inst|REGISTER4bit:inst1|inst20                                 ; |ULA|data_path:inst2|BANK_REG:inst1|LV:inst2|REGISTER32bit:inst|REGISTER4bit:inst1|inst20                            ; regout           ;
; |ULA|data_path:inst2|BANK_REG:inst1|TOS:inst7|REGISTER32bit:inst|REGISTER4bit:inst1|inst20                                ; |ULA|data_path:inst2|BANK_REG:inst1|TOS:inst7|REGISTER32bit:inst|REGISTER4bit:inst1|inst20                           ; regout           ;
; |ULA|data_path:inst2|BANK_REG:inst1|OPC:inst8|REGISTER32bit:inst|REGISTER4bit:inst1|inst20                                ; |ULA|data_path:inst2|BANK_REG:inst1|OPC:inst8|REGISTER32bit:inst|REGISTER4bit:inst1|inst20                           ; regout           ;
; |ULA|data_path:inst2|BANK_REG:inst1|MDR:inst3|REGISTER32bit:inst1|REGISTER4bit:inst1|inst20                               ; |ULA|data_path:inst2|BANK_REG:inst1|MDR:inst3|REGISTER32bit:inst1|REGISTER4bit:inst1|inst20                          ; regout           ;
; |ULA|data_path:inst2|BANK_REG:inst1|H:inst10|REGISTER32bit:inst|REGISTER4bit:inst|inst20                                  ; |ULA|data_path:inst2|BANK_REG:inst1|H:inst10|REGISTER32bit:inst|REGISTER4bit:inst|inst20                             ; regout           ;
; |ULA|data_path:inst2|BANK_REG:inst1|PC:inst4|REGISTER32bit:inst|REGISTER4bit:inst|inst20                                  ; |ULA|data_path:inst2|BANK_REG:inst1|PC:inst4|REGISTER32bit:inst|REGISTER4bit:inst|inst20                             ; regout           ;
; |ULA|data_path:inst2|BANK_REG:inst1|CPP:inst6|REGISTER32bit:inst|REGISTER4bit:inst|inst20                                 ; |ULA|data_path:inst2|BANK_REG:inst1|CPP:inst6|REGISTER32bit:inst|REGISTER4bit:inst|inst20                            ; regout           ;
; |ULA|data_path:inst2|BANK_REG:inst1|LV:inst2|REGISTER32bit:inst|REGISTER4bit:inst|inst20                                  ; |ULA|data_path:inst2|BANK_REG:inst1|LV:inst2|REGISTER32bit:inst|REGISTER4bit:inst|inst20                             ; regout           ;
; |ULA|data_path:inst2|BANK_REG:inst1|TOS:inst7|REGISTER32bit:inst|REGISTER4bit:inst|inst20                                 ; |ULA|data_path:inst2|BANK_REG:inst1|TOS:inst7|REGISTER32bit:inst|REGISTER4bit:inst|inst20                            ; regout           ;
; |ULA|data_path:inst2|BANK_REG:inst1|OPC:inst8|REGISTER32bit:inst|REGISTER4bit:inst|inst20                                 ; |ULA|data_path:inst2|BANK_REG:inst1|OPC:inst8|REGISTER32bit:inst|REGISTER4bit:inst|inst20                            ; regout           ;
; |ULA|data_path:inst2|BANK_REG:inst1|MBR:inst5|REGISTER32bit:inst|REGISTER4bit:inst|inst20                                 ; |ULA|data_path:inst2|BANK_REG:inst1|MBR:inst5|REGISTER32bit:inst|REGISTER4bit:inst|inst20                            ; regout           ;
; |ULA|data_path:inst2|BANK_REG:inst1|MDR:inst3|REGISTER32bit:inst1|REGISTER4bit:inst|inst20                                ; |ULA|data_path:inst2|BANK_REG:inst1|MDR:inst3|REGISTER32bit:inst1|REGISTER4bit:inst|inst20                           ; regout           ;
; |ULA|data_path:inst2|BANK_REG:inst1|MBR:inst5|REGISTER32bit:inst3|REGISTER4bit:inst|inst20                                ; |ULA|data_path:inst2|BANK_REG:inst1|MBR:inst5|REGISTER32bit:inst3|REGISTER4bit:inst|inst20                           ; regout           ;
; |ULA|data_path:inst2|BANK_REG:inst1|H:inst10|REGISTER32bit:inst|REGISTER4bit:inst|inst16                                  ; |ULA|data_path:inst2|BANK_REG:inst1|H:inst10|REGISTER32bit:inst|REGISTER4bit:inst|inst16                             ; regout           ;
; |ULA|data_path:inst2|BANK_REG:inst1|CPP:inst6|REGISTER32bit:inst|REGISTER4bit:inst|inst16                                 ; |ULA|data_path:inst2|BANK_REG:inst1|CPP:inst6|REGISTER32bit:inst|REGISTER4bit:inst|inst16                            ; regout           ;
; |ULA|data_path:inst2|BANK_REG:inst1|LV:inst2|REGISTER32bit:inst|REGISTER4bit:inst|inst16                                  ; |ULA|data_path:inst2|BANK_REG:inst1|LV:inst2|REGISTER32bit:inst|REGISTER4bit:inst|inst16                             ; regout           ;
; |ULA|data_path:inst2|BANK_REG:inst1|TOS:inst7|REGISTER32bit:inst|REGISTER4bit:inst|inst16                                 ; |ULA|data_path:inst2|BANK_REG:inst1|TOS:inst7|REGISTER32bit:inst|REGISTER4bit:inst|inst16                            ; regout           ;
; |ULA|data_path:inst2|BANK_REG:inst1|OPC:inst8|REGISTER32bit:inst|REGISTER4bit:inst|inst16                                 ; |ULA|data_path:inst2|BANK_REG:inst1|OPC:inst8|REGISTER32bit:inst|REGISTER4bit:inst|inst16                            ; regout           ;
; |ULA|data_path:inst2|BANK_REG:inst1|MDR:inst3|REGISTER32bit:inst1|REGISTER4bit:inst|inst16                                ; |ULA|data_path:inst2|BANK_REG:inst1|MDR:inst3|REGISTER32bit:inst1|REGISTER4bit:inst|inst16                           ; regout           ;
; |ULA|data_path:inst2|BANK_REG:inst1|H:inst10|REGISTER32bit:inst|REGISTER4bit:inst|inst5                                   ; |ULA|data_path:inst2|BANK_REG:inst1|H:inst10|REGISTER32bit:inst|REGISTER4bit:inst|inst5                              ; regout           ;
; |ULA|data_path:inst2|BANK_REG:inst1|CPP:inst6|REGISTER32bit:inst|REGISTER4bit:inst|inst5                                  ; |ULA|data_path:inst2|BANK_REG:inst1|CPP:inst6|REGISTER32bit:inst|REGISTER4bit:inst|inst5                             ; regout           ;
; |ULA|data_path:inst2|BANK_REG:inst1|LV:inst2|REGISTER32bit:inst|REGISTER4bit:inst|inst5                                   ; |ULA|data_path:inst2|BANK_REG:inst1|LV:inst2|REGISTER32bit:inst|REGISTER4bit:inst|inst5                              ; regout           ;
; |ULA|data_path:inst2|BANK_REG:inst1|TOS:inst7|REGISTER32bit:inst|REGISTER4bit:inst|inst5                                  ; |ULA|data_path:inst2|BANK_REG:inst1|TOS:inst7|REGISTER32bit:inst|REGISTER4bit:inst|inst5                             ; regout           ;
; |ULA|data_path:inst2|BANK_REG:inst1|OPC:inst8|REGISTER32bit:inst|REGISTER4bit:inst|inst5                                  ; |ULA|data_path:inst2|BANK_REG:inst1|OPC:inst8|REGISTER32bit:inst|REGISTER4bit:inst|inst5                             ; regout           ;
; |ULA|data_path:inst2|BANK_REG:inst1|MDR:inst3|REGISTER32bit:inst1|REGISTER4bit:inst|inst5                                 ; |ULA|data_path:inst2|BANK_REG:inst1|MDR:inst3|REGISTER32bit:inst1|REGISTER4bit:inst|inst5                            ; regout           ;
; |ULA|data_path:inst2|BANK_REG:inst1|H:inst10|REGISTER32bit:inst|REGISTER4bit:inst|inst                                    ; |ULA|data_path:inst2|BANK_REG:inst1|H:inst10|REGISTER32bit:inst|REGISTER4bit:inst|inst                               ; regout           ;
; |ULA|data_path:inst2|BANK_REG:inst1|MBR:inst5|REGISTER32bit:inst3|inst4[0]~112                                            ; |ULA|data_path:inst2|BANK_REG:inst1|MBR:inst5|REGISTER32bit:inst3|inst4[0]~112                                       ; combout          ;
; |ULA|data_path:inst2|BANK_REG:inst1|CPP:inst6|REGISTER32bit:inst|REGISTER4bit:inst|inst                                   ; |ULA|data_path:inst2|BANK_REG:inst1|CPP:inst6|REGISTER32bit:inst|REGISTER4bit:inst|inst                              ; regout           ;
; |ULA|data_path:inst2|BANK_REG:inst1|LV:inst2|REGISTER32bit:inst|REGISTER4bit:inst|inst                                    ; |ULA|data_path:inst2|BANK_REG:inst1|LV:inst2|REGISTER32bit:inst|REGISTER4bit:inst|inst                               ; regout           ;
; |ULA|data_path:inst2|BANK_REG:inst1|TOS:inst7|REGISTER32bit:inst|REGISTER4bit:inst|inst                                   ; |ULA|data_path:inst2|BANK_REG:inst1|TOS:inst7|REGISTER32bit:inst|REGISTER4bit:inst|inst                              ; regout           ;
; |ULA|data_path:inst2|BANK_REG:inst1|OPC:inst8|REGISTER32bit:inst|REGISTER4bit:inst|inst                                   ; |ULA|data_path:inst2|BANK_REG:inst1|OPC:inst8|REGISTER32bit:inst|REGISTER4bit:inst|inst                              ; regout           ;
; |ULA|data_path:inst2|BANK_REG:inst1|MDR:inst3|REGISTER32bit:inst1|REGISTER4bit:inst|inst                                  ; |ULA|data_path:inst2|BANK_REG:inst1|MDR:inst3|REGISTER32bit:inst1|REGISTER4bit:inst|inst                             ; regout           ;
; |ULA|data_path:inst2|BANK_REG:inst1|H:inst10|REGISTER32bit:inst|REGISTER4bit:inst11|inst20                                ; |ULA|data_path:inst2|BANK_REG:inst1|H:inst10|REGISTER32bit:inst|REGISTER4bit:inst11|inst20                           ; regout           ;
; |ULA|data_path:inst2|BANK_REG:inst1|PC:inst4|REGISTER32bit:inst|REGISTER4bit:inst11|inst20                                ; |ULA|data_path:inst2|BANK_REG:inst1|PC:inst4|REGISTER32bit:inst|REGISTER4bit:inst11|inst20                           ; regout           ;
; |ULA|data_path:inst2|BANK_REG:inst1|CPP:inst6|REGISTER32bit:inst|REGISTER4bit:inst11|inst20                               ; |ULA|data_path:inst2|BANK_REG:inst1|CPP:inst6|REGISTER32bit:inst|REGISTER4bit:inst11|inst20                          ; regout           ;
; |ULA|data_path:inst2|BANK_REG:inst1|LV:inst2|REGISTER32bit:inst|REGISTER4bit:inst11|inst20                                ; |ULA|data_path:inst2|BANK_REG:inst1|LV:inst2|REGISTER32bit:inst|REGISTER4bit:inst11|inst20                           ; regout           ;
; |ULA|data_path:inst2|BANK_REG:inst1|TOS:inst7|REGISTER32bit:inst|REGISTER4bit:inst11|inst20                               ; |ULA|data_path:inst2|BANK_REG:inst1|TOS:inst7|REGISTER32bit:inst|REGISTER4bit:inst11|inst20                          ; regout           ;
; |ULA|data_path:inst2|BANK_REG:inst1|OPC:inst8|REGISTER32bit:inst|REGISTER4bit:inst11|inst20                               ; |ULA|data_path:inst2|BANK_REG:inst1|OPC:inst8|REGISTER32bit:inst|REGISTER4bit:inst11|inst20                          ; regout           ;
; |ULA|data_path:inst2|BANK_REG:inst1|MDR:inst3|REGISTER32bit:inst1|REGISTER4bit:inst11|inst20                              ; |ULA|data_path:inst2|BANK_REG:inst1|MDR:inst3|REGISTER32bit:inst1|REGISTER4bit:inst11|inst20                         ; regout           ;
; |ULA|data_path:inst2|BANK_REG:inst1|PC:inst4|REGISTER32bit:inst|REGISTER4bit:inst15|inst16                                ; |ULA|data_path:inst2|BANK_REG:inst1|PC:inst4|REGISTER32bit:inst|REGISTER4bit:inst15|inst16                           ; regout           ;
; |ULA|data_path:inst2|BANK_REG:inst1|CPP:inst6|REGISTER32bit:inst|REGISTER4bit:inst15|inst16                               ; |ULA|data_path:inst2|BANK_REG:inst1|CPP:inst6|REGISTER32bit:inst|REGISTER4bit:inst15|inst16                          ; regout           ;
; |ULA|data_path:inst2|BANK_REG:inst1|LV:inst2|REGISTER32bit:inst|REGISTER4bit:inst15|inst16                                ; |ULA|data_path:inst2|BANK_REG:inst1|LV:inst2|REGISTER32bit:inst|REGISTER4bit:inst15|inst16                           ; regout           ;
; |ULA|data_path:inst2|BANK_REG:inst1|TOS:inst7|REGISTER32bit:inst|REGISTER4bit:inst15|inst16                               ; |ULA|data_path:inst2|BANK_REG:inst1|TOS:inst7|REGISTER32bit:inst|REGISTER4bit:inst15|inst16                          ; regout           ;
; |ULA|data_path:inst2|BANK_REG:inst1|OPC:inst8|REGISTER32bit:inst|REGISTER4bit:inst15|inst16                               ; |ULA|data_path:inst2|BANK_REG:inst1|OPC:inst8|REGISTER32bit:inst|REGISTER4bit:inst15|inst16                          ; regout           ;
; |ULA|data_path:inst2|BANK_REG:inst1|MDR:inst3|REGISTER32bit:inst1|REGISTER4bit:inst15|inst16                              ; |ULA|data_path:inst2|BANK_REG:inst1|MDR:inst3|REGISTER32bit:inst1|REGISTER4bit:inst15|inst16                         ; regout           ;
; |ULA|data_path:inst2|SHIFTER:inst2|decoder2to4:inst13|inst2~0                                                             ; |ULA|data_path:inst2|SHIFTER:inst2|decoder2to4:inst13|inst2~0                                                        ; combout          ;
; |ULA|data_path:inst2|SHIFTER:inst2|inst3[31]~0                                                                            ; |ULA|data_path:inst2|SHIFTER:inst2|inst3[31]~0                                                                       ; combout          ;
; |ULA|data_path:inst2|BANK_REG:inst1|MAR:inst|REGISTER32bit:inst|REGISTER4bit:inst16|inst5                                 ; |ULA|data_path:inst2|BANK_REG:inst1|MAR:inst|REGISTER32bit:inst|REGISTER4bit:inst16|inst5                            ; regout           ;
; |ULA|data_path:inst2|BANK_REG:inst1|MAR:inst|REGISTER32bit:inst|REGISTER4bit:inst16|inst16                                ; |ULA|data_path:inst2|BANK_REG:inst1|MAR:inst|REGISTER32bit:inst|REGISTER4bit:inst16|inst16                           ; regout           ;
; |ULA|data_path:inst2|BANK_REG:inst1|MAR:inst|REGISTER32bit:inst|REGISTER4bit:inst16|inst20                                ; |ULA|data_path:inst2|BANK_REG:inst1|MAR:inst|REGISTER32bit:inst|REGISTER4bit:inst16|inst20                           ; regout           ;
; |ULA|UNIDADE_CONTROLE:inst|MPC:inst2|inst5~0                                                                              ; |ULA|UNIDADE_CONTROLE:inst|MPC:inst2|inst5~0                                                                         ; combout          ;
; |ULA|UNIDADE_CONTROLE:inst|MPC:inst2|inst5                                                                                ; |ULA|UNIDADE_CONTROLE:inst|MPC:inst2|inst5                                                                           ; combout          ;
; |ULA|data_path:inst2|SHIFTER:inst2|inst2[31]                                                                              ; |ULA|data_path:inst2|SHIFTER:inst2|inst2[31]                                                                         ; combout          ;
; |ULA|data_path:inst2|BANK_REG:inst1|CPP:inst6|REGISTER32bit:inst|inst12                                                   ; |ULA|data_path:inst2|BANK_REG:inst1|CPP:inst6|REGISTER32bit:inst|inst12                                              ; combout          ;
; |ULA|data_path:inst2|BANK_REG:inst1|LV:inst2|REGISTER32bit:inst|inst12                                                    ; |ULA|data_path:inst2|BANK_REG:inst1|LV:inst2|REGISTER32bit:inst|inst12                                               ; combout          ;
; |ULA|data_path:inst2|BANK_REG:inst1|OPC:inst8|REGISTER32bit:inst|inst12                                                   ; |ULA|data_path:inst2|BANK_REG:inst1|OPC:inst8|REGISTER32bit:inst|inst12                                              ; combout          ;
; |ULA|C_BUS[30]                                                                                                            ; |ULA|C_BUS[30]                                                                                                       ; padio            ;
; |ULA|C_BUS[29]                                                                                                            ; |ULA|C_BUS[29]                                                                                                       ; padio            ;
; |ULA|C_BUS[27]                                                                                                            ; |ULA|C_BUS[27]                                                                                                       ; padio            ;
; |ULA|C_BUS[26]                                                                                                            ; |ULA|C_BUS[26]                                                                                                       ; padio            ;
; |ULA|C_BUS[25]                                                                                                            ; |ULA|C_BUS[25]                                                                                                       ; padio            ;
; |ULA|C_BUS[24]                                                                                                            ; |ULA|C_BUS[24]                                                                                                       ; padio            ;
; |ULA|C_BUS[23]                                                                                                            ; |ULA|C_BUS[23]                                                                                                       ; padio            ;
; |ULA|C_BUS[22]                                                                                                            ; |ULA|C_BUS[22]                                                                                                       ; padio            ;
; |ULA|C_BUS[21]                                                                                                            ; |ULA|C_BUS[21]                                                                                                       ; padio            ;
; |ULA|C_BUS[20]                                                                                                            ; |ULA|C_BUS[20]                                                                                                       ; padio            ;
; |ULA|C_BUS[19]                                                                                                            ; |ULA|C_BUS[19]                                                                                                       ; padio            ;
; |ULA|C_BUS[18]                                                                                                            ; |ULA|C_BUS[18]                                                                                                       ; padio            ;
; |ULA|C_BUS[17]                                                                                                            ; |ULA|C_BUS[17]                                                                                                       ; padio            ;
; |ULA|C_BUS[16]                                                                                                            ; |ULA|C_BUS[16]                                                                                                       ; padio            ;
; |ULA|C_BUS[15]                                                                                                            ; |ULA|C_BUS[15]                                                                                                       ; padio            ;
; |ULA|C_BUS[14]                                                                                                            ; |ULA|C_BUS[14]                                                                                                       ; padio            ;
; |ULA|C_BUS[13]                                                                                                            ; |ULA|C_BUS[13]                                                                                                       ; padio            ;
; |ULA|C_BUS[12]                                                                                                            ; |ULA|C_BUS[12]                                                                                                       ; padio            ;
; |ULA|C_BUS[11]                                                                                                            ; |ULA|C_BUS[11]                                                                                                       ; padio            ;
; |ULA|C_BUS[10]                                                                                                            ; |ULA|C_BUS[10]                                                                                                       ; padio            ;
; |ULA|C_BUS[9]                                                                                                             ; |ULA|C_BUS[9]                                                                                                        ; padio            ;
; |ULA|C_BUS[8]                                                                                                             ; |ULA|C_BUS[8]                                                                                                        ; padio            ;
; |ULA|C_BUS[7]                                                                                                             ; |ULA|C_BUS[7]                                                                                                        ; padio            ;
; |ULA|C_BUS[6]                                                                                                             ; |ULA|C_BUS[6]                                                                                                        ; padio            ;
; |ULA|C_BUS[5]                                                                                                             ; |ULA|C_BUS[5]                                                                                                        ; padio            ;
; |ULA|C_BUS[4]                                                                                                             ; |ULA|C_BUS[4]                                                                                                        ; padio            ;
; |ULA|C_BUS[3]                                                                                                             ; |ULA|C_BUS[3]                                                                                                        ; padio            ;
; |ULA|C_BUS[2]                                                                                                             ; |ULA|C_BUS[2]                                                                                                        ; padio            ;
; |ULA|C_BUS[1]                                                                                                             ; |ULA|C_BUS[1]                                                                                                        ; padio            ;
; |ULA|C_BUS[0]                                                                                                             ; |ULA|C_BUS[0]                                                                                                        ; padio            ;
; |ULA|DATA_MEN_ADDR[30]                                                                                                    ; |ULA|DATA_MEN_ADDR[30]                                                                                               ; padio            ;
; |ULA|DATA_MEN_ADDR[29]                                                                                                    ; |ULA|DATA_MEN_ADDR[29]                                                                                               ; padio            ;
; |ULA|DATA_MEN_ADDR[28]                                                                                                    ; |ULA|DATA_MEN_ADDR[28]                                                                                               ; padio            ;
; |ULA|DATA_MEN_OUT[31]                                                                                                     ; |ULA|DATA_MEN_OUT[31]                                                                                                ; padio            ;
; |ULA|DATA_MEN_OUT[30]                                                                                                     ; |ULA|DATA_MEN_OUT[30]                                                                                                ; padio            ;
; |ULA|DATA_MEN_OUT[29]                                                                                                     ; |ULA|DATA_MEN_OUT[29]                                                                                                ; padio            ;
; |ULA|DATA_MEN_OUT[28]                                                                                                     ; |ULA|DATA_MEN_OUT[28]                                                                                                ; padio            ;
; |ULA|DATA_MEN_OUT[27]                                                                                                     ; |ULA|DATA_MEN_OUT[27]                                                                                                ; padio            ;
; |ULA|DATA_MEN_OUT[26]                                                                                                     ; |ULA|DATA_MEN_OUT[26]                                                                                                ; padio            ;
; |ULA|DATA_MEN_OUT[25]                                                                                                     ; |ULA|DATA_MEN_OUT[25]                                                                                                ; padio            ;
; |ULA|DATA_MEN_OUT[24]                                                                                                     ; |ULA|DATA_MEN_OUT[24]                                                                                                ; padio            ;
; |ULA|DATA_MEN_OUT[23]                                                                                                     ; |ULA|DATA_MEN_OUT[23]                                                                                                ; padio            ;
; |ULA|DATA_MEN_OUT[22]                                                                                                     ; |ULA|DATA_MEN_OUT[22]                                                                                                ; padio            ;
; |ULA|DATA_MEN_OUT[21]                                                                                                     ; |ULA|DATA_MEN_OUT[21]                                                                                                ; padio            ;
; |ULA|DATA_MEN_OUT[20]                                                                                                     ; |ULA|DATA_MEN_OUT[20]                                                                                                ; padio            ;
; |ULA|DATA_MEN_OUT[19]                                                                                                     ; |ULA|DATA_MEN_OUT[19]                                                                                                ; padio            ;
; |ULA|DATA_MEN_OUT[18]                                                                                                     ; |ULA|DATA_MEN_OUT[18]                                                                                                ; padio            ;
; |ULA|DATA_MEN_OUT[17]                                                                                                     ; |ULA|DATA_MEN_OUT[17]                                                                                                ; padio            ;
; |ULA|DATA_MEN_OUT[16]                                                                                                     ; |ULA|DATA_MEN_OUT[16]                                                                                                ; padio            ;
; |ULA|DATA_MEN_OUT[15]                                                                                                     ; |ULA|DATA_MEN_OUT[15]                                                                                                ; padio            ;
; |ULA|DATA_MEN_OUT[14]                                                                                                     ; |ULA|DATA_MEN_OUT[14]                                                                                                ; padio            ;
; |ULA|DATA_MEN_OUT[13]                                                                                                     ; |ULA|DATA_MEN_OUT[13]                                                                                                ; padio            ;
; |ULA|DATA_MEN_OUT[12]                                                                                                     ; |ULA|DATA_MEN_OUT[12]                                                                                                ; padio            ;
; |ULA|DATA_MEN_OUT[11]                                                                                                     ; |ULA|DATA_MEN_OUT[11]                                                                                                ; padio            ;
; |ULA|DATA_MEN_OUT[10]                                                                                                     ; |ULA|DATA_MEN_OUT[10]                                                                                                ; padio            ;
; |ULA|DATA_MEN_OUT[9]                                                                                                      ; |ULA|DATA_MEN_OUT[9]                                                                                                 ; padio            ;
; |ULA|DATA_MEN_OUT[8]                                                                                                      ; |ULA|DATA_MEN_OUT[8]                                                                                                 ; padio            ;
; |ULA|DATA_MEN_OUT[7]                                                                                                      ; |ULA|DATA_MEN_OUT[7]                                                                                                 ; padio            ;
; |ULA|DATA_MEN_OUT[6]                                                                                                      ; |ULA|DATA_MEN_OUT[6]                                                                                                 ; padio            ;
; |ULA|DATA_MEN_OUT[5]                                                                                                      ; |ULA|DATA_MEN_OUT[5]                                                                                                 ; padio            ;
; |ULA|DATA_MEN_OUT[4]                                                                                                      ; |ULA|DATA_MEN_OUT[4]                                                                                                 ; padio            ;
; |ULA|DATA_MEN_OUT[3]                                                                                                      ; |ULA|DATA_MEN_OUT[3]                                                                                                 ; padio            ;
; |ULA|DATA_MEN_OUT[2]                                                                                                      ; |ULA|DATA_MEN_OUT[2]                                                                                                 ; padio            ;
; |ULA|DATA_MEN_OUT[1]                                                                                                      ; |ULA|DATA_MEN_OUT[1]                                                                                                 ; padio            ;
; |ULA|DATA_MEN_OUT[0]                                                                                                      ; |ULA|DATA_MEN_OUT[0]                                                                                                 ; padio            ;
; |ULA|MBR_OUT[3]                                                                                                           ; |ULA|MBR_OUT[3]                                                                                                      ; padio            ;
; |ULA|MIR[35]                                                                                                              ; |ULA|MIR[35]                                                                                                         ; padio            ;
; |ULA|MIR[34]                                                                                                              ; |ULA|MIR[34]                                                                                                         ; padio            ;
; |ULA|MIR[33]                                                                                                              ; |ULA|MIR[33]                                                                                                         ; padio            ;
; |ULA|MIR[31]                                                                                                              ; |ULA|MIR[31]                                                                                                         ; padio            ;
; |ULA|MIR[25]                                                                                                              ; |ULA|MIR[25]                                                                                                         ; padio            ;
; |ULA|MIR[24]                                                                                                              ; |ULA|MIR[24]                                                                                                         ; padio            ;
; |ULA|MIR[23]                                                                                                              ; |ULA|MIR[23]                                                                                                         ; padio            ;
; |ULA|MIR[22]                                                                                                              ; |ULA|MIR[22]                                                                                                         ; padio            ;
; |ULA|MIR[14]                                                                                                              ; |ULA|MIR[14]                                                                                                         ; padio            ;
; |ULA|MIR[12]                                                                                                              ; |ULA|MIR[12]                                                                                                         ; padio            ;
; |ULA|MIR[11]                                                                                                              ; |ULA|MIR[11]                                                                                                         ; padio            ;
; |ULA|MIR[3]                                                                                                               ; |ULA|MIR[3]                                                                                                          ; padio            ;
; |ULA|MPC[8]                                                                                                               ; |ULA|MPC[8]                                                                                                          ; padio            ;
; |ULA|PC[31]                                                                                                               ; |ULA|PC[31]                                                                                                          ; padio            ;
; |ULA|PC[30]                                                                                                               ; |ULA|PC[30]                                                                                                          ; padio            ;
; |ULA|PC[29]                                                                                                               ; |ULA|PC[29]                                                                                                          ; padio            ;
; |ULA|PC[28]                                                                                                               ; |ULA|PC[28]                                                                                                          ; padio            ;
; |ULA|PC[27]                                                                                                               ; |ULA|PC[27]                                                                                                          ; padio            ;
; |ULA|PC[26]                                                                                                               ; |ULA|PC[26]                                                                                                          ; padio            ;
; |ULA|PC[25]                                                                                                               ; |ULA|PC[25]                                                                                                          ; padio            ;
; |ULA|PC[24]                                                                                                               ; |ULA|PC[24]                                                                                                          ; padio            ;
; |ULA|PC[23]                                                                                                               ; |ULA|PC[23]                                                                                                          ; padio            ;
; |ULA|PC[22]                                                                                                               ; |ULA|PC[22]                                                                                                          ; padio            ;
; |ULA|PC[21]                                                                                                               ; |ULA|PC[21]                                                                                                          ; padio            ;
; |ULA|PC[20]                                                                                                               ; |ULA|PC[20]                                                                                                          ; padio            ;
; |ULA|PC[19]                                                                                                               ; |ULA|PC[19]                                                                                                          ; padio            ;
; |ULA|PC[18]                                                                                                               ; |ULA|PC[18]                                                                                                          ; padio            ;
; |ULA|PC[17]                                                                                                               ; |ULA|PC[17]                                                                                                          ; padio            ;
; |ULA|PC[16]                                                                                                               ; |ULA|PC[16]                                                                                                          ; padio            ;
; |ULA|PC[15]                                                                                                               ; |ULA|PC[15]                                                                                                          ; padio            ;
; |ULA|PC[14]                                                                                                               ; |ULA|PC[14]                                                                                                          ; padio            ;
; |ULA|PC[13]                                                                                                               ; |ULA|PC[13]                                                                                                          ; padio            ;
; |ULA|PC[12]                                                                                                               ; |ULA|PC[12]                                                                                                          ; padio            ;
; |ULA|PC[11]                                                                                                               ; |ULA|PC[11]                                                                                                          ; padio            ;
; |ULA|PC[10]                                                                                                               ; |ULA|PC[10]                                                                                                          ; padio            ;
; |ULA|PC[9]                                                                                                                ; |ULA|PC[9]                                                                                                           ; padio            ;
; |ULA|PC[8]                                                                                                                ; |ULA|PC[8]                                                                                                           ; padio            ;
; |ULA|PC[7]                                                                                                                ; |ULA|PC[7]                                                                                                           ; padio            ;
; |ULA|PC[6]                                                                                                                ; |ULA|PC[6]                                                                                                           ; padio            ;
; |ULA|PC[5]                                                                                                                ; |ULA|PC[5]                                                                                                           ; padio            ;
; |ULA|PC[4]                                                                                                                ; |ULA|PC[4]                                                                                                           ; padio            ;
; |ULA|PC[3]                                                                                                                ; |ULA|PC[3]                                                                                                           ; padio            ;
; |ULA|LOADN                                                                                                                ; |ULA|LOADN~corein                                                                                                    ; combout          ;
; |ULA|DATA_MEM_IN[24]                                                                                                      ; |ULA|DATA_MEM_IN[24]~corein                                                                                          ; combout          ;
; |ULA|DATA_MEM_IN[26]                                                                                                      ; |ULA|DATA_MEM_IN[26]~corein                                                                                          ; combout          ;
; |ULA|DATA_MEM_IN[27]                                                                                                      ; |ULA|DATA_MEM_IN[27]~corein                                                                                          ; combout          ;
; |ULA|DATA_MEM_IN[28]                                                                                                      ; |ULA|DATA_MEM_IN[28]~corein                                                                                          ; combout          ;
; |ULA|DATA_MEM_IN[29]                                                                                                      ; |ULA|DATA_MEM_IN[29]~corein                                                                                          ; combout          ;
; |ULA|DATA_MEM_IN[30]                                                                                                      ; |ULA|DATA_MEM_IN[30]~corein                                                                                          ; combout          ;
; |ULA|DATA_MEM_IN[31]                                                                                                      ; |ULA|DATA_MEM_IN[31]~corein                                                                                          ; combout          ;
; |ULA|DATA_MEM_IN[17]                                                                                                      ; |ULA|DATA_MEM_IN[17]~corein                                                                                          ; combout          ;
; |ULA|DATA_MEM_IN[18]                                                                                                      ; |ULA|DATA_MEM_IN[18]~corein                                                                                          ; combout          ;
; |ULA|DATA_MEM_IN[19]                                                                                                      ; |ULA|DATA_MEM_IN[19]~corein                                                                                          ; combout          ;
; |ULA|DATA_MEM_IN[20]                                                                                                      ; |ULA|DATA_MEM_IN[20]~corein                                                                                          ; combout          ;
; |ULA|DATA_MEM_IN[21]                                                                                                      ; |ULA|DATA_MEM_IN[21]~corein                                                                                          ; combout          ;
; |ULA|DATA_MEM_IN[22]                                                                                                      ; |ULA|DATA_MEM_IN[22]~corein                                                                                          ; combout          ;
; |ULA|DATA_MEM_IN[23]                                                                                                      ; |ULA|DATA_MEM_IN[23]~corein                                                                                          ; combout          ;
; |ULA|DATA_MEM_IN[8]                                                                                                       ; |ULA|DATA_MEM_IN[8]~corein                                                                                           ; combout          ;
; |ULA|DATA_MEM_IN[9]                                                                                                       ; |ULA|DATA_MEM_IN[9]~corein                                                                                           ; combout          ;
; |ULA|DATA_MEM_IN[10]                                                                                                      ; |ULA|DATA_MEM_IN[10]~corein                                                                                          ; combout          ;
; |ULA|DATA_MEM_IN[11]                                                                                                      ; |ULA|DATA_MEM_IN[11]~corein                                                                                          ; combout          ;
; |ULA|DATA_MEM_IN[12]                                                                                                      ; |ULA|DATA_MEM_IN[12]~corein                                                                                          ; combout          ;
; |ULA|DATA_MEM_IN[13]                                                                                                      ; |ULA|DATA_MEM_IN[13]~corein                                                                                          ; combout          ;
; |ULA|DATA_MEM_IN[14]                                                                                                      ; |ULA|DATA_MEM_IN[14]~corein                                                                                          ; combout          ;
; |ULA|DATA_MEM_IN[15]                                                                                                      ; |ULA|DATA_MEM_IN[15]~corein                                                                                          ; combout          ;
; |ULA|DATA_MEM_IN[7]                                                                                                       ; |ULA|DATA_MEM_IN[7]~corein                                                                                           ; combout          ;
; |ULA|DATA_MEM_IN[6]                                                                                                       ; |ULA|DATA_MEM_IN[6]~corein                                                                                           ; combout          ;
; |ULA|DATA_MEM_IN[5]                                                                                                       ; |ULA|DATA_MEM_IN[5]~corein                                                                                           ; combout          ;
; |ULA|PROG_MEM_IN[4]                                                                                                       ; |ULA|PROG_MEM_IN[4]~corein                                                                                           ; combout          ;
; |ULA|DATA_MEM_IN[4]                                                                                                       ; |ULA|DATA_MEM_IN[4]~corein                                                                                           ; combout          ;
; |ULA|PROG_MEM_IN[3]                                                                                                       ; |ULA|PROG_MEM_IN[3]~corein                                                                                           ; combout          ;
; |ULA|DATA_MEM_IN[3]                                                                                                       ; |ULA|DATA_MEM_IN[3]~corein                                                                                           ; combout          ;
; |ULA|PROG_MEM_IN[2]                                                                                                       ; |ULA|PROG_MEM_IN[2]~corein                                                                                           ; combout          ;
; |ULA|DATA_MEM_IN[2]                                                                                                       ; |ULA|DATA_MEM_IN[2]~corein                                                                                           ; combout          ;
; |ULA|DATA_MEM_IN[1]                                                                                                       ; |ULA|DATA_MEM_IN[1]~corein                                                                                           ; combout          ;
; |ULA|DATA_MEM_IN[0]                                                                                                       ; |ULA|DATA_MEM_IN[0]~corein                                                                                           ; combout          ;
; |ULA|DATA_MEM_IN[16]                                                                                                      ; |ULA|DATA_MEM_IN[16]~corein                                                                                          ; combout          ;
; |ULA|DATA_MEM_IN[25]                                                                                                      ; |ULA|DATA_MEM_IN[25]~corein                                                                                          ; combout          ;
; |ULA|data_path:inst2|BANK_REG:inst1|CPP:inst6|REGISTER32bit:inst|inst12~clkctrl                                           ; |ULA|data_path:inst2|BANK_REG:inst1|CPP:inst6|REGISTER32bit:inst|inst12~clkctrl                                      ; outclk           ;
; |ULA|data_path:inst2|BANK_REG:inst1|LV:inst2|REGISTER32bit:inst|inst12~clkctrl                                            ; |ULA|data_path:inst2|BANK_REG:inst1|LV:inst2|REGISTER32bit:inst|inst12~clkctrl                                       ; outclk           ;
; |ULA|data_path:inst2|BANK_REG:inst1|OPC:inst8|REGISTER32bit:inst|inst12~clkctrl                                           ; |ULA|data_path:inst2|BANK_REG:inst1|OPC:inst8|REGISTER32bit:inst|inst12~clkctrl                                      ; outclk           ;
; |ULA|LOADN~clkctrl                                                                                                        ; |ULA|LOADN~clkctrl                                                                                                   ; outclk           ;
+---------------------------------------------------------------------------------------------------------------------------+----------------------------------------------------------------------------------------------------------------------+------------------+


The following table displays output ports that do not toggle to 0 during simulation.
+---------------------------------------------------------------------------------------------------------------------------------------------------------------------------------------------------------------------------------------------------------------------+
; Missing 0-Value Coverage                                                                                                                                                                                                                                            ;
+---------------------------------------------------------------------------------------------------------------------------+----------------------------------------------------------------------------------------------------------------------+------------------+
; Node Name                                                                                                                 ; Output Port Name                                                                                                     ; Output Port Type ;
+---------------------------------------------------------------------------------------------------------------------------+----------------------------------------------------------------------------------------------------------------------+------------------+
; |ULA|UNIDADE_CONTROLE:inst|CONTROLSTORE:inst3|altsyncram:altsyncram_component|altsyncram_ds61:auto_generated|ram_block1a0 ; |ULA|UNIDADE_CONTROLE:inst|CONTROLSTORE:inst3|altsyncram:altsyncram_component|altsyncram_ds61:auto_generated|q_a[3]  ; portadataout2    ;
; |ULA|UNIDADE_CONTROLE:inst|CONTROLSTORE:inst3|altsyncram:altsyncram_component|altsyncram_ds61:auto_generated|ram_block1a0 ; |ULA|UNIDADE_CONTROLE:inst|CONTROLSTORE:inst3|altsyncram:altsyncram_component|altsyncram_ds61:auto_generated|q_a[22] ; portadataout7    ;
; |ULA|UNIDADE_CONTROLE:inst|CONTROLSTORE:inst3|altsyncram:altsyncram_component|altsyncram_ds61:auto_generated|ram_block1a0 ; |ULA|UNIDADE_CONTROLE:inst|CONTROLSTORE:inst3|altsyncram:altsyncram_component|altsyncram_ds61:auto_generated|q_a[23] ; portadataout8    ;
; |ULA|UNIDADE_CONTROLE:inst|CONTROLSTORE:inst3|altsyncram:altsyncram_component|altsyncram_ds61:auto_generated|ram_block1a2 ; |ULA|UNIDADE_CONTROLE:inst|CONTROLSTORE:inst3|altsyncram:altsyncram_component|altsyncram_ds61:auto_generated|q_a[31] ; portadataout4    ;
; |ULA|UNIDADE_CONTROLE:inst|CONTROLSTORE:inst3|altsyncram:altsyncram_component|altsyncram_ds61:auto_generated|ram_block1a2 ; |ULA|UNIDADE_CONTROLE:inst|CONTROLSTORE:inst3|altsyncram:altsyncram_component|altsyncram_ds61:auto_generated|q_a[33] ; portadataout6    ;
; |ULA|UNIDADE_CONTROLE:inst|CONTROLSTORE:inst3|altsyncram:altsyncram_component|altsyncram_ds61:auto_generated|ram_block1a2 ; |ULA|UNIDADE_CONTROLE:inst|CONTROLSTORE:inst3|altsyncram:altsyncram_component|altsyncram_ds61:auto_generated|q_a[34] ; portadataout7    ;
; |ULA|UNIDADE_CONTROLE:inst|CONTROLSTORE:inst3|altsyncram:altsyncram_component|altsyncram_ds61:auto_generated|ram_block1a2 ; |ULA|UNIDADE_CONTROLE:inst|CONTROLSTORE:inst3|altsyncram:altsyncram_component|altsyncram_ds61:auto_generated|q_a[35] ; portadataout8    ;
; |ULA|UNIDADE_CONTROLE:inst|CONTROLSTORE:inst3|altsyncram:altsyncram_component|altsyncram_ds61:auto_generated|ram_block1a7 ; |ULA|UNIDADE_CONTROLE:inst|CONTROLSTORE:inst3|altsyncram:altsyncram_component|altsyncram_ds61:auto_generated|q_a[11] ; portadataout4    ;
; |ULA|UNIDADE_CONTROLE:inst|CONTROLSTORE:inst3|altsyncram:altsyncram_component|altsyncram_ds61:auto_generated|ram_block1a7 ; |ULA|UNIDADE_CONTROLE:inst|CONTROLSTORE:inst3|altsyncram:altsyncram_component|altsyncram_ds61:auto_generated|q_a[12] ; portadataout5    ;
; |ULA|UNIDADE_CONTROLE:inst|CONTROLSTORE:inst3|altsyncram:altsyncram_component|altsyncram_ds61:auto_generated|ram_block1a7 ; |ULA|UNIDADE_CONTROLE:inst|CONTROLSTORE:inst3|altsyncram:altsyncram_component|altsyncram_ds61:auto_generated|q_a[14] ; portadataout7    ;
; |ULA|UNIDADE_CONTROLE:inst|CONTROLSTORE:inst3|altsyncram:altsyncram_component|altsyncram_ds61:auto_generated|ram_block1a4 ; |ULA|UNIDADE_CONTROLE:inst|CONTROLSTORE:inst3|altsyncram:altsyncram_component|altsyncram_ds61:auto_generated|q_a[24] ; portadataout3    ;
; |ULA|UNIDADE_CONTROLE:inst|CONTROLSTORE:inst3|altsyncram:altsyncram_component|altsyncram_ds61:auto_generated|ram_block1a4 ; |ULA|UNIDADE_CONTROLE:inst|CONTROLSTORE:inst3|altsyncram:altsyncram_component|altsyncram_ds61:auto_generated|q_a[25] ; portadataout4    ;
; |ULA|data_path:inst2|SHIFTER:inst2|inst1[31]~44                                                                           ; |ULA|data_path:inst2|SHIFTER:inst2|inst1[31]~44                                                                      ; combout          ;
; |ULA|data_path:inst2|BANK_REG:inst1|H:inst10|REGISTER32bit:inst|REGISTER4bit:inst15|inst20                                ; |ULA|data_path:inst2|BANK_REG:inst1|H:inst10|REGISTER32bit:inst|REGISTER4bit:inst15|inst20                           ; regout           ;
; |ULA|data_path:inst2|BANK_REG:inst1|MBR:inst5|REGISTER32bit:inst3|inst4[24]~0                                             ; |ULA|data_path:inst2|BANK_REG:inst1|MBR:inst5|REGISTER32bit:inst3|inst4[24]~0                                        ; combout          ;
; |ULA|data_path:inst2|BANK_REG:inst1|PC:inst4|REGISTER32bit:inst|REGISTER4bit:inst15|inst20                                ; |ULA|data_path:inst2|BANK_REG:inst1|PC:inst4|REGISTER32bit:inst|REGISTER4bit:inst15|inst20                           ; regout           ;
; |ULA|data_path:inst2|BANK_REG:inst1|SP:inst1|REGISTER32bit:inst|REGISTER4bit:inst15|inst20                                ; |ULA|data_path:inst2|BANK_REG:inst1|SP:inst1|REGISTER32bit:inst|REGISTER4bit:inst15|inst20                           ; regout           ;
; |ULA|data_path:inst2|BANK_REG:inst1|CPP:inst6|REGISTER32bit:inst|REGISTER4bit:inst15|inst20                               ; |ULA|data_path:inst2|BANK_REG:inst1|CPP:inst6|REGISTER32bit:inst|REGISTER4bit:inst15|inst20                          ; regout           ;
; |ULA|data_path:inst2|BANK_REG:inst1|CPP:inst6|inst6                                                                       ; |ULA|data_path:inst2|BANK_REG:inst1|CPP:inst6|inst6                                                                  ; combout          ;
; |ULA|data_path:inst2|BANK_REG:inst1|LV:inst2|REGISTER32bit:inst|REGISTER4bit:inst15|inst20                                ; |ULA|data_path:inst2|BANK_REG:inst1|LV:inst2|REGISTER32bit:inst|REGISTER4bit:inst15|inst20                           ; regout           ;
; |ULA|data_path:inst2|BANK_REG:inst1|MBR:inst5|REGISTER32bit:inst3|inst4[24]~2                                             ; |ULA|data_path:inst2|BANK_REG:inst1|MBR:inst5|REGISTER32bit:inst3|inst4[24]~2                                        ; combout          ;
; |ULA|data_path:inst2|BANK_REG:inst1|TOS:inst7|REGISTER32bit:inst|REGISTER4bit:inst15|inst20                               ; |ULA|data_path:inst2|BANK_REG:inst1|TOS:inst7|REGISTER32bit:inst|REGISTER4bit:inst15|inst20                          ; regout           ;
; |ULA|data_path:inst2|BANK_REG:inst1|OPC:inst8|inst8                                                                       ; |ULA|data_path:inst2|BANK_REG:inst1|OPC:inst8|inst8                                                                  ; combout          ;
; |ULA|data_path:inst2|BANK_REG:inst1|OPC:inst8|REGISTER32bit:inst|REGISTER4bit:inst15|inst20                               ; |ULA|data_path:inst2|BANK_REG:inst1|OPC:inst8|REGISTER32bit:inst|REGISTER4bit:inst15|inst20                          ; regout           ;
; |ULA|data_path:inst2|BANK_REG:inst1|MDR:inst3|REGISTER32bit:inst1|REGISTER4bit:inst15|inst20                              ; |ULA|data_path:inst2|BANK_REG:inst1|MDR:inst3|REGISTER32bit:inst1|REGISTER4bit:inst15|inst20                         ; regout           ;
; |ULA|data_path:inst2|BANK_REG:inst1|MBR:inst5|REGISTER32bit:inst3|inst4[24]~6                                             ; |ULA|data_path:inst2|BANK_REG:inst1|MBR:inst5|REGISTER32bit:inst3|inst4[24]~6                                        ; combout          ;
; |ULA|data_path:inst2|BANK_REG:inst1|H:inst10|REGISTER32bit:inst|REGISTER4bit:inst15|inst16                                ; |ULA|data_path:inst2|BANK_REG:inst1|H:inst10|REGISTER32bit:inst|REGISTER4bit:inst15|inst16                           ; regout           ;
; |ULA|data_path:inst2|BANK_REG:inst1|H:inst10|REGISTER32bit:inst|REGISTER4bit:inst15|inst5                                 ; |ULA|data_path:inst2|BANK_REG:inst1|H:inst10|REGISTER32bit:inst|REGISTER4bit:inst15|inst5                            ; regout           ;
; |ULA|data_path:inst2|BANK_REG:inst1|SP:inst1|REGISTER32bit:inst|REGISTER4bit:inst15|inst5                                 ; |ULA|data_path:inst2|BANK_REG:inst1|SP:inst1|REGISTER32bit:inst|REGISTER4bit:inst15|inst5                            ; regout           ;
; |ULA|data_path:inst2|BANK_REG:inst1|PC:inst4|REGISTER32bit:inst|REGISTER4bit:inst15|inst5                                 ; |ULA|data_path:inst2|BANK_REG:inst1|PC:inst4|REGISTER32bit:inst|REGISTER4bit:inst15|inst5                            ; regout           ;
; |ULA|data_path:inst2|BANK_REG:inst1|CPP:inst6|REGISTER32bit:inst|REGISTER4bit:inst15|inst5                                ; |ULA|data_path:inst2|BANK_REG:inst1|CPP:inst6|REGISTER32bit:inst|REGISTER4bit:inst15|inst5                           ; regout           ;
; |ULA|data_path:inst2|BANK_REG:inst1|LV:inst2|REGISTER32bit:inst|REGISTER4bit:inst15|inst5                                 ; |ULA|data_path:inst2|BANK_REG:inst1|LV:inst2|REGISTER32bit:inst|REGISTER4bit:inst15|inst5                            ; regout           ;
; |ULA|data_path:inst2|BANK_REG:inst1|TOS:inst7|REGISTER32bit:inst|REGISTER4bit:inst15|inst5                                ; |ULA|data_path:inst2|BANK_REG:inst1|TOS:inst7|REGISTER32bit:inst|REGISTER4bit:inst15|inst5                           ; regout           ;
; |ULA|data_path:inst2|BANK_REG:inst1|OPC:inst8|REGISTER32bit:inst|REGISTER4bit:inst15|inst5                                ; |ULA|data_path:inst2|BANK_REG:inst1|OPC:inst8|REGISTER32bit:inst|REGISTER4bit:inst15|inst5                           ; regout           ;
; |ULA|data_path:inst2|BANK_REG:inst1|MDR:inst3|REGISTER32bit:inst1|REGISTER4bit:inst15|inst5                               ; |ULA|data_path:inst2|BANK_REG:inst1|MDR:inst3|REGISTER32bit:inst1|REGISTER4bit:inst15|inst5                          ; regout           ;
; |ULA|data_path:inst2|BANK_REG:inst1|H:inst10|REGISTER32bit:inst|REGISTER4bit:inst15|inst                                  ; |ULA|data_path:inst2|BANK_REG:inst1|H:inst10|REGISTER32bit:inst|REGISTER4bit:inst15|inst                             ; regout           ;
; |ULA|data_path:inst2|BANK_REG:inst1|PC:inst4|REGISTER32bit:inst|REGISTER4bit:inst15|inst                                  ; |ULA|data_path:inst2|BANK_REG:inst1|PC:inst4|REGISTER32bit:inst|REGISTER4bit:inst15|inst                             ; regout           ;
; |ULA|data_path:inst2|BANK_REG:inst1|SP:inst1|REGISTER32bit:inst|REGISTER4bit:inst15|inst                                  ; |ULA|data_path:inst2|BANK_REG:inst1|SP:inst1|REGISTER32bit:inst|REGISTER4bit:inst15|inst                             ; regout           ;
; |ULA|data_path:inst2|BANK_REG:inst1|CPP:inst6|REGISTER32bit:inst|REGISTER4bit:inst15|inst                                 ; |ULA|data_path:inst2|BANK_REG:inst1|CPP:inst6|REGISTER32bit:inst|REGISTER4bit:inst15|inst                            ; regout           ;
; |ULA|data_path:inst2|BANK_REG:inst1|LV:inst2|REGISTER32bit:inst|REGISTER4bit:inst15|inst                                  ; |ULA|data_path:inst2|BANK_REG:inst1|LV:inst2|REGISTER32bit:inst|REGISTER4bit:inst15|inst                             ; regout           ;
; |ULA|data_path:inst2|BANK_REG:inst1|MBR:inst5|REGISTER32bit:inst3|inst4[27]~13                                            ; |ULA|data_path:inst2|BANK_REG:inst1|MBR:inst5|REGISTER32bit:inst3|inst4[27]~13                                       ; combout          ;
; |ULA|data_path:inst2|BANK_REG:inst1|TOS:inst7|REGISTER32bit:inst|REGISTER4bit:inst15|inst                                 ; |ULA|data_path:inst2|BANK_REG:inst1|TOS:inst7|REGISTER32bit:inst|REGISTER4bit:inst15|inst                            ; regout           ;
; |ULA|data_path:inst2|BANK_REG:inst1|OPC:inst8|REGISTER32bit:inst|REGISTER4bit:inst15|inst                                 ; |ULA|data_path:inst2|BANK_REG:inst1|OPC:inst8|REGISTER32bit:inst|REGISTER4bit:inst15|inst                            ; regout           ;
; |ULA|data_path:inst2|BANK_REG:inst1|MDR:inst3|REGISTER32bit:inst1|REGISTER4bit:inst15|inst                                ; |ULA|data_path:inst2|BANK_REG:inst1|MDR:inst3|REGISTER32bit:inst1|REGISTER4bit:inst15|inst                           ; regout           ;
; |ULA|data_path:inst2|BANK_REG:inst1|H:inst10|REGISTER32bit:inst|REGISTER4bit:inst16|inst20                                ; |ULA|data_path:inst2|BANK_REG:inst1|H:inst10|REGISTER32bit:inst|REGISTER4bit:inst16|inst20                           ; regout           ;
; |ULA|data_path:inst2|BANK_REG:inst1|SP:inst1|REGISTER32bit:inst|REGISTER4bit:inst16|inst20                                ; |ULA|data_path:inst2|BANK_REG:inst1|SP:inst1|REGISTER32bit:inst|REGISTER4bit:inst16|inst20                           ; regout           ;
; |ULA|data_path:inst2|BANK_REG:inst1|PC:inst4|REGISTER32bit:inst|REGISTER4bit:inst16|inst20                                ; |ULA|data_path:inst2|BANK_REG:inst1|PC:inst4|REGISTER32bit:inst|REGISTER4bit:inst16|inst20                           ; regout           ;
; |ULA|data_path:inst2|BANK_REG:inst1|CPP:inst6|REGISTER32bit:inst|REGISTER4bit:inst16|inst20                               ; |ULA|data_path:inst2|BANK_REG:inst1|CPP:inst6|REGISTER32bit:inst|REGISTER4bit:inst16|inst20                          ; regout           ;
; |ULA|data_path:inst2|BANK_REG:inst1|LV:inst2|REGISTER32bit:inst|REGISTER4bit:inst16|inst20                                ; |ULA|data_path:inst2|BANK_REG:inst1|LV:inst2|REGISTER32bit:inst|REGISTER4bit:inst16|inst20                           ; regout           ;
; |ULA|data_path:inst2|BANK_REG:inst1|TOS:inst7|REGISTER32bit:inst|REGISTER4bit:inst16|inst20                               ; |ULA|data_path:inst2|BANK_REG:inst1|TOS:inst7|REGISTER32bit:inst|REGISTER4bit:inst16|inst20                          ; regout           ;
; |ULA|data_path:inst2|BANK_REG:inst1|OPC:inst8|REGISTER32bit:inst|REGISTER4bit:inst16|inst20                               ; |ULA|data_path:inst2|BANK_REG:inst1|OPC:inst8|REGISTER32bit:inst|REGISTER4bit:inst16|inst20                          ; regout           ;
; |ULA|data_path:inst2|BANK_REG:inst1|MDR:inst3|REGISTER32bit:inst1|REGISTER4bit:inst16|inst20                              ; |ULA|data_path:inst2|BANK_REG:inst1|MDR:inst3|REGISTER32bit:inst1|REGISTER4bit:inst16|inst20                         ; regout           ;
; |ULA|data_path:inst2|BANK_REG:inst1|H:inst10|REGISTER32bit:inst|REGISTER4bit:inst16|inst16                                ; |ULA|data_path:inst2|BANK_REG:inst1|H:inst10|REGISTER32bit:inst|REGISTER4bit:inst16|inst16                           ; regout           ;
; |ULA|data_path:inst2|BANK_REG:inst1|SP:inst1|REGISTER32bit:inst|REGISTER4bit:inst16|inst16                                ; |ULA|data_path:inst2|BANK_REG:inst1|SP:inst1|REGISTER32bit:inst|REGISTER4bit:inst16|inst16                           ; regout           ;
; |ULA|data_path:inst2|BANK_REG:inst1|PC:inst4|REGISTER32bit:inst|REGISTER4bit:inst16|inst16                                ; |ULA|data_path:inst2|BANK_REG:inst1|PC:inst4|REGISTER32bit:inst|REGISTER4bit:inst16|inst16                           ; regout           ;
; |ULA|data_path:inst2|BANK_REG:inst1|CPP:inst6|REGISTER32bit:inst|REGISTER4bit:inst16|inst16                               ; |ULA|data_path:inst2|BANK_REG:inst1|CPP:inst6|REGISTER32bit:inst|REGISTER4bit:inst16|inst16                          ; regout           ;
; |ULA|data_path:inst2|BANK_REG:inst1|LV:inst2|REGISTER32bit:inst|REGISTER4bit:inst16|inst16                                ; |ULA|data_path:inst2|BANK_REG:inst1|LV:inst2|REGISTER32bit:inst|REGISTER4bit:inst16|inst16                           ; regout           ;
; |ULA|data_path:inst2|BANK_REG:inst1|TOS:inst7|REGISTER32bit:inst|REGISTER4bit:inst16|inst16                               ; |ULA|data_path:inst2|BANK_REG:inst1|TOS:inst7|REGISTER32bit:inst|REGISTER4bit:inst16|inst16                          ; regout           ;
; |ULA|data_path:inst2|BANK_REG:inst1|OPC:inst8|REGISTER32bit:inst|REGISTER4bit:inst16|inst16                               ; |ULA|data_path:inst2|BANK_REG:inst1|OPC:inst8|REGISTER32bit:inst|REGISTER4bit:inst16|inst16                          ; regout           ;
; |ULA|data_path:inst2|BANK_REG:inst1|MDR:inst3|REGISTER32bit:inst1|REGISTER4bit:inst16|inst16                              ; |ULA|data_path:inst2|BANK_REG:inst1|MDR:inst3|REGISTER32bit:inst1|REGISTER4bit:inst16|inst16                         ; regout           ;
; |ULA|data_path:inst2|BANK_REG:inst1|H:inst10|REGISTER32bit:inst|REGISTER4bit:inst16|inst5                                 ; |ULA|data_path:inst2|BANK_REG:inst1|H:inst10|REGISTER32bit:inst|REGISTER4bit:inst16|inst5                            ; regout           ;
; |ULA|data_path:inst2|BANK_REG:inst1|SP:inst1|REGISTER32bit:inst|REGISTER4bit:inst16|inst5                                 ; |ULA|data_path:inst2|BANK_REG:inst1|SP:inst1|REGISTER32bit:inst|REGISTER4bit:inst16|inst5                            ; regout           ;
; |ULA|data_path:inst2|BANK_REG:inst1|PC:inst4|REGISTER32bit:inst|REGISTER4bit:inst16|inst5                                 ; |ULA|data_path:inst2|BANK_REG:inst1|PC:inst4|REGISTER32bit:inst|REGISTER4bit:inst16|inst5                            ; regout           ;
; |ULA|data_path:inst2|BANK_REG:inst1|CPP:inst6|REGISTER32bit:inst|REGISTER4bit:inst16|inst5                                ; |ULA|data_path:inst2|BANK_REG:inst1|CPP:inst6|REGISTER32bit:inst|REGISTER4bit:inst16|inst5                           ; regout           ;
; |ULA|data_path:inst2|BANK_REG:inst1|LV:inst2|REGISTER32bit:inst|REGISTER4bit:inst16|inst5                                 ; |ULA|data_path:inst2|BANK_REG:inst1|LV:inst2|REGISTER32bit:inst|REGISTER4bit:inst16|inst5                            ; regout           ;
; |ULA|data_path:inst2|BANK_REG:inst1|TOS:inst7|REGISTER32bit:inst|REGISTER4bit:inst16|inst5                                ; |ULA|data_path:inst2|BANK_REG:inst1|TOS:inst7|REGISTER32bit:inst|REGISTER4bit:inst16|inst5                           ; regout           ;
; |ULA|data_path:inst2|BANK_REG:inst1|OPC:inst8|REGISTER32bit:inst|REGISTER4bit:inst16|inst5                                ; |ULA|data_path:inst2|BANK_REG:inst1|OPC:inst8|REGISTER32bit:inst|REGISTER4bit:inst16|inst5                           ; regout           ;
; |ULA|data_path:inst2|BANK_REG:inst1|MDR:inst3|REGISTER32bit:inst1|REGISTER4bit:inst16|inst5                               ; |ULA|data_path:inst2|BANK_REG:inst1|MDR:inst3|REGISTER32bit:inst1|REGISTER4bit:inst16|inst5                          ; regout           ;
; |ULA|data_path:inst2|BANK_REG:inst1|H:inst10|REGISTER32bit:inst|REGISTER4bit:inst16|inst                                  ; |ULA|data_path:inst2|BANK_REG:inst1|H:inst10|REGISTER32bit:inst|REGISTER4bit:inst16|inst                             ; regout           ;
; |ULA|data_path:inst2|BANK_REG:inst1|SP:inst1|REGISTER32bit:inst|REGISTER4bit:inst16|inst                                  ; |ULA|data_path:inst2|BANK_REG:inst1|SP:inst1|REGISTER32bit:inst|REGISTER4bit:inst16|inst                             ; regout           ;
; |ULA|data_path:inst2|BANK_REG:inst1|PC:inst4|REGISTER32bit:inst|REGISTER4bit:inst16|inst                                  ; |ULA|data_path:inst2|BANK_REG:inst1|PC:inst4|REGISTER32bit:inst|REGISTER4bit:inst16|inst                             ; regout           ;
; |ULA|data_path:inst2|BANK_REG:inst1|CPP:inst6|REGISTER32bit:inst|REGISTER4bit:inst16|inst                                 ; |ULA|data_path:inst2|BANK_REG:inst1|CPP:inst6|REGISTER32bit:inst|REGISTER4bit:inst16|inst                            ; regout           ;
; |ULA|data_path:inst2|BANK_REG:inst1|LV:inst2|REGISTER32bit:inst|REGISTER4bit:inst16|inst                                  ; |ULA|data_path:inst2|BANK_REG:inst1|LV:inst2|REGISTER32bit:inst|REGISTER4bit:inst16|inst                             ; regout           ;
; |ULA|data_path:inst2|BANK_REG:inst1|TOS:inst7|REGISTER32bit:inst|REGISTER4bit:inst16|inst                                 ; |ULA|data_path:inst2|BANK_REG:inst1|TOS:inst7|REGISTER32bit:inst|REGISTER4bit:inst16|inst                            ; regout           ;
; |ULA|data_path:inst2|BANK_REG:inst1|OPC:inst8|REGISTER32bit:inst|REGISTER4bit:inst16|inst                                 ; |ULA|data_path:inst2|BANK_REG:inst1|OPC:inst8|REGISTER32bit:inst|REGISTER4bit:inst16|inst                            ; regout           ;
; |ULA|data_path:inst2|BANK_REG:inst1|MDR:inst3|REGISTER32bit:inst1|REGISTER4bit:inst16|inst                                ; |ULA|data_path:inst2|BANK_REG:inst1|MDR:inst3|REGISTER32bit:inst1|REGISTER4bit:inst16|inst                           ; regout           ;
; |ULA|data_path:inst2|BANK_REG:inst1|H:inst10|REGISTER32bit:inst|REGISTER4bit:inst11|inst16                                ; |ULA|data_path:inst2|BANK_REG:inst1|H:inst10|REGISTER32bit:inst|REGISTER4bit:inst11|inst16                           ; regout           ;
; |ULA|data_path:inst2|BANK_REG:inst1|SP:inst1|REGISTER32bit:inst|REGISTER4bit:inst11|inst16                                ; |ULA|data_path:inst2|BANK_REG:inst1|SP:inst1|REGISTER32bit:inst|REGISTER4bit:inst11|inst16                           ; regout           ;
; |ULA|data_path:inst2|BANK_REG:inst1|PC:inst4|REGISTER32bit:inst|REGISTER4bit:inst11|inst16                                ; |ULA|data_path:inst2|BANK_REG:inst1|PC:inst4|REGISTER32bit:inst|REGISTER4bit:inst11|inst16                           ; regout           ;
; |ULA|data_path:inst2|BANK_REG:inst1|CPP:inst6|REGISTER32bit:inst|REGISTER4bit:inst11|inst16                               ; |ULA|data_path:inst2|BANK_REG:inst1|CPP:inst6|REGISTER32bit:inst|REGISTER4bit:inst11|inst16                          ; regout           ;
; |ULA|data_path:inst2|BANK_REG:inst1|LV:inst2|REGISTER32bit:inst|REGISTER4bit:inst11|inst16                                ; |ULA|data_path:inst2|BANK_REG:inst1|LV:inst2|REGISTER32bit:inst|REGISTER4bit:inst11|inst16                           ; regout           ;
; |ULA|data_path:inst2|BANK_REG:inst1|TOS:inst7|REGISTER32bit:inst|REGISTER4bit:inst11|inst16                               ; |ULA|data_path:inst2|BANK_REG:inst1|TOS:inst7|REGISTER32bit:inst|REGISTER4bit:inst11|inst16                          ; regout           ;
; |ULA|data_path:inst2|BANK_REG:inst1|OPC:inst8|REGISTER32bit:inst|REGISTER4bit:inst11|inst16                               ; |ULA|data_path:inst2|BANK_REG:inst1|OPC:inst8|REGISTER32bit:inst|REGISTER4bit:inst11|inst16                          ; regout           ;
; |ULA|data_path:inst2|BANK_REG:inst1|MDR:inst3|REGISTER32bit:inst1|REGISTER4bit:inst11|inst16                              ; |ULA|data_path:inst2|BANK_REG:inst1|MDR:inst3|REGISTER32bit:inst1|REGISTER4bit:inst11|inst16                         ; regout           ;
; |ULA|data_path:inst2|BANK_REG:inst1|H:inst10|REGISTER32bit:inst|REGISTER4bit:inst11|inst5                                 ; |ULA|data_path:inst2|BANK_REG:inst1|H:inst10|REGISTER32bit:inst|REGISTER4bit:inst11|inst5                            ; regout           ;
; |ULA|data_path:inst2|BANK_REG:inst1|SP:inst1|REGISTER32bit:inst|REGISTER4bit:inst11|inst5                                 ; |ULA|data_path:inst2|BANK_REG:inst1|SP:inst1|REGISTER32bit:inst|REGISTER4bit:inst11|inst5                            ; regout           ;
; |ULA|data_path:inst2|BANK_REG:inst1|PC:inst4|REGISTER32bit:inst|REGISTER4bit:inst11|inst5                                 ; |ULA|data_path:inst2|BANK_REG:inst1|PC:inst4|REGISTER32bit:inst|REGISTER4bit:inst11|inst5                            ; regout           ;
; |ULA|data_path:inst2|BANK_REG:inst1|CPP:inst6|REGISTER32bit:inst|REGISTER4bit:inst11|inst5                                ; |ULA|data_path:inst2|BANK_REG:inst1|CPP:inst6|REGISTER32bit:inst|REGISTER4bit:inst11|inst5                           ; regout           ;
; |ULA|data_path:inst2|BANK_REG:inst1|LV:inst2|REGISTER32bit:inst|REGISTER4bit:inst11|inst5                                 ; |ULA|data_path:inst2|BANK_REG:inst1|LV:inst2|REGISTER32bit:inst|REGISTER4bit:inst11|inst5                            ; regout           ;
; |ULA|data_path:inst2|BANK_REG:inst1|TOS:inst7|REGISTER32bit:inst|REGISTER4bit:inst11|inst5                                ; |ULA|data_path:inst2|BANK_REG:inst1|TOS:inst7|REGISTER32bit:inst|REGISTER4bit:inst11|inst5                           ; regout           ;
; |ULA|data_path:inst2|BANK_REG:inst1|OPC:inst8|REGISTER32bit:inst|REGISTER4bit:inst11|inst5                                ; |ULA|data_path:inst2|BANK_REG:inst1|OPC:inst8|REGISTER32bit:inst|REGISTER4bit:inst11|inst5                           ; regout           ;
; |ULA|data_path:inst2|BANK_REG:inst1|MDR:inst3|REGISTER32bit:inst1|REGISTER4bit:inst11|inst5                               ; |ULA|data_path:inst2|BANK_REG:inst1|MDR:inst3|REGISTER32bit:inst1|REGISTER4bit:inst11|inst5                          ; regout           ;
; |ULA|data_path:inst2|BANK_REG:inst1|H:inst10|REGISTER32bit:inst|REGISTER4bit:inst11|inst                                  ; |ULA|data_path:inst2|BANK_REG:inst1|H:inst10|REGISTER32bit:inst|REGISTER4bit:inst11|inst                             ; regout           ;
; |ULA|data_path:inst2|BANK_REG:inst1|SP:inst1|REGISTER32bit:inst|REGISTER4bit:inst11|inst                                  ; |ULA|data_path:inst2|BANK_REG:inst1|SP:inst1|REGISTER32bit:inst|REGISTER4bit:inst11|inst                             ; regout           ;
; |ULA|data_path:inst2|BANK_REG:inst1|PC:inst4|REGISTER32bit:inst|REGISTER4bit:inst11|inst                                  ; |ULA|data_path:inst2|BANK_REG:inst1|PC:inst4|REGISTER32bit:inst|REGISTER4bit:inst11|inst                             ; regout           ;
; |ULA|data_path:inst2|BANK_REG:inst1|CPP:inst6|REGISTER32bit:inst|REGISTER4bit:inst11|inst                                 ; |ULA|data_path:inst2|BANK_REG:inst1|CPP:inst6|REGISTER32bit:inst|REGISTER4bit:inst11|inst                            ; regout           ;
; |ULA|data_path:inst2|BANK_REG:inst1|LV:inst2|REGISTER32bit:inst|REGISTER4bit:inst11|inst                                  ; |ULA|data_path:inst2|BANK_REG:inst1|LV:inst2|REGISTER32bit:inst|REGISTER4bit:inst11|inst                             ; regout           ;
; |ULA|data_path:inst2|BANK_REG:inst1|TOS:inst7|REGISTER32bit:inst|REGISTER4bit:inst11|inst                                 ; |ULA|data_path:inst2|BANK_REG:inst1|TOS:inst7|REGISTER32bit:inst|REGISTER4bit:inst11|inst                            ; regout           ;
; |ULA|data_path:inst2|BANK_REG:inst1|OPC:inst8|REGISTER32bit:inst|REGISTER4bit:inst11|inst                                 ; |ULA|data_path:inst2|BANK_REG:inst1|OPC:inst8|REGISTER32bit:inst|REGISTER4bit:inst11|inst                            ; regout           ;
; |ULA|data_path:inst2|BANK_REG:inst1|MDR:inst3|REGISTER32bit:inst1|REGISTER4bit:inst11|inst                                ; |ULA|data_path:inst2|BANK_REG:inst1|MDR:inst3|REGISTER32bit:inst1|REGISTER4bit:inst11|inst                           ; regout           ;
; |ULA|data_path:inst2|BANK_REG:inst1|H:inst10|REGISTER32bit:inst|REGISTER4bit:inst14|inst20                                ; |ULA|data_path:inst2|BANK_REG:inst1|H:inst10|REGISTER32bit:inst|REGISTER4bit:inst14|inst20                           ; regout           ;
; |ULA|data_path:inst2|BANK_REG:inst1|SP:inst1|REGISTER32bit:inst|REGISTER4bit:inst14|inst20                                ; |ULA|data_path:inst2|BANK_REG:inst1|SP:inst1|REGISTER32bit:inst|REGISTER4bit:inst14|inst20                           ; regout           ;
; |ULA|data_path:inst2|BANK_REG:inst1|PC:inst4|REGISTER32bit:inst|REGISTER4bit:inst14|inst20                                ; |ULA|data_path:inst2|BANK_REG:inst1|PC:inst4|REGISTER32bit:inst|REGISTER4bit:inst14|inst20                           ; regout           ;
; |ULA|data_path:inst2|BANK_REG:inst1|CPP:inst6|REGISTER32bit:inst|REGISTER4bit:inst14|inst20                               ; |ULA|data_path:inst2|BANK_REG:inst1|CPP:inst6|REGISTER32bit:inst|REGISTER4bit:inst14|inst20                          ; regout           ;
; |ULA|data_path:inst2|BANK_REG:inst1|LV:inst2|REGISTER32bit:inst|REGISTER4bit:inst14|inst20                                ; |ULA|data_path:inst2|BANK_REG:inst1|LV:inst2|REGISTER32bit:inst|REGISTER4bit:inst14|inst20                           ; regout           ;
; |ULA|data_path:inst2|BANK_REG:inst1|TOS:inst7|REGISTER32bit:inst|REGISTER4bit:inst14|inst20                               ; |ULA|data_path:inst2|BANK_REG:inst1|TOS:inst7|REGISTER32bit:inst|REGISTER4bit:inst14|inst20                          ; regout           ;
; |ULA|data_path:inst2|BANK_REG:inst1|OPC:inst8|REGISTER32bit:inst|REGISTER4bit:inst14|inst20                               ; |ULA|data_path:inst2|BANK_REG:inst1|OPC:inst8|REGISTER32bit:inst|REGISTER4bit:inst14|inst20                          ; regout           ;
; |ULA|data_path:inst2|BANK_REG:inst1|MDR:inst3|REGISTER32bit:inst1|REGISTER4bit:inst14|inst20                              ; |ULA|data_path:inst2|BANK_REG:inst1|MDR:inst3|REGISTER32bit:inst1|REGISTER4bit:inst14|inst20                         ; regout           ;
; |ULA|data_path:inst2|BANK_REG:inst1|H:inst10|REGISTER32bit:inst|REGISTER4bit:inst14|inst16                                ; |ULA|data_path:inst2|BANK_REG:inst1|H:inst10|REGISTER32bit:inst|REGISTER4bit:inst14|inst16                           ; regout           ;
; |ULA|data_path:inst2|BANK_REG:inst1|SP:inst1|REGISTER32bit:inst|REGISTER4bit:inst14|inst16                                ; |ULA|data_path:inst2|BANK_REG:inst1|SP:inst1|REGISTER32bit:inst|REGISTER4bit:inst14|inst16                           ; regout           ;
; |ULA|data_path:inst2|BANK_REG:inst1|PC:inst4|REGISTER32bit:inst|REGISTER4bit:inst14|inst16                                ; |ULA|data_path:inst2|BANK_REG:inst1|PC:inst4|REGISTER32bit:inst|REGISTER4bit:inst14|inst16                           ; regout           ;
; |ULA|data_path:inst2|BANK_REG:inst1|CPP:inst6|REGISTER32bit:inst|REGISTER4bit:inst14|inst16                               ; |ULA|data_path:inst2|BANK_REG:inst1|CPP:inst6|REGISTER32bit:inst|REGISTER4bit:inst14|inst16                          ; regout           ;
; |ULA|data_path:inst2|BANK_REG:inst1|LV:inst2|REGISTER32bit:inst|REGISTER4bit:inst14|inst16                                ; |ULA|data_path:inst2|BANK_REG:inst1|LV:inst2|REGISTER32bit:inst|REGISTER4bit:inst14|inst16                           ; regout           ;
; |ULA|data_path:inst2|BANK_REG:inst1|TOS:inst7|REGISTER32bit:inst|REGISTER4bit:inst14|inst16                               ; |ULA|data_path:inst2|BANK_REG:inst1|TOS:inst7|REGISTER32bit:inst|REGISTER4bit:inst14|inst16                          ; regout           ;
; |ULA|data_path:inst2|BANK_REG:inst1|OPC:inst8|REGISTER32bit:inst|REGISTER4bit:inst14|inst16                               ; |ULA|data_path:inst2|BANK_REG:inst1|OPC:inst8|REGISTER32bit:inst|REGISTER4bit:inst14|inst16                          ; regout           ;
; |ULA|data_path:inst2|BANK_REG:inst1|MDR:inst3|REGISTER32bit:inst1|REGISTER4bit:inst14|inst16                              ; |ULA|data_path:inst2|BANK_REG:inst1|MDR:inst3|REGISTER32bit:inst1|REGISTER4bit:inst14|inst16                         ; regout           ;
; |ULA|data_path:inst2|BANK_REG:inst1|H:inst10|REGISTER32bit:inst|REGISTER4bit:inst14|inst5                                 ; |ULA|data_path:inst2|BANK_REG:inst1|H:inst10|REGISTER32bit:inst|REGISTER4bit:inst14|inst5                            ; regout           ;
; |ULA|data_path:inst2|BANK_REG:inst1|SP:inst1|REGISTER32bit:inst|REGISTER4bit:inst14|inst5                                 ; |ULA|data_path:inst2|BANK_REG:inst1|SP:inst1|REGISTER32bit:inst|REGISTER4bit:inst14|inst5                            ; regout           ;
; |ULA|data_path:inst2|BANK_REG:inst1|PC:inst4|REGISTER32bit:inst|REGISTER4bit:inst14|inst5                                 ; |ULA|data_path:inst2|BANK_REG:inst1|PC:inst4|REGISTER32bit:inst|REGISTER4bit:inst14|inst5                            ; regout           ;
; |ULA|data_path:inst2|BANK_REG:inst1|CPP:inst6|REGISTER32bit:inst|REGISTER4bit:inst14|inst5                                ; |ULA|data_path:inst2|BANK_REG:inst1|CPP:inst6|REGISTER32bit:inst|REGISTER4bit:inst14|inst5                           ; regout           ;
; |ULA|data_path:inst2|BANK_REG:inst1|LV:inst2|REGISTER32bit:inst|REGISTER4bit:inst14|inst5                                 ; |ULA|data_path:inst2|BANK_REG:inst1|LV:inst2|REGISTER32bit:inst|REGISTER4bit:inst14|inst5                            ; regout           ;
; |ULA|data_path:inst2|BANK_REG:inst1|TOS:inst7|REGISTER32bit:inst|REGISTER4bit:inst14|inst5                                ; |ULA|data_path:inst2|BANK_REG:inst1|TOS:inst7|REGISTER32bit:inst|REGISTER4bit:inst14|inst5                           ; regout           ;
; |ULA|data_path:inst2|BANK_REG:inst1|OPC:inst8|REGISTER32bit:inst|REGISTER4bit:inst14|inst5                                ; |ULA|data_path:inst2|BANK_REG:inst1|OPC:inst8|REGISTER32bit:inst|REGISTER4bit:inst14|inst5                           ; regout           ;
; |ULA|data_path:inst2|BANK_REG:inst1|MDR:inst3|REGISTER32bit:inst1|REGISTER4bit:inst14|inst5                               ; |ULA|data_path:inst2|BANK_REG:inst1|MDR:inst3|REGISTER32bit:inst1|REGISTER4bit:inst14|inst5                          ; regout           ;
; |ULA|data_path:inst2|BANK_REG:inst1|H:inst10|REGISTER32bit:inst|REGISTER4bit:inst14|inst                                  ; |ULA|data_path:inst2|BANK_REG:inst1|H:inst10|REGISTER32bit:inst|REGISTER4bit:inst14|inst                             ; regout           ;
; |ULA|data_path:inst2|BANK_REG:inst1|SP:inst1|REGISTER32bit:inst|REGISTER4bit:inst14|inst                                  ; |ULA|data_path:inst2|BANK_REG:inst1|SP:inst1|REGISTER32bit:inst|REGISTER4bit:inst14|inst                             ; regout           ;
; |ULA|data_path:inst2|BANK_REG:inst1|PC:inst4|REGISTER32bit:inst|REGISTER4bit:inst14|inst                                  ; |ULA|data_path:inst2|BANK_REG:inst1|PC:inst4|REGISTER32bit:inst|REGISTER4bit:inst14|inst                             ; regout           ;
; |ULA|data_path:inst2|BANK_REG:inst1|CPP:inst6|REGISTER32bit:inst|REGISTER4bit:inst14|inst                                 ; |ULA|data_path:inst2|BANK_REG:inst1|CPP:inst6|REGISTER32bit:inst|REGISTER4bit:inst14|inst                            ; regout           ;
; |ULA|data_path:inst2|BANK_REG:inst1|LV:inst2|REGISTER32bit:inst|REGISTER4bit:inst14|inst                                  ; |ULA|data_path:inst2|BANK_REG:inst1|LV:inst2|REGISTER32bit:inst|REGISTER4bit:inst14|inst                             ; regout           ;
; |ULA|data_path:inst2|BANK_REG:inst1|TOS:inst7|REGISTER32bit:inst|REGISTER4bit:inst14|inst                                 ; |ULA|data_path:inst2|BANK_REG:inst1|TOS:inst7|REGISTER32bit:inst|REGISTER4bit:inst14|inst                            ; regout           ;
; |ULA|data_path:inst2|BANK_REG:inst1|OPC:inst8|REGISTER32bit:inst|REGISTER4bit:inst14|inst                                 ; |ULA|data_path:inst2|BANK_REG:inst1|OPC:inst8|REGISTER32bit:inst|REGISTER4bit:inst14|inst                            ; regout           ;
; |ULA|data_path:inst2|BANK_REG:inst1|MDR:inst3|REGISTER32bit:inst1|REGISTER4bit:inst14|inst                                ; |ULA|data_path:inst2|BANK_REG:inst1|MDR:inst3|REGISTER32bit:inst1|REGISTER4bit:inst14|inst                           ; regout           ;
; |ULA|data_path:inst2|BANK_REG:inst1|H:inst10|REGISTER32bit:inst|REGISTER4bit:inst2|inst20                                 ; |ULA|data_path:inst2|BANK_REG:inst1|H:inst10|REGISTER32bit:inst|REGISTER4bit:inst2|inst20                            ; regout           ;
; |ULA|data_path:inst2|BANK_REG:inst1|SP:inst1|REGISTER32bit:inst|REGISTER4bit:inst2|inst20                                 ; |ULA|data_path:inst2|BANK_REG:inst1|SP:inst1|REGISTER32bit:inst|REGISTER4bit:inst2|inst20                            ; regout           ;
; |ULA|data_path:inst2|BANK_REG:inst1|PC:inst4|REGISTER32bit:inst|REGISTER4bit:inst2|inst20                                 ; |ULA|data_path:inst2|BANK_REG:inst1|PC:inst4|REGISTER32bit:inst|REGISTER4bit:inst2|inst20                            ; regout           ;
; |ULA|data_path:inst2|BANK_REG:inst1|CPP:inst6|REGISTER32bit:inst|REGISTER4bit:inst2|inst20                                ; |ULA|data_path:inst2|BANK_REG:inst1|CPP:inst6|REGISTER32bit:inst|REGISTER4bit:inst2|inst20                           ; regout           ;
; |ULA|data_path:inst2|BANK_REG:inst1|LV:inst2|REGISTER32bit:inst|REGISTER4bit:inst2|inst20                                 ; |ULA|data_path:inst2|BANK_REG:inst1|LV:inst2|REGISTER32bit:inst|REGISTER4bit:inst2|inst20                            ; regout           ;
; |ULA|data_path:inst2|BANK_REG:inst1|TOS:inst7|REGISTER32bit:inst|REGISTER4bit:inst2|inst20                                ; |ULA|data_path:inst2|BANK_REG:inst1|TOS:inst7|REGISTER32bit:inst|REGISTER4bit:inst2|inst20                           ; regout           ;
; |ULA|data_path:inst2|BANK_REG:inst1|OPC:inst8|REGISTER32bit:inst|REGISTER4bit:inst2|inst20                                ; |ULA|data_path:inst2|BANK_REG:inst1|OPC:inst8|REGISTER32bit:inst|REGISTER4bit:inst2|inst20                           ; regout           ;
; |ULA|data_path:inst2|BANK_REG:inst1|MDR:inst3|REGISTER32bit:inst1|REGISTER4bit:inst2|inst20                               ; |ULA|data_path:inst2|BANK_REG:inst1|MDR:inst3|REGISTER32bit:inst1|REGISTER4bit:inst2|inst20                          ; regout           ;
; |ULA|data_path:inst2|BANK_REG:inst1|H:inst10|REGISTER32bit:inst|REGISTER4bit:inst2|inst16                                 ; |ULA|data_path:inst2|BANK_REG:inst1|H:inst10|REGISTER32bit:inst|REGISTER4bit:inst2|inst16                            ; regout           ;
; |ULA|data_path:inst2|BANK_REG:inst1|SP:inst1|REGISTER32bit:inst|REGISTER4bit:inst2|inst16                                 ; |ULA|data_path:inst2|BANK_REG:inst1|SP:inst1|REGISTER32bit:inst|REGISTER4bit:inst2|inst16                            ; regout           ;
; |ULA|data_path:inst2|BANK_REG:inst1|PC:inst4|REGISTER32bit:inst|REGISTER4bit:inst2|inst16                                 ; |ULA|data_path:inst2|BANK_REG:inst1|PC:inst4|REGISTER32bit:inst|REGISTER4bit:inst2|inst16                            ; regout           ;
; |ULA|data_path:inst2|BANK_REG:inst1|CPP:inst6|REGISTER32bit:inst|REGISTER4bit:inst2|inst16                                ; |ULA|data_path:inst2|BANK_REG:inst1|CPP:inst6|REGISTER32bit:inst|REGISTER4bit:inst2|inst16                           ; regout           ;
; |ULA|data_path:inst2|BANK_REG:inst1|LV:inst2|REGISTER32bit:inst|REGISTER4bit:inst2|inst16                                 ; |ULA|data_path:inst2|BANK_REG:inst1|LV:inst2|REGISTER32bit:inst|REGISTER4bit:inst2|inst16                            ; regout           ;
; |ULA|data_path:inst2|BANK_REG:inst1|TOS:inst7|REGISTER32bit:inst|REGISTER4bit:inst2|inst16                                ; |ULA|data_path:inst2|BANK_REG:inst1|TOS:inst7|REGISTER32bit:inst|REGISTER4bit:inst2|inst16                           ; regout           ;
; |ULA|data_path:inst2|BANK_REG:inst1|OPC:inst8|REGISTER32bit:inst|REGISTER4bit:inst2|inst16                                ; |ULA|data_path:inst2|BANK_REG:inst1|OPC:inst8|REGISTER32bit:inst|REGISTER4bit:inst2|inst16                           ; regout           ;
; |ULA|data_path:inst2|BANK_REG:inst1|MDR:inst3|REGISTER32bit:inst1|REGISTER4bit:inst2|inst16                               ; |ULA|data_path:inst2|BANK_REG:inst1|MDR:inst3|REGISTER32bit:inst1|REGISTER4bit:inst2|inst16                          ; regout           ;
; |ULA|data_path:inst2|BANK_REG:inst1|H:inst10|REGISTER32bit:inst|REGISTER4bit:inst2|inst5                                  ; |ULA|data_path:inst2|BANK_REG:inst1|H:inst10|REGISTER32bit:inst|REGISTER4bit:inst2|inst5                             ; regout           ;
; |ULA|data_path:inst2|BANK_REG:inst1|SP:inst1|REGISTER32bit:inst|REGISTER4bit:inst2|inst5                                  ; |ULA|data_path:inst2|BANK_REG:inst1|SP:inst1|REGISTER32bit:inst|REGISTER4bit:inst2|inst5                             ; regout           ;
; |ULA|data_path:inst2|BANK_REG:inst1|PC:inst4|REGISTER32bit:inst|REGISTER4bit:inst2|inst5                                  ; |ULA|data_path:inst2|BANK_REG:inst1|PC:inst4|REGISTER32bit:inst|REGISTER4bit:inst2|inst5                             ; regout           ;
; |ULA|data_path:inst2|BANK_REG:inst1|CPP:inst6|REGISTER32bit:inst|REGISTER4bit:inst2|inst5                                 ; |ULA|data_path:inst2|BANK_REG:inst1|CPP:inst6|REGISTER32bit:inst|REGISTER4bit:inst2|inst5                            ; regout           ;
; |ULA|data_path:inst2|BANK_REG:inst1|LV:inst2|REGISTER32bit:inst|REGISTER4bit:inst2|inst5                                  ; |ULA|data_path:inst2|BANK_REG:inst1|LV:inst2|REGISTER32bit:inst|REGISTER4bit:inst2|inst5                             ; regout           ;
; |ULA|data_path:inst2|BANK_REG:inst1|TOS:inst7|REGISTER32bit:inst|REGISTER4bit:inst2|inst5                                 ; |ULA|data_path:inst2|BANK_REG:inst1|TOS:inst7|REGISTER32bit:inst|REGISTER4bit:inst2|inst5                            ; regout           ;
; |ULA|data_path:inst2|BANK_REG:inst1|OPC:inst8|REGISTER32bit:inst|REGISTER4bit:inst2|inst5                                 ; |ULA|data_path:inst2|BANK_REG:inst1|OPC:inst8|REGISTER32bit:inst|REGISTER4bit:inst2|inst5                            ; regout           ;
; |ULA|data_path:inst2|BANK_REG:inst1|MDR:inst3|REGISTER32bit:inst1|REGISTER4bit:inst2|inst5                                ; |ULA|data_path:inst2|BANK_REG:inst1|MDR:inst3|REGISTER32bit:inst1|REGISTER4bit:inst2|inst5                           ; regout           ;
; |ULA|data_path:inst2|BANK_REG:inst1|H:inst10|REGISTER32bit:inst|REGISTER4bit:inst2|inst                                   ; |ULA|data_path:inst2|BANK_REG:inst1|H:inst10|REGISTER32bit:inst|REGISTER4bit:inst2|inst                              ; regout           ;
; |ULA|data_path:inst2|BANK_REG:inst1|SP:inst1|REGISTER32bit:inst|REGISTER4bit:inst2|inst                                   ; |ULA|data_path:inst2|BANK_REG:inst1|SP:inst1|REGISTER32bit:inst|REGISTER4bit:inst2|inst                              ; regout           ;
; |ULA|data_path:inst2|BANK_REG:inst1|PC:inst4|REGISTER32bit:inst|REGISTER4bit:inst2|inst                                   ; |ULA|data_path:inst2|BANK_REG:inst1|PC:inst4|REGISTER32bit:inst|REGISTER4bit:inst2|inst                              ; regout           ;
; |ULA|data_path:inst2|BANK_REG:inst1|CPP:inst6|REGISTER32bit:inst|REGISTER4bit:inst2|inst                                  ; |ULA|data_path:inst2|BANK_REG:inst1|CPP:inst6|REGISTER32bit:inst|REGISTER4bit:inst2|inst                             ; regout           ;
; |ULA|data_path:inst2|BANK_REG:inst1|LV:inst2|REGISTER32bit:inst|REGISTER4bit:inst2|inst                                   ; |ULA|data_path:inst2|BANK_REG:inst1|LV:inst2|REGISTER32bit:inst|REGISTER4bit:inst2|inst                              ; regout           ;
; |ULA|data_path:inst2|BANK_REG:inst1|TOS:inst7|REGISTER32bit:inst|REGISTER4bit:inst2|inst                                  ; |ULA|data_path:inst2|BANK_REG:inst1|TOS:inst7|REGISTER32bit:inst|REGISTER4bit:inst2|inst                             ; regout           ;
; |ULA|data_path:inst2|BANK_REG:inst1|OPC:inst8|REGISTER32bit:inst|REGISTER4bit:inst2|inst                                  ; |ULA|data_path:inst2|BANK_REG:inst1|OPC:inst8|REGISTER32bit:inst|REGISTER4bit:inst2|inst                             ; regout           ;
; |ULA|data_path:inst2|BANK_REG:inst1|MDR:inst3|REGISTER32bit:inst1|REGISTER4bit:inst2|inst                                 ; |ULA|data_path:inst2|BANK_REG:inst1|MDR:inst3|REGISTER32bit:inst1|REGISTER4bit:inst2|inst                            ; regout           ;
; |ULA|data_path:inst2|BANK_REG:inst1|H:inst10|REGISTER32bit:inst|REGISTER4bit:inst3|inst20                                 ; |ULA|data_path:inst2|BANK_REG:inst1|H:inst10|REGISTER32bit:inst|REGISTER4bit:inst3|inst20                            ; regout           ;
; |ULA|data_path:inst2|BANK_REG:inst1|SP:inst1|REGISTER32bit:inst|REGISTER4bit:inst3|inst20                                 ; |ULA|data_path:inst2|BANK_REG:inst1|SP:inst1|REGISTER32bit:inst|REGISTER4bit:inst3|inst20                            ; regout           ;
; |ULA|data_path:inst2|BANK_REG:inst1|PC:inst4|REGISTER32bit:inst|REGISTER4bit:inst3|inst20                                 ; |ULA|data_path:inst2|BANK_REG:inst1|PC:inst4|REGISTER32bit:inst|REGISTER4bit:inst3|inst20                            ; regout           ;
; |ULA|data_path:inst2|BANK_REG:inst1|CPP:inst6|REGISTER32bit:inst|REGISTER4bit:inst3|inst20                                ; |ULA|data_path:inst2|BANK_REG:inst1|CPP:inst6|REGISTER32bit:inst|REGISTER4bit:inst3|inst20                           ; regout           ;
; |ULA|data_path:inst2|BANK_REG:inst1|LV:inst2|REGISTER32bit:inst|REGISTER4bit:inst3|inst20                                 ; |ULA|data_path:inst2|BANK_REG:inst1|LV:inst2|REGISTER32bit:inst|REGISTER4bit:inst3|inst20                            ; regout           ;
; |ULA|data_path:inst2|BANK_REG:inst1|TOS:inst7|REGISTER32bit:inst|REGISTER4bit:inst3|inst20                                ; |ULA|data_path:inst2|BANK_REG:inst1|TOS:inst7|REGISTER32bit:inst|REGISTER4bit:inst3|inst20                           ; regout           ;
; |ULA|data_path:inst2|BANK_REG:inst1|OPC:inst8|REGISTER32bit:inst|REGISTER4bit:inst3|inst20                                ; |ULA|data_path:inst2|BANK_REG:inst1|OPC:inst8|REGISTER32bit:inst|REGISTER4bit:inst3|inst20                           ; regout           ;
; |ULA|data_path:inst2|BANK_REG:inst1|MDR:inst3|REGISTER32bit:inst1|REGISTER4bit:inst3|inst20                               ; |ULA|data_path:inst2|BANK_REG:inst1|MDR:inst3|REGISTER32bit:inst1|REGISTER4bit:inst3|inst20                          ; regout           ;
; |ULA|data_path:inst2|BANK_REG:inst1|H:inst10|REGISTER32bit:inst|REGISTER4bit:inst3|inst16                                 ; |ULA|data_path:inst2|BANK_REG:inst1|H:inst10|REGISTER32bit:inst|REGISTER4bit:inst3|inst16                            ; regout           ;
; |ULA|data_path:inst2|BANK_REG:inst1|SP:inst1|REGISTER32bit:inst|REGISTER4bit:inst3|inst16                                 ; |ULA|data_path:inst2|BANK_REG:inst1|SP:inst1|REGISTER32bit:inst|REGISTER4bit:inst3|inst16                            ; regout           ;
; |ULA|data_path:inst2|BANK_REG:inst1|PC:inst4|REGISTER32bit:inst|REGISTER4bit:inst3|inst16                                 ; |ULA|data_path:inst2|BANK_REG:inst1|PC:inst4|REGISTER32bit:inst|REGISTER4bit:inst3|inst16                            ; regout           ;
; |ULA|data_path:inst2|BANK_REG:inst1|CPP:inst6|REGISTER32bit:inst|REGISTER4bit:inst3|inst16                                ; |ULA|data_path:inst2|BANK_REG:inst1|CPP:inst6|REGISTER32bit:inst|REGISTER4bit:inst3|inst16                           ; regout           ;
; |ULA|data_path:inst2|BANK_REG:inst1|LV:inst2|REGISTER32bit:inst|REGISTER4bit:inst3|inst16                                 ; |ULA|data_path:inst2|BANK_REG:inst1|LV:inst2|REGISTER32bit:inst|REGISTER4bit:inst3|inst16                            ; regout           ;
; |ULA|data_path:inst2|BANK_REG:inst1|TOS:inst7|REGISTER32bit:inst|REGISTER4bit:inst3|inst16                                ; |ULA|data_path:inst2|BANK_REG:inst1|TOS:inst7|REGISTER32bit:inst|REGISTER4bit:inst3|inst16                           ; regout           ;
; |ULA|data_path:inst2|BANK_REG:inst1|OPC:inst8|REGISTER32bit:inst|REGISTER4bit:inst3|inst16                                ; |ULA|data_path:inst2|BANK_REG:inst1|OPC:inst8|REGISTER32bit:inst|REGISTER4bit:inst3|inst16                           ; regout           ;
; |ULA|data_path:inst2|BANK_REG:inst1|MDR:inst3|REGISTER32bit:inst1|REGISTER4bit:inst3|inst16                               ; |ULA|data_path:inst2|BANK_REG:inst1|MDR:inst3|REGISTER32bit:inst1|REGISTER4bit:inst3|inst16                          ; regout           ;
; |ULA|data_path:inst2|BANK_REG:inst1|H:inst10|REGISTER32bit:inst|REGISTER4bit:inst3|inst5                                  ; |ULA|data_path:inst2|BANK_REG:inst1|H:inst10|REGISTER32bit:inst|REGISTER4bit:inst3|inst5                             ; regout           ;
; |ULA|data_path:inst2|BANK_REG:inst1|SP:inst1|REGISTER32bit:inst|REGISTER4bit:inst3|inst5                                  ; |ULA|data_path:inst2|BANK_REG:inst1|SP:inst1|REGISTER32bit:inst|REGISTER4bit:inst3|inst5                             ; regout           ;
; |ULA|data_path:inst2|BANK_REG:inst1|PC:inst4|REGISTER32bit:inst|REGISTER4bit:inst3|inst5                                  ; |ULA|data_path:inst2|BANK_REG:inst1|PC:inst4|REGISTER32bit:inst|REGISTER4bit:inst3|inst5                             ; regout           ;
; |ULA|data_path:inst2|BANK_REG:inst1|CPP:inst6|REGISTER32bit:inst|REGISTER4bit:inst3|inst5                                 ; |ULA|data_path:inst2|BANK_REG:inst1|CPP:inst6|REGISTER32bit:inst|REGISTER4bit:inst3|inst5                            ; regout           ;
; |ULA|data_path:inst2|BANK_REG:inst1|LV:inst2|REGISTER32bit:inst|REGISTER4bit:inst3|inst5                                  ; |ULA|data_path:inst2|BANK_REG:inst1|LV:inst2|REGISTER32bit:inst|REGISTER4bit:inst3|inst5                             ; regout           ;
; |ULA|data_path:inst2|BANK_REG:inst1|TOS:inst7|REGISTER32bit:inst|REGISTER4bit:inst3|inst5                                 ; |ULA|data_path:inst2|BANK_REG:inst1|TOS:inst7|REGISTER32bit:inst|REGISTER4bit:inst3|inst5                            ; regout           ;
; |ULA|data_path:inst2|BANK_REG:inst1|OPC:inst8|REGISTER32bit:inst|REGISTER4bit:inst3|inst5                                 ; |ULA|data_path:inst2|BANK_REG:inst1|OPC:inst8|REGISTER32bit:inst|REGISTER4bit:inst3|inst5                            ; regout           ;
; |ULA|data_path:inst2|BANK_REG:inst1|MDR:inst3|REGISTER32bit:inst1|REGISTER4bit:inst3|inst5                                ; |ULA|data_path:inst2|BANK_REG:inst1|MDR:inst3|REGISTER32bit:inst1|REGISTER4bit:inst3|inst5                           ; regout           ;
; |ULA|data_path:inst2|BANK_REG:inst1|H:inst10|REGISTER32bit:inst|REGISTER4bit:inst3|inst                                   ; |ULA|data_path:inst2|BANK_REG:inst1|H:inst10|REGISTER32bit:inst|REGISTER4bit:inst3|inst                              ; regout           ;
; |ULA|data_path:inst2|BANK_REG:inst1|SP:inst1|REGISTER32bit:inst|REGISTER4bit:inst3|inst                                   ; |ULA|data_path:inst2|BANK_REG:inst1|SP:inst1|REGISTER32bit:inst|REGISTER4bit:inst3|inst                              ; regout           ;
; |ULA|data_path:inst2|BANK_REG:inst1|PC:inst4|REGISTER32bit:inst|REGISTER4bit:inst3|inst                                   ; |ULA|data_path:inst2|BANK_REG:inst1|PC:inst4|REGISTER32bit:inst|REGISTER4bit:inst3|inst                              ; regout           ;
; |ULA|data_path:inst2|BANK_REG:inst1|CPP:inst6|REGISTER32bit:inst|REGISTER4bit:inst3|inst                                  ; |ULA|data_path:inst2|BANK_REG:inst1|CPP:inst6|REGISTER32bit:inst|REGISTER4bit:inst3|inst                             ; regout           ;
; |ULA|data_path:inst2|BANK_REG:inst1|LV:inst2|REGISTER32bit:inst|REGISTER4bit:inst3|inst                                   ; |ULA|data_path:inst2|BANK_REG:inst1|LV:inst2|REGISTER32bit:inst|REGISTER4bit:inst3|inst                              ; regout           ;
; |ULA|data_path:inst2|BANK_REG:inst1|TOS:inst7|REGISTER32bit:inst|REGISTER4bit:inst3|inst                                  ; |ULA|data_path:inst2|BANK_REG:inst1|TOS:inst7|REGISTER32bit:inst|REGISTER4bit:inst3|inst                             ; regout           ;
; |ULA|data_path:inst2|BANK_REG:inst1|OPC:inst8|REGISTER32bit:inst|REGISTER4bit:inst3|inst                                  ; |ULA|data_path:inst2|BANK_REG:inst1|OPC:inst8|REGISTER32bit:inst|REGISTER4bit:inst3|inst                             ; regout           ;
; |ULA|data_path:inst2|BANK_REG:inst1|MDR:inst3|REGISTER32bit:inst1|REGISTER4bit:inst3|inst                                 ; |ULA|data_path:inst2|BANK_REG:inst1|MDR:inst3|REGISTER32bit:inst1|REGISTER4bit:inst3|inst                            ; regout           ;
; |ULA|data_path:inst2|BANK_REG:inst1|H:inst10|REGISTER32bit:inst|REGISTER4bit:inst1|inst                                   ; |ULA|data_path:inst2|BANK_REG:inst1|H:inst10|REGISTER32bit:inst|REGISTER4bit:inst1|inst                              ; regout           ;
; |ULA|data_path:inst2|BANK_REG:inst1|PC:inst4|REGISTER32bit:inst|REGISTER4bit:inst1|inst                                   ; |ULA|data_path:inst2|BANK_REG:inst1|PC:inst4|REGISTER32bit:inst|REGISTER4bit:inst1|inst                              ; regout           ;
; |ULA|data_path:inst2|BANK_REG:inst1|LV:inst2|REGISTER32bit:inst|REGISTER4bit:inst1|inst                                   ; |ULA|data_path:inst2|BANK_REG:inst1|LV:inst2|REGISTER32bit:inst|REGISTER4bit:inst1|inst                              ; regout           ;
; |ULA|data_path:inst2|BANK_REG:inst1|SP:inst1|REGISTER32bit:inst|REGISTER4bit:inst1|inst                                   ; |ULA|data_path:inst2|BANK_REG:inst1|SP:inst1|REGISTER32bit:inst|REGISTER4bit:inst1|inst                              ; regout           ;
; |ULA|data_path:inst2|BANK_REG:inst1|TOS:inst7|REGISTER32bit:inst|REGISTER4bit:inst1|inst                                  ; |ULA|data_path:inst2|BANK_REG:inst1|TOS:inst7|REGISTER32bit:inst|REGISTER4bit:inst1|inst                             ; regout           ;
; |ULA|data_path:inst2|BANK_REG:inst1|CPP:inst6|REGISTER32bit:inst|REGISTER4bit:inst1|inst                                  ; |ULA|data_path:inst2|BANK_REG:inst1|CPP:inst6|REGISTER32bit:inst|REGISTER4bit:inst1|inst                             ; regout           ;
; |ULA|data_path:inst2|BANK_REG:inst1|MDR:inst3|REGISTER32bit:inst1|REGISTER4bit:inst1|inst                                 ; |ULA|data_path:inst2|BANK_REG:inst1|MDR:inst3|REGISTER32bit:inst1|REGISTER4bit:inst1|inst                            ; regout           ;
; |ULA|data_path:inst2|BANK_REG:inst1|OPC:inst8|REGISTER32bit:inst|REGISTER4bit:inst1|inst                                  ; |ULA|data_path:inst2|BANK_REG:inst1|OPC:inst8|REGISTER32bit:inst|REGISTER4bit:inst1|inst                             ; regout           ;
; |ULA|data_path:inst2|BANK_REG:inst1|H:inst10|REGISTER32bit:inst|REGISTER4bit:inst1|inst5                                  ; |ULA|data_path:inst2|BANK_REG:inst1|H:inst10|REGISTER32bit:inst|REGISTER4bit:inst1|inst5                             ; regout           ;
; |ULA|data_path:inst2|BANK_REG:inst1|SP:inst1|REGISTER32bit:inst|REGISTER4bit:inst1|inst5                                  ; |ULA|data_path:inst2|BANK_REG:inst1|SP:inst1|REGISTER32bit:inst|REGISTER4bit:inst1|inst5                             ; regout           ;
; |ULA|data_path:inst2|BANK_REG:inst1|PC:inst4|REGISTER32bit:inst|REGISTER4bit:inst1|inst5                                  ; |ULA|data_path:inst2|BANK_REG:inst1|PC:inst4|REGISTER32bit:inst|REGISTER4bit:inst1|inst5                             ; regout           ;
; |ULA|data_path:inst2|BANK_REG:inst1|CPP:inst6|REGISTER32bit:inst|REGISTER4bit:inst1|inst5                                 ; |ULA|data_path:inst2|BANK_REG:inst1|CPP:inst6|REGISTER32bit:inst|REGISTER4bit:inst1|inst5                            ; regout           ;
; |ULA|data_path:inst2|BANK_REG:inst1|LV:inst2|REGISTER32bit:inst|REGISTER4bit:inst1|inst5                                  ; |ULA|data_path:inst2|BANK_REG:inst1|LV:inst2|REGISTER32bit:inst|REGISTER4bit:inst1|inst5                             ; regout           ;
; |ULA|data_path:inst2|BANK_REG:inst1|TOS:inst7|REGISTER32bit:inst|REGISTER4bit:inst1|inst5                                 ; |ULA|data_path:inst2|BANK_REG:inst1|TOS:inst7|REGISTER32bit:inst|REGISTER4bit:inst1|inst5                            ; regout           ;
; |ULA|data_path:inst2|BANK_REG:inst1|OPC:inst8|REGISTER32bit:inst|REGISTER4bit:inst1|inst5                                 ; |ULA|data_path:inst2|BANK_REG:inst1|OPC:inst8|REGISTER32bit:inst|REGISTER4bit:inst1|inst5                            ; regout           ;
; |ULA|data_path:inst2|BANK_REG:inst1|MDR:inst3|REGISTER32bit:inst1|REGISTER4bit:inst1|inst5                                ; |ULA|data_path:inst2|BANK_REG:inst1|MDR:inst3|REGISTER32bit:inst1|REGISTER4bit:inst1|inst5                           ; regout           ;
; |ULA|data_path:inst2|BANK_REG:inst1|H:inst10|REGISTER32bit:inst|REGISTER4bit:inst1|inst16                                 ; |ULA|data_path:inst2|BANK_REG:inst1|H:inst10|REGISTER32bit:inst|REGISTER4bit:inst1|inst16                            ; regout           ;
; |ULA|data_path:inst2|BANK_REG:inst1|SP:inst1|REGISTER32bit:inst|REGISTER4bit:inst1|inst16                                 ; |ULA|data_path:inst2|BANK_REG:inst1|SP:inst1|REGISTER32bit:inst|REGISTER4bit:inst1|inst16                            ; regout           ;
; |ULA|data_path:inst2|BANK_REG:inst1|PC:inst4|REGISTER32bit:inst|REGISTER4bit:inst1|inst16                                 ; |ULA|data_path:inst2|BANK_REG:inst1|PC:inst4|REGISTER32bit:inst|REGISTER4bit:inst1|inst16                            ; regout           ;
; |ULA|data_path:inst2|BANK_REG:inst1|CPP:inst6|REGISTER32bit:inst|REGISTER4bit:inst1|inst16                                ; |ULA|data_path:inst2|BANK_REG:inst1|CPP:inst6|REGISTER32bit:inst|REGISTER4bit:inst1|inst16                           ; regout           ;
; |ULA|data_path:inst2|BANK_REG:inst1|LV:inst2|REGISTER32bit:inst|REGISTER4bit:inst1|inst16                                 ; |ULA|data_path:inst2|BANK_REG:inst1|LV:inst2|REGISTER32bit:inst|REGISTER4bit:inst1|inst16                            ; regout           ;
; |ULA|data_path:inst2|BANK_REG:inst1|TOS:inst7|REGISTER32bit:inst|REGISTER4bit:inst1|inst16                                ; |ULA|data_path:inst2|BANK_REG:inst1|TOS:inst7|REGISTER32bit:inst|REGISTER4bit:inst1|inst16                           ; regout           ;
; |ULA|data_path:inst2|BANK_REG:inst1|OPC:inst8|REGISTER32bit:inst|REGISTER4bit:inst1|inst16                                ; |ULA|data_path:inst2|BANK_REG:inst1|OPC:inst8|REGISTER32bit:inst|REGISTER4bit:inst1|inst16                           ; regout           ;
; |ULA|data_path:inst2|BANK_REG:inst1|MDR:inst3|REGISTER32bit:inst1|REGISTER4bit:inst1|inst16                               ; |ULA|data_path:inst2|BANK_REG:inst1|MDR:inst3|REGISTER32bit:inst1|REGISTER4bit:inst1|inst16                          ; regout           ;
; |ULA|data_path:inst2|BANK_REG:inst1|H:inst10|REGISTER32bit:inst|REGISTER4bit:inst1|inst20                                 ; |ULA|data_path:inst2|BANK_REG:inst1|H:inst10|REGISTER32bit:inst|REGISTER4bit:inst1|inst20                            ; regout           ;
; |ULA|data_path:inst2|BANK_REG:inst1|SP:inst1|REGISTER32bit:inst|REGISTER4bit:inst1|inst20                                 ; |ULA|data_path:inst2|BANK_REG:inst1|SP:inst1|REGISTER32bit:inst|REGISTER4bit:inst1|inst20                            ; regout           ;
; |ULA|data_path:inst2|BANK_REG:inst1|PC:inst4|REGISTER32bit:inst|REGISTER4bit:inst1|inst20                                 ; |ULA|data_path:inst2|BANK_REG:inst1|PC:inst4|REGISTER32bit:inst|REGISTER4bit:inst1|inst20                            ; regout           ;
; |ULA|data_path:inst2|BANK_REG:inst1|CPP:inst6|REGISTER32bit:inst|REGISTER4bit:inst1|inst20                                ; |ULA|data_path:inst2|BANK_REG:inst1|CPP:inst6|REGISTER32bit:inst|REGISTER4bit:inst1|inst20                           ; regout           ;
; |ULA|data_path:inst2|BANK_REG:inst1|LV:inst2|REGISTER32bit:inst|REGISTER4bit:inst1|inst20                                 ; |ULA|data_path:inst2|BANK_REG:inst1|LV:inst2|REGISTER32bit:inst|REGISTER4bit:inst1|inst20                            ; regout           ;
; |ULA|data_path:inst2|BANK_REG:inst1|TOS:inst7|REGISTER32bit:inst|REGISTER4bit:inst1|inst20                                ; |ULA|data_path:inst2|BANK_REG:inst1|TOS:inst7|REGISTER32bit:inst|REGISTER4bit:inst1|inst20                           ; regout           ;
; |ULA|data_path:inst2|BANK_REG:inst1|OPC:inst8|REGISTER32bit:inst|REGISTER4bit:inst1|inst20                                ; |ULA|data_path:inst2|BANK_REG:inst1|OPC:inst8|REGISTER32bit:inst|REGISTER4bit:inst1|inst20                           ; regout           ;
; |ULA|data_path:inst2|BANK_REG:inst1|MDR:inst3|REGISTER32bit:inst1|REGISTER4bit:inst1|inst20                               ; |ULA|data_path:inst2|BANK_REG:inst1|MDR:inst3|REGISTER32bit:inst1|REGISTER4bit:inst1|inst20                          ; regout           ;
; |ULA|data_path:inst2|BANK_REG:inst1|H:inst10|REGISTER32bit:inst|REGISTER4bit:inst|inst20                                  ; |ULA|data_path:inst2|BANK_REG:inst1|H:inst10|REGISTER32bit:inst|REGISTER4bit:inst|inst20                             ; regout           ;
; |ULA|data_path:inst2|BANK_REG:inst1|SP:inst1|REGISTER32bit:inst|REGISTER4bit:inst|inst20                                  ; |ULA|data_path:inst2|BANK_REG:inst1|SP:inst1|REGISTER32bit:inst|REGISTER4bit:inst|inst20                             ; regout           ;
; |ULA|data_path:inst2|BANK_REG:inst1|PC:inst4|REGISTER32bit:inst|REGISTER4bit:inst|inst20                                  ; |ULA|data_path:inst2|BANK_REG:inst1|PC:inst4|REGISTER32bit:inst|REGISTER4bit:inst|inst20                             ; regout           ;
; |ULA|data_path:inst2|BANK_REG:inst1|CPP:inst6|REGISTER32bit:inst|REGISTER4bit:inst|inst20                                 ; |ULA|data_path:inst2|BANK_REG:inst1|CPP:inst6|REGISTER32bit:inst|REGISTER4bit:inst|inst20                            ; regout           ;
; |ULA|data_path:inst2|BANK_REG:inst1|LV:inst2|REGISTER32bit:inst|REGISTER4bit:inst|inst20                                  ; |ULA|data_path:inst2|BANK_REG:inst1|LV:inst2|REGISTER32bit:inst|REGISTER4bit:inst|inst20                             ; regout           ;
; |ULA|data_path:inst2|BANK_REG:inst1|TOS:inst7|REGISTER32bit:inst|REGISTER4bit:inst|inst20                                 ; |ULA|data_path:inst2|BANK_REG:inst1|TOS:inst7|REGISTER32bit:inst|REGISTER4bit:inst|inst20                            ; regout           ;
; |ULA|data_path:inst2|BANK_REG:inst1|OPC:inst8|REGISTER32bit:inst|REGISTER4bit:inst|inst20                                 ; |ULA|data_path:inst2|BANK_REG:inst1|OPC:inst8|REGISTER32bit:inst|REGISTER4bit:inst|inst20                            ; regout           ;
; |ULA|data_path:inst2|BANK_REG:inst1|MBR:inst5|REGISTER32bit:inst|REGISTER4bit:inst|inst20                                 ; |ULA|data_path:inst2|BANK_REG:inst1|MBR:inst5|REGISTER32bit:inst|REGISTER4bit:inst|inst20                            ; regout           ;
; |ULA|data_path:inst2|BANK_REG:inst1|MDR:inst3|REGISTER32bit:inst1|REGISTER4bit:inst|inst20                                ; |ULA|data_path:inst2|BANK_REG:inst1|MDR:inst3|REGISTER32bit:inst1|REGISTER4bit:inst|inst20                           ; regout           ;
; |ULA|data_path:inst2|BANK_REG:inst1|MBR:inst5|REGISTER32bit:inst3|REGISTER4bit:inst|inst20                                ; |ULA|data_path:inst2|BANK_REG:inst1|MBR:inst5|REGISTER32bit:inst3|REGISTER4bit:inst|inst20                           ; regout           ;
; |ULA|data_path:inst2|BANK_REG:inst1|H:inst10|REGISTER32bit:inst|REGISTER4bit:inst|inst16                                  ; |ULA|data_path:inst2|BANK_REG:inst1|H:inst10|REGISTER32bit:inst|REGISTER4bit:inst|inst16                             ; regout           ;
; |ULA|data_path:inst2|BANK_REG:inst1|SP:inst1|REGISTER32bit:inst|REGISTER4bit:inst|inst16                                  ; |ULA|data_path:inst2|BANK_REG:inst1|SP:inst1|REGISTER32bit:inst|REGISTER4bit:inst|inst16                             ; regout           ;
; |ULA|data_path:inst2|BANK_REG:inst1|PC:inst4|REGISTER32bit:inst|REGISTER4bit:inst|inst16                                  ; |ULA|data_path:inst2|BANK_REG:inst1|PC:inst4|REGISTER32bit:inst|REGISTER4bit:inst|inst16                             ; regout           ;
; |ULA|data_path:inst2|BANK_REG:inst1|CPP:inst6|REGISTER32bit:inst|REGISTER4bit:inst|inst16                                 ; |ULA|data_path:inst2|BANK_REG:inst1|CPP:inst6|REGISTER32bit:inst|REGISTER4bit:inst|inst16                            ; regout           ;
; |ULA|data_path:inst2|BANK_REG:inst1|LV:inst2|REGISTER32bit:inst|REGISTER4bit:inst|inst16                                  ; |ULA|data_path:inst2|BANK_REG:inst1|LV:inst2|REGISTER32bit:inst|REGISTER4bit:inst|inst16                             ; regout           ;
; |ULA|data_path:inst2|BANK_REG:inst1|TOS:inst7|REGISTER32bit:inst|REGISTER4bit:inst|inst16                                 ; |ULA|data_path:inst2|BANK_REG:inst1|TOS:inst7|REGISTER32bit:inst|REGISTER4bit:inst|inst16                            ; regout           ;
; |ULA|data_path:inst2|BANK_REG:inst1|OPC:inst8|REGISTER32bit:inst|REGISTER4bit:inst|inst16                                 ; |ULA|data_path:inst2|BANK_REG:inst1|OPC:inst8|REGISTER32bit:inst|REGISTER4bit:inst|inst16                            ; regout           ;
; |ULA|data_path:inst2|BANK_REG:inst1|MDR:inst3|REGISTER32bit:inst1|REGISTER4bit:inst|inst16                                ; |ULA|data_path:inst2|BANK_REG:inst1|MDR:inst3|REGISTER32bit:inst1|REGISTER4bit:inst|inst16                           ; regout           ;
; |ULA|data_path:inst2|BANK_REG:inst1|H:inst10|REGISTER32bit:inst|REGISTER4bit:inst|inst5                                   ; |ULA|data_path:inst2|BANK_REG:inst1|H:inst10|REGISTER32bit:inst|REGISTER4bit:inst|inst5                              ; regout           ;
; |ULA|data_path:inst2|BANK_REG:inst1|SP:inst1|REGISTER32bit:inst|REGISTER4bit:inst|inst5                                   ; |ULA|data_path:inst2|BANK_REG:inst1|SP:inst1|REGISTER32bit:inst|REGISTER4bit:inst|inst5                              ; regout           ;
; |ULA|data_path:inst2|BANK_REG:inst1|CPP:inst6|REGISTER32bit:inst|REGISTER4bit:inst|inst5                                  ; |ULA|data_path:inst2|BANK_REG:inst1|CPP:inst6|REGISTER32bit:inst|REGISTER4bit:inst|inst5                             ; regout           ;
; |ULA|data_path:inst2|BANK_REG:inst1|LV:inst2|REGISTER32bit:inst|REGISTER4bit:inst|inst5                                   ; |ULA|data_path:inst2|BANK_REG:inst1|LV:inst2|REGISTER32bit:inst|REGISTER4bit:inst|inst5                              ; regout           ;
; |ULA|data_path:inst2|BANK_REG:inst1|TOS:inst7|REGISTER32bit:inst|REGISTER4bit:inst|inst5                                  ; |ULA|data_path:inst2|BANK_REG:inst1|TOS:inst7|REGISTER32bit:inst|REGISTER4bit:inst|inst5                             ; regout           ;
; |ULA|data_path:inst2|BANK_REG:inst1|OPC:inst8|REGISTER32bit:inst|REGISTER4bit:inst|inst5                                  ; |ULA|data_path:inst2|BANK_REG:inst1|OPC:inst8|REGISTER32bit:inst|REGISTER4bit:inst|inst5                             ; regout           ;
; |ULA|data_path:inst2|BANK_REG:inst1|MDR:inst3|REGISTER32bit:inst1|REGISTER4bit:inst|inst5                                 ; |ULA|data_path:inst2|BANK_REG:inst1|MDR:inst3|REGISTER32bit:inst1|REGISTER4bit:inst|inst5                            ; regout           ;
; |ULA|data_path:inst2|BANK_REG:inst1|H:inst10|REGISTER32bit:inst|REGISTER4bit:inst|inst                                    ; |ULA|data_path:inst2|BANK_REG:inst1|H:inst10|REGISTER32bit:inst|REGISTER4bit:inst|inst                               ; regout           ;
; |ULA|data_path:inst2|BANK_REG:inst1|MBR:inst5|REGISTER32bit:inst3|inst4[0]~112                                            ; |ULA|data_path:inst2|BANK_REG:inst1|MBR:inst5|REGISTER32bit:inst3|inst4[0]~112                                       ; combout          ;
; |ULA|data_path:inst2|BANK_REG:inst1|SP:inst1|REGISTER32bit:inst|REGISTER4bit:inst|inst                                    ; |ULA|data_path:inst2|BANK_REG:inst1|SP:inst1|REGISTER32bit:inst|REGISTER4bit:inst|inst                               ; regout           ;
; |ULA|data_path:inst2|BANK_REG:inst1|CPP:inst6|REGISTER32bit:inst|REGISTER4bit:inst|inst                                   ; |ULA|data_path:inst2|BANK_REG:inst1|CPP:inst6|REGISTER32bit:inst|REGISTER4bit:inst|inst                              ; regout           ;
; |ULA|data_path:inst2|BANK_REG:inst1|LV:inst2|REGISTER32bit:inst|REGISTER4bit:inst|inst                                    ; |ULA|data_path:inst2|BANK_REG:inst1|LV:inst2|REGISTER32bit:inst|REGISTER4bit:inst|inst                               ; regout           ;
; |ULA|data_path:inst2|BANK_REG:inst1|TOS:inst7|REGISTER32bit:inst|REGISTER4bit:inst|inst                                   ; |ULA|data_path:inst2|BANK_REG:inst1|TOS:inst7|REGISTER32bit:inst|REGISTER4bit:inst|inst                              ; regout           ;
; |ULA|data_path:inst2|BANK_REG:inst1|OPC:inst8|REGISTER32bit:inst|REGISTER4bit:inst|inst                                   ; |ULA|data_path:inst2|BANK_REG:inst1|OPC:inst8|REGISTER32bit:inst|REGISTER4bit:inst|inst                              ; regout           ;
; |ULA|data_path:inst2|BANK_REG:inst1|MDR:inst3|REGISTER32bit:inst1|REGISTER4bit:inst|inst                                  ; |ULA|data_path:inst2|BANK_REG:inst1|MDR:inst3|REGISTER32bit:inst1|REGISTER4bit:inst|inst                             ; regout           ;
; |ULA|data_path:inst2|BANK_REG:inst1|H:inst10|REGISTER32bit:inst|REGISTER4bit:inst11|inst20                                ; |ULA|data_path:inst2|BANK_REG:inst1|H:inst10|REGISTER32bit:inst|REGISTER4bit:inst11|inst20                           ; regout           ;
; |ULA|data_path:inst2|BANK_REG:inst1|SP:inst1|REGISTER32bit:inst|REGISTER4bit:inst11|inst20                                ; |ULA|data_path:inst2|BANK_REG:inst1|SP:inst1|REGISTER32bit:inst|REGISTER4bit:inst11|inst20                           ; regout           ;
; |ULA|data_path:inst2|BANK_REG:inst1|PC:inst4|REGISTER32bit:inst|REGISTER4bit:inst11|inst20                                ; |ULA|data_path:inst2|BANK_REG:inst1|PC:inst4|REGISTER32bit:inst|REGISTER4bit:inst11|inst20                           ; regout           ;
; |ULA|data_path:inst2|BANK_REG:inst1|CPP:inst6|REGISTER32bit:inst|REGISTER4bit:inst11|inst20                               ; |ULA|data_path:inst2|BANK_REG:inst1|CPP:inst6|REGISTER32bit:inst|REGISTER4bit:inst11|inst20                          ; regout           ;
; |ULA|data_path:inst2|BANK_REG:inst1|LV:inst2|REGISTER32bit:inst|REGISTER4bit:inst11|inst20                                ; |ULA|data_path:inst2|BANK_REG:inst1|LV:inst2|REGISTER32bit:inst|REGISTER4bit:inst11|inst20                           ; regout           ;
; |ULA|data_path:inst2|BANK_REG:inst1|TOS:inst7|REGISTER32bit:inst|REGISTER4bit:inst11|inst20                               ; |ULA|data_path:inst2|BANK_REG:inst1|TOS:inst7|REGISTER32bit:inst|REGISTER4bit:inst11|inst20                          ; regout           ;
; |ULA|data_path:inst2|BANK_REG:inst1|OPC:inst8|REGISTER32bit:inst|REGISTER4bit:inst11|inst20                               ; |ULA|data_path:inst2|BANK_REG:inst1|OPC:inst8|REGISTER32bit:inst|REGISTER4bit:inst11|inst20                          ; regout           ;
; |ULA|data_path:inst2|BANK_REG:inst1|MDR:inst3|REGISTER32bit:inst1|REGISTER4bit:inst11|inst20                              ; |ULA|data_path:inst2|BANK_REG:inst1|MDR:inst3|REGISTER32bit:inst1|REGISTER4bit:inst11|inst20                         ; regout           ;
; |ULA|data_path:inst2|BANK_REG:inst1|SP:inst1|REGISTER32bit:inst|REGISTER4bit:inst15|inst16                                ; |ULA|data_path:inst2|BANK_REG:inst1|SP:inst1|REGISTER32bit:inst|REGISTER4bit:inst15|inst16                           ; regout           ;
; |ULA|data_path:inst2|BANK_REG:inst1|PC:inst4|REGISTER32bit:inst|REGISTER4bit:inst15|inst16                                ; |ULA|data_path:inst2|BANK_REG:inst1|PC:inst4|REGISTER32bit:inst|REGISTER4bit:inst15|inst16                           ; regout           ;
; |ULA|data_path:inst2|BANK_REG:inst1|CPP:inst6|REGISTER32bit:inst|REGISTER4bit:inst15|inst16                               ; |ULA|data_path:inst2|BANK_REG:inst1|CPP:inst6|REGISTER32bit:inst|REGISTER4bit:inst15|inst16                          ; regout           ;
; |ULA|data_path:inst2|BANK_REG:inst1|LV:inst2|REGISTER32bit:inst|REGISTER4bit:inst15|inst16                                ; |ULA|data_path:inst2|BANK_REG:inst1|LV:inst2|REGISTER32bit:inst|REGISTER4bit:inst15|inst16                           ; regout           ;
; |ULA|data_path:inst2|BANK_REG:inst1|TOS:inst7|REGISTER32bit:inst|REGISTER4bit:inst15|inst16                               ; |ULA|data_path:inst2|BANK_REG:inst1|TOS:inst7|REGISTER32bit:inst|REGISTER4bit:inst15|inst16                          ; regout           ;
; |ULA|data_path:inst2|BANK_REG:inst1|OPC:inst8|REGISTER32bit:inst|REGISTER4bit:inst15|inst16                               ; |ULA|data_path:inst2|BANK_REG:inst1|OPC:inst8|REGISTER32bit:inst|REGISTER4bit:inst15|inst16                          ; regout           ;
; |ULA|data_path:inst2|BANK_REG:inst1|MDR:inst3|REGISTER32bit:inst1|REGISTER4bit:inst15|inst16                              ; |ULA|data_path:inst2|BANK_REG:inst1|MDR:inst3|REGISTER32bit:inst1|REGISTER4bit:inst15|inst16                         ; regout           ;
; |ULA|data_path:inst2|SHIFTER:inst2|decoder2to4:inst13|inst2~0                                                             ; |ULA|data_path:inst2|SHIFTER:inst2|decoder2to4:inst13|inst2~0                                                        ; combout          ;
; |ULA|data_path:inst2|SHIFTER:inst2|inst3[31]~0                                                                            ; |ULA|data_path:inst2|SHIFTER:inst2|inst3[31]~0                                                                       ; combout          ;
; |ULA|data_path:inst2|BANK_REG:inst1|MAR:inst|REGISTER32bit:inst|REGISTER4bit:inst16|inst                                  ; |ULA|data_path:inst2|BANK_REG:inst1|MAR:inst|REGISTER32bit:inst|REGISTER4bit:inst16|inst                             ; regout           ;
; |ULA|data_path:inst2|BANK_REG:inst1|MAR:inst|REGISTER32bit:inst|REGISTER4bit:inst16|inst5                                 ; |ULA|data_path:inst2|BANK_REG:inst1|MAR:inst|REGISTER32bit:inst|REGISTER4bit:inst16|inst5                            ; regout           ;
; |ULA|data_path:inst2|BANK_REG:inst1|MAR:inst|REGISTER32bit:inst|REGISTER4bit:inst16|inst16                                ; |ULA|data_path:inst2|BANK_REG:inst1|MAR:inst|REGISTER32bit:inst|REGISTER4bit:inst16|inst16                           ; regout           ;
; |ULA|data_path:inst2|BANK_REG:inst1|MAR:inst|REGISTER32bit:inst|REGISTER4bit:inst16|inst20                                ; |ULA|data_path:inst2|BANK_REG:inst1|MAR:inst|REGISTER32bit:inst|REGISTER4bit:inst16|inst20                           ; regout           ;
; |ULA|data_path:inst2|BANK_REG:inst1|MAR:inst|REGISTER32bit:inst|REGISTER4bit:inst15|inst                                  ; |ULA|data_path:inst2|BANK_REG:inst1|MAR:inst|REGISTER32bit:inst|REGISTER4bit:inst15|inst                             ; regout           ;
; |ULA|data_path:inst2|BANK_REG:inst1|MAR:inst|REGISTER32bit:inst|REGISTER4bit:inst15|inst5                                 ; |ULA|data_path:inst2|BANK_REG:inst1|MAR:inst|REGISTER32bit:inst|REGISTER4bit:inst15|inst5                            ; regout           ;
; |ULA|data_path:inst2|BANK_REG:inst1|MAR:inst|REGISTER32bit:inst|REGISTER4bit:inst15|inst16                                ; |ULA|data_path:inst2|BANK_REG:inst1|MAR:inst|REGISTER32bit:inst|REGISTER4bit:inst15|inst16                           ; regout           ;
; |ULA|data_path:inst2|BANK_REG:inst1|MAR:inst|REGISTER32bit:inst|REGISTER4bit:inst15|inst20                                ; |ULA|data_path:inst2|BANK_REG:inst1|MAR:inst|REGISTER32bit:inst|REGISTER4bit:inst15|inst20                           ; regout           ;
; |ULA|data_path:inst2|BANK_REG:inst1|MAR:inst|REGISTER32bit:inst|REGISTER4bit:inst14|inst                                  ; |ULA|data_path:inst2|BANK_REG:inst1|MAR:inst|REGISTER32bit:inst|REGISTER4bit:inst14|inst                             ; regout           ;
; |ULA|data_path:inst2|BANK_REG:inst1|MAR:inst|REGISTER32bit:inst|REGISTER4bit:inst14|inst5                                 ; |ULA|data_path:inst2|BANK_REG:inst1|MAR:inst|REGISTER32bit:inst|REGISTER4bit:inst14|inst5                            ; regout           ;
; |ULA|data_path:inst2|BANK_REG:inst1|MAR:inst|REGISTER32bit:inst|REGISTER4bit:inst14|inst16                                ; |ULA|data_path:inst2|BANK_REG:inst1|MAR:inst|REGISTER32bit:inst|REGISTER4bit:inst14|inst16                           ; regout           ;
; |ULA|data_path:inst2|BANK_REG:inst1|MAR:inst|REGISTER32bit:inst|REGISTER4bit:inst14|inst20                                ; |ULA|data_path:inst2|BANK_REG:inst1|MAR:inst|REGISTER32bit:inst|REGISTER4bit:inst14|inst20                           ; regout           ;
; |ULA|data_path:inst2|BANK_REG:inst1|MAR:inst|REGISTER32bit:inst|REGISTER4bit:inst11|inst                                  ; |ULA|data_path:inst2|BANK_REG:inst1|MAR:inst|REGISTER32bit:inst|REGISTER4bit:inst11|inst                             ; regout           ;
; |ULA|data_path:inst2|BANK_REG:inst1|MAR:inst|REGISTER32bit:inst|REGISTER4bit:inst11|inst5                                 ; |ULA|data_path:inst2|BANK_REG:inst1|MAR:inst|REGISTER32bit:inst|REGISTER4bit:inst11|inst5                            ; regout           ;
; |ULA|data_path:inst2|BANK_REG:inst1|MAR:inst|REGISTER32bit:inst|REGISTER4bit:inst11|inst16                                ; |ULA|data_path:inst2|BANK_REG:inst1|MAR:inst|REGISTER32bit:inst|REGISTER4bit:inst11|inst16                           ; regout           ;
; |ULA|data_path:inst2|BANK_REG:inst1|MAR:inst|REGISTER32bit:inst|REGISTER4bit:inst11|inst20                                ; |ULA|data_path:inst2|BANK_REG:inst1|MAR:inst|REGISTER32bit:inst|REGISTER4bit:inst11|inst20                           ; regout           ;
; |ULA|data_path:inst2|BANK_REG:inst1|MAR:inst|REGISTER32bit:inst|REGISTER4bit:inst3|inst                                   ; |ULA|data_path:inst2|BANK_REG:inst1|MAR:inst|REGISTER32bit:inst|REGISTER4bit:inst3|inst                              ; regout           ;
; |ULA|data_path:inst2|BANK_REG:inst1|MAR:inst|REGISTER32bit:inst|REGISTER4bit:inst3|inst5                                  ; |ULA|data_path:inst2|BANK_REG:inst1|MAR:inst|REGISTER32bit:inst|REGISTER4bit:inst3|inst5                             ; regout           ;
; |ULA|data_path:inst2|BANK_REG:inst1|MAR:inst|REGISTER32bit:inst|REGISTER4bit:inst3|inst16                                 ; |ULA|data_path:inst2|BANK_REG:inst1|MAR:inst|REGISTER32bit:inst|REGISTER4bit:inst3|inst16                            ; regout           ;
; |ULA|data_path:inst2|BANK_REG:inst1|MAR:inst|REGISTER32bit:inst|REGISTER4bit:inst3|inst20                                 ; |ULA|data_path:inst2|BANK_REG:inst1|MAR:inst|REGISTER32bit:inst|REGISTER4bit:inst3|inst20                            ; regout           ;
; |ULA|data_path:inst2|BANK_REG:inst1|MAR:inst|REGISTER32bit:inst|REGISTER4bit:inst2|inst                                   ; |ULA|data_path:inst2|BANK_REG:inst1|MAR:inst|REGISTER32bit:inst|REGISTER4bit:inst2|inst                              ; regout           ;
; |ULA|data_path:inst2|BANK_REG:inst1|MAR:inst|REGISTER32bit:inst|REGISTER4bit:inst2|inst5                                  ; |ULA|data_path:inst2|BANK_REG:inst1|MAR:inst|REGISTER32bit:inst|REGISTER4bit:inst2|inst5                             ; regout           ;
; |ULA|data_path:inst2|BANK_REG:inst1|MAR:inst|REGISTER32bit:inst|REGISTER4bit:inst2|inst16                                 ; |ULA|data_path:inst2|BANK_REG:inst1|MAR:inst|REGISTER32bit:inst|REGISTER4bit:inst2|inst16                            ; regout           ;
; |ULA|data_path:inst2|BANK_REG:inst1|MAR:inst|REGISTER32bit:inst|REGISTER4bit:inst2|inst20                                 ; |ULA|data_path:inst2|BANK_REG:inst1|MAR:inst|REGISTER32bit:inst|REGISTER4bit:inst2|inst20                            ; regout           ;
; |ULA|data_path:inst2|BANK_REG:inst1|MAR:inst|REGISTER32bit:inst|REGISTER4bit:inst1|inst                                   ; |ULA|data_path:inst2|BANK_REG:inst1|MAR:inst|REGISTER32bit:inst|REGISTER4bit:inst1|inst                              ; regout           ;
; |ULA|data_path:inst2|BANK_REG:inst1|MAR:inst|REGISTER32bit:inst|REGISTER4bit:inst1|inst5                                  ; |ULA|data_path:inst2|BANK_REG:inst1|MAR:inst|REGISTER32bit:inst|REGISTER4bit:inst1|inst5                             ; regout           ;
; |ULA|data_path:inst2|BANK_REG:inst1|MAR:inst|REGISTER32bit:inst|REGISTER4bit:inst1|inst16                                 ; |ULA|data_path:inst2|BANK_REG:inst1|MAR:inst|REGISTER32bit:inst|REGISTER4bit:inst1|inst16                            ; regout           ;
; |ULA|data_path:inst2|BANK_REG:inst1|MAR:inst|REGISTER32bit:inst|REGISTER4bit:inst1|inst20                                 ; |ULA|data_path:inst2|BANK_REG:inst1|MAR:inst|REGISTER32bit:inst|REGISTER4bit:inst1|inst20                            ; regout           ;
; |ULA|data_path:inst2|BANK_REG:inst1|MAR:inst|REGISTER32bit:inst|REGISTER4bit:inst|inst20                                  ; |ULA|data_path:inst2|BANK_REG:inst1|MAR:inst|REGISTER32bit:inst|REGISTER4bit:inst|inst20                             ; regout           ;
; |ULA|data_path:inst2|BANK_REG:inst1|MAR:inst|REGISTER32bit:inst|REGISTER4bit:inst|inst16                                  ; |ULA|data_path:inst2|BANK_REG:inst1|MAR:inst|REGISTER32bit:inst|REGISTER4bit:inst|inst16                             ; regout           ;
; |ULA|data_path:inst2|BANK_REG:inst1|MAR:inst|REGISTER32bit:inst|REGISTER4bit:inst|inst5                                   ; |ULA|data_path:inst2|BANK_REG:inst1|MAR:inst|REGISTER32bit:inst|REGISTER4bit:inst|inst5                              ; regout           ;
; |ULA|data_path:inst2|BANK_REG:inst1|MAR:inst|REGISTER32bit:inst|REGISTER4bit:inst|inst                                    ; |ULA|data_path:inst2|BANK_REG:inst1|MAR:inst|REGISTER32bit:inst|REGISTER4bit:inst|inst                               ; regout           ;
; |ULA|UNIDADE_CONTROLE:inst|MPC:inst2|inst5~0                                                                              ; |ULA|UNIDADE_CONTROLE:inst|MPC:inst2|inst5~0                                                                         ; combout          ;
; |ULA|UNIDADE_CONTROLE:inst|MPC:inst2|inst5                                                                                ; |ULA|UNIDADE_CONTROLE:inst|MPC:inst2|inst5                                                                           ; combout          ;
; |ULA|data_path:inst2|SHIFTER:inst2|inst2[31]                                                                              ; |ULA|data_path:inst2|SHIFTER:inst2|inst2[31]                                                                         ; combout          ;
; |ULA|data_path:inst2|BANK_REG:inst1|CPP:inst6|REGISTER32bit:inst|inst12                                                   ; |ULA|data_path:inst2|BANK_REG:inst1|CPP:inst6|REGISTER32bit:inst|inst12                                              ; combout          ;
; |ULA|data_path:inst2|BANK_REG:inst1|LV:inst2|REGISTER32bit:inst|inst12                                                    ; |ULA|data_path:inst2|BANK_REG:inst1|LV:inst2|REGISTER32bit:inst|inst12                                               ; combout          ;
; |ULA|data_path:inst2|BANK_REG:inst1|OPC:inst8|REGISTER32bit:inst|inst12                                                   ; |ULA|data_path:inst2|BANK_REG:inst1|OPC:inst8|REGISTER32bit:inst|inst12                                              ; combout          ;
; |ULA|C_BUS[31]                                                                                                            ; |ULA|C_BUS[31]                                                                                                       ; padio            ;
; |ULA|C_BUS[30]                                                                                                            ; |ULA|C_BUS[30]                                                                                                       ; padio            ;
; |ULA|C_BUS[29]                                                                                                            ; |ULA|C_BUS[29]                                                                                                       ; padio            ;
; |ULA|C_BUS[28]                                                                                                            ; |ULA|C_BUS[28]                                                                                                       ; padio            ;
; |ULA|C_BUS[27]                                                                                                            ; |ULA|C_BUS[27]                                                                                                       ; padio            ;
; |ULA|C_BUS[26]                                                                                                            ; |ULA|C_BUS[26]                                                                                                       ; padio            ;
; |ULA|C_BUS[25]                                                                                                            ; |ULA|C_BUS[25]                                                                                                       ; padio            ;
; |ULA|C_BUS[24]                                                                                                            ; |ULA|C_BUS[24]                                                                                                       ; padio            ;
; |ULA|C_BUS[23]                                                                                                            ; |ULA|C_BUS[23]                                                                                                       ; padio            ;
; |ULA|C_BUS[22]                                                                                                            ; |ULA|C_BUS[22]                                                                                                       ; padio            ;
; |ULA|C_BUS[21]                                                                                                            ; |ULA|C_BUS[21]                                                                                                       ; padio            ;
; |ULA|C_BUS[20]                                                                                                            ; |ULA|C_BUS[20]                                                                                                       ; padio            ;
; |ULA|C_BUS[19]                                                                                                            ; |ULA|C_BUS[19]                                                                                                       ; padio            ;
; |ULA|C_BUS[18]                                                                                                            ; |ULA|C_BUS[18]                                                                                                       ; padio            ;
; |ULA|C_BUS[17]                                                                                                            ; |ULA|C_BUS[17]                                                                                                       ; padio            ;
; |ULA|C_BUS[16]                                                                                                            ; |ULA|C_BUS[16]                                                                                                       ; padio            ;
; |ULA|C_BUS[15]                                                                                                            ; |ULA|C_BUS[15]                                                                                                       ; padio            ;
; |ULA|C_BUS[14]                                                                                                            ; |ULA|C_BUS[14]                                                                                                       ; padio            ;
; |ULA|C_BUS[13]                                                                                                            ; |ULA|C_BUS[13]                                                                                                       ; padio            ;
; |ULA|C_BUS[12]                                                                                                            ; |ULA|C_BUS[12]                                                                                                       ; padio            ;
; |ULA|C_BUS[11]                                                                                                            ; |ULA|C_BUS[11]                                                                                                       ; padio            ;
; |ULA|C_BUS[10]                                                                                                            ; |ULA|C_BUS[10]                                                                                                       ; padio            ;
; |ULA|C_BUS[9]                                                                                                             ; |ULA|C_BUS[9]                                                                                                        ; padio            ;
; |ULA|C_BUS[8]                                                                                                             ; |ULA|C_BUS[8]                                                                                                        ; padio            ;
; |ULA|C_BUS[7]                                                                                                             ; |ULA|C_BUS[7]                                                                                                        ; padio            ;
; |ULA|C_BUS[6]                                                                                                             ; |ULA|C_BUS[6]                                                                                                        ; padio            ;
; |ULA|C_BUS[5]                                                                                                             ; |ULA|C_BUS[5]                                                                                                        ; padio            ;
; |ULA|C_BUS[4]                                                                                                             ; |ULA|C_BUS[4]                                                                                                        ; padio            ;
; |ULA|C_BUS[3]                                                                                                             ; |ULA|C_BUS[3]                                                                                                        ; padio            ;
; |ULA|C_BUS[2]                                                                                                             ; |ULA|C_BUS[2]                                                                                                        ; padio            ;
; |ULA|C_BUS[1]                                                                                                             ; |ULA|C_BUS[1]                                                                                                        ; padio            ;
; |ULA|C_BUS[0]                                                                                                             ; |ULA|C_BUS[0]                                                                                                        ; padio            ;
; |ULA|DATA_MEN_ADDR[31]                                                                                                    ; |ULA|DATA_MEN_ADDR[31]                                                                                               ; padio            ;
; |ULA|DATA_MEN_ADDR[30]                                                                                                    ; |ULA|DATA_MEN_ADDR[30]                                                                                               ; padio            ;
; |ULA|DATA_MEN_ADDR[29]                                                                                                    ; |ULA|DATA_MEN_ADDR[29]                                                                                               ; padio            ;
; |ULA|DATA_MEN_ADDR[28]                                                                                                    ; |ULA|DATA_MEN_ADDR[28]                                                                                               ; padio            ;
; |ULA|DATA_MEN_ADDR[27]                                                                                                    ; |ULA|DATA_MEN_ADDR[27]                                                                                               ; padio            ;
; |ULA|DATA_MEN_ADDR[26]                                                                                                    ; |ULA|DATA_MEN_ADDR[26]                                                                                               ; padio            ;
; |ULA|DATA_MEN_ADDR[25]                                                                                                    ; |ULA|DATA_MEN_ADDR[25]                                                                                               ; padio            ;
; |ULA|DATA_MEN_ADDR[24]                                                                                                    ; |ULA|DATA_MEN_ADDR[24]                                                                                               ; padio            ;
; |ULA|DATA_MEN_ADDR[23]                                                                                                    ; |ULA|DATA_MEN_ADDR[23]                                                                                               ; padio            ;
; |ULA|DATA_MEN_ADDR[22]                                                                                                    ; |ULA|DATA_MEN_ADDR[22]                                                                                               ; padio            ;
; |ULA|DATA_MEN_ADDR[21]                                                                                                    ; |ULA|DATA_MEN_ADDR[21]                                                                                               ; padio            ;
; |ULA|DATA_MEN_ADDR[20]                                                                                                    ; |ULA|DATA_MEN_ADDR[20]                                                                                               ; padio            ;
; |ULA|DATA_MEN_ADDR[19]                                                                                                    ; |ULA|DATA_MEN_ADDR[19]                                                                                               ; padio            ;
; |ULA|DATA_MEN_ADDR[18]                                                                                                    ; |ULA|DATA_MEN_ADDR[18]                                                                                               ; padio            ;
; |ULA|DATA_MEN_ADDR[17]                                                                                                    ; |ULA|DATA_MEN_ADDR[17]                                                                                               ; padio            ;
; |ULA|DATA_MEN_ADDR[16]                                                                                                    ; |ULA|DATA_MEN_ADDR[16]                                                                                               ; padio            ;
; |ULA|DATA_MEN_ADDR[15]                                                                                                    ; |ULA|DATA_MEN_ADDR[15]                                                                                               ; padio            ;
; |ULA|DATA_MEN_ADDR[14]                                                                                                    ; |ULA|DATA_MEN_ADDR[14]                                                                                               ; padio            ;
; |ULA|DATA_MEN_ADDR[13]                                                                                                    ; |ULA|DATA_MEN_ADDR[13]                                                                                               ; padio            ;
; |ULA|DATA_MEN_ADDR[12]                                                                                                    ; |ULA|DATA_MEN_ADDR[12]                                                                                               ; padio            ;
; |ULA|DATA_MEN_ADDR[11]                                                                                                    ; |ULA|DATA_MEN_ADDR[11]                                                                                               ; padio            ;
; |ULA|DATA_MEN_ADDR[10]                                                                                                    ; |ULA|DATA_MEN_ADDR[10]                                                                                               ; padio            ;
; |ULA|DATA_MEN_ADDR[9]                                                                                                     ; |ULA|DATA_MEN_ADDR[9]                                                                                                ; padio            ;
; |ULA|DATA_MEN_ADDR[8]                                                                                                     ; |ULA|DATA_MEN_ADDR[8]                                                                                                ; padio            ;
; |ULA|DATA_MEN_ADDR[7]                                                                                                     ; |ULA|DATA_MEN_ADDR[7]                                                                                                ; padio            ;
; |ULA|DATA_MEN_ADDR[6]                                                                                                     ; |ULA|DATA_MEN_ADDR[6]                                                                                                ; padio            ;
; |ULA|DATA_MEN_ADDR[5]                                                                                                     ; |ULA|DATA_MEN_ADDR[5]                                                                                                ; padio            ;
; |ULA|DATA_MEN_ADDR[4]                                                                                                     ; |ULA|DATA_MEN_ADDR[4]                                                                                                ; padio            ;
; |ULA|DATA_MEN_ADDR[3]                                                                                                     ; |ULA|DATA_MEN_ADDR[3]                                                                                                ; padio            ;
; |ULA|DATA_MEN_ADDR[2]                                                                                                     ; |ULA|DATA_MEN_ADDR[2]                                                                                                ; padio            ;
; |ULA|DATA_MEN_ADDR[1]                                                                                                     ; |ULA|DATA_MEN_ADDR[1]                                                                                                ; padio            ;
; |ULA|DATA_MEN_ADDR[0]                                                                                                     ; |ULA|DATA_MEN_ADDR[0]                                                                                                ; padio            ;
; |ULA|DATA_MEN_OUT[31]                                                                                                     ; |ULA|DATA_MEN_OUT[31]                                                                                                ; padio            ;
; |ULA|DATA_MEN_OUT[30]                                                                                                     ; |ULA|DATA_MEN_OUT[30]                                                                                                ; padio            ;
; |ULA|DATA_MEN_OUT[29]                                                                                                     ; |ULA|DATA_MEN_OUT[29]                                                                                                ; padio            ;
; |ULA|DATA_MEN_OUT[28]                                                                                                     ; |ULA|DATA_MEN_OUT[28]                                                                                                ; padio            ;
; |ULA|DATA_MEN_OUT[27]                                                                                                     ; |ULA|DATA_MEN_OUT[27]                                                                                                ; padio            ;
; |ULA|DATA_MEN_OUT[26]                                                                                                     ; |ULA|DATA_MEN_OUT[26]                                                                                                ; padio            ;
; |ULA|DATA_MEN_OUT[25]                                                                                                     ; |ULA|DATA_MEN_OUT[25]                                                                                                ; padio            ;
; |ULA|DATA_MEN_OUT[24]                                                                                                     ; |ULA|DATA_MEN_OUT[24]                                                                                                ; padio            ;
; |ULA|DATA_MEN_OUT[23]                                                                                                     ; |ULA|DATA_MEN_OUT[23]                                                                                                ; padio            ;
; |ULA|DATA_MEN_OUT[22]                                                                                                     ; |ULA|DATA_MEN_OUT[22]                                                                                                ; padio            ;
; |ULA|DATA_MEN_OUT[21]                                                                                                     ; |ULA|DATA_MEN_OUT[21]                                                                                                ; padio            ;
; |ULA|DATA_MEN_OUT[20]                                                                                                     ; |ULA|DATA_MEN_OUT[20]                                                                                                ; padio            ;
; |ULA|DATA_MEN_OUT[19]                                                                                                     ; |ULA|DATA_MEN_OUT[19]                                                                                                ; padio            ;
; |ULA|DATA_MEN_OUT[18]                                                                                                     ; |ULA|DATA_MEN_OUT[18]                                                                                                ; padio            ;
; |ULA|DATA_MEN_OUT[17]                                                                                                     ; |ULA|DATA_MEN_OUT[17]                                                                                                ; padio            ;
; |ULA|DATA_MEN_OUT[16]                                                                                                     ; |ULA|DATA_MEN_OUT[16]                                                                                                ; padio            ;
; |ULA|DATA_MEN_OUT[15]                                                                                                     ; |ULA|DATA_MEN_OUT[15]                                                                                                ; padio            ;
; |ULA|DATA_MEN_OUT[14]                                                                                                     ; |ULA|DATA_MEN_OUT[14]                                                                                                ; padio            ;
; |ULA|DATA_MEN_OUT[13]                                                                                                     ; |ULA|DATA_MEN_OUT[13]                                                                                                ; padio            ;
; |ULA|DATA_MEN_OUT[12]                                                                                                     ; |ULA|DATA_MEN_OUT[12]                                                                                                ; padio            ;
; |ULA|DATA_MEN_OUT[11]                                                                                                     ; |ULA|DATA_MEN_OUT[11]                                                                                                ; padio            ;
; |ULA|DATA_MEN_OUT[10]                                                                                                     ; |ULA|DATA_MEN_OUT[10]                                                                                                ; padio            ;
; |ULA|DATA_MEN_OUT[9]                                                                                                      ; |ULA|DATA_MEN_OUT[9]                                                                                                 ; padio            ;
; |ULA|DATA_MEN_OUT[8]                                                                                                      ; |ULA|DATA_MEN_OUT[8]                                                                                                 ; padio            ;
; |ULA|DATA_MEN_OUT[7]                                                                                                      ; |ULA|DATA_MEN_OUT[7]                                                                                                 ; padio            ;
; |ULA|DATA_MEN_OUT[6]                                                                                                      ; |ULA|DATA_MEN_OUT[6]                                                                                                 ; padio            ;
; |ULA|DATA_MEN_OUT[5]                                                                                                      ; |ULA|DATA_MEN_OUT[5]                                                                                                 ; padio            ;
; |ULA|DATA_MEN_OUT[4]                                                                                                      ; |ULA|DATA_MEN_OUT[4]                                                                                                 ; padio            ;
; |ULA|DATA_MEN_OUT[3]                                                                                                      ; |ULA|DATA_MEN_OUT[3]                                                                                                 ; padio            ;
; |ULA|DATA_MEN_OUT[2]                                                                                                      ; |ULA|DATA_MEN_OUT[2]                                                                                                 ; padio            ;
; |ULA|DATA_MEN_OUT[1]                                                                                                      ; |ULA|DATA_MEN_OUT[1]                                                                                                 ; padio            ;
; |ULA|DATA_MEN_OUT[0]                                                                                                      ; |ULA|DATA_MEN_OUT[0]                                                                                                 ; padio            ;
; |ULA|MBR_OUT[3]                                                                                                           ; |ULA|MBR_OUT[3]                                                                                                      ; padio            ;
; |ULA|MIR[35]                                                                                                              ; |ULA|MIR[35]                                                                                                         ; padio            ;
; |ULA|MIR[34]                                                                                                              ; |ULA|MIR[34]                                                                                                         ; padio            ;
; |ULA|MIR[33]                                                                                                              ; |ULA|MIR[33]                                                                                                         ; padio            ;
; |ULA|MIR[31]                                                                                                              ; |ULA|MIR[31]                                                                                                         ; padio            ;
; |ULA|MIR[25]                                                                                                              ; |ULA|MIR[25]                                                                                                         ; padio            ;
; |ULA|MIR[24]                                                                                                              ; |ULA|MIR[24]                                                                                                         ; padio            ;
; |ULA|MIR[23]                                                                                                              ; |ULA|MIR[23]                                                                                                         ; padio            ;
; |ULA|MIR[22]                                                                                                              ; |ULA|MIR[22]                                                                                                         ; padio            ;
; |ULA|MIR[14]                                                                                                              ; |ULA|MIR[14]                                                                                                         ; padio            ;
; |ULA|MIR[12]                                                                                                              ; |ULA|MIR[12]                                                                                                         ; padio            ;
; |ULA|MIR[11]                                                                                                              ; |ULA|MIR[11]                                                                                                         ; padio            ;
; |ULA|MIR[3]                                                                                                               ; |ULA|MIR[3]                                                                                                          ; padio            ;
; |ULA|MPC[8]                                                                                                               ; |ULA|MPC[8]                                                                                                          ; padio            ;
; |ULA|PC[31]                                                                                                               ; |ULA|PC[31]                                                                                                          ; padio            ;
; |ULA|PC[30]                                                                                                               ; |ULA|PC[30]                                                                                                          ; padio            ;
; |ULA|PC[29]                                                                                                               ; |ULA|PC[29]                                                                                                          ; padio            ;
; |ULA|PC[28]                                                                                                               ; |ULA|PC[28]                                                                                                          ; padio            ;
; |ULA|PC[27]                                                                                                               ; |ULA|PC[27]                                                                                                          ; padio            ;
; |ULA|PC[26]                                                                                                               ; |ULA|PC[26]                                                                                                          ; padio            ;
; |ULA|PC[25]                                                                                                               ; |ULA|PC[25]                                                                                                          ; padio            ;
; |ULA|PC[24]                                                                                                               ; |ULA|PC[24]                                                                                                          ; padio            ;
; |ULA|PC[23]                                                                                                               ; |ULA|PC[23]                                                                                                          ; padio            ;
; |ULA|PC[22]                                                                                                               ; |ULA|PC[22]                                                                                                          ; padio            ;
; |ULA|PC[21]                                                                                                               ; |ULA|PC[21]                                                                                                          ; padio            ;
; |ULA|PC[20]                                                                                                               ; |ULA|PC[20]                                                                                                          ; padio            ;
; |ULA|PC[19]                                                                                                               ; |ULA|PC[19]                                                                                                          ; padio            ;
; |ULA|PC[18]                                                                                                               ; |ULA|PC[18]                                                                                                          ; padio            ;
; |ULA|PC[17]                                                                                                               ; |ULA|PC[17]                                                                                                          ; padio            ;
; |ULA|PC[16]                                                                                                               ; |ULA|PC[16]                                                                                                          ; padio            ;
; |ULA|PC[15]                                                                                                               ; |ULA|PC[15]                                                                                                          ; padio            ;
; |ULA|PC[14]                                                                                                               ; |ULA|PC[14]                                                                                                          ; padio            ;
; |ULA|PC[13]                                                                                                               ; |ULA|PC[13]                                                                                                          ; padio            ;
; |ULA|PC[12]                                                                                                               ; |ULA|PC[12]                                                                                                          ; padio            ;
; |ULA|PC[11]                                                                                                               ; |ULA|PC[11]                                                                                                          ; padio            ;
; |ULA|PC[10]                                                                                                               ; |ULA|PC[10]                                                                                                          ; padio            ;
; |ULA|PC[9]                                                                                                                ; |ULA|PC[9]                                                                                                           ; padio            ;
; |ULA|PC[8]                                                                                                                ; |ULA|PC[8]                                                                                                           ; padio            ;
; |ULA|PC[7]                                                                                                                ; |ULA|PC[7]                                                                                                           ; padio            ;
; |ULA|PC[6]                                                                                                                ; |ULA|PC[6]                                                                                                           ; padio            ;
; |ULA|PC[5]                                                                                                                ; |ULA|PC[5]                                                                                                           ; padio            ;
; |ULA|PC[4]                                                                                                                ; |ULA|PC[4]                                                                                                           ; padio            ;
; |ULA|PC[3]                                                                                                                ; |ULA|PC[3]                                                                                                           ; padio            ;
; |ULA|PC[2]                                                                                                                ; |ULA|PC[2]                                                                                                           ; padio            ;
; |ULA|DATA_MEM_IN[27]                                                                                                      ; |ULA|DATA_MEM_IN[27]~corein                                                                                          ; combout          ;
; |ULA|DATA_MEM_IN[28]                                                                                                      ; |ULA|DATA_MEM_IN[28]~corein                                                                                          ; combout          ;
; |ULA|DATA_MEM_IN[30]                                                                                                      ; |ULA|DATA_MEM_IN[30]~corein                                                                                          ; combout          ;
; |ULA|DATA_MEM_IN[19]                                                                                                      ; |ULA|DATA_MEM_IN[19]~corein                                                                                          ; combout          ;
; |ULA|DATA_MEM_IN[20]                                                                                                      ; |ULA|DATA_MEM_IN[20]~corein                                                                                          ; combout          ;
; |ULA|DATA_MEM_IN[21]                                                                                                      ; |ULA|DATA_MEM_IN[21]~corein                                                                                          ; combout          ;
; |ULA|DATA_MEM_IN[8]                                                                                                       ; |ULA|DATA_MEM_IN[8]~corein                                                                                           ; combout          ;
; |ULA|DATA_MEM_IN[9]                                                                                                       ; |ULA|DATA_MEM_IN[9]~corein                                                                                           ; combout          ;
; |ULA|DATA_MEM_IN[10]                                                                                                      ; |ULA|DATA_MEM_IN[10]~corein                                                                                          ; combout          ;
; |ULA|DATA_MEM_IN[11]                                                                                                      ; |ULA|DATA_MEM_IN[11]~corein                                                                                          ; combout          ;
; |ULA|DATA_MEM_IN[7]                                                                                                       ; |ULA|DATA_MEM_IN[7]~corein                                                                                           ; combout          ;
; |ULA|DATA_MEM_IN[5]                                                                                                       ; |ULA|DATA_MEM_IN[5]~corein                                                                                           ; combout          ;
; |ULA|DATA_MEM_IN[2]                                                                                                       ; |ULA|DATA_MEM_IN[2]~corein                                                                                           ; combout          ;
; |ULA|DATA_MEM_IN[0]                                                                                                       ; |ULA|DATA_MEM_IN[0]~corein                                                                                           ; combout          ;
; |ULA|DATA_MEM_IN[16]                                                                                                      ; |ULA|DATA_MEM_IN[16]~corein                                                                                          ; combout          ;
; |ULA|DATA_MEM_IN[25]                                                                                                      ; |ULA|DATA_MEM_IN[25]~corein                                                                                          ; combout          ;
; |ULA|data_path:inst2|BANK_REG:inst1|CPP:inst6|REGISTER32bit:inst|inst12~clkctrl                                           ; |ULA|data_path:inst2|BANK_REG:inst1|CPP:inst6|REGISTER32bit:inst|inst12~clkctrl                                      ; outclk           ;
; |ULA|data_path:inst2|BANK_REG:inst1|LV:inst2|REGISTER32bit:inst|inst12~clkctrl                                            ; |ULA|data_path:inst2|BANK_REG:inst1|LV:inst2|REGISTER32bit:inst|inst12~clkctrl                                       ; outclk           ;
; |ULA|data_path:inst2|BANK_REG:inst1|OPC:inst8|REGISTER32bit:inst|inst12~clkctrl                                           ; |ULA|data_path:inst2|BANK_REG:inst1|OPC:inst8|REGISTER32bit:inst|inst12~clkctrl                                      ; outclk           ;
+---------------------------------------------------------------------------------------------------------------------------+----------------------------------------------------------------------------------------------------------------------+------------------+


+---------------------+
; Simulator INI Usage ;
+--------+------------+
; Option ; Usage      ;
+--------+------------+


+--------------------+
; Simulator Messages ;
+--------------------+
Info: *******************************************************************
Info: Running Quartus II 64-Bit Simulator
    Info: Version 13.0.1 Build 232 06/12/2013 Service Pack 1 SJ Web Edition
    Info: Processing started: Thu Dec 12 19:45:08 2024
Info: Command: quartus_sim --simulation_results_format=VWF mic1 -c mic1
Info (324025): Using vector source file "C:/Users/grego/Desktop/anderson/MIC-1/CPU_wide_istore.vwf"
Warning (328013): Ignored node in vector source file. Can't find corresponding node name "DATA_MEM_ADDR[31]" in design.
Warning (328013): Ignored node in vector source file. Can't find corresponding node name "DATA_MEM_ADDR[30]" in design.
Warning (328013): Ignored node in vector source file. Can't find corresponding node name "DATA_MEM_ADDR[29]" in design.
Warning (328013): Ignored node in vector source file. Can't find corresponding node name "DATA_MEM_ADDR[28]" in design.
Warning (328013): Ignored node in vector source file. Can't find corresponding node name "DATA_MEM_ADDR[27]" in design.
Warning (328013): Ignored node in vector source file. Can't find corresponding node name "DATA_MEM_ADDR[26]" in design.
Warning (328013): Ignored node in vector source file. Can't find corresponding node name "DATA_MEM_ADDR[25]" in design.
Warning (328013): Ignored node in vector source file. Can't find corresponding node name "DATA_MEM_ADDR[24]" in design.
Warning (328013): Ignored node in vector source file. Can't find corresponding node name "DATA_MEM_ADDR[23]" in design.
Warning (328013): Ignored node in vector source file. Can't find corresponding node name "DATA_MEM_ADDR[22]" in design.
Warning (328013): Ignored node in vector source file. Can't find corresponding node name "DATA_MEM_ADDR[21]" in design.
Warning (328013): Ignored node in vector source file. Can't find corresponding node name "DATA_MEM_ADDR[20]" in design.
Warning (328013): Ignored node in vector source file. Can't find corresponding node name "DATA_MEM_ADDR[19]" in design.
Warning (328013): Ignored node in vector source file. Can't find corresponding node name "DATA_MEM_ADDR[18]" in design.
Warning (328013): Ignored node in vector source file. Can't find corresponding node name "DATA_MEM_ADDR[17]" in design.
Warning (328013): Ignored node in vector source file. Can't find corresponding node name "DATA_MEM_ADDR[16]" in design.
Warning (328013): Ignored node in vector source file. Can't find corresponding node name "DATA_MEM_ADDR[15]" in design.
Warning (328013): Ignored node in vector source file. Can't find corresponding node name "DATA_MEM_ADDR[14]" in design.
Warning (328013): Ignored node in vector source file. Can't find corresponding node name "DATA_MEM_ADDR[13]" in design.
Warning (328013): Ignored node in vector source file. Can't find corresponding node name "DATA_MEM_ADDR[12]" in design.
Warning (328013): Ignored node in vector source file. Can't find corresponding node name "DATA_MEM_ADDR[11]" in design.
Warning (328013): Ignored node in vector source file. Can't find corresponding node name "DATA_MEM_ADDR[10]" in design.
Warning (328013): Ignored node in vector source file. Can't find corresponding node name "DATA_MEM_ADDR[9]" in design.
Warning (328013): Ignored node in vector source file. Can't find corresponding node name "DATA_MEM_ADDR[8]" in design.
Warning (328013): Ignored node in vector source file. Can't find corresponding node name "DATA_MEM_ADDR[7]" in design.
Warning (328013): Ignored node in vector source file. Can't find corresponding node name "DATA_MEM_ADDR[6]" in design.
Warning (328013): Ignored node in vector source file. Can't find corresponding node name "DATA_MEM_ADDR[5]" in design.
Warning (328013): Ignored node in vector source file. Can't find corresponding node name "DATA_MEM_ADDR[4]" in design.
Warning (328013): Ignored node in vector source file. Can't find corresponding node name "DATA_MEM_ADDR[3]" in design.
Warning (328013): Ignored node in vector source file. Can't find corresponding node name "DATA_MEM_ADDR[2]" in design.
Warning (328013): Ignored node in vector source file. Can't find corresponding node name "DATA_MEM_ADDR[1]" in design.
Warning (328013): Ignored node in vector source file. Can't find corresponding node name "DATA_MEM_ADDR[0]" in design.
Warning (328013): Ignored node in vector source file. Can't find corresponding node name "DATA_MEM_OUT[31]" in design.
Warning (328013): Ignored node in vector source file. Can't find corresponding node name "DATA_MEM_OUT[30]" in design.
Warning (328013): Ignored node in vector source file. Can't find corresponding node name "DATA_MEM_OUT[29]" in design.
Warning (328013): Ignored node in vector source file. Can't find corresponding node name "DATA_MEM_OUT[28]" in design.
Warning (328013): Ignored node in vector source file. Can't find corresponding node name "DATA_MEM_OUT[27]" in design.
Warning (328013): Ignored node in vector source file. Can't find corresponding node name "DATA_MEM_OUT[26]" in design.
Warning (328013): Ignored node in vector source file. Can't find corresponding node name "DATA_MEM_OUT[25]" in design.
Warning (328013): Ignored node in vector source file. Can't find corresponding node name "DATA_MEM_OUT[24]" in design.
Warning (328013): Ignored node in vector source file. Can't find corresponding node name "DATA_MEM_OUT[23]" in design.
Warning (328013): Ignored node in vector source file. Can't find corresponding node name "DATA_MEM_OUT[22]" in design.
Warning (328013): Ignored node in vector source file. Can't find corresponding node name "DATA_MEM_OUT[21]" in design.
Warning (328013): Ignored node in vector source file. Can't find corresponding node name "DATA_MEM_OUT[20]" in design.
Warning (328013): Ignored node in vector source file. Can't find corresponding node name "DATA_MEM_OUT[19]" in design.
Warning (328013): Ignored node in vector source file. Can't find corresponding node name "DATA_MEM_OUT[18]" in design.
Warning (328013): Ignored node in vector source file. Can't find corresponding node name "DATA_MEM_OUT[17]" in design.
Warning (328013): Ignored node in vector source file. Can't find corresponding node name "DATA_MEM_OUT[16]" in design.
Warning (328013): Ignored node in vector source file. Can't find corresponding node name "DATA_MEM_OUT[15]" in design.
Warning (328013): Ignored node in vector source file. Can't find corresponding node name "DATA_MEM_OUT[14]" in design.
Warning (328013): Ignored node in vector source file. Can't find corresponding node name "DATA_MEM_OUT[13]" in design.
Warning (328013): Ignored node in vector source file. Can't find corresponding node name "DATA_MEM_OUT[12]" in design.
Warning (328013): Ignored node in vector source file. Can't find corresponding node name "DATA_MEM_OUT[11]" in design.
Warning (328013): Ignored node in vector source file. Can't find corresponding node name "DATA_MEM_OUT[10]" in design.
Warning (328013): Ignored node in vector source file. Can't find corresponding node name "DATA_MEM_OUT[9]" in design.
Warning (328013): Ignored node in vector source file. Can't find corresponding node name "DATA_MEM_OUT[8]" in design.
Warning (328013): Ignored node in vector source file. Can't find corresponding node name "DATA_MEM_OUT[7]" in design.
Warning (328013): Ignored node in vector source file. Can't find corresponding node name "DATA_MEM_OUT[6]" in design.
Warning (328013): Ignored node in vector source file. Can't find corresponding node name "DATA_MEM_OUT[5]" in design.
Warning (328013): Ignored node in vector source file. Can't find corresponding node name "DATA_MEM_OUT[4]" in design.
Warning (328013): Ignored node in vector source file. Can't find corresponding node name "DATA_MEM_OUT[3]" in design.
Warning (328013): Ignored node in vector source file. Can't find corresponding node name "DATA_MEM_OUT[2]" in design.
Warning (328013): Ignored node in vector source file. Can't find corresponding node name "DATA_MEM_OUT[1]" in design.
Warning (328013): Ignored node in vector source file. Can't find corresponding node name "DATA_MEM_OUT[0]" in design.
Info (328054): Inverted registers were found during simulation
    Info (328055): Register: |ULA|data_path:inst2|BANK_REG:inst1|SP:inst1|REGISTER32bit:inst|REGISTER4bit:inst15|inst20
    Info (328055): Register: |ULA|data_path:inst2|BANK_REG:inst1|LV:inst2|REGISTER32bit:inst|REGISTER4bit:inst15|inst20
    Info (328055): Register: |ULA|data_path:inst2|BANK_REG:inst1|SP:inst1|REGISTER32bit:inst|REGISTER4bit:inst15|inst
    Info (328055): Register: |ULA|data_path:inst2|BANK_REG:inst1|LV:inst2|REGISTER32bit:inst|REGISTER4bit:inst15|inst
    Info (328055): Register: |ULA|data_path:inst2|BANK_REG:inst1|CPP:inst6|REGISTER32bit:inst|REGISTER4bit:inst1|inst
Info (310003): Option to preserve fewer signal transitions to reduce memory requirements is enabled
    Info (310004): Simulation has been partitioned into sub-simulations according to the maximum transition count determined by the engine. Transitions from memory will be flushed out to disk at the end of each sub-simulation to reduce memory requirements.
Info (310002): Simulation partitioned into 1 sub-simulations
Info (328053): Simulation coverage is      59.14 %
Info (328052): Number of transitions in simulation is 8958
Info (324045): Vector file mic1.sim.vwf is saved in VWF text format. You can compress it into CVWF format in order to reduce file size. For more details please refer to the Quartus II Help.
Info: Quartus II 64-Bit Simulator was successful. 0 errors, 64 warnings
    Info: Peak virtual memory: 4496 megabytes
    Info: Processing ended: Thu Dec 12 19:45:09 2024
    Info: Elapsed time: 00:00:01
    Info: Total CPU time (on all processors): 00:00:01


