Analysis & Synthesis report for mic1
Thu Dec 12 18:01:57 2024
Quartus II 64-Bit Version 13.0.1 Build 232 06/12/2013 Service Pack 1 SJ Web Edition


---------------------
; Table of Contents ;
---------------------
  1. Legal Notice
  2. Analysis & Synthesis Summary
  3. Analysis & Synthesis Settings
  4. Parallel Compilation
  5. Analysis & Synthesis Source Files Read
  6. Analysis & Synthesis Resource Usage Summary
  7. Analysis & Synthesis Resource Utilization by Entity
  8. Analysis & Synthesis RAM Summary
  9. Analysis & Synthesis IP Cores Summary
 10. Registers Removed During Synthesis
 11. General Register Statistics
 12. Inverted Register Statistics
 13. Source assignments for UNIDADE_CONTROLE:inst|CONTROLSTORE:inst3|altsyncram:altsyncram_component|altsyncram_ds61:auto_generated
 14. Parameter Settings for User Entity Instance: UNIDADE_CONTROLE:inst|CONTROLSTORE:inst3|altsyncram:altsyncram_component
 15. altsyncram Parameter Settings by Entity Instance
 16. Elapsed Time Per Partition
 17. Analysis & Synthesis Messages



----------------
; Legal Notice ;
----------------
Copyright (C) 1991-2013 Altera Corporation
Your use of Altera Corporation's design tools, logic functions 
and other software and tools, and its AMPP partner logic 
functions, and any output files from any of the foregoing 
(including device programming or simulation files), and any 
associated documentation or information are expressly subject 
to the terms and conditions of the Altera Program License 
Subscription Agreement, Altera MegaCore Function License 
Agreement, or other applicable license agreement, including, 
without limitation, that your use is for the sole purpose of 
programming logic devices manufactured by Altera and sold by 
Altera or its authorized distributors.  Please refer to the 
applicable agreement for further details.



+--------------------------------------------------------------------------------------+
; Analysis & Synthesis Summary                                                         ;
+------------------------------------+-------------------------------------------------+
; Analysis & Synthesis Status        ; Successful - Thu Dec 12 18:01:57 2024           ;
; Quartus II 64-Bit Version          ; 13.0.1 Build 232 06/12/2013 SP 1 SJ Web Edition ;
; Revision Name                      ; mic1                                            ;
; Top-level Entity Name              ; ULA                                             ;
; Family                             ; Cyclone II                                      ;
; Total logic elements               ; 741                                             ;
;     Total combinational functions  ; 502                                             ;
;     Dedicated logic registers      ; 309                                             ;
; Total registers                    ; 309                                             ;
; Total pins                         ; 288                                             ;
; Total virtual pins                 ; 0                                               ;
; Total memory bits                  ; 18,432                                          ;
; Embedded Multiplier 9-bit elements ; 0                                               ;
; Total PLLs                         ; 0                                               ;
+------------------------------------+-------------------------------------------------+


+----------------------------------------------------------------------------------------------------------------------+
; Analysis & Synthesis Settings                                                                                        ;
+----------------------------------------------------------------------------+--------------------+--------------------+
; Option                                                                     ; Setting            ; Default Value      ;
+----------------------------------------------------------------------------+--------------------+--------------------+
; Top-level entity name                                                      ; ULA                ; mic1               ;
; Family name                                                                ; Cyclone II         ; Cyclone IV GX      ;
; Use smart compilation                                                      ; Off                ; Off                ;
; Enable parallel Assembler and TimeQuest Timing Analyzer during compilation ; On                 ; On                 ;
; Enable compact report table                                                ; Off                ; Off                ;
; Restructure Multiplexers                                                   ; Auto               ; Auto               ;
; Create Debugging Nodes for IP Cores                                        ; Off                ; Off                ;
; Preserve fewer node names                                                  ; On                 ; On                 ;
; Disable OpenCore Plus hardware evaluation                                  ; Off                ; Off                ;
; Verilog Version                                                            ; Verilog_2001       ; Verilog_2001       ;
; VHDL Version                                                               ; VHDL_1993          ; VHDL_1993          ;
; State Machine Processing                                                   ; Auto               ; Auto               ;
; Safe State Machine                                                         ; Off                ; Off                ;
; Extract Verilog State Machines                                             ; On                 ; On                 ;
; Extract VHDL State Machines                                                ; On                 ; On                 ;
; Ignore Verilog initial constructs                                          ; Off                ; Off                ;
; Iteration limit for constant Verilog loops                                 ; 5000               ; 5000               ;
; Iteration limit for non-constant Verilog loops                             ; 250                ; 250                ;
; Add Pass-Through Logic to Inferred RAMs                                    ; On                 ; On                 ;
; Infer RAMs from Raw Logic                                                  ; On                 ; On                 ;
; Parallel Synthesis                                                         ; On                 ; On                 ;
; DSP Block Balancing                                                        ; Auto               ; Auto               ;
; NOT Gate Push-Back                                                         ; On                 ; On                 ;
; Power-Up Don't Care                                                        ; On                 ; On                 ;
; Remove Redundant Logic Cells                                               ; Off                ; Off                ;
; Remove Duplicate Registers                                                 ; On                 ; On                 ;
; Ignore CARRY Buffers                                                       ; Off                ; Off                ;
; Ignore CASCADE Buffers                                                     ; Off                ; Off                ;
; Ignore GLOBAL Buffers                                                      ; Off                ; Off                ;
; Ignore ROW GLOBAL Buffers                                                  ; Off                ; Off                ;
; Ignore LCELL Buffers                                                       ; Off                ; Off                ;
; Ignore SOFT Buffers                                                        ; On                 ; On                 ;
; Limit AHDL Integers to 32 Bits                                             ; Off                ; Off                ;
; Optimization Technique                                                     ; Balanced           ; Balanced           ;
; Carry Chain Length                                                         ; 70                 ; 70                 ;
; Auto Carry Chains                                                          ; On                 ; On                 ;
; Auto Open-Drain Pins                                                       ; On                 ; On                 ;
; Perform WYSIWYG Primitive Resynthesis                                      ; Off                ; Off                ;
; Auto ROM Replacement                                                       ; On                 ; On                 ;
; Auto RAM Replacement                                                       ; On                 ; On                 ;
; Auto Shift Register Replacement                                            ; Auto               ; Auto               ;
; Allow Shift Register Merging across Hierarchies                            ; Auto               ; Auto               ;
; Auto Clock Enable Replacement                                              ; On                 ; On                 ;
; Strict RAM Replacement                                                     ; Off                ; Off                ;
; Allow Synchronous Control Signals                                          ; On                 ; On                 ;
; Force Use of Synchronous Clear Signals                                     ; Off                ; Off                ;
; Auto RAM to Logic Cell Conversion                                          ; Off                ; Off                ;
; Auto Resource Sharing                                                      ; Off                ; Off                ;
; Allow Any RAM Size For Recognition                                         ; Off                ; Off                ;
; Allow Any ROM Size For Recognition                                         ; Off                ; Off                ;
; Allow Any Shift Register Size For Recognition                              ; Off                ; Off                ;
; Use LogicLock Constraints during Resource Balancing                        ; On                 ; On                 ;
; Ignore translate_off and synthesis_off directives                          ; Off                ; Off                ;
; Timing-Driven Synthesis                                                    ; Off                ; Off                ;
; Report Parameter Settings                                                  ; On                 ; On                 ;
; Report Source Assignments                                                  ; On                 ; On                 ;
; Report Connectivity Checks                                                 ; On                 ; On                 ;
; Ignore Maximum Fan-Out Assignments                                         ; Off                ; Off                ;
; Synchronization Register Chain Length                                      ; 2                  ; 2                  ;
; PowerPlay Power Optimization                                               ; Normal compilation ; Normal compilation ;
; HDL message level                                                          ; Level2             ; Level2             ;
; Suppress Register Optimization Related Messages                            ; Off                ; Off                ;
; Number of Removed Registers Reported in Synthesis Report                   ; 5000               ; 5000               ;
; Number of Swept Nodes Reported in Synthesis Report                         ; 5000               ; 5000               ;
; Number of Inverted Registers Reported in Synthesis Report                  ; 100                ; 100                ;
; Clock MUX Protection                                                       ; On                 ; On                 ;
; Auto Gated Clock Conversion                                                ; Off                ; Off                ;
; Block Design Naming                                                        ; Auto               ; Auto               ;
; SDC constraint protection                                                  ; Off                ; Off                ;
; Synthesis Effort                                                           ; Auto               ; Auto               ;
; Shift Register Replacement - Allow Asynchronous Clear Signal               ; On                 ; On                 ;
; Pre-Mapping Resynthesis Optimization                                       ; Off                ; Off                ;
; Analysis & Synthesis Message Level                                         ; Medium             ; Medium             ;
; Disable Register Merging Across Hierarchies                                ; Auto               ; Auto               ;
; Resource Aware Inference For Block RAM                                     ; On                 ; On                 ;
; Synthesis Seed                                                             ; 1                  ; 1                  ;
+----------------------------------------------------------------------------+--------------------+--------------------+


Parallel compilation was disabled, but you have multiple processors available. Enable parallel compilation to reduce compilation time.
+-------------------------------------+
; Parallel Compilation                ;
+----------------------------+--------+
; Processors                 ; Number ;
+----------------------------+--------+
; Number detected on machine ; 4      ;
; Maximum allowed            ; 1      ;
+----------------------------+--------+


+-----------------------------------------------------------------------------------------------------------------------------------------------------------------------------+
; Analysis & Synthesis Source Files Read                                                                                                                                      ;
+----------------------------------+-----------------+------------------------------------+-------------------------------------------------------------------------+---------+
; File Name with User-Entered Path ; Used in Netlist ; File Type                          ; File Name with Absolute Path                                            ; Library ;
+----------------------------------+-----------------+------------------------------------+-------------------------------------------------------------------------+---------+
; MPC.bdf                          ; yes             ; User Block Diagram/Schematic File  ; C:/Users/grego/Desktop/anderson/MIC-1/MPC.bdf                           ;         ;
; decoder2to4.bdf                  ; yes             ; User Block Diagram/Schematic File  ; C:/Users/grego/Desktop/anderson/MIC-1/decoder2to4.bdf                   ;         ;
; FullAdder_1bit.bdf               ; yes             ; User Block Diagram/Schematic File  ; C:/Users/grego/Desktop/anderson/MIC-1/FullAdder_1bit.bdf                ;         ;
; ULA_1bit.bdf                     ; yes             ; User Block Diagram/Schematic File  ; C:/Users/grego/Desktop/anderson/MIC-1/ULA_1bit.bdf                      ;         ;
; ULA_32bit.bdf                    ; yes             ; User Block Diagram/Schematic File  ; C:/Users/grego/Desktop/anderson/MIC-1/ULA_32bit.bdf                     ;         ;
; ULA_8bit.bdf                     ; yes             ; User Block Diagram/Schematic File  ; C:/Users/grego/Desktop/anderson/MIC-1/ULA_8bit.bdf                      ;         ;
; SHIFTER.bdf                      ; yes             ; User Block Diagram/Schematic File  ; C:/Users/grego/Desktop/anderson/MIC-1/SHIFTER.bdf                       ;         ;
; BANK_REG.bdf                     ; yes             ; User Block Diagram/Schematic File  ; C:/Users/grego/Desktop/anderson/MIC-1/BANK_REG.bdf                      ;         ;
; MAR.bdf                          ; yes             ; User Block Diagram/Schematic File  ; C:/Users/grego/Desktop/anderson/MIC-1/MAR.bdf                           ;         ;
; REGISTER32bit.bdf                ; yes             ; User Block Diagram/Schematic File  ; C:/Users/grego/Desktop/anderson/MIC-1/REGISTER32bit.bdf                 ;         ;
; MDR.bdf                          ; yes             ; User Block Diagram/Schematic File  ; C:/Users/grego/Desktop/anderson/MIC-1/MDR.bdf                           ;         ;
; PC.bdf                           ; yes             ; User Block Diagram/Schematic File  ; C:/Users/grego/Desktop/anderson/MIC-1/PC.bdf                            ;         ;
; MBR.bdf                          ; yes             ; User Block Diagram/Schematic File  ; C:/Users/grego/Desktop/anderson/MIC-1/MBR.bdf                           ;         ;
; SP.bdf                           ; yes             ; User Block Diagram/Schematic File  ; C:/Users/grego/Desktop/anderson/MIC-1/SP.bdf                            ;         ;
; LV.bdf                           ; yes             ; User Block Diagram/Schematic File  ; C:/Users/grego/Desktop/anderson/MIC-1/LV.bdf                            ;         ;
; CPP.bdf                          ; yes             ; User Block Diagram/Schematic File  ; C:/Users/grego/Desktop/anderson/MIC-1/CPP.bdf                           ;         ;
; TOS.bdf                          ; yes             ; User Block Diagram/Schematic File  ; C:/Users/grego/Desktop/anderson/MIC-1/TOS.bdf                           ;         ;
; OPC.bdf                          ; yes             ; User Block Diagram/Schematic File  ; C:/Users/grego/Desktop/anderson/MIC-1/OPC.bdf                           ;         ;
; H.bdf                            ; yes             ; User Block Diagram/Schematic File  ; C:/Users/grego/Desktop/anderson/MIC-1/H.bdf                             ;         ;
; REGISTER4bit.bdf                 ; yes             ; User Block Diagram/Schematic File  ; C:/Users/grego/Desktop/anderson/MIC-1/REGISTER4bit.bdf                  ;         ;
; data_path.bdf                    ; yes             ; User Block Diagram/Schematic File  ; C:/Users/grego/Desktop/anderson/MIC-1/data_path.bdf                     ;         ;
; mic1.mif                         ; yes             ; User Memory Initialization File    ; C:/Users/grego/Desktop/anderson/MIC-1/mic1.mif                          ;         ;
; CONTROLSTORE.vhd                 ; yes             ; User Wizard-Generated File         ; C:/Users/grego/Desktop/anderson/MIC-1/CONTROLSTORE.vhd                  ;         ;
; UNIDADE_CONTROLE.bdf             ; yes             ; User Block Diagram/Schematic File  ; C:/Users/grego/Desktop/anderson/MIC-1/UNIDADE_CONTROLE.bdf              ;         ;
; ULA.bdf                          ; yes             ; User Block Diagram/Schematic File  ; C:/Users/grego/Desktop/anderson/MIC-1/ULA.bdf                           ;         ;
; altsyncram.tdf                   ; yes             ; Megafunction                       ; c:/altera/13.0sp1/quartus/libraries/megafunctions/altsyncram.tdf        ;         ;
; stratix_ram_block.inc            ; yes             ; Megafunction                       ; c:/altera/13.0sp1/quartus/libraries/megafunctions/stratix_ram_block.inc ;         ;
; lpm_mux.inc                      ; yes             ; Megafunction                       ; c:/altera/13.0sp1/quartus/libraries/megafunctions/lpm_mux.inc           ;         ;
; lpm_decode.inc                   ; yes             ; Megafunction                       ; c:/altera/13.0sp1/quartus/libraries/megafunctions/lpm_decode.inc        ;         ;
; aglobal130.inc                   ; yes             ; Megafunction                       ; c:/altera/13.0sp1/quartus/libraries/megafunctions/aglobal130.inc        ;         ;
; a_rdenreg.inc                    ; yes             ; Megafunction                       ; c:/altera/13.0sp1/quartus/libraries/megafunctions/a_rdenreg.inc         ;         ;
; altrom.inc                       ; yes             ; Megafunction                       ; c:/altera/13.0sp1/quartus/libraries/megafunctions/altrom.inc            ;         ;
; altram.inc                       ; yes             ; Megafunction                       ; c:/altera/13.0sp1/quartus/libraries/megafunctions/altram.inc            ;         ;
; altdpram.inc                     ; yes             ; Megafunction                       ; c:/altera/13.0sp1/quartus/libraries/megafunctions/altdpram.inc          ;         ;
; db/altsyncram_ds61.tdf           ; yes             ; Auto-Generated Megafunction        ; C:/Users/grego/Desktop/anderson/MIC-1/db/altsyncram_ds61.tdf            ;         ;
; xor3.bdf                         ; yes             ; Megafunction                       ; c:/altera/13.0sp1/quartus/libraries/others/maxplus2/xor3.bdf            ;         ;
; xor4.bdf                         ; yes             ; Megafunction                       ; c:/altera/13.0sp1/quartus/libraries/others/maxplus2/xor4.bdf            ;         ;
+----------------------------------+-----------------+------------------------------------+-------------------------------------------------------------------------+---------+


+-----------------------------------------------------+
; Analysis & Synthesis Resource Usage Summary         ;
+---------------------------------------------+-------+
; Resource                                    ; Usage ;
+---------------------------------------------+-------+
; Estimated Total logic elements              ; 741   ;
;                                             ;       ;
; Total combinational functions               ; 502   ;
; Logic element usage by number of LUT inputs ;       ;
;     -- 4 input functions                    ; 344   ;
;     -- 3 input functions                    ; 136   ;
;     -- <=2 input functions                  ; 22    ;
;                                             ;       ;
; Logic elements by mode                      ;       ;
;     -- normal mode                          ; 502   ;
;     -- arithmetic mode                      ; 0     ;
;                                             ;       ;
; Total registers                             ; 309   ;
;     -- Dedicated logic registers            ; 309   ;
;     -- I/O registers                        ; 0     ;
;                                             ;       ;
; I/O pins                                    ; 288   ;
; Total memory bits                           ; 18432 ;
; Embedded Multiplier 9-bit elements          ; 0     ;
; Maximum fan-out node                        ; LOADN ;
; Maximum fan-out                             ; 304   ;
; Total fan-out                               ; 3383  ;
; Average fan-out                             ; 2.98  ;
+---------------------------------------------+-------+


+----------------------------------------------------------------------------------------------------------------------------------------------------------------------------------------------------------------------------------------------------------------------------------------+
; Analysis & Synthesis Resource Utilization by Entity                                                                                                                                                                                                                                    ;
+----------------------------------------------+-------------------+--------------+-------------+--------------+---------+-----------+------+--------------+--------------------------------------------------------------------------------------------------------------+--------------+
; Compilation Hierarchy Node                   ; LC Combinationals ; LC Registers ; Memory Bits ; DSP Elements ; DSP 9x9 ; DSP 18x18 ; Pins ; Virtual Pins ; Full Hierarchy Name                                                                                          ; Library Name ;
+----------------------------------------------+-------------------+--------------+-------------+--------------+---------+-----------+------+--------------+--------------------------------------------------------------------------------------------------------------+--------------+
; |ULA                                         ; 502 (0)           ; 309 (0)      ; 18432       ; 0            ; 0       ; 0         ; 288  ; 0            ; |ULA                                                                                                         ; work         ;
;    |UNIDADE_CONTROLE:inst|                   ; 10 (0)            ; 3 (1)        ; 18432       ; 0            ; 0       ; 0         ; 0    ; 0            ; |ULA|UNIDADE_CONTROLE:inst                                                                                   ; work         ;
;       |CONTROLSTORE:inst3|                   ; 0 (0)             ; 0 (0)        ; 18432       ; 0            ; 0       ; 0         ; 0    ; 0            ; |ULA|UNIDADE_CONTROLE:inst|CONTROLSTORE:inst3                                                                ; work         ;
;          |altsyncram:altsyncram_component|   ; 0 (0)             ; 0 (0)        ; 18432       ; 0            ; 0       ; 0         ; 0    ; 0            ; |ULA|UNIDADE_CONTROLE:inst|CONTROLSTORE:inst3|altsyncram:altsyncram_component                                ; work         ;
;             |altsyncram_ds61:auto_generated| ; 0 (0)             ; 0 (0)        ; 18432       ; 0            ; 0       ; 0         ; 0    ; 0            ; |ULA|UNIDADE_CONTROLE:inst|CONTROLSTORE:inst3|altsyncram:altsyncram_component|altsyncram_ds61:auto_generated ; work         ;
;       |MPC:inst2|                            ; 10 (10)           ; 2 (2)        ; 0           ; 0            ; 0       ; 0         ; 0    ; 0            ; |ULA|UNIDADE_CONTROLE:inst|MPC:inst2                                                                         ; work         ;
;    |data_path:inst2|                         ; 492 (0)           ; 306 (0)      ; 0           ; 0            ; 0       ; 0         ; 0    ; 0            ; |ULA|data_path:inst2                                                                                         ; work         ;
;       |BANK_REG:inst1|                       ; 228 (0)           ; 306 (0)      ; 0           ; 0            ; 0       ; 0         ; 0    ; 0            ; |ULA|data_path:inst2|BANK_REG:inst1                                                                          ; work         ;
;          |CPP:inst6|                         ; 3 (1)             ; 32 (0)       ; 0           ; 0            ; 0       ; 0         ; 0    ; 0            ; |ULA|data_path:inst2|BANK_REG:inst1|CPP:inst6                                                                ; work         ;
;             |REGISTER32bit:inst|             ; 2 (1)             ; 32 (0)       ; 0           ; 0            ; 0       ; 0         ; 0    ; 0            ; |ULA|data_path:inst2|BANK_REG:inst1|CPP:inst6|REGISTER32bit:inst                                             ; work         ;
;                |REGISTER4bit:inst11|         ; 0 (0)             ; 4 (4)        ; 0           ; 0            ; 0       ; 0         ; 0    ; 0            ; |ULA|data_path:inst2|BANK_REG:inst1|CPP:inst6|REGISTER32bit:inst|REGISTER4bit:inst11                         ; work         ;
;                |REGISTER4bit:inst14|         ; 0 (0)             ; 4 (4)        ; 0           ; 0            ; 0       ; 0         ; 0    ; 0            ; |ULA|data_path:inst2|BANK_REG:inst1|CPP:inst6|REGISTER32bit:inst|REGISTER4bit:inst14                         ; work         ;
;                |REGISTER4bit:inst15|         ; 0 (0)             ; 4 (4)        ; 0           ; 0            ; 0       ; 0         ; 0    ; 0            ; |ULA|data_path:inst2|BANK_REG:inst1|CPP:inst6|REGISTER32bit:inst|REGISTER4bit:inst15                         ; work         ;
;                |REGISTER4bit:inst16|         ; 0 (0)             ; 4 (4)        ; 0           ; 0            ; 0       ; 0         ; 0    ; 0            ; |ULA|data_path:inst2|BANK_REG:inst1|CPP:inst6|REGISTER32bit:inst|REGISTER4bit:inst16                         ; work         ;
;                |REGISTER4bit:inst1|          ; 1 (1)             ; 4 (4)        ; 0           ; 0            ; 0       ; 0         ; 0    ; 0            ; |ULA|data_path:inst2|BANK_REG:inst1|CPP:inst6|REGISTER32bit:inst|REGISTER4bit:inst1                          ; work         ;
;                |REGISTER4bit:inst2|          ; 0 (0)             ; 4 (4)        ; 0           ; 0            ; 0       ; 0         ; 0    ; 0            ; |ULA|data_path:inst2|BANK_REG:inst1|CPP:inst6|REGISTER32bit:inst|REGISTER4bit:inst2                          ; work         ;
;                |REGISTER4bit:inst3|          ; 0 (0)             ; 4 (4)        ; 0           ; 0            ; 0       ; 0         ; 0    ; 0            ; |ULA|data_path:inst2|BANK_REG:inst1|CPP:inst6|REGISTER32bit:inst|REGISTER4bit:inst3                          ; work         ;
;                |REGISTER4bit:inst|           ; 0 (0)             ; 4 (4)        ; 0           ; 0            ; 0       ; 0         ; 0    ; 0            ; |ULA|data_path:inst2|BANK_REG:inst1|CPP:inst6|REGISTER32bit:inst|REGISTER4bit:inst                           ; work         ;
;          |H:inst10|                          ; 1 (0)             ; 32 (0)       ; 0           ; 0            ; 0       ; 0         ; 0    ; 0            ; |ULA|data_path:inst2|BANK_REG:inst1|H:inst10                                                                 ; work         ;
;             |REGISTER32bit:inst|             ; 1 (1)             ; 32 (0)       ; 0           ; 0            ; 0       ; 0         ; 0    ; 0            ; |ULA|data_path:inst2|BANK_REG:inst1|H:inst10|REGISTER32bit:inst                                              ; work         ;
;                |REGISTER4bit:inst11|         ; 0 (0)             ; 4 (4)        ; 0           ; 0            ; 0       ; 0         ; 0    ; 0            ; |ULA|data_path:inst2|BANK_REG:inst1|H:inst10|REGISTER32bit:inst|REGISTER4bit:inst11                          ; work         ;
;                |REGISTER4bit:inst14|         ; 0 (0)             ; 4 (4)        ; 0           ; 0            ; 0       ; 0         ; 0    ; 0            ; |ULA|data_path:inst2|BANK_REG:inst1|H:inst10|REGISTER32bit:inst|REGISTER4bit:inst14                          ; work         ;
;                |REGISTER4bit:inst15|         ; 0 (0)             ; 4 (4)        ; 0           ; 0            ; 0       ; 0         ; 0    ; 0            ; |ULA|data_path:inst2|BANK_REG:inst1|H:inst10|REGISTER32bit:inst|REGISTER4bit:inst15                          ; work         ;
;                |REGISTER4bit:inst16|         ; 0 (0)             ; 4 (4)        ; 0           ; 0            ; 0       ; 0         ; 0    ; 0            ; |ULA|data_path:inst2|BANK_REG:inst1|H:inst10|REGISTER32bit:inst|REGISTER4bit:inst16                          ; work         ;
;                |REGISTER4bit:inst1|          ; 0 (0)             ; 4 (4)        ; 0           ; 0            ; 0       ; 0         ; 0    ; 0            ; |ULA|data_path:inst2|BANK_REG:inst1|H:inst10|REGISTER32bit:inst|REGISTER4bit:inst1                           ; work         ;
;                |REGISTER4bit:inst2|          ; 0 (0)             ; 4 (4)        ; 0           ; 0            ; 0       ; 0         ; 0    ; 0            ; |ULA|data_path:inst2|BANK_REG:inst1|H:inst10|REGISTER32bit:inst|REGISTER4bit:inst2                           ; work         ;
;                |REGISTER4bit:inst3|          ; 0 (0)             ; 4 (4)        ; 0           ; 0            ; 0       ; 0         ; 0    ; 0            ; |ULA|data_path:inst2|BANK_REG:inst1|H:inst10|REGISTER32bit:inst|REGISTER4bit:inst3                           ; work         ;
;                |REGISTER4bit:inst|           ; 0 (0)             ; 4 (4)        ; 0           ; 0            ; 0       ; 0         ; 0    ; 0            ; |ULA|data_path:inst2|BANK_REG:inst1|H:inst10|REGISTER32bit:inst|REGISTER4bit:inst                            ; work         ;
;          |LV:inst2|                          ; 4 (1)             ; 32 (0)       ; 0           ; 0            ; 0       ; 0         ; 0    ; 0            ; |ULA|data_path:inst2|BANK_REG:inst1|LV:inst2                                                                 ; work         ;
;             |REGISTER32bit:inst|             ; 3 (1)             ; 32 (0)       ; 0           ; 0            ; 0       ; 0         ; 0    ; 0            ; |ULA|data_path:inst2|BANK_REG:inst1|LV:inst2|REGISTER32bit:inst                                              ; work         ;
;                |REGISTER4bit:inst11|         ; 0 (0)             ; 4 (4)        ; 0           ; 0            ; 0       ; 0         ; 0    ; 0            ; |ULA|data_path:inst2|BANK_REG:inst1|LV:inst2|REGISTER32bit:inst|REGISTER4bit:inst11                          ; work         ;
;                |REGISTER4bit:inst14|         ; 0 (0)             ; 4 (4)        ; 0           ; 0            ; 0       ; 0         ; 0    ; 0            ; |ULA|data_path:inst2|BANK_REG:inst1|LV:inst2|REGISTER32bit:inst|REGISTER4bit:inst14                          ; work         ;
;                |REGISTER4bit:inst15|         ; 2 (2)             ; 4 (4)        ; 0           ; 0            ; 0       ; 0         ; 0    ; 0            ; |ULA|data_path:inst2|BANK_REG:inst1|LV:inst2|REGISTER32bit:inst|REGISTER4bit:inst15                          ; work         ;
;                |REGISTER4bit:inst16|         ; 0 (0)             ; 4 (4)        ; 0           ; 0            ; 0       ; 0         ; 0    ; 0            ; |ULA|data_path:inst2|BANK_REG:inst1|LV:inst2|REGISTER32bit:inst|REGISTER4bit:inst16                          ; work         ;
;                |REGISTER4bit:inst1|          ; 0 (0)             ; 4 (4)        ; 0           ; 0            ; 0       ; 0         ; 0    ; 0            ; |ULA|data_path:inst2|BANK_REG:inst1|LV:inst2|REGISTER32bit:inst|REGISTER4bit:inst1                           ; work         ;
;                |REGISTER4bit:inst2|          ; 0 (0)             ; 4 (4)        ; 0           ; 0            ; 0       ; 0         ; 0    ; 0            ; |ULA|data_path:inst2|BANK_REG:inst1|LV:inst2|REGISTER32bit:inst|REGISTER4bit:inst2                           ; work         ;
;                |REGISTER4bit:inst3|          ; 0 (0)             ; 4 (4)        ; 0           ; 0            ; 0       ; 0         ; 0    ; 0            ; |ULA|data_path:inst2|BANK_REG:inst1|LV:inst2|REGISTER32bit:inst|REGISTER4bit:inst3                           ; work         ;
;                |REGISTER4bit:inst|           ; 0 (0)             ; 4 (4)        ; 0           ; 0            ; 0       ; 0         ; 0    ; 0            ; |ULA|data_path:inst2|BANK_REG:inst1|LV:inst2|REGISTER32bit:inst|REGISTER4bit:inst                            ; work         ;
;          |MAR:inst|                          ; 1 (0)             ; 32 (0)       ; 0           ; 0            ; 0       ; 0         ; 0    ; 0            ; |ULA|data_path:inst2|BANK_REG:inst1|MAR:inst                                                                 ; work         ;
;             |REGISTER32bit:inst|             ; 1 (1)             ; 32 (0)       ; 0           ; 0            ; 0       ; 0         ; 0    ; 0            ; |ULA|data_path:inst2|BANK_REG:inst1|MAR:inst|REGISTER32bit:inst                                              ; work         ;
;                |REGISTER4bit:inst11|         ; 0 (0)             ; 4 (4)        ; 0           ; 0            ; 0       ; 0         ; 0    ; 0            ; |ULA|data_path:inst2|BANK_REG:inst1|MAR:inst|REGISTER32bit:inst|REGISTER4bit:inst11                          ; work         ;
;                |REGISTER4bit:inst14|         ; 0 (0)             ; 4 (4)        ; 0           ; 0            ; 0       ; 0         ; 0    ; 0            ; |ULA|data_path:inst2|BANK_REG:inst1|MAR:inst|REGISTER32bit:inst|REGISTER4bit:inst14                          ; work         ;
;                |REGISTER4bit:inst15|         ; 0 (0)             ; 4 (4)        ; 0           ; 0            ; 0       ; 0         ; 0    ; 0            ; |ULA|data_path:inst2|BANK_REG:inst1|MAR:inst|REGISTER32bit:inst|REGISTER4bit:inst15                          ; work         ;
;                |REGISTER4bit:inst16|         ; 0 (0)             ; 4 (4)        ; 0           ; 0            ; 0       ; 0         ; 0    ; 0            ; |ULA|data_path:inst2|BANK_REG:inst1|MAR:inst|REGISTER32bit:inst|REGISTER4bit:inst16                          ; work         ;
;                |REGISTER4bit:inst1|          ; 0 (0)             ; 4 (4)        ; 0           ; 0            ; 0       ; 0         ; 0    ; 0            ; |ULA|data_path:inst2|BANK_REG:inst1|MAR:inst|REGISTER32bit:inst|REGISTER4bit:inst1                           ; work         ;
;                |REGISTER4bit:inst2|          ; 0 (0)             ; 4 (4)        ; 0           ; 0            ; 0       ; 0         ; 0    ; 0            ; |ULA|data_path:inst2|BANK_REG:inst1|MAR:inst|REGISTER32bit:inst|REGISTER4bit:inst2                           ; work         ;
;                |REGISTER4bit:inst3|          ; 0 (0)             ; 4 (4)        ; 0           ; 0            ; 0       ; 0         ; 0    ; 0            ; |ULA|data_path:inst2|BANK_REG:inst1|MAR:inst|REGISTER32bit:inst|REGISTER4bit:inst3                           ; work         ;
;                |REGISTER4bit:inst|           ; 0 (0)             ; 4 (4)        ; 0           ; 0            ; 0       ; 0         ; 0    ; 0            ; |ULA|data_path:inst2|BANK_REG:inst1|MAR:inst|REGISTER32bit:inst|REGISTER4bit:inst                            ; work         ;
;          |MBR:inst5|                         ; 127 (2)           ; 17 (1)       ; 0           ; 0            ; 0       ; 0         ; 0    ; 0            ; |ULA|data_path:inst2|BANK_REG:inst1|MBR:inst5                                                                ; work         ;
;             |REGISTER32bit:inst3|            ; 124 (124)         ; 8 (0)        ; 0           ; 0            ; 0       ; 0         ; 0    ; 0            ; |ULA|data_path:inst2|BANK_REG:inst1|MBR:inst5|REGISTER32bit:inst3                                            ; work         ;
;                |REGISTER4bit:inst1|          ; 0 (0)             ; 4 (4)        ; 0           ; 0            ; 0       ; 0         ; 0    ; 0            ; |ULA|data_path:inst2|BANK_REG:inst1|MBR:inst5|REGISTER32bit:inst3|REGISTER4bit:inst1                         ; work         ;
;                |REGISTER4bit:inst|           ; 0 (0)             ; 4 (4)        ; 0           ; 0            ; 0       ; 0         ; 0    ; 0            ; |ULA|data_path:inst2|BANK_REG:inst1|MBR:inst5|REGISTER32bit:inst3|REGISTER4bit:inst                          ; work         ;
;             |REGISTER32bit:inst|             ; 1 (1)             ; 8 (0)        ; 0           ; 0            ; 0       ; 0         ; 0    ; 0            ; |ULA|data_path:inst2|BANK_REG:inst1|MBR:inst5|REGISTER32bit:inst                                             ; work         ;
;                |REGISTER4bit:inst15|         ; 0 (0)             ; 1 (1)        ; 0           ; 0            ; 0       ; 0         ; 0    ; 0            ; |ULA|data_path:inst2|BANK_REG:inst1|MBR:inst5|REGISTER32bit:inst|REGISTER4bit:inst15                         ; work         ;
;                |REGISTER4bit:inst1|          ; 0 (0)             ; 3 (3)        ; 0           ; 0            ; 0       ; 0         ; 0    ; 0            ; |ULA|data_path:inst2|BANK_REG:inst1|MBR:inst5|REGISTER32bit:inst|REGISTER4bit:inst1                          ; work         ;
;                |REGISTER4bit:inst|           ; 0 (0)             ; 4 (4)        ; 0           ; 0            ; 0       ; 0         ; 0    ; 0            ; |ULA|data_path:inst2|BANK_REG:inst1|MBR:inst5|REGISTER32bit:inst|REGISTER4bit:inst                           ; work         ;
;          |MDR:inst3|                         ; 34 (1)            ; 33 (1)       ; 0           ; 0            ; 0       ; 0         ; 0    ; 0            ; |ULA|data_path:inst2|BANK_REG:inst1|MDR:inst3                                                                ; work         ;
;             |REGISTER32bit:inst1|            ; 33 (33)           ; 32 (0)       ; 0           ; 0            ; 0       ; 0         ; 0    ; 0            ; |ULA|data_path:inst2|BANK_REG:inst1|MDR:inst3|REGISTER32bit:inst1                                            ; work         ;
;                |REGISTER4bit:inst11|         ; 0 (0)             ; 4 (4)        ; 0           ; 0            ; 0       ; 0         ; 0    ; 0            ; |ULA|data_path:inst2|BANK_REG:inst1|MDR:inst3|REGISTER32bit:inst1|REGISTER4bit:inst11                        ; work         ;
;                |REGISTER4bit:inst14|         ; 0 (0)             ; 4 (4)        ; 0           ; 0            ; 0       ; 0         ; 0    ; 0            ; |ULA|data_path:inst2|BANK_REG:inst1|MDR:inst3|REGISTER32bit:inst1|REGISTER4bit:inst14                        ; work         ;
;                |REGISTER4bit:inst15|         ; 0 (0)             ; 4 (4)        ; 0           ; 0            ; 0       ; 0         ; 0    ; 0            ; |ULA|data_path:inst2|BANK_REG:inst1|MDR:inst3|REGISTER32bit:inst1|REGISTER4bit:inst15                        ; work         ;
;                |REGISTER4bit:inst16|         ; 0 (0)             ; 4 (4)        ; 0           ; 0            ; 0       ; 0         ; 0    ; 0            ; |ULA|data_path:inst2|BANK_REG:inst1|MDR:inst3|REGISTER32bit:inst1|REGISTER4bit:inst16                        ; work         ;
;                |REGISTER4bit:inst1|          ; 0 (0)             ; 4 (4)        ; 0           ; 0            ; 0       ; 0         ; 0    ; 0            ; |ULA|data_path:inst2|BANK_REG:inst1|MDR:inst3|REGISTER32bit:inst1|REGISTER4bit:inst1                         ; work         ;
;                |REGISTER4bit:inst2|          ; 0 (0)             ; 4 (4)        ; 0           ; 0            ; 0       ; 0         ; 0    ; 0            ; |ULA|data_path:inst2|BANK_REG:inst1|MDR:inst3|REGISTER32bit:inst1|REGISTER4bit:inst2                         ; work         ;
;                |REGISTER4bit:inst3|          ; 0 (0)             ; 4 (4)        ; 0           ; 0            ; 0       ; 0         ; 0    ; 0            ; |ULA|data_path:inst2|BANK_REG:inst1|MDR:inst3|REGISTER32bit:inst1|REGISTER4bit:inst3                         ; work         ;
;                |REGISTER4bit:inst|           ; 0 (0)             ; 4 (4)        ; 0           ; 0            ; 0       ; 0         ; 0    ; 0            ; |ULA|data_path:inst2|BANK_REG:inst1|MDR:inst3|REGISTER32bit:inst1|REGISTER4bit:inst                          ; work         ;
;          |OPC:inst8|                         ; 2 (1)             ; 32 (0)       ; 0           ; 0            ; 0       ; 0         ; 0    ; 0            ; |ULA|data_path:inst2|BANK_REG:inst1|OPC:inst8                                                                ; work         ;
;             |REGISTER32bit:inst|             ; 1 (1)             ; 32 (0)       ; 0           ; 0            ; 0       ; 0         ; 0    ; 0            ; |ULA|data_path:inst2|BANK_REG:inst1|OPC:inst8|REGISTER32bit:inst                                             ; work         ;
;                |REGISTER4bit:inst11|         ; 0 (0)             ; 4 (4)        ; 0           ; 0            ; 0       ; 0         ; 0    ; 0            ; |ULA|data_path:inst2|BANK_REG:inst1|OPC:inst8|REGISTER32bit:inst|REGISTER4bit:inst11                         ; work         ;
;                |REGISTER4bit:inst14|         ; 0 (0)             ; 4 (4)        ; 0           ; 0            ; 0       ; 0         ; 0    ; 0            ; |ULA|data_path:inst2|BANK_REG:inst1|OPC:inst8|REGISTER32bit:inst|REGISTER4bit:inst14                         ; work         ;
;                |REGISTER4bit:inst15|         ; 0 (0)             ; 4 (4)        ; 0           ; 0            ; 0       ; 0         ; 0    ; 0            ; |ULA|data_path:inst2|BANK_REG:inst1|OPC:inst8|REGISTER32bit:inst|REGISTER4bit:inst15                         ; work         ;
;                |REGISTER4bit:inst16|         ; 0 (0)             ; 4 (4)        ; 0           ; 0            ; 0       ; 0         ; 0    ; 0            ; |ULA|data_path:inst2|BANK_REG:inst1|OPC:inst8|REGISTER32bit:inst|REGISTER4bit:inst16                         ; work         ;
;                |REGISTER4bit:inst1|          ; 0 (0)             ; 4 (4)        ; 0           ; 0            ; 0       ; 0         ; 0    ; 0            ; |ULA|data_path:inst2|BANK_REG:inst1|OPC:inst8|REGISTER32bit:inst|REGISTER4bit:inst1                          ; work         ;
;                |REGISTER4bit:inst2|          ; 0 (0)             ; 4 (4)        ; 0           ; 0            ; 0       ; 0         ; 0    ; 0            ; |ULA|data_path:inst2|BANK_REG:inst1|OPC:inst8|REGISTER32bit:inst|REGISTER4bit:inst2                          ; work         ;
;                |REGISTER4bit:inst3|          ; 0 (0)             ; 4 (4)        ; 0           ; 0            ; 0       ; 0         ; 0    ; 0            ; |ULA|data_path:inst2|BANK_REG:inst1|OPC:inst8|REGISTER32bit:inst|REGISTER4bit:inst3                          ; work         ;
;                |REGISTER4bit:inst|           ; 0 (0)             ; 4 (4)        ; 0           ; 0            ; 0       ; 0         ; 0    ; 0            ; |ULA|data_path:inst2|BANK_REG:inst1|OPC:inst8|REGISTER32bit:inst|REGISTER4bit:inst                           ; work         ;
;          |PC:inst4|                          ; 50 (1)            ; 32 (0)       ; 0           ; 0            ; 0       ; 0         ; 0    ; 0            ; |ULA|data_path:inst2|BANK_REG:inst1|PC:inst4                                                                 ; work         ;
;             |REGISTER32bit:inst|             ; 49 (49)           ; 32 (0)       ; 0           ; 0            ; 0       ; 0         ; 0    ; 0            ; |ULA|data_path:inst2|BANK_REG:inst1|PC:inst4|REGISTER32bit:inst                                              ; work         ;
;                |REGISTER4bit:inst11|         ; 0 (0)             ; 4 (4)        ; 0           ; 0            ; 0       ; 0         ; 0    ; 0            ; |ULA|data_path:inst2|BANK_REG:inst1|PC:inst4|REGISTER32bit:inst|REGISTER4bit:inst11                          ; work         ;
;                |REGISTER4bit:inst14|         ; 0 (0)             ; 4 (4)        ; 0           ; 0            ; 0       ; 0         ; 0    ; 0            ; |ULA|data_path:inst2|BANK_REG:inst1|PC:inst4|REGISTER32bit:inst|REGISTER4bit:inst14                          ; work         ;
;                |REGISTER4bit:inst15|         ; 0 (0)             ; 4 (4)        ; 0           ; 0            ; 0       ; 0         ; 0    ; 0            ; |ULA|data_path:inst2|BANK_REG:inst1|PC:inst4|REGISTER32bit:inst|REGISTER4bit:inst15                          ; work         ;
;                |REGISTER4bit:inst16|         ; 0 (0)             ; 4 (4)        ; 0           ; 0            ; 0       ; 0         ; 0    ; 0            ; |ULA|data_path:inst2|BANK_REG:inst1|PC:inst4|REGISTER32bit:inst|REGISTER4bit:inst16                          ; work         ;
;                |REGISTER4bit:inst1|          ; 0 (0)             ; 4 (4)        ; 0           ; 0            ; 0       ; 0         ; 0    ; 0            ; |ULA|data_path:inst2|BANK_REG:inst1|PC:inst4|REGISTER32bit:inst|REGISTER4bit:inst1                           ; work         ;
;                |REGISTER4bit:inst2|          ; 0 (0)             ; 4 (4)        ; 0           ; 0            ; 0       ; 0         ; 0    ; 0            ; |ULA|data_path:inst2|BANK_REG:inst1|PC:inst4|REGISTER32bit:inst|REGISTER4bit:inst2                           ; work         ;
;                |REGISTER4bit:inst3|          ; 0 (0)             ; 4 (4)        ; 0           ; 0            ; 0       ; 0         ; 0    ; 0            ; |ULA|data_path:inst2|BANK_REG:inst1|PC:inst4|REGISTER32bit:inst|REGISTER4bit:inst3                           ; work         ;
;                |REGISTER4bit:inst|           ; 0 (0)             ; 4 (4)        ; 0           ; 0            ; 0       ; 0         ; 0    ; 0            ; |ULA|data_path:inst2|BANK_REG:inst1|PC:inst4|REGISTER32bit:inst|REGISTER4bit:inst                            ; work         ;
;          |SP:inst1|                          ; 4 (1)             ; 32 (0)       ; 0           ; 0            ; 0       ; 0         ; 0    ; 0            ; |ULA|data_path:inst2|BANK_REG:inst1|SP:inst1                                                                 ; work         ;
;             |REGISTER32bit:inst|             ; 3 (1)             ; 32 (0)       ; 0           ; 0            ; 0       ; 0         ; 0    ; 0            ; |ULA|data_path:inst2|BANK_REG:inst1|SP:inst1|REGISTER32bit:inst                                              ; work         ;
;                |REGISTER4bit:inst11|         ; 0 (0)             ; 4 (4)        ; 0           ; 0            ; 0       ; 0         ; 0    ; 0            ; |ULA|data_path:inst2|BANK_REG:inst1|SP:inst1|REGISTER32bit:inst|REGISTER4bit:inst11                          ; work         ;
;                |REGISTER4bit:inst14|         ; 0 (0)             ; 4 (4)        ; 0           ; 0            ; 0       ; 0         ; 0    ; 0            ; |ULA|data_path:inst2|BANK_REG:inst1|SP:inst1|REGISTER32bit:inst|REGISTER4bit:inst14                          ; work         ;
;                |REGISTER4bit:inst15|         ; 2 (2)             ; 4 (4)        ; 0           ; 0            ; 0       ; 0         ; 0    ; 0            ; |ULA|data_path:inst2|BANK_REG:inst1|SP:inst1|REGISTER32bit:inst|REGISTER4bit:inst15                          ; work         ;
;                |REGISTER4bit:inst16|         ; 0 (0)             ; 4 (4)        ; 0           ; 0            ; 0       ; 0         ; 0    ; 0            ; |ULA|data_path:inst2|BANK_REG:inst1|SP:inst1|REGISTER32bit:inst|REGISTER4bit:inst16                          ; work         ;
;                |REGISTER4bit:inst1|          ; 0 (0)             ; 4 (4)        ; 0           ; 0            ; 0       ; 0         ; 0    ; 0            ; |ULA|data_path:inst2|BANK_REG:inst1|SP:inst1|REGISTER32bit:inst|REGISTER4bit:inst1                           ; work         ;
;                |REGISTER4bit:inst2|          ; 0 (0)             ; 4 (4)        ; 0           ; 0            ; 0       ; 0         ; 0    ; 0            ; |ULA|data_path:inst2|BANK_REG:inst1|SP:inst1|REGISTER32bit:inst|REGISTER4bit:inst2                           ; work         ;
;                |REGISTER4bit:inst3|          ; 0 (0)             ; 4 (4)        ; 0           ; 0            ; 0       ; 0         ; 0    ; 0            ; |ULA|data_path:inst2|BANK_REG:inst1|SP:inst1|REGISTER32bit:inst|REGISTER4bit:inst3                           ; work         ;
;                |REGISTER4bit:inst|           ; 0 (0)             ; 4 (4)        ; 0           ; 0            ; 0       ; 0         ; 0    ; 0            ; |ULA|data_path:inst2|BANK_REG:inst1|SP:inst1|REGISTER32bit:inst|REGISTER4bit:inst                            ; work         ;
;          |TOS:inst7|                         ; 2 (1)             ; 32 (0)       ; 0           ; 0            ; 0       ; 0         ; 0    ; 0            ; |ULA|data_path:inst2|BANK_REG:inst1|TOS:inst7                                                                ; work         ;
;             |REGISTER32bit:inst|             ; 1 (1)             ; 32 (0)       ; 0           ; 0            ; 0       ; 0         ; 0    ; 0            ; |ULA|data_path:inst2|BANK_REG:inst1|TOS:inst7|REGISTER32bit:inst                                             ; work         ;
;                |REGISTER4bit:inst11|         ; 0 (0)             ; 4 (4)        ; 0           ; 0            ; 0       ; 0         ; 0    ; 0            ; |ULA|data_path:inst2|BANK_REG:inst1|TOS:inst7|REGISTER32bit:inst|REGISTER4bit:inst11                         ; work         ;
;                |REGISTER4bit:inst14|         ; 0 (0)             ; 4 (4)        ; 0           ; 0            ; 0       ; 0         ; 0    ; 0            ; |ULA|data_path:inst2|BANK_REG:inst1|TOS:inst7|REGISTER32bit:inst|REGISTER4bit:inst14                         ; work         ;
;                |REGISTER4bit:inst15|         ; 0 (0)             ; 4 (4)        ; 0           ; 0            ; 0       ; 0         ; 0    ; 0            ; |ULA|data_path:inst2|BANK_REG:inst1|TOS:inst7|REGISTER32bit:inst|REGISTER4bit:inst15                         ; work         ;
;                |REGISTER4bit:inst16|         ; 0 (0)             ; 4 (4)        ; 0           ; 0            ; 0       ; 0         ; 0    ; 0            ; |ULA|data_path:inst2|BANK_REG:inst1|TOS:inst7|REGISTER32bit:inst|REGISTER4bit:inst16                         ; work         ;
;                |REGISTER4bit:inst1|          ; 0 (0)             ; 4 (4)        ; 0           ; 0            ; 0       ; 0         ; 0    ; 0            ; |ULA|data_path:inst2|BANK_REG:inst1|TOS:inst7|REGISTER32bit:inst|REGISTER4bit:inst1                          ; work         ;
;                |REGISTER4bit:inst2|          ; 0 (0)             ; 4 (4)        ; 0           ; 0            ; 0       ; 0         ; 0    ; 0            ; |ULA|data_path:inst2|BANK_REG:inst1|TOS:inst7|REGISTER32bit:inst|REGISTER4bit:inst2                          ; work         ;
;                |REGISTER4bit:inst3|          ; 0 (0)             ; 4 (4)        ; 0           ; 0            ; 0       ; 0         ; 0    ; 0            ; |ULA|data_path:inst2|BANK_REG:inst1|TOS:inst7|REGISTER32bit:inst|REGISTER4bit:inst3                          ; work         ;
;                |REGISTER4bit:inst|           ; 0 (0)             ; 4 (4)        ; 0           ; 0            ; 0       ; 0         ; 0    ; 0            ; |ULA|data_path:inst2|BANK_REG:inst1|TOS:inst7|REGISTER32bit:inst|REGISTER4bit:inst                           ; work         ;
;       |SHIFTER:inst2|                        ; 71 (70)           ; 0 (0)        ; 0           ; 0            ; 0       ; 0         ; 0    ; 0            ; |ULA|data_path:inst2|SHIFTER:inst2                                                                           ; work         ;
;          |decoder2to4:inst13|                ; 1 (1)             ; 0 (0)        ; 0           ; 0            ; 0       ; 0         ; 0    ; 0            ; |ULA|data_path:inst2|SHIFTER:inst2|decoder2to4:inst13                                                        ; work         ;
;       |ULA_32bit:inst|                       ; 193 (0)           ; 0 (0)        ; 0           ; 0            ; 0       ; 0         ; 0    ; 0            ; |ULA|data_path:inst2|ULA_32bit:inst                                                                          ; work         ;
;          |ULA_8bit:inst1|                    ; 50 (0)            ; 0 (0)        ; 0           ; 0            ; 0       ; 0         ; 0    ; 0            ; |ULA|data_path:inst2|ULA_32bit:inst|ULA_8bit:inst1                                                           ; work         ;
;             |ULA_1bit:inst2|                 ; 7 (6)             ; 0 (0)        ; 0           ; 0            ; 0       ; 0         ; 0    ; 0            ; |ULA|data_path:inst2|ULA_32bit:inst|ULA_8bit:inst1|ULA_1bit:inst2                                            ; work         ;
;                |FullAdder_1bit:inst|         ; 1 (0)             ; 0 (0)        ; 0           ; 0            ; 0       ; 0         ; 0    ; 0            ; |ULA|data_path:inst2|ULA_32bit:inst|ULA_8bit:inst1|ULA_1bit:inst2|FullAdder_1bit:inst                        ; work         ;
;                   |xor3:inst9|               ; 1 (1)             ; 0 (0)        ; 0           ; 0            ; 0       ; 0         ; 0    ; 0            ; |ULA|data_path:inst2|ULA_32bit:inst|ULA_8bit:inst1|ULA_1bit:inst2|FullAdder_1bit:inst|xor3:inst9             ; work         ;
;             |ULA_1bit:inst3|                 ; 6 (4)             ; 0 (0)        ; 0           ; 0            ; 0       ; 0         ; 0    ; 0            ; |ULA|data_path:inst2|ULA_32bit:inst|ULA_8bit:inst1|ULA_1bit:inst3                                            ; work         ;
;                |FullAdder_1bit:inst|         ; 2 (0)             ; 0 (0)        ; 0           ; 0            ; 0       ; 0         ; 0    ; 0            ; |ULA|data_path:inst2|ULA_32bit:inst|ULA_8bit:inst1|ULA_1bit:inst3|FullAdder_1bit:inst                        ; work         ;
;                   |xor3:inst9|               ; 1 (1)             ; 0 (0)        ; 0           ; 0            ; 0       ; 0         ; 0    ; 0            ; |ULA|data_path:inst2|ULA_32bit:inst|ULA_8bit:inst1|ULA_1bit:inst3|FullAdder_1bit:inst|xor3:inst9             ; work         ;
;                   |xor4:inst8|               ; 1 (1)             ; 0 (0)        ; 0           ; 0            ; 0       ; 0         ; 0    ; 0            ; |ULA|data_path:inst2|ULA_32bit:inst|ULA_8bit:inst1|ULA_1bit:inst3|FullAdder_1bit:inst|xor4:inst8             ; work         ;
;             |ULA_1bit:inst4|                 ; 6 (4)             ; 0 (0)        ; 0           ; 0            ; 0       ; 0         ; 0    ; 0            ; |ULA|data_path:inst2|ULA_32bit:inst|ULA_8bit:inst1|ULA_1bit:inst4                                            ; work         ;
;                |FullAdder_1bit:inst|         ; 2 (0)             ; 0 (0)        ; 0           ; 0            ; 0       ; 0         ; 0    ; 0            ; |ULA|data_path:inst2|ULA_32bit:inst|ULA_8bit:inst1|ULA_1bit:inst4|FullAdder_1bit:inst                        ; work         ;
;                   |xor3:inst9|               ; 1 (1)             ; 0 (0)        ; 0           ; 0            ; 0       ; 0         ; 0    ; 0            ; |ULA|data_path:inst2|ULA_32bit:inst|ULA_8bit:inst1|ULA_1bit:inst4|FullAdder_1bit:inst|xor3:inst9             ; work         ;
;                   |xor4:inst8|               ; 1 (1)             ; 0 (0)        ; 0           ; 0            ; 0       ; 0         ; 0    ; 0            ; |ULA|data_path:inst2|ULA_32bit:inst|ULA_8bit:inst1|ULA_1bit:inst4|FullAdder_1bit:inst|xor4:inst8             ; work         ;
;             |ULA_1bit:inst5|                 ; 6 (4)             ; 0 (0)        ; 0           ; 0            ; 0       ; 0         ; 0    ; 0            ; |ULA|data_path:inst2|ULA_32bit:inst|ULA_8bit:inst1|ULA_1bit:inst5                                            ; work         ;
;                |FullAdder_1bit:inst|         ; 2 (0)             ; 0 (0)        ; 0           ; 0            ; 0       ; 0         ; 0    ; 0            ; |ULA|data_path:inst2|ULA_32bit:inst|ULA_8bit:inst1|ULA_1bit:inst5|FullAdder_1bit:inst                        ; work         ;
;                   |xor3:inst9|               ; 1 (1)             ; 0 (0)        ; 0           ; 0            ; 0       ; 0         ; 0    ; 0            ; |ULA|data_path:inst2|ULA_32bit:inst|ULA_8bit:inst1|ULA_1bit:inst5|FullAdder_1bit:inst|xor3:inst9             ; work         ;
;                   |xor4:inst8|               ; 1 (1)             ; 0 (0)        ; 0           ; 0            ; 0       ; 0         ; 0    ; 0            ; |ULA|data_path:inst2|ULA_32bit:inst|ULA_8bit:inst1|ULA_1bit:inst5|FullAdder_1bit:inst|xor4:inst8             ; work         ;
;             |ULA_1bit:inst6|                 ; 6 (4)             ; 0 (0)        ; 0           ; 0            ; 0       ; 0         ; 0    ; 0            ; |ULA|data_path:inst2|ULA_32bit:inst|ULA_8bit:inst1|ULA_1bit:inst6                                            ; work         ;
;                |FullAdder_1bit:inst|         ; 2 (0)             ; 0 (0)        ; 0           ; 0            ; 0       ; 0         ; 0    ; 0            ; |ULA|data_path:inst2|ULA_32bit:inst|ULA_8bit:inst1|ULA_1bit:inst6|FullAdder_1bit:inst                        ; work         ;
;                   |xor3:inst9|               ; 1 (1)             ; 0 (0)        ; 0           ; 0            ; 0       ; 0         ; 0    ; 0            ; |ULA|data_path:inst2|ULA_32bit:inst|ULA_8bit:inst1|ULA_1bit:inst6|FullAdder_1bit:inst|xor3:inst9             ; work         ;
;                   |xor4:inst8|               ; 1 (1)             ; 0 (0)        ; 0           ; 0            ; 0       ; 0         ; 0    ; 0            ; |ULA|data_path:inst2|ULA_32bit:inst|ULA_8bit:inst1|ULA_1bit:inst6|FullAdder_1bit:inst|xor4:inst8             ; work         ;
;             |ULA_1bit:inst7|                 ; 6 (4)             ; 0 (0)        ; 0           ; 0            ; 0       ; 0         ; 0    ; 0            ; |ULA|data_path:inst2|ULA_32bit:inst|ULA_8bit:inst1|ULA_1bit:inst7                                            ; work         ;
;                |FullAdder_1bit:inst|         ; 2 (0)             ; 0 (0)        ; 0           ; 0            ; 0       ; 0         ; 0    ; 0            ; |ULA|data_path:inst2|ULA_32bit:inst|ULA_8bit:inst1|ULA_1bit:inst7|FullAdder_1bit:inst                        ; work         ;
;                   |xor3:inst9|               ; 1 (1)             ; 0 (0)        ; 0           ; 0            ; 0       ; 0         ; 0    ; 0            ; |ULA|data_path:inst2|ULA_32bit:inst|ULA_8bit:inst1|ULA_1bit:inst7|FullAdder_1bit:inst|xor3:inst9             ; work         ;
;                   |xor4:inst8|               ; 1 (1)             ; 0 (0)        ; 0           ; 0            ; 0       ; 0         ; 0    ; 0            ; |ULA|data_path:inst2|ULA_32bit:inst|ULA_8bit:inst1|ULA_1bit:inst7|FullAdder_1bit:inst|xor4:inst8             ; work         ;
;             |ULA_1bit:inst8|                 ; 6 (4)             ; 0 (0)        ; 0           ; 0            ; 0       ; 0         ; 0    ; 0            ; |ULA|data_path:inst2|ULA_32bit:inst|ULA_8bit:inst1|ULA_1bit:inst8                                            ; work         ;
;                |FullAdder_1bit:inst|         ; 2 (0)             ; 0 (0)        ; 0           ; 0            ; 0       ; 0         ; 0    ; 0            ; |ULA|data_path:inst2|ULA_32bit:inst|ULA_8bit:inst1|ULA_1bit:inst8|FullAdder_1bit:inst                        ; work         ;
;                   |xor3:inst9|               ; 1 (1)             ; 0 (0)        ; 0           ; 0            ; 0       ; 0         ; 0    ; 0            ; |ULA|data_path:inst2|ULA_32bit:inst|ULA_8bit:inst1|ULA_1bit:inst8|FullAdder_1bit:inst|xor3:inst9             ; work         ;
;                   |xor4:inst8|               ; 1 (1)             ; 0 (0)        ; 0           ; 0            ; 0       ; 0         ; 0    ; 0            ; |ULA|data_path:inst2|ULA_32bit:inst|ULA_8bit:inst1|ULA_1bit:inst8|FullAdder_1bit:inst|xor4:inst8             ; work         ;
;             |ULA_1bit:inst|                  ; 7 (4)             ; 0 (0)        ; 0           ; 0            ; 0       ; 0         ; 0    ; 0            ; |ULA|data_path:inst2|ULA_32bit:inst|ULA_8bit:inst1|ULA_1bit:inst                                             ; work         ;
;                |FullAdder_1bit:inst|         ; 3 (0)             ; 0 (0)        ; 0           ; 0            ; 0       ; 0         ; 0    ; 0            ; |ULA|data_path:inst2|ULA_32bit:inst|ULA_8bit:inst1|ULA_1bit:inst|FullAdder_1bit:inst                         ; work         ;
;                   |xor3:inst9|               ; 2 (2)             ; 0 (0)        ; 0           ; 0            ; 0       ; 0         ; 0    ; 0            ; |ULA|data_path:inst2|ULA_32bit:inst|ULA_8bit:inst1|ULA_1bit:inst|FullAdder_1bit:inst|xor3:inst9              ; work         ;
;                   |xor4:inst8|               ; 1 (1)             ; 0 (0)        ; 0           ; 0            ; 0       ; 0         ; 0    ; 0            ; |ULA|data_path:inst2|ULA_32bit:inst|ULA_8bit:inst1|ULA_1bit:inst|FullAdder_1bit:inst|xor4:inst8              ; work         ;
;          |ULA_8bit:inst3|                    ; 48 (0)            ; 0 (0)        ; 0           ; 0            ; 0       ; 0         ; 0    ; 0            ; |ULA|data_path:inst2|ULA_32bit:inst|ULA_8bit:inst3                                                           ; work         ;
;             |ULA_1bit:inst2|                 ; 6 (4)             ; 0 (0)        ; 0           ; 0            ; 0       ; 0         ; 0    ; 0            ; |ULA|data_path:inst2|ULA_32bit:inst|ULA_8bit:inst3|ULA_1bit:inst2                                            ; work         ;
;                |FullAdder_1bit:inst|         ; 2 (0)             ; 0 (0)        ; 0           ; 0            ; 0       ; 0         ; 0    ; 0            ; |ULA|data_path:inst2|ULA_32bit:inst|ULA_8bit:inst3|ULA_1bit:inst2|FullAdder_1bit:inst                        ; work         ;
;                   |xor3:inst9|               ; 1 (1)             ; 0 (0)        ; 0           ; 0            ; 0       ; 0         ; 0    ; 0            ; |ULA|data_path:inst2|ULA_32bit:inst|ULA_8bit:inst3|ULA_1bit:inst2|FullAdder_1bit:inst|xor3:inst9             ; work         ;
;                   |xor4:inst8|               ; 1 (1)             ; 0 (0)        ; 0           ; 0            ; 0       ; 0         ; 0    ; 0            ; |ULA|data_path:inst2|ULA_32bit:inst|ULA_8bit:inst3|ULA_1bit:inst2|FullAdder_1bit:inst|xor4:inst8             ; work         ;
;             |ULA_1bit:inst3|                 ; 6 (4)             ; 0 (0)        ; 0           ; 0            ; 0       ; 0         ; 0    ; 0            ; |ULA|data_path:inst2|ULA_32bit:inst|ULA_8bit:inst3|ULA_1bit:inst3                                            ; work         ;
;                |FullAdder_1bit:inst|         ; 2 (0)             ; 0 (0)        ; 0           ; 0            ; 0       ; 0         ; 0    ; 0            ; |ULA|data_path:inst2|ULA_32bit:inst|ULA_8bit:inst3|ULA_1bit:inst3|FullAdder_1bit:inst                        ; work         ;
;                   |xor3:inst9|               ; 1 (1)             ; 0 (0)        ; 0           ; 0            ; 0       ; 0         ; 0    ; 0            ; |ULA|data_path:inst2|ULA_32bit:inst|ULA_8bit:inst3|ULA_1bit:inst3|FullAdder_1bit:inst|xor3:inst9             ; work         ;
;                   |xor4:inst8|               ; 1 (1)             ; 0 (0)        ; 0           ; 0            ; 0       ; 0         ; 0    ; 0            ; |ULA|data_path:inst2|ULA_32bit:inst|ULA_8bit:inst3|ULA_1bit:inst3|FullAdder_1bit:inst|xor4:inst8             ; work         ;
;             |ULA_1bit:inst4|                 ; 6 (4)             ; 0 (0)        ; 0           ; 0            ; 0       ; 0         ; 0    ; 0            ; |ULA|data_path:inst2|ULA_32bit:inst|ULA_8bit:inst3|ULA_1bit:inst4                                            ; work         ;
;                |FullAdder_1bit:inst|         ; 2 (0)             ; 0 (0)        ; 0           ; 0            ; 0       ; 0         ; 0    ; 0            ; |ULA|data_path:inst2|ULA_32bit:inst|ULA_8bit:inst3|ULA_1bit:inst4|FullAdder_1bit:inst                        ; work         ;
;                   |xor3:inst9|               ; 1 (1)             ; 0 (0)        ; 0           ; 0            ; 0       ; 0         ; 0    ; 0            ; |ULA|data_path:inst2|ULA_32bit:inst|ULA_8bit:inst3|ULA_1bit:inst4|FullAdder_1bit:inst|xor3:inst9             ; work         ;
;                   |xor4:inst8|               ; 1 (1)             ; 0 (0)        ; 0           ; 0            ; 0       ; 0         ; 0    ; 0            ; |ULA|data_path:inst2|ULA_32bit:inst|ULA_8bit:inst3|ULA_1bit:inst4|FullAdder_1bit:inst|xor4:inst8             ; work         ;
;             |ULA_1bit:inst5|                 ; 6 (4)             ; 0 (0)        ; 0           ; 0            ; 0       ; 0         ; 0    ; 0            ; |ULA|data_path:inst2|ULA_32bit:inst|ULA_8bit:inst3|ULA_1bit:inst5                                            ; work         ;
;                |FullAdder_1bit:inst|         ; 2 (0)             ; 0 (0)        ; 0           ; 0            ; 0       ; 0         ; 0    ; 0            ; |ULA|data_path:inst2|ULA_32bit:inst|ULA_8bit:inst3|ULA_1bit:inst5|FullAdder_1bit:inst                        ; work         ;
;                   |xor3:inst9|               ; 1 (1)             ; 0 (0)        ; 0           ; 0            ; 0       ; 0         ; 0    ; 0            ; |ULA|data_path:inst2|ULA_32bit:inst|ULA_8bit:inst3|ULA_1bit:inst5|FullAdder_1bit:inst|xor3:inst9             ; work         ;
;                   |xor4:inst8|               ; 1 (1)             ; 0 (0)        ; 0           ; 0            ; 0       ; 0         ; 0    ; 0            ; |ULA|data_path:inst2|ULA_32bit:inst|ULA_8bit:inst3|ULA_1bit:inst5|FullAdder_1bit:inst|xor4:inst8             ; work         ;
;             |ULA_1bit:inst6|                 ; 6 (4)             ; 0 (0)        ; 0           ; 0            ; 0       ; 0         ; 0    ; 0            ; |ULA|data_path:inst2|ULA_32bit:inst|ULA_8bit:inst3|ULA_1bit:inst6                                            ; work         ;
;                |FullAdder_1bit:inst|         ; 2 (0)             ; 0 (0)        ; 0           ; 0            ; 0       ; 0         ; 0    ; 0            ; |ULA|data_path:inst2|ULA_32bit:inst|ULA_8bit:inst3|ULA_1bit:inst6|FullAdder_1bit:inst                        ; work         ;
;                   |xor3:inst9|               ; 1 (1)             ; 0 (0)        ; 0           ; 0            ; 0       ; 0         ; 0    ; 0            ; |ULA|data_path:inst2|ULA_32bit:inst|ULA_8bit:inst3|ULA_1bit:inst6|FullAdder_1bit:inst|xor3:inst9             ; work         ;
;                   |xor4:inst8|               ; 1 (1)             ; 0 (0)        ; 0           ; 0            ; 0       ; 0         ; 0    ; 0            ; |ULA|data_path:inst2|ULA_32bit:inst|ULA_8bit:inst3|ULA_1bit:inst6|FullAdder_1bit:inst|xor4:inst8             ; work         ;
;             |ULA_1bit:inst7|                 ; 6 (4)             ; 0 (0)        ; 0           ; 0            ; 0       ; 0         ; 0    ; 0            ; |ULA|data_path:inst2|ULA_32bit:inst|ULA_8bit:inst3|ULA_1bit:inst7                                            ; work         ;
;                |FullAdder_1bit:inst|         ; 2 (0)             ; 0 (0)        ; 0           ; 0            ; 0       ; 0         ; 0    ; 0            ; |ULA|data_path:inst2|ULA_32bit:inst|ULA_8bit:inst3|ULA_1bit:inst7|FullAdder_1bit:inst                        ; work         ;
;                   |xor3:inst9|               ; 1 (1)             ; 0 (0)        ; 0           ; 0            ; 0       ; 0         ; 0    ; 0            ; |ULA|data_path:inst2|ULA_32bit:inst|ULA_8bit:inst3|ULA_1bit:inst7|FullAdder_1bit:inst|xor3:inst9             ; work         ;
;                   |xor4:inst8|               ; 1 (1)             ; 0 (0)        ; 0           ; 0            ; 0       ; 0         ; 0    ; 0            ; |ULA|data_path:inst2|ULA_32bit:inst|ULA_8bit:inst3|ULA_1bit:inst7|FullAdder_1bit:inst|xor4:inst8             ; work         ;
;             |ULA_1bit:inst8|                 ; 6 (4)             ; 0 (0)        ; 0           ; 0            ; 0       ; 0         ; 0    ; 0            ; |ULA|data_path:inst2|ULA_32bit:inst|ULA_8bit:inst3|ULA_1bit:inst8                                            ; work         ;
;                |FullAdder_1bit:inst|         ; 2 (0)             ; 0 (0)        ; 0           ; 0            ; 0       ; 0         ; 0    ; 0            ; |ULA|data_path:inst2|ULA_32bit:inst|ULA_8bit:inst3|ULA_1bit:inst8|FullAdder_1bit:inst                        ; work         ;
;                   |xor3:inst9|               ; 1 (1)             ; 0 (0)        ; 0           ; 0            ; 0       ; 0         ; 0    ; 0            ; |ULA|data_path:inst2|ULA_32bit:inst|ULA_8bit:inst3|ULA_1bit:inst8|FullAdder_1bit:inst|xor3:inst9             ; work         ;
;                   |xor4:inst8|               ; 1 (1)             ; 0 (0)        ; 0           ; 0            ; 0       ; 0         ; 0    ; 0            ; |ULA|data_path:inst2|ULA_32bit:inst|ULA_8bit:inst3|ULA_1bit:inst8|FullAdder_1bit:inst|xor4:inst8             ; work         ;
;             |ULA_1bit:inst|                  ; 6 (4)             ; 0 (0)        ; 0           ; 0            ; 0       ; 0         ; 0    ; 0            ; |ULA|data_path:inst2|ULA_32bit:inst|ULA_8bit:inst3|ULA_1bit:inst                                             ; work         ;
;                |FullAdder_1bit:inst|         ; 2 (0)             ; 0 (0)        ; 0           ; 0            ; 0       ; 0         ; 0    ; 0            ; |ULA|data_path:inst2|ULA_32bit:inst|ULA_8bit:inst3|ULA_1bit:inst|FullAdder_1bit:inst                         ; work         ;
;                   |xor3:inst9|               ; 1 (1)             ; 0 (0)        ; 0           ; 0            ; 0       ; 0         ; 0    ; 0            ; |ULA|data_path:inst2|ULA_32bit:inst|ULA_8bit:inst3|ULA_1bit:inst|FullAdder_1bit:inst|xor3:inst9              ; work         ;
;                   |xor4:inst8|               ; 1 (1)             ; 0 (0)        ; 0           ; 0            ; 0       ; 0         ; 0    ; 0            ; |ULA|data_path:inst2|ULA_32bit:inst|ULA_8bit:inst3|ULA_1bit:inst|FullAdder_1bit:inst|xor4:inst8              ; work         ;
;          |ULA_8bit:inst4|                    ; 46 (0)            ; 0 (0)        ; 0           ; 0            ; 0       ; 0         ; 0    ; 0            ; |ULA|data_path:inst2|ULA_32bit:inst|ULA_8bit:inst4                                                           ; work         ;
;             |ULA_1bit:inst2|                 ; 6 (4)             ; 0 (0)        ; 0           ; 0            ; 0       ; 0         ; 0    ; 0            ; |ULA|data_path:inst2|ULA_32bit:inst|ULA_8bit:inst4|ULA_1bit:inst2                                            ; work         ;
;                |FullAdder_1bit:inst|         ; 2 (0)             ; 0 (0)        ; 0           ; 0            ; 0       ; 0         ; 0    ; 0            ; |ULA|data_path:inst2|ULA_32bit:inst|ULA_8bit:inst4|ULA_1bit:inst2|FullAdder_1bit:inst                        ; work         ;
;                   |xor3:inst9|               ; 1 (1)             ; 0 (0)        ; 0           ; 0            ; 0       ; 0         ; 0    ; 0            ; |ULA|data_path:inst2|ULA_32bit:inst|ULA_8bit:inst4|ULA_1bit:inst2|FullAdder_1bit:inst|xor3:inst9             ; work         ;
;                   |xor4:inst8|               ; 1 (1)             ; 0 (0)        ; 0           ; 0            ; 0       ; 0         ; 0    ; 0            ; |ULA|data_path:inst2|ULA_32bit:inst|ULA_8bit:inst4|ULA_1bit:inst2|FullAdder_1bit:inst|xor4:inst8             ; work         ;
;             |ULA_1bit:inst3|                 ; 6 (4)             ; 0 (0)        ; 0           ; 0            ; 0       ; 0         ; 0    ; 0            ; |ULA|data_path:inst2|ULA_32bit:inst|ULA_8bit:inst4|ULA_1bit:inst3                                            ; work         ;
;                |FullAdder_1bit:inst|         ; 2 (0)             ; 0 (0)        ; 0           ; 0            ; 0       ; 0         ; 0    ; 0            ; |ULA|data_path:inst2|ULA_32bit:inst|ULA_8bit:inst4|ULA_1bit:inst3|FullAdder_1bit:inst                        ; work         ;
;                   |xor3:inst9|               ; 1 (1)             ; 0 (0)        ; 0           ; 0            ; 0       ; 0         ; 0    ; 0            ; |ULA|data_path:inst2|ULA_32bit:inst|ULA_8bit:inst4|ULA_1bit:inst3|FullAdder_1bit:inst|xor3:inst9             ; work         ;
;                   |xor4:inst8|               ; 1 (1)             ; 0 (0)        ; 0           ; 0            ; 0       ; 0         ; 0    ; 0            ; |ULA|data_path:inst2|ULA_32bit:inst|ULA_8bit:inst4|ULA_1bit:inst3|FullAdder_1bit:inst|xor4:inst8             ; work         ;
;             |ULA_1bit:inst4|                 ; 6 (4)             ; 0 (0)        ; 0           ; 0            ; 0       ; 0         ; 0    ; 0            ; |ULA|data_path:inst2|ULA_32bit:inst|ULA_8bit:inst4|ULA_1bit:inst4                                            ; work         ;
;                |FullAdder_1bit:inst|         ; 2 (0)             ; 0 (0)        ; 0           ; 0            ; 0       ; 0         ; 0    ; 0            ; |ULA|data_path:inst2|ULA_32bit:inst|ULA_8bit:inst4|ULA_1bit:inst4|FullAdder_1bit:inst                        ; work         ;
;                   |xor3:inst9|               ; 1 (1)             ; 0 (0)        ; 0           ; 0            ; 0       ; 0         ; 0    ; 0            ; |ULA|data_path:inst2|ULA_32bit:inst|ULA_8bit:inst4|ULA_1bit:inst4|FullAdder_1bit:inst|xor3:inst9             ; work         ;
;                   |xor4:inst8|               ; 1 (1)             ; 0 (0)        ; 0           ; 0            ; 0       ; 0         ; 0    ; 0            ; |ULA|data_path:inst2|ULA_32bit:inst|ULA_8bit:inst4|ULA_1bit:inst4|FullAdder_1bit:inst|xor4:inst8             ; work         ;
;             |ULA_1bit:inst5|                 ; 6 (4)             ; 0 (0)        ; 0           ; 0            ; 0       ; 0         ; 0    ; 0            ; |ULA|data_path:inst2|ULA_32bit:inst|ULA_8bit:inst4|ULA_1bit:inst5                                            ; work         ;
;                |FullAdder_1bit:inst|         ; 2 (0)             ; 0 (0)        ; 0           ; 0            ; 0       ; 0         ; 0    ; 0            ; |ULA|data_path:inst2|ULA_32bit:inst|ULA_8bit:inst4|ULA_1bit:inst5|FullAdder_1bit:inst                        ; work         ;
;                   |xor3:inst9|               ; 1 (1)             ; 0 (0)        ; 0           ; 0            ; 0       ; 0         ; 0    ; 0            ; |ULA|data_path:inst2|ULA_32bit:inst|ULA_8bit:inst4|ULA_1bit:inst5|FullAdder_1bit:inst|xor3:inst9             ; work         ;
;                   |xor4:inst8|               ; 1 (1)             ; 0 (0)        ; 0           ; 0            ; 0       ; 0         ; 0    ; 0            ; |ULA|data_path:inst2|ULA_32bit:inst|ULA_8bit:inst4|ULA_1bit:inst5|FullAdder_1bit:inst|xor4:inst8             ; work         ;
;             |ULA_1bit:inst6|                 ; 6 (4)             ; 0 (0)        ; 0           ; 0            ; 0       ; 0         ; 0    ; 0            ; |ULA|data_path:inst2|ULA_32bit:inst|ULA_8bit:inst4|ULA_1bit:inst6                                            ; work         ;
;                |FullAdder_1bit:inst|         ; 2 (0)             ; 0 (0)        ; 0           ; 0            ; 0       ; 0         ; 0    ; 0            ; |ULA|data_path:inst2|ULA_32bit:inst|ULA_8bit:inst4|ULA_1bit:inst6|FullAdder_1bit:inst                        ; work         ;
;                   |xor3:inst9|               ; 1 (1)             ; 0 (0)        ; 0           ; 0            ; 0       ; 0         ; 0    ; 0            ; |ULA|data_path:inst2|ULA_32bit:inst|ULA_8bit:inst4|ULA_1bit:inst6|FullAdder_1bit:inst|xor3:inst9             ; work         ;
;                   |xor4:inst8|               ; 1 (1)             ; 0 (0)        ; 0           ; 0            ; 0       ; 0         ; 0    ; 0            ; |ULA|data_path:inst2|ULA_32bit:inst|ULA_8bit:inst4|ULA_1bit:inst6|FullAdder_1bit:inst|xor4:inst8             ; work         ;
;             |ULA_1bit:inst7|                 ; 5 (4)             ; 0 (0)        ; 0           ; 0            ; 0       ; 0         ; 0    ; 0            ; |ULA|data_path:inst2|ULA_32bit:inst|ULA_8bit:inst4|ULA_1bit:inst7                                            ; work         ;
;                |FullAdder_1bit:inst|         ; 1 (0)             ; 0 (0)        ; 0           ; 0            ; 0       ; 0         ; 0    ; 0            ; |ULA|data_path:inst2|ULA_32bit:inst|ULA_8bit:inst4|ULA_1bit:inst7|FullAdder_1bit:inst                        ; work         ;
;                   |xor4:inst8|               ; 1 (1)             ; 0 (0)        ; 0           ; 0            ; 0       ; 0         ; 0    ; 0            ; |ULA|data_path:inst2|ULA_32bit:inst|ULA_8bit:inst4|ULA_1bit:inst7|FullAdder_1bit:inst|xor4:inst8             ; work         ;
;             |ULA_1bit:inst8|                 ; 5 (3)             ; 0 (0)        ; 0           ; 0            ; 0       ; 0         ; 0    ; 0            ; |ULA|data_path:inst2|ULA_32bit:inst|ULA_8bit:inst4|ULA_1bit:inst8                                            ; work         ;
;                |FullAdder_1bit:inst|         ; 2 (2)             ; 0 (0)        ; 0           ; 0            ; 0       ; 0         ; 0    ; 0            ; |ULA|data_path:inst2|ULA_32bit:inst|ULA_8bit:inst4|ULA_1bit:inst8|FullAdder_1bit:inst                        ; work         ;
;             |ULA_1bit:inst|                  ; 6 (4)             ; 0 (0)        ; 0           ; 0            ; 0       ; 0         ; 0    ; 0            ; |ULA|data_path:inst2|ULA_32bit:inst|ULA_8bit:inst4|ULA_1bit:inst                                             ; work         ;
;                |FullAdder_1bit:inst|         ; 2 (0)             ; 0 (0)        ; 0           ; 0            ; 0       ; 0         ; 0    ; 0            ; |ULA|data_path:inst2|ULA_32bit:inst|ULA_8bit:inst4|ULA_1bit:inst|FullAdder_1bit:inst                         ; work         ;
;                   |xor3:inst9|               ; 1 (1)             ; 0 (0)        ; 0           ; 0            ; 0       ; 0         ; 0    ; 0            ; |ULA|data_path:inst2|ULA_32bit:inst|ULA_8bit:inst4|ULA_1bit:inst|FullAdder_1bit:inst|xor3:inst9              ; work         ;
;                   |xor4:inst8|               ; 1 (1)             ; 0 (0)        ; 0           ; 0            ; 0       ; 0         ; 0    ; 0            ; |ULA|data_path:inst2|ULA_32bit:inst|ULA_8bit:inst4|ULA_1bit:inst|FullAdder_1bit:inst|xor4:inst8              ; work         ;
;          |ULA_8bit:inst|                     ; 49 (0)            ; 0 (0)        ; 0           ; 0            ; 0       ; 0         ; 0    ; 0            ; |ULA|data_path:inst2|ULA_32bit:inst|ULA_8bit:inst                                                            ; work         ;
;             |ULA_1bit:inst2|                 ; 6 (4)             ; 0 (0)        ; 0           ; 0            ; 0       ; 0         ; 0    ; 0            ; |ULA|data_path:inst2|ULA_32bit:inst|ULA_8bit:inst|ULA_1bit:inst2                                             ; work         ;
;                |FullAdder_1bit:inst|         ; 2 (0)             ; 0 (0)        ; 0           ; 0            ; 0       ; 0         ; 0    ; 0            ; |ULA|data_path:inst2|ULA_32bit:inst|ULA_8bit:inst|ULA_1bit:inst2|FullAdder_1bit:inst                         ; work         ;
;                   |xor3:inst9|               ; 1 (1)             ; 0 (0)        ; 0           ; 0            ; 0       ; 0         ; 0    ; 0            ; |ULA|data_path:inst2|ULA_32bit:inst|ULA_8bit:inst|ULA_1bit:inst2|FullAdder_1bit:inst|xor3:inst9              ; work         ;
;                   |xor4:inst8|               ; 1 (1)             ; 0 (0)        ; 0           ; 0            ; 0       ; 0         ; 0    ; 0            ; |ULA|data_path:inst2|ULA_32bit:inst|ULA_8bit:inst|ULA_1bit:inst2|FullAdder_1bit:inst|xor4:inst8              ; work         ;
;             |ULA_1bit:inst3|                 ; 6 (4)             ; 0 (0)        ; 0           ; 0            ; 0       ; 0         ; 0    ; 0            ; |ULA|data_path:inst2|ULA_32bit:inst|ULA_8bit:inst|ULA_1bit:inst3                                             ; work         ;
;                |FullAdder_1bit:inst|         ; 2 (0)             ; 0 (0)        ; 0           ; 0            ; 0       ; 0         ; 0    ; 0            ; |ULA|data_path:inst2|ULA_32bit:inst|ULA_8bit:inst|ULA_1bit:inst3|FullAdder_1bit:inst                         ; work         ;
;                   |xor3:inst9|               ; 1 (1)             ; 0 (0)        ; 0           ; 0            ; 0       ; 0         ; 0    ; 0            ; |ULA|data_path:inst2|ULA_32bit:inst|ULA_8bit:inst|ULA_1bit:inst3|FullAdder_1bit:inst|xor3:inst9              ; work         ;
;                   |xor4:inst8|               ; 1 (1)             ; 0 (0)        ; 0           ; 0            ; 0       ; 0         ; 0    ; 0            ; |ULA|data_path:inst2|ULA_32bit:inst|ULA_8bit:inst|ULA_1bit:inst3|FullAdder_1bit:inst|xor4:inst8              ; work         ;
;             |ULA_1bit:inst4|                 ; 6 (4)             ; 0 (0)        ; 0           ; 0            ; 0       ; 0         ; 0    ; 0            ; |ULA|data_path:inst2|ULA_32bit:inst|ULA_8bit:inst|ULA_1bit:inst4                                             ; work         ;
;                |FullAdder_1bit:inst|         ; 2 (0)             ; 0 (0)        ; 0           ; 0            ; 0       ; 0         ; 0    ; 0            ; |ULA|data_path:inst2|ULA_32bit:inst|ULA_8bit:inst|ULA_1bit:inst4|FullAdder_1bit:inst                         ; work         ;
;                   |xor3:inst9|               ; 1 (1)             ; 0 (0)        ; 0           ; 0            ; 0       ; 0         ; 0    ; 0            ; |ULA|data_path:inst2|ULA_32bit:inst|ULA_8bit:inst|ULA_1bit:inst4|FullAdder_1bit:inst|xor3:inst9              ; work         ;
;                   |xor4:inst8|               ; 1 (1)             ; 0 (0)        ; 0           ; 0            ; 0       ; 0         ; 0    ; 0            ; |ULA|data_path:inst2|ULA_32bit:inst|ULA_8bit:inst|ULA_1bit:inst4|FullAdder_1bit:inst|xor4:inst8              ; work         ;
;             |ULA_1bit:inst5|                 ; 7 (4)             ; 0 (0)        ; 0           ; 0            ; 0       ; 0         ; 0    ; 0            ; |ULA|data_path:inst2|ULA_32bit:inst|ULA_8bit:inst|ULA_1bit:inst5                                             ; work         ;
;                |FullAdder_1bit:inst|         ; 2 (0)             ; 0 (0)        ; 0           ; 0            ; 0       ; 0         ; 0    ; 0            ; |ULA|data_path:inst2|ULA_32bit:inst|ULA_8bit:inst|ULA_1bit:inst5|FullAdder_1bit:inst                         ; work         ;
;                   |xor3:inst9|               ; 1 (1)             ; 0 (0)        ; 0           ; 0            ; 0       ; 0         ; 0    ; 0            ; |ULA|data_path:inst2|ULA_32bit:inst|ULA_8bit:inst|ULA_1bit:inst5|FullAdder_1bit:inst|xor3:inst9              ; work         ;
;                   |xor4:inst8|               ; 1 (1)             ; 0 (0)        ; 0           ; 0            ; 0       ; 0         ; 0    ; 0            ; |ULA|data_path:inst2|ULA_32bit:inst|ULA_8bit:inst|ULA_1bit:inst5|FullAdder_1bit:inst|xor4:inst8              ; work         ;
;                |decoder2to4:inst2|           ; 1 (1)             ; 0 (0)        ; 0           ; 0            ; 0       ; 0         ; 0    ; 0            ; |ULA|data_path:inst2|ULA_32bit:inst|ULA_8bit:inst|ULA_1bit:inst5|decoder2to4:inst2                           ; work         ;
;             |ULA_1bit:inst6|                 ; 6 (4)             ; 0 (0)        ; 0           ; 0            ; 0       ; 0         ; 0    ; 0            ; |ULA|data_path:inst2|ULA_32bit:inst|ULA_8bit:inst|ULA_1bit:inst6                                             ; work         ;
;                |FullAdder_1bit:inst|         ; 2 (0)             ; 0 (0)        ; 0           ; 0            ; 0       ; 0         ; 0    ; 0            ; |ULA|data_path:inst2|ULA_32bit:inst|ULA_8bit:inst|ULA_1bit:inst6|FullAdder_1bit:inst                         ; work         ;
;                   |xor3:inst9|               ; 1 (1)             ; 0 (0)        ; 0           ; 0            ; 0       ; 0         ; 0    ; 0            ; |ULA|data_path:inst2|ULA_32bit:inst|ULA_8bit:inst|ULA_1bit:inst6|FullAdder_1bit:inst|xor3:inst9              ; work         ;
;                   |xor4:inst8|               ; 1 (1)             ; 0 (0)        ; 0           ; 0            ; 0       ; 0         ; 0    ; 0            ; |ULA|data_path:inst2|ULA_32bit:inst|ULA_8bit:inst|ULA_1bit:inst6|FullAdder_1bit:inst|xor4:inst8              ; work         ;
;             |ULA_1bit:inst7|                 ; 6 (4)             ; 0 (0)        ; 0           ; 0            ; 0       ; 0         ; 0    ; 0            ; |ULA|data_path:inst2|ULA_32bit:inst|ULA_8bit:inst|ULA_1bit:inst7                                             ; work         ;
;                |FullAdder_1bit:inst|         ; 2 (0)             ; 0 (0)        ; 0           ; 0            ; 0       ; 0         ; 0    ; 0            ; |ULA|data_path:inst2|ULA_32bit:inst|ULA_8bit:inst|ULA_1bit:inst7|FullAdder_1bit:inst                         ; work         ;
;                   |xor3:inst9|               ; 1 (1)             ; 0 (0)        ; 0           ; 0            ; 0       ; 0         ; 0    ; 0            ; |ULA|data_path:inst2|ULA_32bit:inst|ULA_8bit:inst|ULA_1bit:inst7|FullAdder_1bit:inst|xor3:inst9              ; work         ;
;                   |xor4:inst8|               ; 1 (1)             ; 0 (0)        ; 0           ; 0            ; 0       ; 0         ; 0    ; 0            ; |ULA|data_path:inst2|ULA_32bit:inst|ULA_8bit:inst|ULA_1bit:inst7|FullAdder_1bit:inst|xor4:inst8              ; work         ;
;             |ULA_1bit:inst8|                 ; 6 (4)             ; 0 (0)        ; 0           ; 0            ; 0       ; 0         ; 0    ; 0            ; |ULA|data_path:inst2|ULA_32bit:inst|ULA_8bit:inst|ULA_1bit:inst8                                             ; work         ;
;                |FullAdder_1bit:inst|         ; 2 (0)             ; 0 (0)        ; 0           ; 0            ; 0       ; 0         ; 0    ; 0            ; |ULA|data_path:inst2|ULA_32bit:inst|ULA_8bit:inst|ULA_1bit:inst8|FullAdder_1bit:inst                         ; work         ;
;                   |xor3:inst9|               ; 1 (1)             ; 0 (0)        ; 0           ; 0            ; 0       ; 0         ; 0    ; 0            ; |ULA|data_path:inst2|ULA_32bit:inst|ULA_8bit:inst|ULA_1bit:inst8|FullAdder_1bit:inst|xor3:inst9              ; work         ;
;                   |xor4:inst8|               ; 1 (1)             ; 0 (0)        ; 0           ; 0            ; 0       ; 0         ; 0    ; 0            ; |ULA|data_path:inst2|ULA_32bit:inst|ULA_8bit:inst|ULA_1bit:inst8|FullAdder_1bit:inst|xor4:inst8              ; work         ;
;             |ULA_1bit:inst|                  ; 6 (4)             ; 0 (0)        ; 0           ; 0            ; 0       ; 0         ; 0    ; 0            ; |ULA|data_path:inst2|ULA_32bit:inst|ULA_8bit:inst|ULA_1bit:inst                                              ; work         ;
;                |FullAdder_1bit:inst|         ; 2 (0)             ; 0 (0)        ; 0           ; 0            ; 0       ; 0         ; 0    ; 0            ; |ULA|data_path:inst2|ULA_32bit:inst|ULA_8bit:inst|ULA_1bit:inst|FullAdder_1bit:inst                          ; work         ;
;                   |xor3:inst9|               ; 1 (1)             ; 0 (0)        ; 0           ; 0            ; 0       ; 0         ; 0    ; 0            ; |ULA|data_path:inst2|ULA_32bit:inst|ULA_8bit:inst|ULA_1bit:inst|FullAdder_1bit:inst|xor3:inst9               ; work         ;
;                   |xor4:inst8|               ; 1 (1)             ; 0 (0)        ; 0           ; 0            ; 0       ; 0         ; 0    ; 0            ; |ULA|data_path:inst2|ULA_32bit:inst|ULA_8bit:inst|ULA_1bit:inst|FullAdder_1bit:inst|xor4:inst8               ; work         ;
+----------------------------------------------+-------------------+--------------+-------------+--------------+---------+-----------+------+--------------+--------------------------------------------------------------------------------------------------------------+--------------+
Note: For table entries with two numbers listed, the numbers in parentheses indicate the number of resources of the given type used by the specific entity alone. The numbers listed outside of parentheses indicate the total resources of the given type used by the specific entity and all of its sub-entities in the hierarchy.


+-----------------------------------------------------------------------------------------------------------------------------------------------------------------------------------------------------------------+
; Analysis & Synthesis RAM Summary                                                                                                                                                                                ;
+--------------------------------------------------------------------------------------------------------------------+------+------+--------------+--------------+--------------+--------------+-------+----------+
; Name                                                                                                               ; Type ; Mode ; Port A Depth ; Port A Width ; Port B Depth ; Port B Width ; Size  ; MIF      ;
+--------------------------------------------------------------------------------------------------------------------+------+------+--------------+--------------+--------------+--------------+-------+----------+
; UNIDADE_CONTROLE:inst|CONTROLSTORE:inst3|altsyncram:altsyncram_component|altsyncram_ds61:auto_generated|ALTSYNCRAM ; AUTO ; ROM  ; 512          ; 36           ; --           ; --           ; 18432 ; mic1.mif ;
+--------------------------------------------------------------------------------------------------------------------+------+------+--------------+--------------+--------------+--------------+-------+----------+


+------------------------------------------------------------------------------------------------------------------------------------------------------------------------+
; Analysis & Synthesis IP Cores Summary                                                                                                                                  ;
+--------+--------------+---------+--------------+--------------+-----------------------------------------------+--------------------------------------------------------+
; Vendor ; IP Core Name ; Version ; Release Date ; License Type ; Entity Instance                               ; IP Include File                                        ;
+--------+--------------+---------+--------------+--------------+-----------------------------------------------+--------------------------------------------------------+
; Altera ; ROM: 1-PORT  ; 13.0    ; N/A          ; N/A          ; |ULA|UNIDADE_CONTROLE:inst|CONTROLSTORE:inst3 ; C:/Users/grego/Desktop/anderson/MIC-1/CONTROLSTORE.vhd ;
+--------+--------------+---------+--------------+--------------+-----------------------------------------------+--------------------------------------------------------+


+----------------------------------------------------------------------------------------------------------------------------------------------------------------------------------------------+
; Registers Removed During Synthesis                                                                                                                                                           ;
+-----------------------------------------------------------------------------------------+----------------------------------------------------------------------------------------------------+
; Register name                                                                           ; Reason for Removal                                                                                 ;
+-----------------------------------------------------------------------------------------+----------------------------------------------------------------------------------------------------+
; data_path:inst2|BANK_REG:inst1|MBR:inst5|REGISTER32bit:inst3|REGISTER4bit:inst16|inst5  ; Stuck at GND due to stuck port data_in                                                             ;
; data_path:inst2|BANK_REG:inst1|MBR:inst5|REGISTER32bit:inst3|REGISTER4bit:inst16|inst   ; Stuck at GND due to stuck port data_in                                                             ;
; data_path:inst2|BANK_REG:inst1|MBR:inst5|REGISTER32bit:inst3|REGISTER4bit:inst16|inst16 ; Stuck at GND due to stuck port data_in                                                             ;
; data_path:inst2|BANK_REG:inst1|MBR:inst5|REGISTER32bit:inst3|REGISTER4bit:inst16|inst20 ; Stuck at GND due to stuck port data_in                                                             ;
; data_path:inst2|BANK_REG:inst1|MBR:inst5|REGISTER32bit:inst3|REGISTER4bit:inst15|inst5  ; Stuck at GND due to stuck port data_in                                                             ;
; data_path:inst2|BANK_REG:inst1|MBR:inst5|REGISTER32bit:inst3|REGISTER4bit:inst15|inst   ; Stuck at GND due to stuck port data_in                                                             ;
; data_path:inst2|BANK_REG:inst1|MBR:inst5|REGISTER32bit:inst3|REGISTER4bit:inst15|inst16 ; Stuck at GND due to stuck port data_in                                                             ;
; data_path:inst2|BANK_REG:inst1|MBR:inst5|REGISTER32bit:inst3|REGISTER4bit:inst15|inst20 ; Stuck at GND due to stuck port data_in                                                             ;
; data_path:inst2|BANK_REG:inst1|MBR:inst5|REGISTER32bit:inst3|REGISTER4bit:inst14|inst5  ; Stuck at GND due to stuck port data_in                                                             ;
; data_path:inst2|BANK_REG:inst1|MBR:inst5|REGISTER32bit:inst3|REGISTER4bit:inst14|inst   ; Stuck at GND due to stuck port data_in                                                             ;
; data_path:inst2|BANK_REG:inst1|MBR:inst5|REGISTER32bit:inst3|REGISTER4bit:inst14|inst16 ; Stuck at GND due to stuck port data_in                                                             ;
; data_path:inst2|BANK_REG:inst1|MBR:inst5|REGISTER32bit:inst3|REGISTER4bit:inst14|inst20 ; Stuck at GND due to stuck port data_in                                                             ;
; data_path:inst2|BANK_REG:inst1|MBR:inst5|REGISTER32bit:inst3|REGISTER4bit:inst11|inst5  ; Stuck at GND due to stuck port data_in                                                             ;
; data_path:inst2|BANK_REG:inst1|MBR:inst5|REGISTER32bit:inst3|REGISTER4bit:inst11|inst   ; Stuck at GND due to stuck port data_in                                                             ;
; data_path:inst2|BANK_REG:inst1|MBR:inst5|REGISTER32bit:inst3|REGISTER4bit:inst11|inst16 ; Stuck at GND due to stuck port data_in                                                             ;
; data_path:inst2|BANK_REG:inst1|MBR:inst5|REGISTER32bit:inst3|REGISTER4bit:inst11|inst20 ; Stuck at GND due to stuck port data_in                                                             ;
; data_path:inst2|BANK_REG:inst1|MBR:inst5|REGISTER32bit:inst3|REGISTER4bit:inst2|inst5   ; Stuck at GND due to stuck port data_in                                                             ;
; data_path:inst2|BANK_REG:inst1|MBR:inst5|REGISTER32bit:inst3|REGISTER4bit:inst2|inst    ; Stuck at GND due to stuck port data_in                                                             ;
; data_path:inst2|BANK_REG:inst1|MBR:inst5|REGISTER32bit:inst3|REGISTER4bit:inst2|inst16  ; Stuck at GND due to stuck port data_in                                                             ;
; data_path:inst2|BANK_REG:inst1|MBR:inst5|REGISTER32bit:inst3|REGISTER4bit:inst2|inst20  ; Stuck at GND due to stuck port data_in                                                             ;
; data_path:inst2|BANK_REG:inst1|MBR:inst5|REGISTER32bit:inst3|REGISTER4bit:inst3|inst5   ; Stuck at GND due to stuck port data_in                                                             ;
; data_path:inst2|BANK_REG:inst1|MBR:inst5|REGISTER32bit:inst3|REGISTER4bit:inst3|inst    ; Stuck at GND due to stuck port data_in                                                             ;
; data_path:inst2|BANK_REG:inst1|MBR:inst5|REGISTER32bit:inst3|REGISTER4bit:inst3|inst16  ; Stuck at GND due to stuck port data_in                                                             ;
; data_path:inst2|BANK_REG:inst1|MBR:inst5|REGISTER32bit:inst3|REGISTER4bit:inst3|inst20  ; Stuck at GND due to stuck port data_in                                                             ;
; data_path:inst2|BANK_REG:inst1|MBR:inst5|REGISTER32bit:inst|REGISTER4bit:inst16|inst    ; Merged with data_path:inst2|BANK_REG:inst1|MBR:inst5|REGISTER32bit:inst|REGISTER4bit:inst15|inst20 ;
; data_path:inst2|BANK_REG:inst1|MBR:inst5|REGISTER32bit:inst|REGISTER4bit:inst16|inst5   ; Merged with data_path:inst2|BANK_REG:inst1|MBR:inst5|REGISTER32bit:inst|REGISTER4bit:inst15|inst20 ;
; data_path:inst2|BANK_REG:inst1|MBR:inst5|REGISTER32bit:inst|REGISTER4bit:inst16|inst16  ; Merged with data_path:inst2|BANK_REG:inst1|MBR:inst5|REGISTER32bit:inst|REGISTER4bit:inst15|inst20 ;
; data_path:inst2|BANK_REG:inst1|MBR:inst5|REGISTER32bit:inst|REGISTER4bit:inst16|inst20  ; Merged with data_path:inst2|BANK_REG:inst1|MBR:inst5|REGISTER32bit:inst|REGISTER4bit:inst15|inst20 ;
; data_path:inst2|BANK_REG:inst1|MBR:inst5|REGISTER32bit:inst|REGISTER4bit:inst15|inst    ; Merged with data_path:inst2|BANK_REG:inst1|MBR:inst5|REGISTER32bit:inst|REGISTER4bit:inst15|inst20 ;
; data_path:inst2|BANK_REG:inst1|MBR:inst5|REGISTER32bit:inst|REGISTER4bit:inst15|inst5   ; Merged with data_path:inst2|BANK_REG:inst1|MBR:inst5|REGISTER32bit:inst|REGISTER4bit:inst15|inst20 ;
; data_path:inst2|BANK_REG:inst1|MBR:inst5|REGISTER32bit:inst|REGISTER4bit:inst15|inst16  ; Merged with data_path:inst2|BANK_REG:inst1|MBR:inst5|REGISTER32bit:inst|REGISTER4bit:inst15|inst20 ;
; data_path:inst2|BANK_REG:inst1|MBR:inst5|REGISTER32bit:inst|REGISTER4bit:inst14|inst    ; Merged with data_path:inst2|BANK_REG:inst1|MBR:inst5|REGISTER32bit:inst|REGISTER4bit:inst15|inst20 ;
; data_path:inst2|BANK_REG:inst1|MBR:inst5|REGISTER32bit:inst|REGISTER4bit:inst14|inst5   ; Merged with data_path:inst2|BANK_REG:inst1|MBR:inst5|REGISTER32bit:inst|REGISTER4bit:inst15|inst20 ;
; data_path:inst2|BANK_REG:inst1|MBR:inst5|REGISTER32bit:inst|REGISTER4bit:inst14|inst16  ; Merged with data_path:inst2|BANK_REG:inst1|MBR:inst5|REGISTER32bit:inst|REGISTER4bit:inst15|inst20 ;
; data_path:inst2|BANK_REG:inst1|MBR:inst5|REGISTER32bit:inst|REGISTER4bit:inst14|inst20  ; Merged with data_path:inst2|BANK_REG:inst1|MBR:inst5|REGISTER32bit:inst|REGISTER4bit:inst15|inst20 ;
; data_path:inst2|BANK_REG:inst1|MBR:inst5|REGISTER32bit:inst|REGISTER4bit:inst11|inst    ; Merged with data_path:inst2|BANK_REG:inst1|MBR:inst5|REGISTER32bit:inst|REGISTER4bit:inst15|inst20 ;
; data_path:inst2|BANK_REG:inst1|MBR:inst5|REGISTER32bit:inst|REGISTER4bit:inst11|inst5   ; Merged with data_path:inst2|BANK_REG:inst1|MBR:inst5|REGISTER32bit:inst|REGISTER4bit:inst15|inst20 ;
; data_path:inst2|BANK_REG:inst1|MBR:inst5|REGISTER32bit:inst|REGISTER4bit:inst11|inst16  ; Merged with data_path:inst2|BANK_REG:inst1|MBR:inst5|REGISTER32bit:inst|REGISTER4bit:inst15|inst20 ;
; data_path:inst2|BANK_REG:inst1|MBR:inst5|REGISTER32bit:inst|REGISTER4bit:inst11|inst20  ; Merged with data_path:inst2|BANK_REG:inst1|MBR:inst5|REGISTER32bit:inst|REGISTER4bit:inst15|inst20 ;
; data_path:inst2|BANK_REG:inst1|MBR:inst5|REGISTER32bit:inst|REGISTER4bit:inst3|inst     ; Merged with data_path:inst2|BANK_REG:inst1|MBR:inst5|REGISTER32bit:inst|REGISTER4bit:inst15|inst20 ;
; data_path:inst2|BANK_REG:inst1|MBR:inst5|REGISTER32bit:inst|REGISTER4bit:inst3|inst5    ; Merged with data_path:inst2|BANK_REG:inst1|MBR:inst5|REGISTER32bit:inst|REGISTER4bit:inst15|inst20 ;
; data_path:inst2|BANK_REG:inst1|MBR:inst5|REGISTER32bit:inst|REGISTER4bit:inst3|inst16   ; Merged with data_path:inst2|BANK_REG:inst1|MBR:inst5|REGISTER32bit:inst|REGISTER4bit:inst15|inst20 ;
; data_path:inst2|BANK_REG:inst1|MBR:inst5|REGISTER32bit:inst|REGISTER4bit:inst3|inst20   ; Merged with data_path:inst2|BANK_REG:inst1|MBR:inst5|REGISTER32bit:inst|REGISTER4bit:inst15|inst20 ;
; data_path:inst2|BANK_REG:inst1|MBR:inst5|REGISTER32bit:inst|REGISTER4bit:inst2|inst     ; Merged with data_path:inst2|BANK_REG:inst1|MBR:inst5|REGISTER32bit:inst|REGISTER4bit:inst15|inst20 ;
; data_path:inst2|BANK_REG:inst1|MBR:inst5|REGISTER32bit:inst|REGISTER4bit:inst2|inst5    ; Merged with data_path:inst2|BANK_REG:inst1|MBR:inst5|REGISTER32bit:inst|REGISTER4bit:inst15|inst20 ;
; data_path:inst2|BANK_REG:inst1|MBR:inst5|REGISTER32bit:inst|REGISTER4bit:inst2|inst16   ; Merged with data_path:inst2|BANK_REG:inst1|MBR:inst5|REGISTER32bit:inst|REGISTER4bit:inst15|inst20 ;
; data_path:inst2|BANK_REG:inst1|MBR:inst5|REGISTER32bit:inst|REGISTER4bit:inst2|inst20   ; Merged with data_path:inst2|BANK_REG:inst1|MBR:inst5|REGISTER32bit:inst|REGISTER4bit:inst15|inst20 ;
; data_path:inst2|BANK_REG:inst1|MBR:inst5|REGISTER32bit:inst|REGISTER4bit:inst1|inst     ; Merged with data_path:inst2|BANK_REG:inst1|MBR:inst5|REGISTER32bit:inst|REGISTER4bit:inst15|inst20 ;
; Total Number of Removed Registers = 48                                                  ;                                                                                                    ;
+-----------------------------------------------------------------------------------------+----------------------------------------------------------------------------------------------------+


+------------------------------------------------------+
; General Register Statistics                          ;
+----------------------------------------------+-------+
; Statistic                                    ; Value ;
+----------------------------------------------+-------+
; Total registers                              ; 309   ;
; Number of registers using Synchronous Clear  ; 0     ;
; Number of registers using Synchronous Load   ; 0     ;
; Number of registers using Asynchronous Clear ; 304   ;
; Number of registers using Asynchronous Load  ; 0     ;
; Number of registers using Clock Enable       ; 0     ;
; Number of registers using Preset             ; 0     ;
+----------------------------------------------+-------+


+-------------------------------------------------------------------------------------------------+
; Inverted Register Statistics                                                                    ;
+---------------------------------------------------------------------------------------+---------+
; Inverted Register                                                                     ; Fan out ;
+---------------------------------------------------------------------------------------+---------+
; data_path:inst2|BANK_REG:inst1|SP:inst1|REGISTER32bit:inst|REGISTER4bit:inst15|inst20 ; 1       ;
; data_path:inst2|BANK_REG:inst1|LV:inst2|REGISTER32bit:inst|REGISTER4bit:inst15|inst20 ; 1       ;
; data_path:inst2|BANK_REG:inst1|SP:inst1|REGISTER32bit:inst|REGISTER4bit:inst15|inst   ; 1       ;
; data_path:inst2|BANK_REG:inst1|LV:inst2|REGISTER32bit:inst|REGISTER4bit:inst15|inst   ; 1       ;
; data_path:inst2|BANK_REG:inst1|CPP:inst6|REGISTER32bit:inst|REGISTER4bit:inst1|inst   ; 1       ;
; Total number of inverted registers = 5                                                ;         ;
+---------------------------------------------------------------------------------------+---------+


+--------------------------------------------------------------------------------------------------------------------------------+
; Source assignments for UNIDADE_CONTROLE:inst|CONTROLSTORE:inst3|altsyncram:altsyncram_component|altsyncram_ds61:auto_generated ;
+---------------------------------+--------------------+------+------------------------------------------------------------------+
; Assignment                      ; Value              ; From ; To                                                               ;
+---------------------------------+--------------------+------+------------------------------------------------------------------+
; OPTIMIZE_POWER_DURING_SYNTHESIS ; NORMAL_COMPILATION ; -    ; -                                                                ;
+---------------------------------+--------------------+------+------------------------------------------------------------------+


+-----------------------------------------------------------------------------------------------------------------------+
; Parameter Settings for User Entity Instance: UNIDADE_CONTROLE:inst|CONTROLSTORE:inst3|altsyncram:altsyncram_component ;
+------------------------------------+----------------------+-----------------------------------------------------------+
; Parameter Name                     ; Value                ; Type                                                      ;
+------------------------------------+----------------------+-----------------------------------------------------------+
; BYTE_SIZE_BLOCK                    ; 8                    ; Untyped                                                   ;
; AUTO_CARRY_CHAINS                  ; ON                   ; AUTO_CARRY                                                ;
; IGNORE_CARRY_BUFFERS               ; OFF                  ; IGNORE_CARRY                                              ;
; AUTO_CASCADE_CHAINS                ; ON                   ; AUTO_CASCADE                                              ;
; IGNORE_CASCADE_BUFFERS             ; OFF                  ; IGNORE_CASCADE                                            ;
; WIDTH_BYTEENA                      ; 1                    ; Untyped                                                   ;
; OPERATION_MODE                     ; ROM                  ; Untyped                                                   ;
; WIDTH_A                            ; 36                   ; Signed Integer                                            ;
; WIDTHAD_A                          ; 9                    ; Signed Integer                                            ;
; NUMWORDS_A                         ; 512                  ; Signed Integer                                            ;
; OUTDATA_REG_A                      ; CLOCK0               ; Untyped                                                   ;
; ADDRESS_ACLR_A                     ; NONE                 ; Untyped                                                   ;
; OUTDATA_ACLR_A                     ; NONE                 ; Untyped                                                   ;
; WRCONTROL_ACLR_A                   ; NONE                 ; Untyped                                                   ;
; INDATA_ACLR_A                      ; NONE                 ; Untyped                                                   ;
; BYTEENA_ACLR_A                     ; NONE                 ; Untyped                                                   ;
; WIDTH_B                            ; 1                    ; Untyped                                                   ;
; WIDTHAD_B                          ; 1                    ; Untyped                                                   ;
; NUMWORDS_B                         ; 1                    ; Untyped                                                   ;
; INDATA_REG_B                       ; CLOCK1               ; Untyped                                                   ;
; WRCONTROL_WRADDRESS_REG_B          ; CLOCK1               ; Untyped                                                   ;
; RDCONTROL_REG_B                    ; CLOCK1               ; Untyped                                                   ;
; ADDRESS_REG_B                      ; CLOCK1               ; Untyped                                                   ;
; OUTDATA_REG_B                      ; UNREGISTERED         ; Untyped                                                   ;
; BYTEENA_REG_B                      ; CLOCK1               ; Untyped                                                   ;
; INDATA_ACLR_B                      ; NONE                 ; Untyped                                                   ;
; WRCONTROL_ACLR_B                   ; NONE                 ; Untyped                                                   ;
; ADDRESS_ACLR_B                     ; NONE                 ; Untyped                                                   ;
; OUTDATA_ACLR_B                     ; NONE                 ; Untyped                                                   ;
; RDCONTROL_ACLR_B                   ; NONE                 ; Untyped                                                   ;
; BYTEENA_ACLR_B                     ; NONE                 ; Untyped                                                   ;
; WIDTH_BYTEENA_A                    ; 1                    ; Signed Integer                                            ;
; WIDTH_BYTEENA_B                    ; 1                    ; Untyped                                                   ;
; RAM_BLOCK_TYPE                     ; AUTO                 ; Untyped                                                   ;
; BYTE_SIZE                          ; 8                    ; Untyped                                                   ;
; READ_DURING_WRITE_MODE_MIXED_PORTS ; DONT_CARE            ; Untyped                                                   ;
; READ_DURING_WRITE_MODE_PORT_A      ; NEW_DATA_NO_NBE_READ ; Untyped                                                   ;
; READ_DURING_WRITE_MODE_PORT_B      ; NEW_DATA_NO_NBE_READ ; Untyped                                                   ;
; INIT_FILE                          ; mic1.mif             ; Untyped                                                   ;
; INIT_FILE_LAYOUT                   ; PORT_A               ; Untyped                                                   ;
; MAXIMUM_DEPTH                      ; 0                    ; Untyped                                                   ;
; CLOCK_ENABLE_INPUT_A               ; BYPASS               ; Untyped                                                   ;
; CLOCK_ENABLE_INPUT_B               ; NORMAL               ; Untyped                                                   ;
; CLOCK_ENABLE_OUTPUT_A              ; BYPASS               ; Untyped                                                   ;
; CLOCK_ENABLE_OUTPUT_B              ; NORMAL               ; Untyped                                                   ;
; CLOCK_ENABLE_CORE_A                ; USE_INPUT_CLKEN      ; Untyped                                                   ;
; CLOCK_ENABLE_CORE_B                ; USE_INPUT_CLKEN      ; Untyped                                                   ;
; ENABLE_ECC                         ; FALSE                ; Untyped                                                   ;
; ECC_PIPELINE_STAGE_ENABLED         ; FALSE                ; Untyped                                                   ;
; WIDTH_ECCSTATUS                    ; 3                    ; Untyped                                                   ;
; DEVICE_FAMILY                      ; Cyclone II           ; Untyped                                                   ;
; CBXI_PARAMETER                     ; altsyncram_ds61      ; Untyped                                                   ;
+------------------------------------+----------------------+-----------------------------------------------------------+
Note: In order to hide this table in the UI and the text report file, please set the "Show Parameter Settings in Synthesis Report" option in "Analysis and Synthesis Settings -> More Settings" to "Off".


+----------------------------------------------------------------------------------------------------------------------+
; altsyncram Parameter Settings by Entity Instance                                                                     ;
+-------------------------------------------+--------------------------------------------------------------------------+
; Name                                      ; Value                                                                    ;
+-------------------------------------------+--------------------------------------------------------------------------+
; Number of entity instances                ; 1                                                                        ;
; Entity Instance                           ; UNIDADE_CONTROLE:inst|CONTROLSTORE:inst3|altsyncram:altsyncram_component ;
;     -- OPERATION_MODE                     ; ROM                                                                      ;
;     -- WIDTH_A                            ; 36                                                                       ;
;     -- NUMWORDS_A                         ; 512                                                                      ;
;     -- OUTDATA_REG_A                      ; CLOCK0                                                                   ;
;     -- WIDTH_B                            ; 1                                                                        ;
;     -- NUMWORDS_B                         ; 1                                                                        ;
;     -- ADDRESS_REG_B                      ; CLOCK1                                                                   ;
;     -- OUTDATA_REG_B                      ; UNREGISTERED                                                             ;
;     -- RAM_BLOCK_TYPE                     ; AUTO                                                                     ;
;     -- READ_DURING_WRITE_MODE_MIXED_PORTS ; DONT_CARE                                                                ;
+-------------------------------------------+--------------------------------------------------------------------------+


+-------------------------------+
; Elapsed Time Per Partition    ;
+----------------+--------------+
; Partition Name ; Elapsed Time ;
+----------------+--------------+
; Top            ; 00:00:01     ;
+----------------+--------------+


+-------------------------------+
; Analysis & Synthesis Messages ;
+-------------------------------+
Info: *******************************************************************
Info: Running Quartus II 64-Bit Analysis & Synthesis
    Info: Version 13.0.1 Build 232 06/12/2013 Service Pack 1 SJ Web Edition
    Info: Processing started: Thu Dec 12 18:01:50 2024
Info: Command: quartus_map --read_settings_files=on --write_settings_files=off mic1 -c mic1
Warning (20028): Parallel compilation is not licensed and has been disabled
Info (12021): Found 1 design units, including 1 entities, in source file mpc.bdf
    Info (12023): Found entity 1: MPC
Info (12021): Found 1 design units, including 1 entities, in source file decoder2to4.bdf
    Info (12023): Found entity 1: decoder2to4
Info (12021): Found 1 design units, including 1 entities, in source file decoder3to8.bdf
    Info (12023): Found entity 1: decoder3to8
Info (12021): Found 1 design units, including 1 entities, in source file fulladder_1bit.bdf
    Info (12023): Found entity 1: FullAdder_1bit
Info (12021): Found 1 design units, including 1 entities, in source file fulladder_8bit.bdf
    Info (12023): Found entity 1: FullAdder_8bit
Info (12021): Found 1 design units, including 1 entities, in source file ula_1bit.bdf
    Info (12023): Found entity 1: ULA_1bit
Info (12021): Found 1 design units, including 1 entities, in source file ula_32bit.bdf
    Info (12023): Found entity 1: ULA_32bit
Info (12021): Found 1 design units, including 1 entities, in source file ula_8bit.bdf
    Info (12023): Found entity 1: ULA_8bit
Info (12021): Found 1 design units, including 1 entities, in source file shifter.bdf
    Info (12023): Found entity 1: SHIFTER
Warning (12019): Can't analyze file -- file REGISTER8bit.bdf is missing
Info (12021): Found 1 design units, including 1 entities, in source file bank_reg.bdf
    Info (12023): Found entity 1: BANK_REG
Info (12021): Found 1 design units, including 1 entities, in source file mar.bdf
    Info (12023): Found entity 1: MAR
Info (12021): Found 1 design units, including 1 entities, in source file register32bit.bdf
    Info (12023): Found entity 1: REGISTER32bit
Info (12021): Found 1 design units, including 1 entities, in source file mdr.bdf
    Info (12023): Found entity 1: MDR
Info (12021): Found 1 design units, including 1 entities, in source file pc.bdf
    Info (12023): Found entity 1: PC
Info (12021): Found 1 design units, including 1 entities, in source file mbr.bdf
    Info (12023): Found entity 1: MBR
Info (12021): Found 1 design units, including 1 entities, in source file mbr_extensor.bdf
    Info (12023): Found entity 1: MBR_extensor
Info (12021): Found 1 design units, including 1 entities, in source file sp.bdf
    Info (12023): Found entity 1: SP
Info (12021): Found 1 design units, including 1 entities, in source file lv.bdf
    Info (12023): Found entity 1: LV
Info (12021): Found 1 design units, including 1 entities, in source file lv_init.bdf
    Info (12023): Found entity 1: LV_init
Info (12021): Found 1 design units, including 1 entities, in source file cpp.bdf
    Info (12023): Found entity 1: CPP
Info (12021): Found 1 design units, including 1 entities, in source file cpp_init.bdf
    Info (12023): Found entity 1: CPP_init
Info (12021): Found 1 design units, including 1 entities, in source file tos.bdf
    Info (12023): Found entity 1: TOS
Info (12021): Found 1 design units, including 1 entities, in source file opc.bdf
    Info (12023): Found entity 1: OPC
Info (12021): Found 1 design units, including 1 entities, in source file h.bdf
    Info (12023): Found entity 1: H
Info (12021): Found 2 design units, including 1 entities, in source file ram.vhd
    Info (12022): Found design unit 1: ram-SYN
    Info (12023): Found entity 1: RAM
Info (12021): Found 1 design units, including 1 entities, in source file ram_test.bdf
    Info (12023): Found entity 1: RAM_TEST
Info (12021): Found 1 design units, including 1 entities, in source file register4bit.bdf
    Info (12023): Found entity 1: REGISTER4bit
Info (12021): Found 1 design units, including 1 entities, in source file data_path.bdf
    Info (12023): Found entity 1: data_path
Info (12021): Found 1 design units, including 1 entities, in source file controlunit.bdf
    Info (12023): Found entity 1: ControlUnit
Info (12021): Found 2 design units, including 1 entities, in source file controlstore.vhd
    Info (12022): Found design unit 1: controlstore-SYN
    Info (12023): Found entity 1: CONTROLSTORE
Info (12021): Found 1 design units, including 1 entities, in source file unidade_controle.bdf
    Info (12023): Found entity 1: UNIDADE_CONTROLE
Info (12021): Found 1 design units, including 1 entities, in source file ula.bdf
    Info (12023): Found entity 1: ULA
Info (12127): Elaborating entity "ULA" for the top level hierarchy
Info (12128): Elaborating entity "UNIDADE_CONTROLE" for hierarchy "UNIDADE_CONTROLE:inst"
Info (12128): Elaborating entity "CONTROLSTORE" for hierarchy "UNIDADE_CONTROLE:inst|CONTROLSTORE:inst3"
Info (12128): Elaborating entity "altsyncram" for hierarchy "UNIDADE_CONTROLE:inst|CONTROLSTORE:inst3|altsyncram:altsyncram_component"
Info (12130): Elaborated megafunction instantiation "UNIDADE_CONTROLE:inst|CONTROLSTORE:inst3|altsyncram:altsyncram_component"
Info (12133): Instantiated megafunction "UNIDADE_CONTROLE:inst|CONTROLSTORE:inst3|altsyncram:altsyncram_component" with the following parameter:
    Info (12134): Parameter "clock_enable_input_a" = "BYPASS"
    Info (12134): Parameter "clock_enable_output_a" = "BYPASS"
    Info (12134): Parameter "init_file" = "mic1.mif"
    Info (12134): Parameter "intended_device_family" = "Cyclone II"
    Info (12134): Parameter "lpm_hint" = "ENABLE_RUNTIME_MOD=NO"
    Info (12134): Parameter "lpm_type" = "altsyncram"
    Info (12134): Parameter "numwords_a" = "512"
    Info (12134): Parameter "operation_mode" = "ROM"
    Info (12134): Parameter "outdata_aclr_a" = "NONE"
    Info (12134): Parameter "outdata_reg_a" = "CLOCK0"
    Info (12134): Parameter "widthad_a" = "9"
    Info (12134): Parameter "width_a" = "36"
    Info (12134): Parameter "width_byteena_a" = "1"
Info (12021): Found 1 design units, including 1 entities, in source file db/altsyncram_ds61.tdf
    Info (12023): Found entity 1: altsyncram_ds61
Info (12128): Elaborating entity "altsyncram_ds61" for hierarchy "UNIDADE_CONTROLE:inst|CONTROLSTORE:inst3|altsyncram:altsyncram_component|altsyncram_ds61:auto_generated"
Info (12128): Elaborating entity "MPC" for hierarchy "UNIDADE_CONTROLE:inst|MPC:inst2"
Info (12128): Elaborating entity "data_path" for hierarchy "data_path:inst2"
Info (12128): Elaborating entity "SHIFTER" for hierarchy "data_path:inst2|SHIFTER:inst2"
Info (12128): Elaborating entity "decoder2to4" for hierarchy "data_path:inst2|SHIFTER:inst2|decoder2to4:inst13"
Info (12128): Elaborating entity "ULA_32bit" for hierarchy "data_path:inst2|ULA_32bit:inst"
Info (12128): Elaborating entity "ULA_8bit" for hierarchy "data_path:inst2|ULA_32bit:inst|ULA_8bit:inst4"
Info (12128): Elaborating entity "ULA_1bit" for hierarchy "data_path:inst2|ULA_32bit:inst|ULA_8bit:inst4|ULA_1bit:inst8"
Info (12128): Elaborating entity "FullAdder_1bit" for hierarchy "data_path:inst2|ULA_32bit:inst|ULA_8bit:inst4|ULA_1bit:inst8|FullAdder_1bit:inst"
Info (12128): Elaborating entity "XOR3" for hierarchy "data_path:inst2|ULA_32bit:inst|ULA_8bit:inst4|ULA_1bit:inst8|FullAdder_1bit:inst|XOR3:inst9"
Info (12130): Elaborated megafunction instantiation "data_path:inst2|ULA_32bit:inst|ULA_8bit:inst4|ULA_1bit:inst8|FullAdder_1bit:inst|XOR3:inst9"
Info (12128): Elaborating entity "XOR4" for hierarchy "data_path:inst2|ULA_32bit:inst|ULA_8bit:inst4|ULA_1bit:inst8|FullAdder_1bit:inst|XOR4:inst8"
Info (12130): Elaborated megafunction instantiation "data_path:inst2|ULA_32bit:inst|ULA_8bit:inst4|ULA_1bit:inst8|FullAdder_1bit:inst|XOR4:inst8"
Info (12128): Elaborating entity "BANK_REG" for hierarchy "data_path:inst2|BANK_REG:inst1"
Info (12128): Elaborating entity "MAR" for hierarchy "data_path:inst2|BANK_REG:inst1|MAR:inst"
Info (12128): Elaborating entity "REGISTER32bit" for hierarchy "data_path:inst2|BANK_REG:inst1|MAR:inst|REGISTER32bit:inst"
Info (12128): Elaborating entity "REGISTER4bit" for hierarchy "data_path:inst2|BANK_REG:inst1|MAR:inst|REGISTER32bit:inst|REGISTER4bit:inst3"
Info (12128): Elaborating entity "MBR" for hierarchy "data_path:inst2|BANK_REG:inst1|MBR:inst5"
Warning (275011): Block or symbol "REGISTER32bit" of instance "inst" overlaps another block or symbol
Info (12128): Elaborating entity "MDR" for hierarchy "data_path:inst2|BANK_REG:inst1|MDR:inst3"
Info (12128): Elaborating entity "H" for hierarchy "data_path:inst2|BANK_REG:inst1|H:inst10"
Info (12128): Elaborating entity "PC" for hierarchy "data_path:inst2|BANK_REG:inst1|PC:inst4"
Info (12128): Elaborating entity "SP" for hierarchy "data_path:inst2|BANK_REG:inst1|SP:inst1"
Info (12128): Elaborating entity "LV" for hierarchy "data_path:inst2|BANK_REG:inst1|LV:inst2"
Info (12128): Elaborating entity "CPP" for hierarchy "data_path:inst2|BANK_REG:inst1|CPP:inst6"
Info (12128): Elaborating entity "TOS" for hierarchy "data_path:inst2|BANK_REG:inst1|TOS:inst7"
Info (12128): Elaborating entity "OPC" for hierarchy "data_path:inst2|BANK_REG:inst1|OPC:inst8"
Warning (13044): Always-enabled tri-state buffer(s) removed
    Warning (13045): Converted the fanout from the always-enabled tri-state buffer "data_path:inst2|BANK_REG:inst1|MAR:inst|REGISTER32bit:inst|inst10[31]" to the node "DATA_MEN_ADDR[31]" into a wire
    Warning (13045): Converted the fanout from the always-enabled tri-state buffer "data_path:inst2|BANK_REG:inst1|MAR:inst|REGISTER32bit:inst|inst10[30]" to the node "DATA_MEN_ADDR[30]" into a wire
    Warning (13045): Converted the fanout from the always-enabled tri-state buffer "data_path:inst2|BANK_REG:inst1|MAR:inst|REGISTER32bit:inst|inst10[29]" to the node "DATA_MEN_ADDR[29]" into a wire
    Warning (13045): Converted the fanout from the always-enabled tri-state buffer "data_path:inst2|BANK_REG:inst1|MAR:inst|REGISTER32bit:inst|inst10[28]" to the node "DATA_MEN_ADDR[28]" into a wire
    Warning (13045): Converted the fanout from the always-enabled tri-state buffer "data_path:inst2|BANK_REG:inst1|MAR:inst|REGISTER32bit:inst|inst10[27]" to the node "DATA_MEN_ADDR[27]" into a wire
    Warning (13045): Converted the fanout from the always-enabled tri-state buffer "data_path:inst2|BANK_REG:inst1|MAR:inst|REGISTER32bit:inst|inst10[26]" to the node "DATA_MEN_ADDR[26]" into a wire
    Warning (13045): Converted the fanout from the always-enabled tri-state buffer "data_path:inst2|BANK_REG:inst1|MAR:inst|REGISTER32bit:inst|inst10[25]" to the node "DATA_MEN_ADDR[25]" into a wire
    Warning (13045): Converted the fanout from the always-enabled tri-state buffer "data_path:inst2|BANK_REG:inst1|MAR:inst|REGISTER32bit:inst|inst10[24]" to the node "DATA_MEN_ADDR[24]" into a wire
    Warning (13045): Converted the fanout from the always-enabled tri-state buffer "data_path:inst2|BANK_REG:inst1|MAR:inst|REGISTER32bit:inst|inst10[23]" to the node "DATA_MEN_ADDR[23]" into a wire
    Warning (13045): Converted the fanout from the always-enabled tri-state buffer "data_path:inst2|BANK_REG:inst1|MAR:inst|REGISTER32bit:inst|inst10[22]" to the node "DATA_MEN_ADDR[22]" into a wire
    Warning (13045): Converted the fanout from the always-enabled tri-state buffer "data_path:inst2|BANK_REG:inst1|MAR:inst|REGISTER32bit:inst|inst10[21]" to the node "DATA_MEN_ADDR[21]" into a wire
    Warning (13045): Converted the fanout from the always-enabled tri-state buffer "data_path:inst2|BANK_REG:inst1|MAR:inst|REGISTER32bit:inst|inst10[20]" to the node "DATA_MEN_ADDR[20]" into a wire
    Warning (13045): Converted the fanout from the always-enabled tri-state buffer "data_path:inst2|BANK_REG:inst1|MAR:inst|REGISTER32bit:inst|inst10[19]" to the node "DATA_MEN_ADDR[19]" into a wire
    Warning (13045): Converted the fanout from the always-enabled tri-state buffer "data_path:inst2|BANK_REG:inst1|MAR:inst|REGISTER32bit:inst|inst10[18]" to the node "DATA_MEN_ADDR[18]" into a wire
    Warning (13045): Converted the fanout from the always-enabled tri-state buffer "data_path:inst2|BANK_REG:inst1|MAR:inst|REGISTER32bit:inst|inst10[17]" to the node "DATA_MEN_ADDR[17]" into a wire
    Warning (13045): Converted the fanout from the always-enabled tri-state buffer "data_path:inst2|BANK_REG:inst1|MAR:inst|REGISTER32bit:inst|inst10[16]" to the node "DATA_MEN_ADDR[16]" into a wire
    Warning (13045): Converted the fanout from the always-enabled tri-state buffer "data_path:inst2|BANK_REG:inst1|MAR:inst|REGISTER32bit:inst|inst10[15]" to the node "DATA_MEN_ADDR[15]" into a wire
    Warning (13045): Converted the fanout from the always-enabled tri-state buffer "data_path:inst2|BANK_REG:inst1|MAR:inst|REGISTER32bit:inst|inst10[14]" to the node "DATA_MEN_ADDR[14]" into a wire
    Warning (13045): Converted the fanout from the always-enabled tri-state buffer "data_path:inst2|BANK_REG:inst1|MAR:inst|REGISTER32bit:inst|inst10[13]" to the node "DATA_MEN_ADDR[13]" into a wire
    Warning (13045): Converted the fanout from the always-enabled tri-state buffer "data_path:inst2|BANK_REG:inst1|MAR:inst|REGISTER32bit:inst|inst10[12]" to the node "DATA_MEN_ADDR[12]" into a wire
    Warning (13045): Converted the fanout from the always-enabled tri-state buffer "data_path:inst2|BANK_REG:inst1|MAR:inst|REGISTER32bit:inst|inst10[11]" to the node "DATA_MEN_ADDR[11]" into a wire
    Warning (13045): Converted the fanout from the always-enabled tri-state buffer "data_path:inst2|BANK_REG:inst1|MAR:inst|REGISTER32bit:inst|inst10[10]" to the node "DATA_MEN_ADDR[10]" into a wire
    Warning (13045): Converted the fanout from the always-enabled tri-state buffer "data_path:inst2|BANK_REG:inst1|MAR:inst|REGISTER32bit:inst|inst10[9]" to the node "DATA_MEN_ADDR[9]" into a wire
    Warning (13045): Converted the fanout from the always-enabled tri-state buffer "data_path:inst2|BANK_REG:inst1|MAR:inst|REGISTER32bit:inst|inst10[8]" to the node "DATA_MEN_ADDR[8]" into a wire
    Warning (13045): Converted the fanout from the always-enabled tri-state buffer "data_path:inst2|BANK_REG:inst1|MAR:inst|REGISTER32bit:inst|inst10[7]" to the node "DATA_MEN_ADDR[7]" into a wire
    Warning (13045): Converted the fanout from the always-enabled tri-state buffer "data_path:inst2|BANK_REG:inst1|MAR:inst|REGISTER32bit:inst|inst10[6]" to the node "DATA_MEN_ADDR[6]" into a wire
    Warning (13045): Converted the fanout from the always-enabled tri-state buffer "data_path:inst2|BANK_REG:inst1|MAR:inst|REGISTER32bit:inst|inst10[5]" to the node "DATA_MEN_ADDR[5]" into a wire
    Warning (13045): Converted the fanout from the always-enabled tri-state buffer "data_path:inst2|BANK_REG:inst1|MAR:inst|REGISTER32bit:inst|inst10[4]" to the node "DATA_MEN_ADDR[4]" into a wire
    Warning (13045): Converted the fanout from the always-enabled tri-state buffer "data_path:inst2|BANK_REG:inst1|MAR:inst|REGISTER32bit:inst|inst10[3]" to the node "DATA_MEN_ADDR[3]" into a wire
    Warning (13045): Converted the fanout from the always-enabled tri-state buffer "data_path:inst2|BANK_REG:inst1|MAR:inst|REGISTER32bit:inst|inst10[2]" to the node "DATA_MEN_ADDR[2]" into a wire
    Warning (13045): Converted the fanout from the always-enabled tri-state buffer "data_path:inst2|BANK_REG:inst1|MAR:inst|REGISTER32bit:inst|inst10[1]" to the node "DATA_MEN_ADDR[1]" into a wire
    Warning (13045): Converted the fanout from the always-enabled tri-state buffer "data_path:inst2|BANK_REG:inst1|MAR:inst|REGISTER32bit:inst|inst10[0]" to the node "DATA_MEN_ADDR[0]" into a wire
    Warning (13045): Converted the fanout from the always-enabled tri-state buffer "data_path:inst2|BANK_REG:inst1|MDR:inst3|REGISTER32bit:inst1|inst10[31]" to the node "DATA_MEN_OUT[31]" into a wire
    Warning (13045): Converted the fanout from the always-enabled tri-state buffer "data_path:inst2|BANK_REG:inst1|MDR:inst3|REGISTER32bit:inst1|inst10[30]" to the node "DATA_MEN_OUT[30]" into a wire
    Warning (13045): Converted the fanout from the always-enabled tri-state buffer "data_path:inst2|BANK_REG:inst1|MDR:inst3|REGISTER32bit:inst1|inst10[29]" to the node "DATA_MEN_OUT[29]" into a wire
    Warning (13045): Converted the fanout from the always-enabled tri-state buffer "data_path:inst2|BANK_REG:inst1|MDR:inst3|REGISTER32bit:inst1|inst10[28]" to the node "DATA_MEN_OUT[28]" into a wire
    Warning (13045): Converted the fanout from the always-enabled tri-state buffer "data_path:inst2|BANK_REG:inst1|MDR:inst3|REGISTER32bit:inst1|inst10[27]" to the node "DATA_MEN_OUT[27]" into a wire
    Warning (13045): Converted the fanout from the always-enabled tri-state buffer "data_path:inst2|BANK_REG:inst1|MDR:inst3|REGISTER32bit:inst1|inst10[26]" to the node "DATA_MEN_OUT[26]" into a wire
    Warning (13045): Converted the fanout from the always-enabled tri-state buffer "data_path:inst2|BANK_REG:inst1|MDR:inst3|REGISTER32bit:inst1|inst10[25]" to the node "DATA_MEN_OUT[25]" into a wire
    Warning (13045): Converted the fanout from the always-enabled tri-state buffer "data_path:inst2|BANK_REG:inst1|MDR:inst3|REGISTER32bit:inst1|inst10[24]" to the node "DATA_MEN_OUT[24]" into a wire
    Warning (13045): Converted the fanout from the always-enabled tri-state buffer "data_path:inst2|BANK_REG:inst1|MDR:inst3|REGISTER32bit:inst1|inst10[23]" to the node "DATA_MEN_OUT[23]" into a wire
    Warning (13045): Converted the fanout from the always-enabled tri-state buffer "data_path:inst2|BANK_REG:inst1|MDR:inst3|REGISTER32bit:inst1|inst10[22]" to the node "DATA_MEN_OUT[22]" into a wire
    Warning (13045): Converted the fanout from the always-enabled tri-state buffer "data_path:inst2|BANK_REG:inst1|MDR:inst3|REGISTER32bit:inst1|inst10[21]" to the node "DATA_MEN_OUT[21]" into a wire
    Warning (13045): Converted the fanout from the always-enabled tri-state buffer "data_path:inst2|BANK_REG:inst1|MDR:inst3|REGISTER32bit:inst1|inst10[20]" to the node "DATA_MEN_OUT[20]" into a wire
    Warning (13045): Converted the fanout from the always-enabled tri-state buffer "data_path:inst2|BANK_REG:inst1|MDR:inst3|REGISTER32bit:inst1|inst10[19]" to the node "DATA_MEN_OUT[19]" into a wire
    Warning (13045): Converted the fanout from the always-enabled tri-state buffer "data_path:inst2|BANK_REG:inst1|MDR:inst3|REGISTER32bit:inst1|inst10[18]" to the node "DATA_MEN_OUT[18]" into a wire
    Warning (13045): Converted the fanout from the always-enabled tri-state buffer "data_path:inst2|BANK_REG:inst1|MDR:inst3|REGISTER32bit:inst1|inst10[17]" to the node "DATA_MEN_OUT[17]" into a wire
    Warning (13045): Converted the fanout from the always-enabled tri-state buffer "data_path:inst2|BANK_REG:inst1|MDR:inst3|REGISTER32bit:inst1|inst10[16]" to the node "DATA_MEN_OUT[16]" into a wire
    Warning (13045): Converted the fanout from the always-enabled tri-state buffer "data_path:inst2|BANK_REG:inst1|MDR:inst3|REGISTER32bit:inst1|inst10[15]" to the node "DATA_MEN_OUT[15]" into a wire
    Warning (13045): Converted the fanout from the always-enabled tri-state buffer "data_path:inst2|BANK_REG:inst1|MDR:inst3|REGISTER32bit:inst1|inst10[14]" to the node "DATA_MEN_OUT[14]" into a wire
    Warning (13045): Converted the fanout from the always-enabled tri-state buffer "data_path:inst2|BANK_REG:inst1|MDR:inst3|REGISTER32bit:inst1|inst10[13]" to the node "DATA_MEN_OUT[13]" into a wire
    Warning (13045): Converted the fanout from the always-enabled tri-state buffer "data_path:inst2|BANK_REG:inst1|MDR:inst3|REGISTER32bit:inst1|inst10[12]" to the node "DATA_MEN_OUT[12]" into a wire
    Warning (13045): Converted the fanout from the always-enabled tri-state buffer "data_path:inst2|BANK_REG:inst1|MDR:inst3|REGISTER32bit:inst1|inst10[11]" to the node "DATA_MEN_OUT[11]" into a wire
    Warning (13045): Converted the fanout from the always-enabled tri-state buffer "data_path:inst2|BANK_REG:inst1|MDR:inst3|REGISTER32bit:inst1|inst10[10]" to the node "DATA_MEN_OUT[10]" into a wire
    Warning (13045): Converted the fanout from the always-enabled tri-state buffer "data_path:inst2|BANK_REG:inst1|MDR:inst3|REGISTER32bit:inst1|inst10[9]" to the node "DATA_MEN_OUT[9]" into a wire
    Warning (13045): Converted the fanout from the always-enabled tri-state buffer "data_path:inst2|BANK_REG:inst1|MDR:inst3|REGISTER32bit:inst1|inst10[8]" to the node "DATA_MEN_OUT[8]" into a wire
    Warning (13045): Converted the fanout from the always-enabled tri-state buffer "data_path:inst2|BANK_REG:inst1|MDR:inst3|REGISTER32bit:inst1|inst10[7]" to the node "DATA_MEN_OUT[7]" into a wire
    Warning (13045): Converted the fanout from the always-enabled tri-state buffer "data_path:inst2|BANK_REG:inst1|MDR:inst3|REGISTER32bit:inst1|inst10[6]" to the node "DATA_MEN_OUT[6]" into a wire
    Warning (13045): Converted the fanout from the always-enabled tri-state buffer "data_path:inst2|BANK_REG:inst1|MDR:inst3|REGISTER32bit:inst1|inst10[5]" to the node "DATA_MEN_OUT[5]" into a wire
    Warning (13045): Converted the fanout from the always-enabled tri-state buffer "data_path:inst2|BANK_REG:inst1|MDR:inst3|REGISTER32bit:inst1|inst10[4]" to the node "DATA_MEN_OUT[4]" into a wire
    Warning (13045): Converted the fanout from the always-enabled tri-state buffer "data_path:inst2|BANK_REG:inst1|MDR:inst3|REGISTER32bit:inst1|inst10[3]" to the node "DATA_MEN_OUT[3]" into a wire
    Warning (13045): Converted the fanout from the always-enabled tri-state buffer "data_path:inst2|BANK_REG:inst1|MDR:inst3|REGISTER32bit:inst1|inst10[2]" to the node "DATA_MEN_OUT[2]" into a wire
    Warning (13045): Converted the fanout from the always-enabled tri-state buffer "data_path:inst2|BANK_REG:inst1|MDR:inst3|REGISTER32bit:inst1|inst10[1]" to the node "DATA_MEN_OUT[1]" into a wire
    Warning (13045): Converted the fanout from the always-enabled tri-state buffer "data_path:inst2|BANK_REG:inst1|MDR:inst3|REGISTER32bit:inst1|inst10[0]" to the node "DATA_MEN_OUT[0]" into a wire
    Warning (13045): Converted the fanout from the always-enabled tri-state buffer "data_path:inst2|BANK_REG:inst1|PC:inst4|REGISTER32bit:inst|inst10[31]" to the node "PC[31]" into a wire
    Warning (13045): Converted the fanout from the always-enabled tri-state buffer "data_path:inst2|BANK_REG:inst1|PC:inst4|REGISTER32bit:inst|inst10[30]" to the node "PC[30]" into a wire
    Warning (13045): Converted the fanout from the always-enabled tri-state buffer "data_path:inst2|BANK_REG:inst1|PC:inst4|REGISTER32bit:inst|inst10[29]" to the node "PC[29]" into a wire
    Warning (13045): Converted the fanout from the always-enabled tri-state buffer "data_path:inst2|BANK_REG:inst1|PC:inst4|REGISTER32bit:inst|inst10[28]" to the node "PC[28]" into a wire
    Warning (13045): Converted the fanout from the always-enabled tri-state buffer "data_path:inst2|BANK_REG:inst1|PC:inst4|REGISTER32bit:inst|inst10[27]" to the node "PC[27]" into a wire
    Warning (13045): Converted the fanout from the always-enabled tri-state buffer "data_path:inst2|BANK_REG:inst1|PC:inst4|REGISTER32bit:inst|inst10[26]" to the node "PC[26]" into a wire
    Warning (13045): Converted the fanout from the always-enabled tri-state buffer "data_path:inst2|BANK_REG:inst1|PC:inst4|REGISTER32bit:inst|inst10[25]" to the node "PC[25]" into a wire
    Warning (13045): Converted the fanout from the always-enabled tri-state buffer "data_path:inst2|BANK_REG:inst1|PC:inst4|REGISTER32bit:inst|inst10[24]" to the node "PC[24]" into a wire
    Warning (13045): Converted the fanout from the always-enabled tri-state buffer "data_path:inst2|BANK_REG:inst1|PC:inst4|REGISTER32bit:inst|inst10[23]" to the node "PC[23]" into a wire
    Warning (13045): Converted the fanout from the always-enabled tri-state buffer "data_path:inst2|BANK_REG:inst1|PC:inst4|REGISTER32bit:inst|inst10[22]" to the node "PC[22]" into a wire
    Warning (13045): Converted the fanout from the always-enabled tri-state buffer "data_path:inst2|BANK_REG:inst1|PC:inst4|REGISTER32bit:inst|inst10[21]" to the node "PC[21]" into a wire
    Warning (13045): Converted the fanout from the always-enabled tri-state buffer "data_path:inst2|BANK_REG:inst1|PC:inst4|REGISTER32bit:inst|inst10[20]" to the node "PC[20]" into a wire
    Warning (13045): Converted the fanout from the always-enabled tri-state buffer "data_path:inst2|BANK_REG:inst1|PC:inst4|REGISTER32bit:inst|inst10[19]" to the node "PC[19]" into a wire
    Warning (13045): Converted the fanout from the always-enabled tri-state buffer "data_path:inst2|BANK_REG:inst1|PC:inst4|REGISTER32bit:inst|inst10[18]" to the node "PC[18]" into a wire
    Warning (13045): Converted the fanout from the always-enabled tri-state buffer "data_path:inst2|BANK_REG:inst1|PC:inst4|REGISTER32bit:inst|inst10[17]" to the node "PC[17]" into a wire
    Warning (13045): Converted the fanout from the always-enabled tri-state buffer "data_path:inst2|BANK_REG:inst1|PC:inst4|REGISTER32bit:inst|inst10[16]" to the node "PC[16]" into a wire
    Warning (13045): Converted the fanout from the always-enabled tri-state buffer "data_path:inst2|BANK_REG:inst1|PC:inst4|REGISTER32bit:inst|inst10[15]" to the node "PC[15]" into a wire
    Warning (13045): Converted the fanout from the always-enabled tri-state buffer "data_path:inst2|BANK_REG:inst1|PC:inst4|REGISTER32bit:inst|inst10[14]" to the node "PC[14]" into a wire
    Warning (13045): Converted the fanout from the always-enabled tri-state buffer "data_path:inst2|BANK_REG:inst1|PC:inst4|REGISTER32bit:inst|inst10[13]" to the node "PC[13]" into a wire
    Warning (13045): Converted the fanout from the always-enabled tri-state buffer "data_path:inst2|BANK_REG:inst1|PC:inst4|REGISTER32bit:inst|inst10[12]" to the node "PC[12]" into a wire
    Warning (13045): Converted the fanout from the always-enabled tri-state buffer "data_path:inst2|BANK_REG:inst1|PC:inst4|REGISTER32bit:inst|inst10[11]" to the node "PC[11]" into a wire
    Warning (13045): Converted the fanout from the always-enabled tri-state buffer "data_path:inst2|BANK_REG:inst1|PC:inst4|REGISTER32bit:inst|inst10[10]" to the node "PC[10]" into a wire
    Warning (13045): Converted the fanout from the always-enabled tri-state buffer "data_path:inst2|BANK_REG:inst1|PC:inst4|REGISTER32bit:inst|inst10[9]" to the node "PC[9]" into a wire
    Warning (13045): Converted the fanout from the always-enabled tri-state buffer "data_path:inst2|BANK_REG:inst1|PC:inst4|REGISTER32bit:inst|inst10[8]" to the node "PC[8]" into a wire
    Warning (13045): Converted the fanout from the always-enabled tri-state buffer "data_path:inst2|BANK_REG:inst1|PC:inst4|REGISTER32bit:inst|inst10[7]" to the node "PC[7]" into a wire
    Warning (13045): Converted the fanout from the always-enabled tri-state buffer "data_path:inst2|BANK_REG:inst1|PC:inst4|REGISTER32bit:inst|inst10[6]" to the node "PC[6]" into a wire
    Warning (13045): Converted the fanout from the always-enabled tri-state buffer "data_path:inst2|BANK_REG:inst1|PC:inst4|REGISTER32bit:inst|inst10[5]" to the node "PC[5]" into a wire
    Warning (13045): Converted the fanout from the always-enabled tri-state buffer "data_path:inst2|BANK_REG:inst1|PC:inst4|REGISTER32bit:inst|inst10[4]" to the node "PC[4]" into a wire
    Warning (13045): Converted the fanout from the always-enabled tri-state buffer "data_path:inst2|BANK_REG:inst1|PC:inst4|REGISTER32bit:inst|inst10[3]" to the node "PC[3]" into a wire
    Warning (13045): Converted the fanout from the always-enabled tri-state buffer "data_path:inst2|BANK_REG:inst1|PC:inst4|REGISTER32bit:inst|inst10[2]" to the node "PC[2]" into a wire
    Warning (13045): Converted the fanout from the always-enabled tri-state buffer "data_path:inst2|BANK_REG:inst1|PC:inst4|REGISTER32bit:inst|inst10[1]" to the node "PC[1]" into a wire
    Warning (13045): Converted the fanout from the always-enabled tri-state buffer "data_path:inst2|BANK_REG:inst1|PC:inst4|REGISTER32bit:inst|inst10[0]" to the node "PC[0]" into a wire
    Warning (13045): Converted the fanout from the always-enabled tri-state buffer "data_path:inst2|BANK_REG:inst1|H:inst10|REGISTER32bit:inst|inst4[24]" to the node "C_BUS[24]" into a wire
    Warning (13045): Converted the fanout from the always-enabled tri-state buffer "data_path:inst2|BANK_REG:inst1|H:inst10|REGISTER32bit:inst|inst4[25]" to the node "C_BUS[25]" into a wire
    Warning (13045): Converted the fanout from the always-enabled tri-state buffer "data_path:inst2|BANK_REG:inst1|H:inst10|REGISTER32bit:inst|inst4[26]" to the node "C_BUS[26]" into a wire
    Warning (13045): Converted the fanout from the always-enabled tri-state buffer "data_path:inst2|BANK_REG:inst1|H:inst10|REGISTER32bit:inst|inst4[27]" to the node "C_BUS[27]" into a wire
    Warning (13045): Converted the fanout from the always-enabled tri-state buffer "data_path:inst2|BANK_REG:inst1|H:inst10|REGISTER32bit:inst|inst4[28]" to the node "C_BUS[28]" into a wire
    Warning (13045): Converted the fanout from the always-enabled tri-state buffer "data_path:inst2|BANK_REG:inst1|H:inst10|REGISTER32bit:inst|inst4[29]" to the node "C_BUS[29]" into a wire
    Warning (13045): Converted the fanout from the always-enabled tri-state buffer "data_path:inst2|BANK_REG:inst1|H:inst10|REGISTER32bit:inst|inst4[30]" to the node "C_BUS[30]" into a wire
    Warning (13045): Converted the fanout from the always-enabled tri-state buffer "data_path:inst2|BANK_REG:inst1|H:inst10|REGISTER32bit:inst|inst4[31]" to the node "C_BUS[31]" into a wire
    Warning (13045): Converted the fanout from the always-enabled tri-state buffer "data_path:inst2|BANK_REG:inst1|H:inst10|REGISTER32bit:inst|inst4[16]" to the node "C_BUS[16]" into a wire
    Warning (13045): Converted the fanout from the always-enabled tri-state buffer "data_path:inst2|BANK_REG:inst1|H:inst10|REGISTER32bit:inst|inst4[17]" to the node "C_BUS[17]" into a wire
    Warning (13045): Converted the fanout from the always-enabled tri-state buffer "data_path:inst2|BANK_REG:inst1|H:inst10|REGISTER32bit:inst|inst4[18]" to the node "C_BUS[18]" into a wire
    Warning (13045): Converted the fanout from the always-enabled tri-state buffer "data_path:inst2|BANK_REG:inst1|H:inst10|REGISTER32bit:inst|inst4[19]" to the node "C_BUS[19]" into a wire
    Warning (13045): Converted the fanout from the always-enabled tri-state buffer "data_path:inst2|BANK_REG:inst1|H:inst10|REGISTER32bit:inst|inst4[20]" to the node "C_BUS[20]" into a wire
    Warning (13045): Converted the fanout from the always-enabled tri-state buffer "data_path:inst2|BANK_REG:inst1|H:inst10|REGISTER32bit:inst|inst4[21]" to the node "C_BUS[21]" into a wire
    Warning (13045): Converted the fanout from the always-enabled tri-state buffer "data_path:inst2|BANK_REG:inst1|H:inst10|REGISTER32bit:inst|inst4[22]" to the node "C_BUS[22]" into a wire
    Warning (13045): Converted the fanout from the always-enabled tri-state buffer "data_path:inst2|BANK_REG:inst1|H:inst10|REGISTER32bit:inst|inst4[23]" to the node "C_BUS[23]" into a wire
    Warning (13045): Converted the fanout from the always-enabled tri-state buffer "data_path:inst2|BANK_REG:inst1|H:inst10|REGISTER32bit:inst|inst4[8]" to the node "C_BUS[8]" into a wire
    Warning (13045): Converted the fanout from the always-enabled tri-state buffer "data_path:inst2|BANK_REG:inst1|H:inst10|REGISTER32bit:inst|inst4[9]" to the node "C_BUS[9]" into a wire
    Warning (13045): Converted the fanout from the always-enabled tri-state buffer "data_path:inst2|BANK_REG:inst1|H:inst10|REGISTER32bit:inst|inst4[10]" to the node "C_BUS[10]" into a wire
    Warning (13045): Converted the fanout from the always-enabled tri-state buffer "data_path:inst2|BANK_REG:inst1|H:inst10|REGISTER32bit:inst|inst4[11]" to the node "C_BUS[11]" into a wire
    Warning (13045): Converted the fanout from the always-enabled tri-state buffer "data_path:inst2|BANK_REG:inst1|H:inst10|REGISTER32bit:inst|inst4[12]" to the node "C_BUS[12]" into a wire
    Warning (13045): Converted the fanout from the always-enabled tri-state buffer "data_path:inst2|BANK_REG:inst1|H:inst10|REGISTER32bit:inst|inst4[13]" to the node "C_BUS[13]" into a wire
    Warning (13045): Converted the fanout from the always-enabled tri-state buffer "data_path:inst2|BANK_REG:inst1|H:inst10|REGISTER32bit:inst|inst4[14]" to the node "C_BUS[14]" into a wire
    Warning (13045): Converted the fanout from the always-enabled tri-state buffer "data_path:inst2|BANK_REG:inst1|H:inst10|REGISTER32bit:inst|inst4[15]" to the node "C_BUS[15]" into a wire
    Warning (13045): Converted the fanout from the always-enabled tri-state buffer "data_path:inst2|BANK_REG:inst1|H:inst10|REGISTER32bit:inst|inst4[7]" to the node "C_BUS[7]" into a wire
    Warning (13045): Converted the fanout from the always-enabled tri-state buffer "data_path:inst2|BANK_REG:inst1|H:inst10|REGISTER32bit:inst|inst4[6]" to the node "C_BUS[6]" into a wire
    Warning (13045): Converted the fanout from the always-enabled tri-state buffer "data_path:inst2|BANK_REG:inst1|H:inst10|REGISTER32bit:inst|inst4[5]" to the node "C_BUS[5]" into a wire
    Warning (13045): Converted the fanout from the always-enabled tri-state buffer "data_path:inst2|BANK_REG:inst1|H:inst10|REGISTER32bit:inst|inst4[4]" to the node "C_BUS[4]" into a wire
    Warning (13045): Converted the fanout from the always-enabled tri-state buffer "data_path:inst2|BANK_REG:inst1|H:inst10|REGISTER32bit:inst|inst4[3]" to the node "C_BUS[3]" into a wire
    Warning (13045): Converted the fanout from the always-enabled tri-state buffer "data_path:inst2|BANK_REG:inst1|H:inst10|REGISTER32bit:inst|inst4[2]" to the node "C_BUS[2]" into a wire
    Warning (13045): Converted the fanout from the always-enabled tri-state buffer "data_path:inst2|BANK_REG:inst1|H:inst10|REGISTER32bit:inst|inst4[1]" to the node "C_BUS[1]" into a wire
    Warning (13045): Converted the fanout from the always-enabled tri-state buffer "data_path:inst2|BANK_REG:inst1|H:inst10|REGISTER32bit:inst|inst4[0]" to the node "C_BUS[0]" into a wire
    Warning (13045): Converted the fanout from the always-enabled tri-state buffer "data_path:inst2|BANK_REG:inst1|MBR:inst5|REGISTER32bit:inst3|inst10[7]" to the node "MBR_OUT[7]" into a wire
    Warning (13045): Converted the fanout from the always-enabled tri-state buffer "data_path:inst2|BANK_REG:inst1|MBR:inst5|REGISTER32bit:inst3|inst10[6]" to the node "MBR_OUT[6]" into a wire
    Warning (13045): Converted the fanout from the always-enabled tri-state buffer "data_path:inst2|BANK_REG:inst1|MBR:inst5|REGISTER32bit:inst3|inst10[5]" to the node "MBR_OUT[5]" into a wire
    Warning (13045): Converted the fanout from the always-enabled tri-state buffer "data_path:inst2|BANK_REG:inst1|MBR:inst5|REGISTER32bit:inst3|inst10[4]" to the node "MBR_OUT[4]" into a wire
    Warning (13045): Converted the fanout from the always-enabled tri-state buffer "data_path:inst2|BANK_REG:inst1|MBR:inst5|REGISTER32bit:inst3|inst10[3]" to the node "MBR_OUT[3]" into a wire
    Warning (13045): Converted the fanout from the always-enabled tri-state buffer "data_path:inst2|BANK_REG:inst1|MBR:inst5|REGISTER32bit:inst3|inst10[2]" to the node "MBR_OUT[2]" into a wire
    Warning (13045): Converted the fanout from the always-enabled tri-state buffer "data_path:inst2|BANK_REG:inst1|MBR:inst5|REGISTER32bit:inst3|inst10[1]" to the node "MBR_OUT[1]" into a wire
    Warning (13045): Converted the fanout from the always-enabled tri-state buffer "data_path:inst2|BANK_REG:inst1|MBR:inst5|REGISTER32bit:inst3|inst10[0]" to the node "MBR_OUT[0]" into a wire
    Warning (13045): Converted the fanout from the always-enabled tri-state buffer "data_path:inst2|BANK_REG:inst1|H:inst10|REGISTER32bit:inst|inst4[24]" to the node "data_path:inst2|ULA_32bit:inst|ULA_8bit:inst4|ULA_1bit:inst8|inst32" into a wire
    Warning (13045): Converted the fanout from the always-enabled tri-state buffer "data_path:inst2|BANK_REG:inst1|H:inst10|REGISTER32bit:inst|inst4[25]" to the node "data_path:inst2|ULA_32bit:inst|ULA_8bit:inst4|ULA_1bit:inst7|inst32" into a wire
    Warning (13045): Converted the fanout from the always-enabled tri-state buffer "data_path:inst2|BANK_REG:inst1|H:inst10|REGISTER32bit:inst|inst4[26]" to the node "data_path:inst2|ULA_32bit:inst|ULA_8bit:inst4|ULA_1bit:inst6|inst32" into a wire
    Warning (13045): Converted the fanout from the always-enabled tri-state buffer "data_path:inst2|BANK_REG:inst1|H:inst10|REGISTER32bit:inst|inst4[27]" to the node "data_path:inst2|ULA_32bit:inst|ULA_8bit:inst4|ULA_1bit:inst5|inst32" into a wire
    Warning (13045): Converted the fanout from the always-enabled tri-state buffer "data_path:inst2|BANK_REG:inst1|H:inst10|REGISTER32bit:inst|inst4[28]" to the node "data_path:inst2|ULA_32bit:inst|ULA_8bit:inst4|ULA_1bit:inst4|inst32" into a wire
    Warning (13045): Converted the fanout from the always-enabled tri-state buffer "data_path:inst2|BANK_REG:inst1|H:inst10|REGISTER32bit:inst|inst4[29]" to the node "data_path:inst2|ULA_32bit:inst|ULA_8bit:inst4|ULA_1bit:inst3|inst32" into a wire
    Warning (13045): Converted the fanout from the always-enabled tri-state buffer "data_path:inst2|BANK_REG:inst1|H:inst10|REGISTER32bit:inst|inst4[30]" to the node "data_path:inst2|ULA_32bit:inst|ULA_8bit:inst4|ULA_1bit:inst2|inst32" into a wire
    Warning (13045): Converted the fanout from the always-enabled tri-state buffer "data_path:inst2|BANK_REG:inst1|H:inst10|REGISTER32bit:inst|inst4[31]" to the node "data_path:inst2|ULA_32bit:inst|ULA_8bit:inst4|ULA_1bit:inst|inst32" into a wire
    Warning (13045): Converted the fanout from the always-enabled tri-state buffer "data_path:inst2|BANK_REG:inst1|H:inst10|REGISTER32bit:inst|inst4[16]" to the node "data_path:inst2|ULA_32bit:inst|ULA_8bit:inst3|ULA_1bit:inst8|inst32" into a wire
    Warning (13045): Converted the fanout from the always-enabled tri-state buffer "data_path:inst2|BANK_REG:inst1|H:inst10|REGISTER32bit:inst|inst4[17]" to the node "data_path:inst2|ULA_32bit:inst|ULA_8bit:inst3|ULA_1bit:inst7|inst32" into a wire
    Warning (13045): Converted the fanout from the always-enabled tri-state buffer "data_path:inst2|BANK_REG:inst1|H:inst10|REGISTER32bit:inst|inst4[18]" to the node "data_path:inst2|ULA_32bit:inst|ULA_8bit:inst3|ULA_1bit:inst6|inst32" into a wire
    Warning (13045): Converted the fanout from the always-enabled tri-state buffer "data_path:inst2|BANK_REG:inst1|H:inst10|REGISTER32bit:inst|inst4[19]" to the node "data_path:inst2|ULA_32bit:inst|ULA_8bit:inst3|ULA_1bit:inst5|inst32" into a wire
    Warning (13045): Converted the fanout from the always-enabled tri-state buffer "data_path:inst2|BANK_REG:inst1|H:inst10|REGISTER32bit:inst|inst4[20]" to the node "data_path:inst2|ULA_32bit:inst|ULA_8bit:inst3|ULA_1bit:inst4|inst32" into a wire
    Warning (13045): Converted the fanout from the always-enabled tri-state buffer "data_path:inst2|BANK_REG:inst1|H:inst10|REGISTER32bit:inst|inst4[21]" to the node "data_path:inst2|ULA_32bit:inst|ULA_8bit:inst3|ULA_1bit:inst3|inst32" into a wire
    Warning (13045): Converted the fanout from the always-enabled tri-state buffer "data_path:inst2|BANK_REG:inst1|H:inst10|REGISTER32bit:inst|inst4[22]" to the node "data_path:inst2|ULA_32bit:inst|ULA_8bit:inst3|ULA_1bit:inst2|inst32" into a wire
    Warning (13045): Converted the fanout from the always-enabled tri-state buffer "data_path:inst2|BANK_REG:inst1|H:inst10|REGISTER32bit:inst|inst4[23]" to the node "data_path:inst2|ULA_32bit:inst|ULA_8bit:inst3|ULA_1bit:inst|inst32" into a wire
    Warning (13045): Converted the fanout from the always-enabled tri-state buffer "data_path:inst2|BANK_REG:inst1|H:inst10|REGISTER32bit:inst|inst4[8]" to the node "data_path:inst2|ULA_32bit:inst|ULA_8bit:inst|ULA_1bit:inst8|inst32" into a wire
    Warning (13045): Converted the fanout from the always-enabled tri-state buffer "data_path:inst2|BANK_REG:inst1|H:inst10|REGISTER32bit:inst|inst4[9]" to the node "data_path:inst2|ULA_32bit:inst|ULA_8bit:inst|ULA_1bit:inst7|inst32" into a wire
    Warning (13045): Converted the fanout from the always-enabled tri-state buffer "data_path:inst2|BANK_REG:inst1|H:inst10|REGISTER32bit:inst|inst4[10]" to the node "data_path:inst2|ULA_32bit:inst|ULA_8bit:inst|ULA_1bit:inst6|inst32" into a wire
    Warning (13045): Converted the fanout from the always-enabled tri-state buffer "data_path:inst2|BANK_REG:inst1|H:inst10|REGISTER32bit:inst|inst4[11]" to the node "data_path:inst2|ULA_32bit:inst|ULA_8bit:inst|ULA_1bit:inst5|inst32" into a wire
    Warning (13045): Converted the fanout from the always-enabled tri-state buffer "data_path:inst2|BANK_REG:inst1|H:inst10|REGISTER32bit:inst|inst4[12]" to the node "data_path:inst2|ULA_32bit:inst|ULA_8bit:inst|ULA_1bit:inst4|inst32" into a wire
    Warning (13045): Converted the fanout from the always-enabled tri-state buffer "data_path:inst2|BANK_REG:inst1|H:inst10|REGISTER32bit:inst|inst4[13]" to the node "data_path:inst2|ULA_32bit:inst|ULA_8bit:inst|ULA_1bit:inst3|inst32" into a wire
    Warning (13045): Converted the fanout from the always-enabled tri-state buffer "data_path:inst2|BANK_REG:inst1|H:inst10|REGISTER32bit:inst|inst4[14]" to the node "data_path:inst2|ULA_32bit:inst|ULA_8bit:inst|ULA_1bit:inst2|inst32" into a wire
    Warning (13045): Converted the fanout from the always-enabled tri-state buffer "data_path:inst2|BANK_REG:inst1|H:inst10|REGISTER32bit:inst|inst4[15]" to the node "data_path:inst2|ULA_32bit:inst|ULA_8bit:inst|ULA_1bit:inst|inst32" into a wire
    Warning (13045): Converted the fanout from the always-enabled tri-state buffer "data_path:inst2|BANK_REG:inst1|H:inst10|REGISTER32bit:inst|inst4[7]" to the node "data_path:inst2|ULA_32bit:inst|ULA_8bit:inst1|ULA_1bit:inst8|inst32" into a wire
    Warning (13045): Converted the fanout from the always-enabled tri-state buffer "data_path:inst2|BANK_REG:inst1|H:inst10|REGISTER32bit:inst|inst4[6]" to the node "data_path:inst2|ULA_32bit:inst|ULA_8bit:inst1|ULA_1bit:inst7|inst32" into a wire
    Warning (13045): Converted the fanout from the always-enabled tri-state buffer "data_path:inst2|BANK_REG:inst1|H:inst10|REGISTER32bit:inst|inst4[5]" to the node "data_path:inst2|ULA_32bit:inst|ULA_8bit:inst1|ULA_1bit:inst6|inst32" into a wire
    Warning (13045): Converted the fanout from the always-enabled tri-state buffer "data_path:inst2|BANK_REG:inst1|H:inst10|REGISTER32bit:inst|inst4[4]" to the node "data_path:inst2|ULA_32bit:inst|ULA_8bit:inst1|ULA_1bit:inst5|inst32" into a wire
    Warning (13045): Converted the fanout from the always-enabled tri-state buffer "data_path:inst2|BANK_REG:inst1|H:inst10|REGISTER32bit:inst|inst4[3]" to the node "data_path:inst2|ULA_32bit:inst|ULA_8bit:inst1|ULA_1bit:inst4|inst32" into a wire
    Warning (13045): Converted the fanout from the always-enabled tri-state buffer "data_path:inst2|BANK_REG:inst1|H:inst10|REGISTER32bit:inst|inst4[2]" to the node "data_path:inst2|ULA_32bit:inst|ULA_8bit:inst1|ULA_1bit:inst3|inst32" into a wire
    Warning (13045): Converted the fanout from the always-enabled tri-state buffer "data_path:inst2|BANK_REG:inst1|H:inst10|REGISTER32bit:inst|inst4[1]" to the node "data_path:inst2|ULA_32bit:inst|ULA_8bit:inst1|ULA_1bit:inst2|inst32" into a wire
    Warning (13045): Converted the fanout from the always-enabled tri-state buffer "data_path:inst2|BANK_REG:inst1|H:inst10|REGISTER32bit:inst|inst4[0]" to the node "data_path:inst2|ULA_32bit:inst|ULA_8bit:inst1|ULA_1bit:inst|inst32" into a wire
    Warning (13045): Converted the fanout from the always-enabled tri-state buffer "data_path:inst2|BANK_REG:inst1|MBR:inst5|REGISTER32bit:inst3|inst10[7]" to the node "UNIDADE_CONTROLE:inst|MPC:inst2|inst6[7]" into a wire
    Warning (13045): Converted the fanout from the always-enabled tri-state buffer "data_path:inst2|BANK_REG:inst1|MBR:inst5|REGISTER32bit:inst3|inst10[6]" to the node "UNIDADE_CONTROLE:inst|MPC:inst2|inst6[6]" into a wire
    Warning (13045): Converted the fanout from the always-enabled tri-state buffer "data_path:inst2|BANK_REG:inst1|MBR:inst5|REGISTER32bit:inst3|inst10[5]" to the node "UNIDADE_CONTROLE:inst|MPC:inst2|inst6[5]" into a wire
    Warning (13045): Converted the fanout from the always-enabled tri-state buffer "data_path:inst2|BANK_REG:inst1|MBR:inst5|REGISTER32bit:inst3|inst10[4]" to the node "UNIDADE_CONTROLE:inst|MPC:inst2|inst6[4]" into a wire
    Warning (13045): Converted the fanout from the always-enabled tri-state buffer "data_path:inst2|BANK_REG:inst1|MBR:inst5|REGISTER32bit:inst3|inst10[3]" to the node "UNIDADE_CONTROLE:inst|MPC:inst2|inst6[3]" into a wire
    Warning (13045): Converted the fanout from the always-enabled tri-state buffer "data_path:inst2|BANK_REG:inst1|MBR:inst5|REGISTER32bit:inst3|inst10[2]" to the node "UNIDADE_CONTROLE:inst|MPC:inst2|inst6[2]" into a wire
    Warning (13045): Converted the fanout from the always-enabled tri-state buffer "data_path:inst2|BANK_REG:inst1|MBR:inst5|REGISTER32bit:inst3|inst10[1]" to the node "UNIDADE_CONTROLE:inst|MPC:inst2|inst6[1]" into a wire
    Warning (13045): Converted the fanout from the always-enabled tri-state buffer "data_path:inst2|BANK_REG:inst1|MBR:inst5|REGISTER32bit:inst3|inst10[0]" to the node "UNIDADE_CONTROLE:inst|MPC:inst2|inst6[0]" into a wire
Warning (13046): Tri-state node(s) do not directly drive top-level pin(s)
    Warning (13047): Converted the fan-out from the tri-state buffer "data_path:inst2|BANK_REG:inst1|MBR:inst5|REGISTER32bit:inst3|inst4[24]" to the node "data_path:inst2|ULA_32bit:inst|ULA_8bit:inst4|ULA_1bit:inst8|inst43" into an OR gate
    Warning (13047): Converted the fan-out from the tri-state buffer "data_path:inst2|BANK_REG:inst1|PC:inst4|REGISTER32bit:inst|inst4[0]" to the node "data_path:inst2|ULA_32bit:inst|ULA_8bit:inst1|ULA_1bit:inst|inst43" into an OR gate
    Warning (13047): Converted the fan-out from the tri-state buffer "data_path:inst2|BANK_REG:inst1|PC:inst4|REGISTER32bit:inst|inst4[1]" to the node "data_path:inst2|ULA_32bit:inst|ULA_8bit:inst1|ULA_1bit:inst2|inst43" into an OR gate
    Warning (13047): Converted the fan-out from the tri-state buffer "data_path:inst2|BANK_REG:inst1|PC:inst4|REGISTER32bit:inst|inst4[2]" to the node "data_path:inst2|ULA_32bit:inst|ULA_8bit:inst1|ULA_1bit:inst3|inst43" into an OR gate
    Warning (13047): Converted the fan-out from the tri-state buffer "data_path:inst2|BANK_REG:inst1|PC:inst4|REGISTER32bit:inst|inst4[3]" to the node "data_path:inst2|ULA_32bit:inst|ULA_8bit:inst1|ULA_1bit:inst4|inst43" into an OR gate
    Warning (13047): Converted the fan-out from the tri-state buffer "data_path:inst2|BANK_REG:inst1|PC:inst4|REGISTER32bit:inst|inst4[4]" to the node "data_path:inst2|ULA_32bit:inst|ULA_8bit:inst1|ULA_1bit:inst5|inst43" into an OR gate
    Warning (13047): Converted the fan-out from the tri-state buffer "data_path:inst2|BANK_REG:inst1|PC:inst4|REGISTER32bit:inst|inst4[5]" to the node "data_path:inst2|ULA_32bit:inst|ULA_8bit:inst1|ULA_1bit:inst6|inst43" into an OR gate
    Warning (13047): Converted the fan-out from the tri-state buffer "data_path:inst2|BANK_REG:inst1|PC:inst4|REGISTER32bit:inst|inst4[6]" to the node "data_path:inst2|ULA_32bit:inst|ULA_8bit:inst1|ULA_1bit:inst7|inst43" into an OR gate
    Warning (13047): Converted the fan-out from the tri-state buffer "data_path:inst2|BANK_REG:inst1|PC:inst4|REGISTER32bit:inst|inst4[7]" to the node "data_path:inst2|ULA_32bit:inst|ULA_8bit:inst1|ULA_1bit:inst8|inst43" into an OR gate
    Warning (13047): Converted the fan-out from the tri-state buffer "data_path:inst2|BANK_REG:inst1|MBR:inst5|REGISTER32bit:inst3|inst4[15]" to the node "data_path:inst2|ULA_32bit:inst|ULA_8bit:inst|ULA_1bit:inst|inst43" into an OR gate
    Warning (13047): Converted the fan-out from the tri-state buffer "data_path:inst2|BANK_REG:inst1|MBR:inst5|REGISTER32bit:inst3|inst4[14]" to the node "data_path:inst2|ULA_32bit:inst|ULA_8bit:inst|ULA_1bit:inst2|inst43" into an OR gate
    Warning (13047): Converted the fan-out from the tri-state buffer "data_path:inst2|BANK_REG:inst1|MBR:inst5|REGISTER32bit:inst3|inst4[13]" to the node "data_path:inst2|ULA_32bit:inst|ULA_8bit:inst|ULA_1bit:inst3|inst43" into an OR gate
    Warning (13047): Converted the fan-out from the tri-state buffer "data_path:inst2|BANK_REG:inst1|MBR:inst5|REGISTER32bit:inst3|inst4[12]" to the node "data_path:inst2|ULA_32bit:inst|ULA_8bit:inst|ULA_1bit:inst4|inst43" into an OR gate
    Warning (13047): Converted the fan-out from the tri-state buffer "data_path:inst2|BANK_REG:inst1|MBR:inst5|REGISTER32bit:inst3|inst4[11]" to the node "data_path:inst2|ULA_32bit:inst|ULA_8bit:inst|ULA_1bit:inst5|inst43" into an OR gate
    Warning (13047): Converted the fan-out from the tri-state buffer "data_path:inst2|BANK_REG:inst1|MBR:inst5|REGISTER32bit:inst3|inst4[10]" to the node "data_path:inst2|ULA_32bit:inst|ULA_8bit:inst|ULA_1bit:inst6|inst43" into an OR gate
    Warning (13047): Converted the fan-out from the tri-state buffer "data_path:inst2|BANK_REG:inst1|MBR:inst5|REGISTER32bit:inst3|inst4[9]" to the node "data_path:inst2|ULA_32bit:inst|ULA_8bit:inst|ULA_1bit:inst7|inst43" into an OR gate
    Warning (13047): Converted the fan-out from the tri-state buffer "data_path:inst2|BANK_REG:inst1|MBR:inst5|REGISTER32bit:inst3|inst4[8]" to the node "data_path:inst2|ULA_32bit:inst|ULA_8bit:inst|ULA_1bit:inst8|inst43" into an OR gate
    Warning (13047): Converted the fan-out from the tri-state buffer "data_path:inst2|BANK_REG:inst1|MBR:inst5|REGISTER32bit:inst3|inst4[23]" to the node "data_path:inst2|ULA_32bit:inst|ULA_8bit:inst3|ULA_1bit:inst|inst43" into an OR gate
    Warning (13047): Converted the fan-out from the tri-state buffer "data_path:inst2|BANK_REG:inst1|MBR:inst5|REGISTER32bit:inst3|inst4[22]" to the node "data_path:inst2|ULA_32bit:inst|ULA_8bit:inst3|ULA_1bit:inst2|inst43" into an OR gate
    Warning (13047): Converted the fan-out from the tri-state buffer "data_path:inst2|BANK_REG:inst1|MBR:inst5|REGISTER32bit:inst3|inst4[21]" to the node "data_path:inst2|ULA_32bit:inst|ULA_8bit:inst3|ULA_1bit:inst3|inst43" into an OR gate
    Warning (13047): Converted the fan-out from the tri-state buffer "data_path:inst2|BANK_REG:inst1|MBR:inst5|REGISTER32bit:inst3|inst4[20]" to the node "data_path:inst2|ULA_32bit:inst|ULA_8bit:inst3|ULA_1bit:inst4|inst43" into an OR gate
    Warning (13047): Converted the fan-out from the tri-state buffer "data_path:inst2|BANK_REG:inst1|MBR:inst5|REGISTER32bit:inst3|inst4[19]" to the node "data_path:inst2|ULA_32bit:inst|ULA_8bit:inst3|ULA_1bit:inst5|inst43" into an OR gate
    Warning (13047): Converted the fan-out from the tri-state buffer "data_path:inst2|BANK_REG:inst1|MBR:inst5|REGISTER32bit:inst3|inst4[18]" to the node "data_path:inst2|ULA_32bit:inst|ULA_8bit:inst3|ULA_1bit:inst6|inst43" into an OR gate
    Warning (13047): Converted the fan-out from the tri-state buffer "data_path:inst2|BANK_REG:inst1|MBR:inst5|REGISTER32bit:inst3|inst4[17]" to the node "data_path:inst2|ULA_32bit:inst|ULA_8bit:inst3|ULA_1bit:inst7|inst43" into an OR gate
    Warning (13047): Converted the fan-out from the tri-state buffer "data_path:inst2|BANK_REG:inst1|MBR:inst5|REGISTER32bit:inst3|inst4[16]" to the node "data_path:inst2|ULA_32bit:inst|ULA_8bit:inst3|ULA_1bit:inst8|inst43" into an OR gate
    Warning (13047): Converted the fan-out from the tri-state buffer "data_path:inst2|BANK_REG:inst1|MBR:inst5|REGISTER32bit:inst3|inst4[31]" to the node "data_path:inst2|ULA_32bit:inst|ULA_8bit:inst4|ULA_1bit:inst|inst43" into an OR gate
    Warning (13047): Converted the fan-out from the tri-state buffer "data_path:inst2|BANK_REG:inst1|MBR:inst5|REGISTER32bit:inst3|inst4[30]" to the node "data_path:inst2|ULA_32bit:inst|ULA_8bit:inst4|ULA_1bit:inst2|inst43" into an OR gate
    Warning (13047): Converted the fan-out from the tri-state buffer "data_path:inst2|BANK_REG:inst1|MBR:inst5|REGISTER32bit:inst3|inst4[29]" to the node "data_path:inst2|ULA_32bit:inst|ULA_8bit:inst4|ULA_1bit:inst3|inst43" into an OR gate
    Warning (13047): Converted the fan-out from the tri-state buffer "data_path:inst2|BANK_REG:inst1|MBR:inst5|REGISTER32bit:inst3|inst4[28]" to the node "data_path:inst2|ULA_32bit:inst|ULA_8bit:inst4|ULA_1bit:inst4|inst43" into an OR gate
    Warning (13047): Converted the fan-out from the tri-state buffer "data_path:inst2|BANK_REG:inst1|MBR:inst5|REGISTER32bit:inst3|inst4[27]" to the node "data_path:inst2|ULA_32bit:inst|ULA_8bit:inst4|ULA_1bit:inst5|inst43" into an OR gate
    Warning (13047): Converted the fan-out from the tri-state buffer "data_path:inst2|BANK_REG:inst1|MBR:inst5|REGISTER32bit:inst3|inst4[26]" to the node "data_path:inst2|ULA_32bit:inst|ULA_8bit:inst4|ULA_1bit:inst6|inst43" into an OR gate
    Warning (13047): Converted the fan-out from the tri-state buffer "data_path:inst2|BANK_REG:inst1|MBR:inst5|REGISTER32bit:inst3|inst4[25]" to the node "data_path:inst2|ULA_32bit:inst|ULA_8bit:inst4|ULA_1bit:inst7|inst43" into an OR gate
Info (13000): Registers with preset signals will power-up high
Info (13003): DEV_CLRn pin will set, and not reset, register with preset signal due to NOT Gate Push-Back
Info (16010): Generating hard_block partition "hard_block:auto_generated_inst"
    Info (16011): Adding 0 node(s), including 0 DDIO, 0 PLL, 0 transceiver and 0 LCELL
Info (21057): Implemented 1097 device resources after synthesis - the final resource count might be different
    Info (21058): Implemented 42 input pins
    Info (21059): Implemented 246 output pins
    Info (21061): Implemented 773 logic cells
    Info (21064): Implemented 36 RAM segments
Info: Quartus II 64-Bit Analysis & Synthesis was successful. 0 errors, 213 warnings
    Info: Peak virtual memory: 4644 megabytes
    Info: Processing ended: Thu Dec 12 18:01:57 2024
    Info: Elapsed time: 00:00:07
    Info: Total CPU time (on all processors): 00:00:06


