TimeQuest Timing Analyzer report for mic1
Thu Dec 12 18:02:20 2024
Quartus II 64-Bit Version 13.0.1 Build 232 06/12/2013 Service Pack 1 SJ Web Edition


---------------------
; Table of Contents ;
---------------------
  1. Legal Notice
  2. TimeQuest Timing Analyzer Summary
  3. Parallel Compilation
  4. Clocks
  5. Slow Model Fmax Summary
  6. Slow Model Setup Summary
  7. Slow Model Hold Summary
  8. Slow Model Recovery Summary
  9. Slow Model Removal Summary
 10. Slow Model Minimum Pulse Width Summary
 11. Slow Model Setup: 'CLOCK'
 12. Slow Model Hold: 'CLOCK'
 13. Slow Model Minimum Pulse Width: 'CLOCK'
 14. Setup Times
 15. Hold Times
 16. Clock to Output Times
 17. Minimum Clock to Output Times
 18. Output Enable Times
 19. Minimum Output Enable Times
 20. Output Disable Times
 21. Minimum Output Disable Times
 22. Fast Model Setup Summary
 23. Fast Model Hold Summary
 24. Fast Model Recovery Summary
 25. Fast Model Removal Summary
 26. Fast Model Minimum Pulse Width Summary
 27. Fast Model Setup: 'CLOCK'
 28. Fast Model Hold: 'CLOCK'
 29. Fast Model Minimum Pulse Width: 'CLOCK'
 30. Setup Times
 31. Hold Times
 32. Clock to Output Times
 33. Minimum Clock to Output Times
 34. Output Enable Times
 35. Minimum Output Enable Times
 36. Output Disable Times
 37. Minimum Output Disable Times
 38. Multicorner Timing Analysis Summary
 39. Setup Times
 40. Hold Times
 41. Clock to Output Times
 42. Minimum Clock to Output Times
 43. Setup Transfers
 44. Hold Transfers
 45. Report TCCS
 46. Report RSKM
 47. Unconstrained Paths
 48. TimeQuest Timing Analyzer Messages



----------------
; Legal Notice ;
----------------
Copyright (C) 1991-2013 Altera Corporation
Your use of Altera Corporation's design tools, logic functions 
and other software and tools, and its AMPP partner logic 
functions, and any output files from any of the foregoing 
(including device programming or simulation files), and any 
associated documentation or information are expressly subject 
to the terms and conditions of the Altera Program License 
Subscription Agreement, Altera MegaCore Function License 
Agreement, or other applicable license agreement, including, 
without limitation, that your use is for the sole purpose of 
programming logic devices manufactured by Altera and sold by 
Altera or its authorized distributors.  Please refer to the 
applicable agreement for further details.



+----------------------------------------------------------------------------------------+
; TimeQuest Timing Analyzer Summary                                                      ;
+--------------------+-------------------------------------------------------------------+
; Quartus II Version ; Version 13.0.1 Build 232 06/12/2013 Service Pack 1 SJ Web Edition ;
; Revision Name      ; mic1                                                              ;
; Device Family      ; Cyclone II                                                        ;
; Device Name        ; EP2C35F672C6                                                      ;
; Timing Models      ; Final                                                             ;
; Delay Model        ; Combined                                                          ;
; Rise/Fall Delays   ; Unavailable                                                       ;
+--------------------+-------------------------------------------------------------------+


Parallel compilation was disabled, but you have multiple processors available. Enable parallel compilation to reduce compilation time.
+-------------------------------------+
; Parallel Compilation                ;
+----------------------------+--------+
; Processors                 ; Number ;
+----------------------------+--------+
; Number detected on machine ; 4      ;
; Maximum allowed            ; 1      ;
+----------------------------+--------+


+-----------------------------------------------------------------------------------------------------------------------------------------------------------------------------------+
; Clocks                                                                                                                                                                            ;
+------------+------+--------+------------+-------+-------+------------+-----------+-------------+-------+--------+-----------+------------+----------+--------+--------+-----------+
; Clock Name ; Type ; Period ; Frequency  ; Rise  ; Fall  ; Duty Cycle ; Divide by ; Multiply by ; Phase ; Offset ; Edge List ; Edge Shift ; Inverted ; Master ; Source ; Targets   ;
+------------+------+--------+------------+-------+-------+------------+-----------+-------------+-------+--------+-----------+------------+----------+--------+--------+-----------+
; CLOCK      ; Base ; 1.000  ; 1000.0 MHz ; 0.000 ; 0.500 ;            ;           ;             ;       ;        ;           ;            ;          ;        ;        ; { CLOCK } ;
+------------+------+--------+------------+-------+-------+------------+-----------+-------------+-------+--------+-----------+------------+----------+--------+--------+-----------+


+-------------------------------------------------+
; Slow Model Fmax Summary                         ;
+-----------+-----------------+------------+------+
; Fmax      ; Restricted Fmax ; Clock Name ; Note ;
+-----------+-----------------+------------+------+
; 25.11 MHz ; 25.11 MHz       ; CLOCK      ;      ;
+-----------+-----------------+------------+------+
This panel reports FMAX for every clock in the design, regardless of the user-specified clock periods.  FMAX is only computed for paths where the source and destination registers or ports are driven by the same clock.  Paths of different clocks, including generated clocks, are ignored.  For paths between a clock and its inversion, FMAX is computed as if the rising and falling edges are scaled along with FMAX, such that the duty cycle (in terms of a percentage) is maintained. Altera recommends that you always use clock constraints and other slack reports for sign-off analysis.


+---------------------------------+
; Slow Model Setup Summary        ;
+-------+---------+---------------+
; Clock ; Slack   ; End Point TNS ;
+-------+---------+---------------+
; CLOCK ; -21.646 ; -4086.032     ;
+-------+---------+---------------+


+--------------------------------+
; Slow Model Hold Summary        ;
+-------+--------+---------------+
; Clock ; Slack  ; End Point TNS ;
+-------+--------+---------------+
; CLOCK ; -2.349 ; -77.210       ;
+-------+--------+---------------+


-------------------------------
; Slow Model Recovery Summary ;
-------------------------------
No paths to report.


------------------------------
; Slow Model Removal Summary ;
------------------------------
No paths to report.


+----------------------------------------+
; Slow Model Minimum Pulse Width Summary ;
+-------+--------+-----------------------+
; Clock ; Slack  ; End Point TNS         ;
+-------+--------+-----------------------+
; CLOCK ; -1.423 ; -515.292              ;
+-------+--------+-----------------------+


+----------------------------------------------------------------------------------------------------------------------------------------------------------------------------------------------------------------------------------------------------------------------------------------+
; Slow Model Setup: 'CLOCK'                                                                                                                                                                                                                                                              ;
+---------+----------------------------------------------------------------------------------------------------------------+---------------------------------------------------------------------------------------+--------------+-------------+--------------+------------+------------+
; Slack   ; From Node                                                                                                      ; To Node                                                                               ; Launch Clock ; Latch Clock ; Relationship ; Clock Skew ; Data Delay ;
+---------+----------------------------------------------------------------------------------------------------------------+---------------------------------------------------------------------------------------+--------------+-------------+--------------+------------+------------+
; -21.646 ; data_path:inst2|BANK_REG:inst1|PC:inst4|REGISTER32bit:inst|REGISTER4bit:inst|inst5                             ; UNIDADE_CONTROLE:inst|MPC:inst2|inst1                                                 ; CLOCK        ; CLOCK       ; 1.000        ; -3.731     ; 18.951     ;
; -21.546 ; data_path:inst2|BANK_REG:inst1|PC:inst4|REGISTER32bit:inst|REGISTER4bit:inst|inst16                            ; UNIDADE_CONTROLE:inst|MPC:inst2|inst1                                                 ; CLOCK        ; CLOCK       ; 1.000        ; -3.734     ; 18.848     ;
; -21.195 ; data_path:inst2|BANK_REG:inst1|CPP:inst6|REGISTER32bit:inst|REGISTER4bit:inst|inst                             ; UNIDADE_CONTROLE:inst|MPC:inst2|inst1                                                 ; CLOCK        ; CLOCK       ; 1.000        ; -3.401     ; 18.830     ;
; -21.187 ; data_path:inst2|BANK_REG:inst1|MDR:inst3|REGISTER32bit:inst1|REGISTER4bit:inst|inst                            ; UNIDADE_CONTROLE:inst|MPC:inst2|inst1                                                 ; CLOCK        ; CLOCK       ; 1.000        ; -3.024     ; 19.199     ;
; -21.031 ; data_path:inst2|BANK_REG:inst1|PC:inst4|REGISTER32bit:inst|REGISTER4bit:inst1|inst20                           ; UNIDADE_CONTROLE:inst|MPC:inst2|inst1                                                 ; CLOCK        ; CLOCK       ; 1.000        ; -3.719     ; 18.348     ;
; -21.029 ; data_path:inst2|BANK_REG:inst1|PC:inst4|REGISTER32bit:inst|REGISTER4bit:inst|inst5                             ; UNIDADE_CONTROLE:inst|MPC:inst2|inst                                                  ; CLOCK        ; CLOCK       ; 1.000        ; -3.731     ; 18.334     ;
; -20.929 ; data_path:inst2|BANK_REG:inst1|PC:inst4|REGISTER32bit:inst|REGISTER4bit:inst|inst16                            ; UNIDADE_CONTROLE:inst|MPC:inst2|inst                                                  ; CLOCK        ; CLOCK       ; 1.000        ; -3.734     ; 18.231     ;
; -20.869 ; data_path:inst2|BANK_REG:inst1|PC:inst4|REGISTER32bit:inst|REGISTER4bit:inst|inst                              ; UNIDADE_CONTROLE:inst|MPC:inst2|inst1                                                 ; CLOCK        ; CLOCK       ; 1.000        ; -3.734     ; 18.171     ;
; -20.839 ; data_path:inst2|BANK_REG:inst1|PC:inst4|REGISTER32bit:inst|REGISTER4bit:inst|inst20                            ; UNIDADE_CONTROLE:inst|MPC:inst2|inst1                                                 ; CLOCK        ; CLOCK       ; 1.000        ; -3.719     ; 18.156     ;
; -20.707 ; data_path:inst2|BANK_REG:inst1|MDR:inst3|REGISTER32bit:inst1|REGISTER4bit:inst|inst5                           ; UNIDADE_CONTROLE:inst|MPC:inst2|inst1                                                 ; CLOCK        ; CLOCK       ; 1.000        ; -3.023     ; 18.720     ;
; -20.705 ; data_path:inst2|BANK_REG:inst1|CPP:inst6|REGISTER32bit:inst|REGISTER4bit:inst|inst16                           ; UNIDADE_CONTROLE:inst|MPC:inst2|inst1                                                 ; CLOCK        ; CLOCK       ; 1.000        ; -3.401     ; 18.340     ;
; -20.675 ; data_path:inst2|BANK_REG:inst1|LV:inst2|REGISTER32bit:inst|REGISTER4bit:inst|inst5                             ; UNIDADE_CONTROLE:inst|MPC:inst2|inst1                                                 ; CLOCK        ; CLOCK       ; 1.000        ; -3.157     ; 18.554     ;
; -20.630 ; data_path:inst2|BANK_REG:inst1|TOS:inst7|REGISTER32bit:inst|REGISTER4bit:inst|inst5                            ; UNIDADE_CONTROLE:inst|MPC:inst2|inst1                                                 ; CLOCK        ; CLOCK       ; 1.000        ; -3.460     ; 18.206     ;
; -20.578 ; data_path:inst2|BANK_REG:inst1|CPP:inst6|REGISTER32bit:inst|REGISTER4bit:inst|inst                             ; UNIDADE_CONTROLE:inst|MPC:inst2|inst                                                  ; CLOCK        ; CLOCK       ; 1.000        ; -3.401     ; 18.213     ;
; -20.570 ; data_path:inst2|BANK_REG:inst1|MDR:inst3|REGISTER32bit:inst1|REGISTER4bit:inst|inst                            ; UNIDADE_CONTROLE:inst|MPC:inst2|inst                                                  ; CLOCK        ; CLOCK       ; 1.000        ; -3.024     ; 18.582     ;
; -20.567 ; data_path:inst2|BANK_REG:inst1|PC:inst4|REGISTER32bit:inst|REGISTER4bit:inst1|inst5                            ; UNIDADE_CONTROLE:inst|MPC:inst2|inst1                                                 ; CLOCK        ; CLOCK       ; 1.000        ; -3.724     ; 17.879     ;
; -20.505 ; data_path:inst2|BANK_REG:inst1|PC:inst4|REGISTER32bit:inst|REGISTER4bit:inst1|inst16                           ; UNIDADE_CONTROLE:inst|MPC:inst2|inst1                                                 ; CLOCK        ; CLOCK       ; 1.000        ; -3.724     ; 17.817     ;
; -20.501 ; data_path:inst2|BANK_REG:inst1|OPC:inst8|REGISTER32bit:inst|REGISTER4bit:inst|inst                             ; UNIDADE_CONTROLE:inst|MPC:inst2|inst1                                                 ; CLOCK        ; CLOCK       ; 1.000        ; -2.047     ; 19.490     ;
; -20.441 ; data_path:inst2|BANK_REG:inst1|MDR:inst3|REGISTER32bit:inst1|REGISTER4bit:inst|inst16                          ; UNIDADE_CONTROLE:inst|MPC:inst2|inst1                                                 ; CLOCK        ; CLOCK       ; 1.000        ; -3.027     ; 18.450     ;
; -20.414 ; data_path:inst2|BANK_REG:inst1|PC:inst4|REGISTER32bit:inst|REGISTER4bit:inst1|inst20                           ; UNIDADE_CONTROLE:inst|MPC:inst2|inst                                                  ; CLOCK        ; CLOCK       ; 1.000        ; -3.719     ; 17.731     ;
; -20.318 ; data_path:inst2|BANK_REG:inst1|LV:inst2|REGISTER32bit:inst|REGISTER4bit:inst|inst                              ; UNIDADE_CONTROLE:inst|MPC:inst2|inst1                                                 ; CLOCK        ; CLOCK       ; 1.000        ; -3.157     ; 18.197     ;
; -20.301 ; data_path:inst2|BANK_REG:inst1|MDR:inst3|REGISTER32bit:inst1|REGISTER4bit:inst|inst20                          ; UNIDADE_CONTROLE:inst|MPC:inst2|inst1                                                 ; CLOCK        ; CLOCK       ; 1.000        ; -3.024     ; 18.313     ;
; -20.252 ; data_path:inst2|BANK_REG:inst1|PC:inst4|REGISTER32bit:inst|REGISTER4bit:inst|inst                              ; UNIDADE_CONTROLE:inst|MPC:inst2|inst                                                  ; CLOCK        ; CLOCK       ; 1.000        ; -3.734     ; 17.554     ;
; -20.222 ; data_path:inst2|BANK_REG:inst1|PC:inst4|REGISTER32bit:inst|REGISTER4bit:inst|inst20                            ; UNIDADE_CONTROLE:inst|MPC:inst2|inst                                                  ; CLOCK        ; CLOCK       ; 1.000        ; -3.719     ; 17.539     ;
; -20.162 ; data_path:inst2|BANK_REG:inst1|TOS:inst7|REGISTER32bit:inst|REGISTER4bit:inst|inst16                           ; UNIDADE_CONTROLE:inst|MPC:inst2|inst1                                                 ; CLOCK        ; CLOCK       ; 1.000        ; -3.464     ; 17.734     ;
; -20.096 ; data_path:inst2|BANK_REG:inst1|PC:inst4|REGISTER32bit:inst|REGISTER4bit:inst|inst5                             ; data_path:inst2|BANK_REG:inst1|OPC:inst8|REGISTER32bit:inst|REGISTER4bit:inst16|inst5 ; CLOCK        ; CLOCK       ; 1.000        ; -1.688     ; 19.444     ;
; -20.090 ; data_path:inst2|BANK_REG:inst1|MDR:inst3|REGISTER32bit:inst1|REGISTER4bit:inst|inst5                           ; UNIDADE_CONTROLE:inst|MPC:inst2|inst                                                  ; CLOCK        ; CLOCK       ; 1.000        ; -3.023     ; 18.103     ;
; -20.088 ; data_path:inst2|BANK_REG:inst1|CPP:inst6|REGISTER32bit:inst|REGISTER4bit:inst|inst16                           ; UNIDADE_CONTROLE:inst|MPC:inst2|inst                                                  ; CLOCK        ; CLOCK       ; 1.000        ; -3.401     ; 17.723     ;
; -20.062 ; data_path:inst2|BANK_REG:inst1|PC:inst4|REGISTER32bit:inst|REGISTER4bit:inst|inst5                             ; data_path:inst2|BANK_REG:inst1|SP:inst1|REGISTER32bit:inst|REGISTER4bit:inst16|inst5  ; CLOCK        ; CLOCK       ; 1.000        ; -1.364     ; 19.734     ;
; -20.060 ; data_path:inst2|BANK_REG:inst1|H:inst10|REGISTER32bit:inst|REGISTER4bit:inst|inst5                             ; UNIDADE_CONTROLE:inst|MPC:inst2|inst1                                                 ; CLOCK        ; CLOCK       ; 1.000        ; -3.515     ; 17.581     ;
; -20.058 ; data_path:inst2|BANK_REG:inst1|LV:inst2|REGISTER32bit:inst|REGISTER4bit:inst|inst5                             ; UNIDADE_CONTROLE:inst|MPC:inst2|inst                                                  ; CLOCK        ; CLOCK       ; 1.000        ; -3.157     ; 17.937     ;
; -20.021 ; data_path:inst2|BANK_REG:inst1|CPP:inst6|REGISTER32bit:inst|REGISTER4bit:inst|inst5                            ; UNIDADE_CONTROLE:inst|MPC:inst2|inst1                                                 ; CLOCK        ; CLOCK       ; 1.000        ; -3.401     ; 17.656     ;
; -20.014 ; data_path:inst2|BANK_REG:inst1|TOS:inst7|REGISTER32bit:inst|REGISTER4bit:inst|inst                             ; UNIDADE_CONTROLE:inst|MPC:inst2|inst1                                                 ; CLOCK        ; CLOCK       ; 1.000        ; -3.464     ; 17.586     ;
; -20.013 ; data_path:inst2|BANK_REG:inst1|TOS:inst7|REGISTER32bit:inst|REGISTER4bit:inst|inst5                            ; UNIDADE_CONTROLE:inst|MPC:inst2|inst                                                  ; CLOCK        ; CLOCK       ; 1.000        ; -3.460     ; 17.589     ;
; -19.996 ; data_path:inst2|BANK_REG:inst1|PC:inst4|REGISTER32bit:inst|REGISTER4bit:inst|inst16                            ; data_path:inst2|BANK_REG:inst1|OPC:inst8|REGISTER32bit:inst|REGISTER4bit:inst16|inst5 ; CLOCK        ; CLOCK       ; 1.000        ; -1.691     ; 19.341     ;
; -19.975 ; data_path:inst2|BANK_REG:inst1|PC:inst4|REGISTER32bit:inst|REGISTER4bit:inst|inst5                             ; data_path:inst2|BANK_REG:inst1|OPC:inst8|REGISTER32bit:inst|REGISTER4bit:inst16|inst  ; CLOCK        ; CLOCK       ; 1.000        ; -1.700     ; 19.311     ;
; -19.967 ; data_path:inst2|BANK_REG:inst1|TOS:inst7|REGISTER32bit:inst|REGISTER4bit:inst1|inst20                          ; UNIDADE_CONTROLE:inst|MPC:inst2|inst1                                                 ; CLOCK        ; CLOCK       ; 1.000        ; -3.464     ; 17.539     ;
; -19.962 ; data_path:inst2|BANK_REG:inst1|PC:inst4|REGISTER32bit:inst|REGISTER4bit:inst|inst16                            ; data_path:inst2|BANK_REG:inst1|SP:inst1|REGISTER32bit:inst|REGISTER4bit:inst16|inst5  ; CLOCK        ; CLOCK       ; 1.000        ; -1.367     ; 19.631     ;
; -19.950 ; data_path:inst2|BANK_REG:inst1|PC:inst4|REGISTER32bit:inst|REGISTER4bit:inst1|inst5                            ; UNIDADE_CONTROLE:inst|MPC:inst2|inst                                                  ; CLOCK        ; CLOCK       ; 1.000        ; -3.724     ; 17.262     ;
; -19.941 ; data_path:inst2|BANK_REG:inst1|PC:inst4|REGISTER32bit:inst|REGISTER4bit:inst|inst5                             ; data_path:inst2|BANK_REG:inst1|SP:inst1|REGISTER32bit:inst|REGISTER4bit:inst16|inst16 ; CLOCK        ; CLOCK       ; 1.000        ; -1.364     ; 19.613     ;
; -19.937 ; data_path:inst2|BANK_REG:inst1|H:inst10|REGISTER32bit:inst|REGISTER4bit:inst|inst16                            ; UNIDADE_CONTROLE:inst|MPC:inst2|inst1                                                 ; CLOCK        ; CLOCK       ; 1.000        ; -3.514     ; 17.459     ;
; -19.892 ; data_path:inst2|BANK_REG:inst1|MDR:inst3|REGISTER32bit:inst1|REGISTER4bit:inst1|inst20                         ; UNIDADE_CONTROLE:inst|MPC:inst2|inst1                                                 ; CLOCK        ; CLOCK       ; 1.000        ; -3.024     ; 17.904     ;
; -19.888 ; data_path:inst2|BANK_REG:inst1|PC:inst4|REGISTER32bit:inst|REGISTER4bit:inst1|inst16                           ; UNIDADE_CONTROLE:inst|MPC:inst2|inst                                                  ; CLOCK        ; CLOCK       ; 1.000        ; -3.724     ; 17.200     ;
; -19.887 ; data_path:inst2|BANK_REG:inst1|CPP:inst6|REGISTER32bit:inst|REGISTER4bit:inst1|inst20                          ; UNIDADE_CONTROLE:inst|MPC:inst2|inst1                                                 ; CLOCK        ; CLOCK       ; 1.000        ; -3.401     ; 17.522     ;
; -19.885 ; data_path:inst2|BANK_REG:inst1|OPC:inst8|REGISTER32bit:inst|REGISTER4bit:inst|inst16                           ; UNIDADE_CONTROLE:inst|MPC:inst2|inst1                                                 ; CLOCK        ; CLOCK       ; 1.000        ; -2.050     ; 18.871     ;
; -19.884 ; data_path:inst2|BANK_REG:inst1|OPC:inst8|REGISTER32bit:inst|REGISTER4bit:inst|inst                             ; UNIDADE_CONTROLE:inst|MPC:inst2|inst                                                  ; CLOCK        ; CLOCK       ; 1.000        ; -2.047     ; 18.873     ;
; -19.878 ; data_path:inst2|BANK_REG:inst1|LV:inst2|REGISTER32bit:inst|REGISTER4bit:inst|inst16                            ; UNIDADE_CONTROLE:inst|MPC:inst2|inst1                                                 ; CLOCK        ; CLOCK       ; 1.000        ; -3.157     ; 17.757     ;
; -19.875 ; data_path:inst2|BANK_REG:inst1|MDR:inst3|REGISTER32bit:inst1|REGISTER4bit:inst1|inst16                         ; UNIDADE_CONTROLE:inst|MPC:inst2|inst1                                                 ; CLOCK        ; CLOCK       ; 1.000        ; -3.024     ; 17.887     ;
; -19.875 ; data_path:inst2|BANK_REG:inst1|PC:inst4|REGISTER32bit:inst|REGISTER4bit:inst|inst16                            ; data_path:inst2|BANK_REG:inst1|OPC:inst8|REGISTER32bit:inst|REGISTER4bit:inst16|inst  ; CLOCK        ; CLOCK       ; 1.000        ; -1.703     ; 19.208     ;
; -19.868 ; data_path:inst2|BANK_REG:inst1|TOS:inst7|REGISTER32bit:inst|REGISTER4bit:inst1|inst5                           ; UNIDADE_CONTROLE:inst|MPC:inst2|inst1                                                 ; CLOCK        ; CLOCK       ; 1.000        ; -3.448     ; 17.456     ;
; -19.841 ; data_path:inst2|BANK_REG:inst1|PC:inst4|REGISTER32bit:inst|REGISTER4bit:inst|inst16                            ; data_path:inst2|BANK_REG:inst1|SP:inst1|REGISTER32bit:inst|REGISTER4bit:inst16|inst16 ; CLOCK        ; CLOCK       ; 1.000        ; -1.367     ; 19.510     ;
; -19.839 ; data_path:inst2|BANK_REG:inst1|LV:inst2|REGISTER32bit:inst|REGISTER4bit:inst1|inst5                            ; UNIDADE_CONTROLE:inst|MPC:inst2|inst1                                                 ; CLOCK        ; CLOCK       ; 1.000        ; -3.157     ; 17.718     ;
; -19.824 ; data_path:inst2|BANK_REG:inst1|MDR:inst3|REGISTER32bit:inst1|REGISTER4bit:inst|inst16                          ; UNIDADE_CONTROLE:inst|MPC:inst2|inst                                                  ; CLOCK        ; CLOCK       ; 1.000        ; -3.027     ; 17.833     ;
; -19.802 ; data_path:inst2|BANK_REG:inst1|CPP:inst6|REGISTER32bit:inst|REGISTER4bit:inst1|inst16                          ; UNIDADE_CONTROLE:inst|MPC:inst2|inst1                                                 ; CLOCK        ; CLOCK       ; 1.000        ; -3.401     ; 17.437     ;
; -19.782 ; data_path:inst2|BANK_REG:inst1|TOS:inst7|REGISTER32bit:inst|REGISTER4bit:inst1|inst16                          ; UNIDADE_CONTROLE:inst|MPC:inst2|inst1                                                 ; CLOCK        ; CLOCK       ; 1.000        ; -3.464     ; 17.354     ;
; -19.745 ; data_path:inst2|BANK_REG:inst1|PC:inst4|REGISTER32bit:inst|REGISTER4bit:inst|inst5                             ; data_path:inst2|BANK_REG:inst1|SP:inst1|REGISTER32bit:inst|REGISTER4bit:inst16|inst   ; CLOCK        ; CLOCK       ; 1.000        ; -1.363     ; 19.418     ;
; -19.701 ; data_path:inst2|BANK_REG:inst1|LV:inst2|REGISTER32bit:inst|REGISTER4bit:inst|inst                              ; UNIDADE_CONTROLE:inst|MPC:inst2|inst                                                  ; CLOCK        ; CLOCK       ; 1.000        ; -3.157     ; 17.580     ;
; -19.684 ; data_path:inst2|BANK_REG:inst1|MDR:inst3|REGISTER32bit:inst1|REGISTER4bit:inst|inst20                          ; UNIDADE_CONTROLE:inst|MPC:inst2|inst                                                  ; CLOCK        ; CLOCK       ; 1.000        ; -3.024     ; 17.696     ;
; -19.645 ; data_path:inst2|BANK_REG:inst1|CPP:inst6|REGISTER32bit:inst|REGISTER4bit:inst|inst                             ; data_path:inst2|BANK_REG:inst1|OPC:inst8|REGISTER32bit:inst|REGISTER4bit:inst16|inst5 ; CLOCK        ; CLOCK       ; 1.000        ; -1.358     ; 19.323     ;
; -19.645 ; data_path:inst2|BANK_REG:inst1|PC:inst4|REGISTER32bit:inst|REGISTER4bit:inst|inst16                            ; data_path:inst2|BANK_REG:inst1|SP:inst1|REGISTER32bit:inst|REGISTER4bit:inst16|inst   ; CLOCK        ; CLOCK       ; 1.000        ; -1.366     ; 19.315     ;
; -19.637 ; data_path:inst2|BANK_REG:inst1|MDR:inst3|REGISTER32bit:inst1|REGISTER4bit:inst|inst                            ; data_path:inst2|BANK_REG:inst1|OPC:inst8|REGISTER32bit:inst|REGISTER4bit:inst16|inst5 ; CLOCK        ; CLOCK       ; 1.000        ; -0.981     ; 19.692     ;
; -19.636 ; data_path:inst2|BANK_REG:inst1|TOS:inst7|REGISTER32bit:inst|REGISTER4bit:inst|inst20                           ; UNIDADE_CONTROLE:inst|MPC:inst2|inst1                                                 ; CLOCK        ; CLOCK       ; 1.000        ; -3.464     ; 17.208     ;
; -19.611 ; data_path:inst2|BANK_REG:inst1|CPP:inst6|REGISTER32bit:inst|REGISTER4bit:inst|inst                             ; data_path:inst2|BANK_REG:inst1|SP:inst1|REGISTER32bit:inst|REGISTER4bit:inst16|inst5  ; CLOCK        ; CLOCK       ; 1.000        ; -1.034     ; 19.613     ;
; -19.603 ; data_path:inst2|BANK_REG:inst1|MDR:inst3|REGISTER32bit:inst1|REGISTER4bit:inst|inst                            ; data_path:inst2|BANK_REG:inst1|SP:inst1|REGISTER32bit:inst|REGISTER4bit:inst16|inst5  ; CLOCK        ; CLOCK       ; 1.000        ; -0.657     ; 19.982     ;
; -19.571 ; data_path:inst2|BANK_REG:inst1|H:inst10|REGISTER32bit:inst|REGISTER4bit:inst|inst20                            ; UNIDADE_CONTROLE:inst|MPC:inst2|inst1                                                 ; CLOCK        ; CLOCK       ; 1.000        ; -3.525     ; 17.082     ;
; -19.549 ; data_path:inst2|BANK_REG:inst1|LV:inst2|REGISTER32bit:inst|REGISTER4bit:inst|inst20                            ; UNIDADE_CONTROLE:inst|MPC:inst2|inst1                                                 ; CLOCK        ; CLOCK       ; 1.000        ; -3.157     ; 17.428     ;
; -19.547 ; data_path:inst2|BANK_REG:inst1|MBR:inst5|REGISTER32bit:inst3|REGISTER4bit:inst|inst5                           ; UNIDADE_CONTROLE:inst|MPC:inst2|inst1                                                 ; CLOCK        ; CLOCK       ; 1.000        ; -3.307     ; 17.276     ;
; -19.545 ; data_path:inst2|BANK_REG:inst1|H:inst10|REGISTER32bit:inst|REGISTER4bit:inst|inst                              ; UNIDADE_CONTROLE:inst|MPC:inst2|inst1                                                 ; CLOCK        ; CLOCK       ; 1.000        ; -3.515     ; 17.066     ;
; -19.545 ; data_path:inst2|BANK_REG:inst1|TOS:inst7|REGISTER32bit:inst|REGISTER4bit:inst|inst16                           ; UNIDADE_CONTROLE:inst|MPC:inst2|inst                                                  ; CLOCK        ; CLOCK       ; 1.000        ; -3.464     ; 17.117     ;
; -19.524 ; data_path:inst2|BANK_REG:inst1|CPP:inst6|REGISTER32bit:inst|REGISTER4bit:inst|inst                             ; data_path:inst2|BANK_REG:inst1|OPC:inst8|REGISTER32bit:inst|REGISTER4bit:inst16|inst  ; CLOCK        ; CLOCK       ; 1.000        ; -1.370     ; 19.190     ;
; -19.516 ; data_path:inst2|BANK_REG:inst1|MDR:inst3|REGISTER32bit:inst1|REGISTER4bit:inst|inst                            ; data_path:inst2|BANK_REG:inst1|OPC:inst8|REGISTER32bit:inst|REGISTER4bit:inst16|inst  ; CLOCK        ; CLOCK       ; 1.000        ; -0.993     ; 19.559     ;
; -19.498 ; data_path:inst2|BANK_REG:inst1|PC:inst4|REGISTER32bit:inst|REGISTER4bit:inst|inst5                             ; data_path:inst2|BANK_REG:inst1|CPP:inst6|REGISTER32bit:inst|REGISTER4bit:inst16|inst5 ; CLOCK        ; CLOCK       ; 1.000        ; -0.329     ; 20.205     ;
; -19.490 ; data_path:inst2|BANK_REG:inst1|CPP:inst6|REGISTER32bit:inst|REGISTER4bit:inst|inst                             ; data_path:inst2|BANK_REG:inst1|SP:inst1|REGISTER32bit:inst|REGISTER4bit:inst16|inst16 ; CLOCK        ; CLOCK       ; 1.000        ; -1.034     ; 19.492     ;
; -19.482 ; data_path:inst2|BANK_REG:inst1|MDR:inst3|REGISTER32bit:inst1|REGISTER4bit:inst|inst                            ; data_path:inst2|BANK_REG:inst1|SP:inst1|REGISTER32bit:inst|REGISTER4bit:inst16|inst16 ; CLOCK        ; CLOCK       ; 1.000        ; -0.657     ; 19.861     ;
; -19.481 ; data_path:inst2|BANK_REG:inst1|PC:inst4|REGISTER32bit:inst|REGISTER4bit:inst1|inst20                           ; data_path:inst2|BANK_REG:inst1|OPC:inst8|REGISTER32bit:inst|REGISTER4bit:inst16|inst5 ; CLOCK        ; CLOCK       ; 1.000        ; -1.676     ; 18.841     ;
; -19.447 ; data_path:inst2|BANK_REG:inst1|PC:inst4|REGISTER32bit:inst|REGISTER4bit:inst1|inst20                           ; data_path:inst2|BANK_REG:inst1|SP:inst1|REGISTER32bit:inst|REGISTER4bit:inst16|inst5  ; CLOCK        ; CLOCK       ; 1.000        ; -1.352     ; 19.131     ;
; -19.443 ; data_path:inst2|BANK_REG:inst1|H:inst10|REGISTER32bit:inst|REGISTER4bit:inst|inst5                             ; UNIDADE_CONTROLE:inst|MPC:inst2|inst                                                  ; CLOCK        ; CLOCK       ; 1.000        ; -3.515     ; 16.964     ;
; -19.416 ; UNIDADE_CONTROLE:inst|CONTROLSTORE:inst3|altsyncram:altsyncram_component|altsyncram_ds61:auto_generated|q_a[0] ; UNIDADE_CONTROLE:inst|MPC:inst2|inst1                                                 ; CLOCK        ; CLOCK       ; 0.500        ; -0.041     ; 19.911     ;
; -19.404 ; data_path:inst2|BANK_REG:inst1|CPP:inst6|REGISTER32bit:inst|REGISTER4bit:inst|inst5                            ; UNIDADE_CONTROLE:inst|MPC:inst2|inst                                                  ; CLOCK        ; CLOCK       ; 1.000        ; -3.401     ; 17.039     ;
; -19.398 ; data_path:inst2|BANK_REG:inst1|PC:inst4|REGISTER32bit:inst|REGISTER4bit:inst|inst16                            ; data_path:inst2|BANK_REG:inst1|CPP:inst6|REGISTER32bit:inst|REGISTER4bit:inst16|inst5 ; CLOCK        ; CLOCK       ; 1.000        ; -0.332     ; 20.102     ;
; -19.397 ; data_path:inst2|BANK_REG:inst1|TOS:inst7|REGISTER32bit:inst|REGISTER4bit:inst|inst                             ; UNIDADE_CONTROLE:inst|MPC:inst2|inst                                                  ; CLOCK        ; CLOCK       ; 1.000        ; -3.464     ; 16.969     ;
; -19.360 ; data_path:inst2|BANK_REG:inst1|PC:inst4|REGISTER32bit:inst|REGISTER4bit:inst1|inst20                           ; data_path:inst2|BANK_REG:inst1|OPC:inst8|REGISTER32bit:inst|REGISTER4bit:inst16|inst  ; CLOCK        ; CLOCK       ; 1.000        ; -1.688     ; 18.708     ;
; -19.353 ; data_path:inst2|BANK_REG:inst1|CPP:inst6|REGISTER32bit:inst|REGISTER4bit:inst|inst20                           ; UNIDADE_CONTROLE:inst|MPC:inst2|inst1                                                 ; CLOCK        ; CLOCK       ; 1.000        ; -3.401     ; 16.988     ;
; -19.350 ; data_path:inst2|BANK_REG:inst1|TOS:inst7|REGISTER32bit:inst|REGISTER4bit:inst1|inst20                          ; UNIDADE_CONTROLE:inst|MPC:inst2|inst                                                  ; CLOCK        ; CLOCK       ; 1.000        ; -3.464     ; 16.922     ;
; -19.330 ; UNIDADE_CONTROLE:inst|CONTROLSTORE:inst3|altsyncram:altsyncram_component|altsyncram_ds61:auto_generated|q_a[2] ; UNIDADE_CONTROLE:inst|MPC:inst2|inst1                                                 ; CLOCK        ; CLOCK       ; 0.500        ; -0.051     ; 19.815     ;
; -19.326 ; data_path:inst2|BANK_REG:inst1|PC:inst4|REGISTER32bit:inst|REGISTER4bit:inst1|inst20                           ; data_path:inst2|BANK_REG:inst1|SP:inst1|REGISTER32bit:inst|REGISTER4bit:inst16|inst16 ; CLOCK        ; CLOCK       ; 1.000        ; -1.352     ; 19.010     ;
; -19.320 ; data_path:inst2|BANK_REG:inst1|H:inst10|REGISTER32bit:inst|REGISTER4bit:inst|inst16                            ; UNIDADE_CONTROLE:inst|MPC:inst2|inst                                                  ; CLOCK        ; CLOCK       ; 1.000        ; -3.514     ; 16.842     ;
; -19.319 ; data_path:inst2|BANK_REG:inst1|PC:inst4|REGISTER32bit:inst|REGISTER4bit:inst|inst                              ; data_path:inst2|BANK_REG:inst1|OPC:inst8|REGISTER32bit:inst|REGISTER4bit:inst16|inst5 ; CLOCK        ; CLOCK       ; 1.000        ; -1.691     ; 18.664     ;
; -19.294 ; data_path:inst2|BANK_REG:inst1|CPP:inst6|REGISTER32bit:inst|REGISTER4bit:inst|inst                             ; data_path:inst2|BANK_REG:inst1|SP:inst1|REGISTER32bit:inst|REGISTER4bit:inst16|inst   ; CLOCK        ; CLOCK       ; 1.000        ; -1.033     ; 19.297     ;
; -19.289 ; data_path:inst2|BANK_REG:inst1|PC:inst4|REGISTER32bit:inst|REGISTER4bit:inst|inst20                            ; data_path:inst2|BANK_REG:inst1|OPC:inst8|REGISTER32bit:inst|REGISTER4bit:inst16|inst5 ; CLOCK        ; CLOCK       ; 1.000        ; -1.676     ; 18.649     ;
; -19.286 ; data_path:inst2|BANK_REG:inst1|MDR:inst3|REGISTER32bit:inst1|REGISTER4bit:inst|inst                            ; data_path:inst2|BANK_REG:inst1|SP:inst1|REGISTER32bit:inst|REGISTER4bit:inst16|inst   ; CLOCK        ; CLOCK       ; 1.000        ; -0.656     ; 19.666     ;
; -19.285 ; data_path:inst2|BANK_REG:inst1|PC:inst4|REGISTER32bit:inst|REGISTER4bit:inst|inst                              ; data_path:inst2|BANK_REG:inst1|SP:inst1|REGISTER32bit:inst|REGISTER4bit:inst16|inst5  ; CLOCK        ; CLOCK       ; 1.000        ; -1.367     ; 18.954     ;
; -19.275 ; data_path:inst2|BANK_REG:inst1|MDR:inst3|REGISTER32bit:inst1|REGISTER4bit:inst1|inst20                         ; UNIDADE_CONTROLE:inst|MPC:inst2|inst                                                  ; CLOCK        ; CLOCK       ; 1.000        ; -3.024     ; 17.287     ;
; -19.270 ; data_path:inst2|BANK_REG:inst1|CPP:inst6|REGISTER32bit:inst|REGISTER4bit:inst1|inst20                          ; UNIDADE_CONTROLE:inst|MPC:inst2|inst                                                  ; CLOCK        ; CLOCK       ; 1.000        ; -3.401     ; 16.905     ;
; -19.269 ; UNIDADE_CONTROLE:inst|CONTROLSTORE:inst3|altsyncram:altsyncram_component|altsyncram_ds61:auto_generated|q_a[3] ; UNIDADE_CONTROLE:inst|MPC:inst2|inst1                                                 ; CLOCK        ; CLOCK       ; 0.500        ; -0.041     ; 19.764     ;
; -19.268 ; data_path:inst2|BANK_REG:inst1|OPC:inst8|REGISTER32bit:inst|REGISTER4bit:inst|inst16                           ; UNIDADE_CONTROLE:inst|MPC:inst2|inst                                                  ; CLOCK        ; CLOCK       ; 1.000        ; -2.050     ; 18.254     ;
; -19.267 ; data_path:inst2|BANK_REG:inst1|LV:inst2|REGISTER32bit:inst|REGISTER4bit:inst1|inst                             ; UNIDADE_CONTROLE:inst|MPC:inst2|inst1                                                 ; CLOCK        ; CLOCK       ; 1.000        ; -3.158     ; 17.145     ;
; -19.261 ; data_path:inst2|BANK_REG:inst1|LV:inst2|REGISTER32bit:inst|REGISTER4bit:inst|inst16                            ; UNIDADE_CONTROLE:inst|MPC:inst2|inst                                                  ; CLOCK        ; CLOCK       ; 1.000        ; -3.157     ; 17.140     ;
; -19.258 ; data_path:inst2|BANK_REG:inst1|MDR:inst3|REGISTER32bit:inst1|REGISTER4bit:inst1|inst16                         ; UNIDADE_CONTROLE:inst|MPC:inst2|inst                                                  ; CLOCK        ; CLOCK       ; 1.000        ; -3.024     ; 17.270     ;
; -19.255 ; data_path:inst2|BANK_REG:inst1|PC:inst4|REGISTER32bit:inst|REGISTER4bit:inst|inst20                            ; data_path:inst2|BANK_REG:inst1|SP:inst1|REGISTER32bit:inst|REGISTER4bit:inst16|inst5  ; CLOCK        ; CLOCK       ; 1.000        ; -1.352     ; 18.939     ;
+---------+----------------------------------------------------------------------------------------------------------------+---------------------------------------------------------------------------------------+--------------+-------------+--------------+------------+------------+


+------------------------------------------------------------------------------------------------------------------------------------------------------------------------------------------------------------------------------------------------------------------------------------------+
; Slow Model Hold: 'CLOCK'                                                                                                                                                                                                                                                                 ;
+--------+-----------------------------------------------------------------------------------------------------------------+-----------------------------------------------------------------------------------------+--------------+-------------+--------------+------------+------------+
; Slack  ; From Node                                                                                                       ; To Node                                                                                 ; Launch Clock ; Latch Clock ; Relationship ; Clock Skew ; Data Delay ;
+--------+-----------------------------------------------------------------------------------------------------------------+-----------------------------------------------------------------------------------------+--------------+-------------+--------------+------------+------------+
; -2.349 ; UNIDADE_CONTROLE:inst|CONTROLSTORE:inst3|altsyncram:altsyncram_component|altsyncram_ds61:auto_generated|q_a[22] ; data_path:inst2|BANK_REG:inst1|MAR:inst|REGISTER32bit:inst|REGISTER4bit:inst|inst5      ; CLOCK        ; CLOCK       ; -0.500       ; 4.471      ; 1.888      ;
; -2.132 ; UNIDADE_CONTROLE:inst|CONTROLSTORE:inst3|altsyncram:altsyncram_component|altsyncram_ds61:auto_generated|q_a[23] ; data_path:inst2|BANK_REG:inst1|MAR:inst|REGISTER32bit:inst|REGISTER4bit:inst3|inst5     ; CLOCK        ; CLOCK       ; -0.500       ; 4.460      ; 2.094      ;
; -2.042 ; UNIDADE_CONTROLE:inst|CONTROLSTORE:inst3|altsyncram:altsyncram_component|altsyncram_ds61:auto_generated|q_a[23] ; data_path:inst2|BANK_REG:inst1|MAR:inst|REGISTER32bit:inst|REGISTER4bit:inst|inst5      ; CLOCK        ; CLOCK       ; -0.500       ; 4.471      ; 2.195      ;
; -1.909 ; UNIDADE_CONTROLE:inst|CONTROLSTORE:inst3|altsyncram:altsyncram_component|altsyncram_ds61:auto_generated|q_a[22] ; data_path:inst2|BANK_REG:inst1|MAR:inst|REGISTER32bit:inst|REGISTER4bit:inst15|inst20   ; CLOCK        ; CLOCK       ; -0.500       ; 4.460      ; 2.317      ;
; -1.847 ; UNIDADE_CONTROLE:inst|CONTROLSTORE:inst3|altsyncram:altsyncram_component|altsyncram_ds61:auto_generated|q_a[23] ; data_path:inst2|BANK_REG:inst1|MAR:inst|REGISTER32bit:inst|REGISTER4bit:inst15|inst20   ; CLOCK        ; CLOCK       ; -0.500       ; 4.460      ; 2.379      ;
; -1.802 ; UNIDADE_CONTROLE:inst|CONTROLSTORE:inst3|altsyncram:altsyncram_component|altsyncram_ds61:auto_generated|q_a[22] ; data_path:inst2|BANK_REG:inst1|MAR:inst|REGISTER32bit:inst|REGISTER4bit:inst3|inst5     ; CLOCK        ; CLOCK       ; -0.500       ; 4.460      ; 2.424      ;
; -1.768 ; UNIDADE_CONTROLE:inst|CONTROLSTORE:inst3|altsyncram:altsyncram_component|altsyncram_ds61:auto_generated|q_a[23] ; data_path:inst2|BANK_REG:inst1|MAR:inst|REGISTER32bit:inst|REGISTER4bit:inst3|inst      ; CLOCK        ; CLOCK       ; -0.500       ; 4.460      ; 2.458      ;
; -1.652 ; UNIDADE_CONTROLE:inst|CONTROLSTORE:inst3|altsyncram:altsyncram_component|altsyncram_ds61:auto_generated|q_a[22] ; data_path:inst2|BANK_REG:inst1|MAR:inst|REGISTER32bit:inst|REGISTER4bit:inst2|inst16    ; CLOCK        ; CLOCK       ; -0.500       ; 4.476      ; 2.590      ;
; -1.651 ; UNIDADE_CONTROLE:inst|CONTROLSTORE:inst3|altsyncram:altsyncram_component|altsyncram_ds61:auto_generated|q_a[23] ; data_path:inst2|BANK_REG:inst1|MAR:inst|REGISTER32bit:inst|REGISTER4bit:inst1|inst      ; CLOCK        ; CLOCK       ; -0.500       ; 4.460      ; 2.575      ;
; -1.640 ; UNIDADE_CONTROLE:inst|CONTROLSTORE:inst3|altsyncram:altsyncram_component|altsyncram_ds61:auto_generated|q_a[22] ; data_path:inst2|BANK_REG:inst1|MAR:inst|REGISTER32bit:inst|REGISTER4bit:inst|inst20     ; CLOCK        ; CLOCK       ; -0.500       ; 4.476      ; 2.602      ;
; -1.630 ; UNIDADE_CONTROLE:inst|CONTROLSTORE:inst3|altsyncram:altsyncram_component|altsyncram_ds61:auto_generated|q_a[23] ; data_path:inst2|BANK_REG:inst1|MAR:inst|REGISTER32bit:inst|REGISTER4bit:inst14|inst20   ; CLOCK        ; CLOCK       ; -0.500       ; 4.460      ; 2.596      ;
; -1.515 ; UNIDADE_CONTROLE:inst|CONTROLSTORE:inst3|altsyncram:altsyncram_component|altsyncram_ds61:auto_generated|q_a[22] ; data_path:inst2|BANK_REG:inst1|MAR:inst|REGISTER32bit:inst|REGISTER4bit:inst16|inst     ; CLOCK        ; CLOCK       ; -0.500       ; 4.460      ; 2.711      ;
; -1.483 ; UNIDADE_CONTROLE:inst|CONTROLSTORE:inst3|altsyncram:altsyncram_component|altsyncram_ds61:auto_generated|q_a[23] ; data_path:inst2|BANK_REG:inst1|MAR:inst|REGISTER32bit:inst|REGISTER4bit:inst2|inst16    ; CLOCK        ; CLOCK       ; -0.500       ; 4.476      ; 2.759      ;
; -1.475 ; UNIDADE_CONTROLE:inst|CONTROLSTORE:inst3|altsyncram:altsyncram_component|altsyncram_ds61:auto_generated|q_a[23] ; data_path:inst2|BANK_REG:inst1|MAR:inst|REGISTER32bit:inst|REGISTER4bit:inst|inst20     ; CLOCK        ; CLOCK       ; -0.500       ; 4.476      ; 2.767      ;
; -1.474 ; UNIDADE_CONTROLE:inst|CONTROLSTORE:inst3|altsyncram:altsyncram_component|altsyncram_ds61:auto_generated|q_a[23] ; data_path:inst2|BANK_REG:inst1|MAR:inst|REGISTER32bit:inst|REGISTER4bit:inst16|inst     ; CLOCK        ; CLOCK       ; -0.500       ; 4.460      ; 2.752      ;
; -1.445 ; UNIDADE_CONTROLE:inst|CONTROLSTORE:inst3|altsyncram:altsyncram_component|altsyncram_ds61:auto_generated|q_a[21] ; data_path:inst2|BANK_REG:inst1|MAR:inst|REGISTER32bit:inst|REGISTER4bit:inst|inst5      ; CLOCK        ; CLOCK       ; -0.500       ; 4.461      ; 2.782      ;
; -1.433 ; UNIDADE_CONTROLE:inst|CONTROLSTORE:inst3|altsyncram:altsyncram_component|altsyncram_ds61:auto_generated|q_a[23] ; data_path:inst2|BANK_REG:inst1|MAR:inst|REGISTER32bit:inst|REGISTER4bit:inst14|inst16   ; CLOCK        ; CLOCK       ; -0.500       ; 4.460      ; 2.793      ;
; -1.418 ; UNIDADE_CONTROLE:inst|CONTROLSTORE:inst3|altsyncram:altsyncram_component|altsyncram_ds61:auto_generated|q_a[22] ; data_path:inst2|BANK_REG:inst1|PC:inst4|REGISTER32bit:inst|REGISTER4bit:inst14|inst     ; CLOCK        ; CLOCK       ; -0.500       ; 3.682      ; 2.030      ;
; -1.403 ; UNIDADE_CONTROLE:inst|CONTROLSTORE:inst3|altsyncram:altsyncram_component|altsyncram_ds61:auto_generated|q_a[23] ; data_path:inst2|BANK_REG:inst1|TOS:inst7|REGISTER32bit:inst|REGISTER4bit:inst14|inst20  ; CLOCK        ; CLOCK       ; -0.500       ; 3.407      ; 1.770      ;
; -1.403 ; UNIDADE_CONTROLE:inst|CONTROLSTORE:inst3|altsyncram:altsyncram_component|altsyncram_ds61:auto_generated|q_a[23] ; data_path:inst2|BANK_REG:inst1|LV:inst2|REGISTER32bit:inst|REGISTER4bit:inst1|inst      ; CLOCK        ; CLOCK       ; -0.500       ; 3.117      ; 1.480      ;
; -1.403 ; UNIDADE_CONTROLE:inst|CONTROLSTORE:inst3|altsyncram:altsyncram_component|altsyncram_ds61:auto_generated|q_a[23] ; data_path:inst2|BANK_REG:inst1|LV:inst2|REGISTER32bit:inst|REGISTER4bit:inst11|inst     ; CLOCK        ; CLOCK       ; -0.500       ; 3.116      ; 1.479      ;
; -1.397 ; UNIDADE_CONTROLE:inst|CONTROLSTORE:inst3|altsyncram:altsyncram_component|altsyncram_ds61:auto_generated|q_a[23] ; data_path:inst2|BANK_REG:inst1|LV:inst2|REGISTER32bit:inst|REGISTER4bit:inst2|inst5     ; CLOCK        ; CLOCK       ; -0.500       ; 3.117      ; 1.486      ;
; -1.363 ; UNIDADE_CONTROLE:inst|CONTROLSTORE:inst3|altsyncram:altsyncram_component|altsyncram_ds61:auto_generated|q_a[23] ; data_path:inst2|BANK_REG:inst1|PC:inst4|REGISTER32bit:inst|REGISTER4bit:inst14|inst     ; CLOCK        ; CLOCK       ; -0.500       ; 3.682      ; 2.085      ;
; -1.350 ; UNIDADE_CONTROLE:inst|CONTROLSTORE:inst3|altsyncram:altsyncram_component|altsyncram_ds61:auto_generated|q_a[22] ; data_path:inst2|BANK_REG:inst1|LV:inst2|REGISTER32bit:inst|REGISTER4bit:inst11|inst     ; CLOCK        ; CLOCK       ; -0.500       ; 3.116      ; 1.532      ;
; -1.314 ; UNIDADE_CONTROLE:inst|CONTROLSTORE:inst3|altsyncram:altsyncram_component|altsyncram_ds61:auto_generated|q_a[23] ; data_path:inst2|BANK_REG:inst1|MAR:inst|REGISTER32bit:inst|REGISTER4bit:inst14|inst5    ; CLOCK        ; CLOCK       ; -0.500       ; 4.439      ; 2.891      ;
; -1.309 ; UNIDADE_CONTROLE:inst|CONTROLSTORE:inst3|altsyncram:altsyncram_component|altsyncram_ds61:auto_generated|q_a[22] ; data_path:inst2|BANK_REG:inst1|PC:inst4|REGISTER32bit:inst|REGISTER4bit:inst11|inst20   ; CLOCK        ; CLOCK       ; -0.500       ; 3.683      ; 2.140      ;
; -1.308 ; UNIDADE_CONTROLE:inst|CONTROLSTORE:inst3|altsyncram:altsyncram_component|altsyncram_ds61:auto_generated|q_a[22] ; data_path:inst2|BANK_REG:inst1|PC:inst4|REGISTER32bit:inst|REGISTER4bit:inst3|inst16    ; CLOCK        ; CLOCK       ; -0.500       ; 3.683      ; 2.141      ;
; -1.306 ; UNIDADE_CONTROLE:inst|CONTROLSTORE:inst3|altsyncram:altsyncram_component|altsyncram_ds61:auto_generated|q_a[22] ; data_path:inst2|BANK_REG:inst1|MAR:inst|REGISTER32bit:inst|REGISTER4bit:inst14|inst16   ; CLOCK        ; CLOCK       ; -0.500       ; 4.460      ; 2.920      ;
; -1.297 ; UNIDADE_CONTROLE:inst|CONTROLSTORE:inst3|altsyncram:altsyncram_component|altsyncram_ds61:auto_generated|q_a[22] ; data_path:inst2|BANK_REG:inst1|TOS:inst7|REGISTER32bit:inst|REGISTER4bit:inst|inst5     ; CLOCK        ; CLOCK       ; -0.500       ; 3.419      ; 1.888      ;
; -1.297 ; UNIDADE_CONTROLE:inst|CONTROLSTORE:inst3|altsyncram:altsyncram_component|altsyncram_ds61:auto_generated|q_a[23] ; data_path:inst2|BANK_REG:inst1|MAR:inst|REGISTER32bit:inst|REGISTER4bit:inst15|inst5    ; CLOCK        ; CLOCK       ; -0.500       ; 4.452      ; 2.921      ;
; -1.284 ; UNIDADE_CONTROLE:inst|CONTROLSTORE:inst3|altsyncram:altsyncram_component|altsyncram_ds61:auto_generated|q_a[22] ; data_path:inst2|BANK_REG:inst1|PC:inst4|REGISTER32bit:inst|REGISTER4bit:inst1|inst16    ; CLOCK        ; CLOCK       ; -0.500       ; 3.683      ; 2.165      ;
; -1.274 ; UNIDADE_CONTROLE:inst|CONTROLSTORE:inst3|altsyncram:altsyncram_component|altsyncram_ds61:auto_generated|q_a[22] ; data_path:inst2|BANK_REG:inst1|MAR:inst|REGISTER32bit:inst|REGISTER4bit:inst3|inst      ; CLOCK        ; CLOCK       ; -0.500       ; 4.460      ; 2.952      ;
; -1.224 ; UNIDADE_CONTROLE:inst|CONTROLSTORE:inst3|altsyncram:altsyncram_component|altsyncram_ds61:auto_generated|q_a[23] ; data_path:inst2|BANK_REG:inst1|PC:inst4|REGISTER32bit:inst|REGISTER4bit:inst15|inst5    ; CLOCK        ; CLOCK       ; -0.500       ; 3.695      ; 2.237      ;
; -1.206 ; UNIDADE_CONTROLE:inst|CONTROLSTORE:inst3|altsyncram:altsyncram_component|altsyncram_ds61:auto_generated|q_a[23] ; data_path:inst2|BANK_REG:inst1|CPP:inst6|REGISTER32bit:inst|REGISTER4bit:inst3|inst     ; CLOCK        ; CLOCK       ; -0.500       ; 3.349      ; 1.909      ;
; -1.204 ; UNIDADE_CONTROLE:inst|CONTROLSTORE:inst3|altsyncram:altsyncram_component|altsyncram_ds61:auto_generated|q_a[22] ; data_path:inst2|BANK_REG:inst1|MAR:inst|REGISTER32bit:inst|REGISTER4bit:inst14|inst20   ; CLOCK        ; CLOCK       ; -0.500       ; 4.460      ; 3.022      ;
; -1.193 ; UNIDADE_CONTROLE:inst|CONTROLSTORE:inst3|altsyncram:altsyncram_component|altsyncram_ds61:auto_generated|q_a[18] ; data_path:inst2|BANK_REG:inst1|MAR:inst|REGISTER32bit:inst|REGISTER4bit:inst|inst5      ; CLOCK        ; CLOCK       ; -0.500       ; 4.471      ; 3.044      ;
; -1.191 ; UNIDADE_CONTROLE:inst|CONTROLSTORE:inst3|altsyncram:altsyncram_component|altsyncram_ds61:auto_generated|q_a[23] ; data_path:inst2|BANK_REG:inst1|MAR:inst|REGISTER32bit:inst|REGISTER4bit:inst16|inst16   ; CLOCK        ; CLOCK       ; -0.500       ; 4.460      ; 3.035      ;
; -1.191 ; UNIDADE_CONTROLE:inst|CONTROLSTORE:inst3|altsyncram:altsyncram_component|altsyncram_ds61:auto_generated|q_a[20] ; data_path:inst2|BANK_REG:inst1|MAR:inst|REGISTER32bit:inst|REGISTER4bit:inst|inst5      ; CLOCK        ; CLOCK       ; -0.500       ; 4.471      ; 3.046      ;
; -1.104 ; UNIDADE_CONTROLE:inst|CONTROLSTORE:inst3|altsyncram:altsyncram_component|altsyncram_ds61:auto_generated|q_a[22] ; data_path:inst2|BANK_REG:inst1|MAR:inst|REGISTER32bit:inst|REGISTER4bit:inst14|inst     ; CLOCK        ; CLOCK       ; -0.500       ; 4.438      ; 3.100      ;
; -1.082 ; UNIDADE_CONTROLE:inst|CONTROLSTORE:inst3|altsyncram:altsyncram_component|altsyncram_ds61:auto_generated|q_a[22] ; data_path:inst2|BANK_REG:inst1|PC:inst4|REGISTER32bit:inst|REGISTER4bit:inst|inst5      ; CLOCK        ; CLOCK       ; -0.500       ; 3.690      ; 2.374      ;
; -1.075 ; UNIDADE_CONTROLE:inst|CONTROLSTORE:inst3|altsyncram:altsyncram_component|altsyncram_ds61:auto_generated|q_a[23] ; data_path:inst2|BANK_REG:inst1|LV:inst2|REGISTER32bit:inst|REGISTER4bit:inst14|inst5    ; CLOCK        ; CLOCK       ; -0.500       ; 3.111      ; 1.802      ;
; -1.061 ; UNIDADE_CONTROLE:inst|CONTROLSTORE:inst3|altsyncram:altsyncram_component|altsyncram_ds61:auto_generated|q_a[23] ; data_path:inst2|BANK_REG:inst1|PC:inst4|REGISTER32bit:inst|REGISTER4bit:inst1|inst16    ; CLOCK        ; CLOCK       ; -0.500       ; 3.683      ; 2.388      ;
; -1.060 ; UNIDADE_CONTROLE:inst|CONTROLSTORE:inst3|altsyncram:altsyncram_component|altsyncram_ds61:auto_generated|q_a[23] ; data_path:inst2|BANK_REG:inst1|PC:inst4|REGISTER32bit:inst|REGISTER4bit:inst3|inst16    ; CLOCK        ; CLOCK       ; -0.500       ; 3.683      ; 2.389      ;
; -1.059 ; UNIDADE_CONTROLE:inst|CONTROLSTORE:inst3|altsyncram:altsyncram_component|altsyncram_ds61:auto_generated|q_a[23] ; data_path:inst2|BANK_REG:inst1|PC:inst4|REGISTER32bit:inst|REGISTER4bit:inst11|inst20   ; CLOCK        ; CLOCK       ; -0.500       ; 3.683      ; 2.390      ;
; -1.049 ; UNIDADE_CONTROLE:inst|CONTROLSTORE:inst3|altsyncram:altsyncram_component|altsyncram_ds61:auto_generated|q_a[23] ; data_path:inst2|BANK_REG:inst1|MAR:inst|REGISTER32bit:inst|REGISTER4bit:inst14|inst     ; CLOCK        ; CLOCK       ; -0.500       ; 4.438      ; 3.155      ;
; -1.045 ; UNIDADE_CONTROLE:inst|CONTROLSTORE:inst3|altsyncram:altsyncram_component|altsyncram_ds61:auto_generated|q_a[23] ; data_path:inst2|BANK_REG:inst1|MAR:inst|REGISTER32bit:inst|REGISTER4bit:inst15|inst     ; CLOCK        ; CLOCK       ; -0.500       ; 4.460      ; 3.181      ;
; -1.039 ; UNIDADE_CONTROLE:inst|CONTROLSTORE:inst3|altsyncram:altsyncram_component|altsyncram_ds61:auto_generated|q_a[22] ; data_path:inst2|BANK_REG:inst1|MAR:inst|REGISTER32bit:inst|REGISTER4bit:inst16|inst16   ; CLOCK        ; CLOCK       ; -0.500       ; 4.460      ; 3.187      ;
; -0.990 ; UNIDADE_CONTROLE:inst|CONTROLSTORE:inst3|altsyncram:altsyncram_component|altsyncram_ds61:auto_generated|q_a[23] ; data_path:inst2|BANK_REG:inst1|TOS:inst7|REGISTER32bit:inst|REGISTER4bit:inst|inst5     ; CLOCK        ; CLOCK       ; -0.500       ; 3.419      ; 2.195      ;
; -0.988 ; UNIDADE_CONTROLE:inst|CONTROLSTORE:inst3|altsyncram:altsyncram_component|altsyncram_ds61:auto_generated|q_a[22] ; data_path:inst2|BANK_REG:inst1|MAR:inst|REGISTER32bit:inst|REGISTER4bit:inst15|inst5    ; CLOCK        ; CLOCK       ; -0.500       ; 4.452      ; 3.230      ;
; -0.986 ; data_path:inst2|BANK_REG:inst1|MDR:inst3|inst13                                                                 ; data_path:inst2|BANK_REG:inst1|MDR:inst3|REGISTER32bit:inst1|REGISTER4bit:inst14|inst16 ; CLOCK        ; CLOCK       ; -0.500       ; 2.760      ; 1.540      ;
; -0.977 ; UNIDADE_CONTROLE:inst|CONTROLSTORE:inst3|altsyncram:altsyncram_component|altsyncram_ds61:auto_generated|q_a[22] ; data_path:inst2|BANK_REG:inst1|TOS:inst7|REGISTER32bit:inst|REGISTER4bit:inst14|inst20  ; CLOCK        ; CLOCK       ; -0.500       ; 3.407      ; 2.196      ;
; -0.976 ; UNIDADE_CONTROLE:inst|CONTROLSTORE:inst3|altsyncram:altsyncram_component|altsyncram_ds61:auto_generated|q_a[23] ; data_path:inst2|BANK_REG:inst1|MAR:inst|REGISTER32bit:inst|REGISTER4bit:inst16|inst20   ; CLOCK        ; CLOCK       ; -0.500       ; 4.451      ; 3.241      ;
; -0.953 ; UNIDADE_CONTROLE:inst|CONTROLSTORE:inst3|altsyncram:altsyncram_component|altsyncram_ds61:auto_generated|q_a[22] ; data_path:inst2|BANK_REG:inst1|CPP:inst6|REGISTER32bit:inst|REGISTER4bit:inst15|inst16  ; CLOCK        ; CLOCK       ; -0.500       ; 3.356      ; 2.169      ;
; -0.939 ; UNIDADE_CONTROLE:inst|CONTROLSTORE:inst3|altsyncram:altsyncram_component|altsyncram_ds61:auto_generated|q_a[23] ; data_path:inst2|BANK_REG:inst1|CPP:inst6|REGISTER32bit:inst|REGISTER4bit:inst16|inst20  ; CLOCK        ; CLOCK       ; -0.500       ; 3.348      ; 2.175      ;
; -0.937 ; UNIDADE_CONTROLE:inst|CONTROLSTORE:inst3|altsyncram:altsyncram_component|altsyncram_ds61:auto_generated|q_a[23] ; data_path:inst2|BANK_REG:inst1|CPP:inst6|REGISTER32bit:inst|REGISTER4bit:inst14|inst16  ; CLOCK        ; CLOCK       ; -0.500       ; 3.348      ; 2.177      ;
; -0.933 ; UNIDADE_CONTROLE:inst|CONTROLSTORE:inst3|altsyncram:altsyncram_component|altsyncram_ds61:auto_generated|q_a[23] ; data_path:inst2|BANK_REG:inst1|CPP:inst6|REGISTER32bit:inst|REGISTER4bit:inst15|inst    ; CLOCK        ; CLOCK       ; -0.500       ; 3.348      ; 2.181      ;
; -0.915 ; UNIDADE_CONTROLE:inst|CONTROLSTORE:inst3|altsyncram:altsyncram_component|altsyncram_ds61:auto_generated|q_a[22] ; data_path:inst2|BANK_REG:inst1|PC:inst4|REGISTER32bit:inst|REGISTER4bit:inst15|inst5    ; CLOCK        ; CLOCK       ; -0.500       ; 3.695      ; 2.546      ;
; -0.904 ; UNIDADE_CONTROLE:inst|CONTROLSTORE:inst3|altsyncram:altsyncram_component|altsyncram_ds61:auto_generated|q_a[23] ; data_path:inst2|BANK_REG:inst1|CPP:inst6|REGISTER32bit:inst|REGISTER4bit:inst11|inst    ; CLOCK        ; CLOCK       ; -0.500       ; 3.360      ; 2.222      ;
; -0.903 ; UNIDADE_CONTROLE:inst|CONTROLSTORE:inst3|altsyncram:altsyncram_component|altsyncram_ds61:auto_generated|q_a[22] ; data_path:inst2|BANK_REG:inst1|MAR:inst|REGISTER32bit:inst|REGISTER4bit:inst15|inst16   ; CLOCK        ; CLOCK       ; -0.500       ; 4.476      ; 3.339      ;
; -0.896 ; UNIDADE_CONTROLE:inst|CONTROLSTORE:inst3|altsyncram:altsyncram_component|altsyncram_ds61:auto_generated|q_a[22] ; data_path:inst2|BANK_REG:inst1|MAR:inst|REGISTER32bit:inst|REGISTER4bit:inst15|inst     ; CLOCK        ; CLOCK       ; -0.500       ; 4.460      ; 3.330      ;
; -0.881 ; UNIDADE_CONTROLE:inst|CONTROLSTORE:inst3|altsyncram:altsyncram_component|altsyncram_ds61:auto_generated|q_a[22] ; data_path:inst2|BANK_REG:inst1|PC:inst4|REGISTER32bit:inst|REGISTER4bit:inst15|inst16   ; CLOCK        ; CLOCK       ; -0.500       ; 3.683      ; 2.568      ;
; -0.862 ; UNIDADE_CONTROLE:inst|CONTROLSTORE:inst3|altsyncram:altsyncram_component|altsyncram_ds61:auto_generated|q_a[22] ; data_path:inst2|BANK_REG:inst1|PC:inst4|REGISTER32bit:inst|REGISTER4bit:inst1|inst5     ; CLOCK        ; CLOCK       ; -0.500       ; 3.683      ; 2.587      ;
; -0.851 ; UNIDADE_CONTROLE:inst|CONTROLSTORE:inst3|altsyncram:altsyncram_component|altsyncram_ds61:auto_generated|q_a[22] ; data_path:inst2|BANK_REG:inst1|CPP:inst6|REGISTER32bit:inst|REGISTER4bit:inst11|inst    ; CLOCK        ; CLOCK       ; -0.500       ; 3.360      ; 2.275      ;
; -0.845 ; UNIDADE_CONTROLE:inst|CONTROLSTORE:inst3|altsyncram:altsyncram_component|altsyncram_ds61:auto_generated|q_a[21] ; data_path:inst2|BANK_REG:inst1|MAR:inst|REGISTER32bit:inst|REGISTER4bit:inst|inst20     ; CLOCK        ; CLOCK       ; -0.500       ; 4.466      ; 3.387      ;
; -0.841 ; UNIDADE_CONTROLE:inst|CONTROLSTORE:inst3|altsyncram:altsyncram_component|altsyncram_ds61:auto_generated|q_a[22] ; data_path:inst2|BANK_REG:inst1|MAR:inst|REGISTER32bit:inst|REGISTER4bit:inst14|inst5    ; CLOCK        ; CLOCK       ; -0.500       ; 4.439      ; 3.364      ;
; -0.841 ; UNIDADE_CONTROLE:inst|CONTROLSTORE:inst3|altsyncram:altsyncram_component|altsyncram_ds61:auto_generated|q_a[18] ; data_path:inst2|BANK_REG:inst1|MAR:inst|REGISTER32bit:inst|REGISTER4bit:inst|inst20     ; CLOCK        ; CLOCK       ; -0.500       ; 4.476      ; 3.401      ;
; -0.829 ; data_path:inst2|BANK_REG:inst1|MDR:inst3|inst13                                                                 ; data_path:inst2|BANK_REG:inst1|MDR:inst3|REGISTER32bit:inst1|REGISTER4bit:inst11|inst   ; CLOCK        ; CLOCK       ; -0.500       ; 2.761      ; 1.698      ;
; -0.829 ; data_path:inst2|BANK_REG:inst1|MDR:inst3|inst13                                                                 ; data_path:inst2|BANK_REG:inst1|MDR:inst3|REGISTER32bit:inst1|REGISTER4bit:inst14|inst20 ; CLOCK        ; CLOCK       ; -0.500       ; 2.760      ; 1.697      ;
; -0.828 ; data_path:inst2|BANK_REG:inst1|MDR:inst3|inst13                                                                 ; data_path:inst2|BANK_REG:inst1|MDR:inst3|REGISTER32bit:inst1|REGISTER4bit:inst2|inst16  ; CLOCK        ; CLOCK       ; -0.500       ; 2.761      ; 1.699      ;
; -0.824 ; data_path:inst2|BANK_REG:inst1|MDR:inst3|inst13                                                                 ; data_path:inst2|BANK_REG:inst1|MDR:inst3|REGISTER32bit:inst1|REGISTER4bit:inst1|inst    ; CLOCK        ; CLOCK       ; -0.500       ; 2.760      ; 1.702      ;
; -0.823 ; UNIDADE_CONTROLE:inst|CONTROLSTORE:inst3|altsyncram:altsyncram_component|altsyncram_ds61:auto_generated|q_a[22] ; data_path:inst2|BANK_REG:inst1|MAR:inst|REGISTER32bit:inst|REGISTER4bit:inst16|inst20   ; CLOCK        ; CLOCK       ; -0.500       ; 4.451      ; 3.394      ;
; -0.814 ; UNIDADE_CONTROLE:inst|CONTROLSTORE:inst3|altsyncram:altsyncram_component|altsyncram_ds61:auto_generated|q_a[22] ; data_path:inst2|BANK_REG:inst1|H:inst10|REGISTER32bit:inst|REGISTER4bit:inst14|inst     ; CLOCK        ; CLOCK       ; -0.500       ; 3.474      ; 2.426      ;
; -0.810 ; UNIDADE_CONTROLE:inst|CONTROLSTORE:inst3|altsyncram:altsyncram_component|altsyncram_ds61:auto_generated|q_a[22] ; data_path:inst2|BANK_REG:inst1|CPP:inst6|REGISTER32bit:inst|REGISTER4bit:inst14|inst16  ; CLOCK        ; CLOCK       ; -0.500       ; 3.348      ; 2.304      ;
; -0.786 ; UNIDADE_CONTROLE:inst|CONTROLSTORE:inst3|altsyncram:altsyncram_component|altsyncram_ds61:auto_generated|q_a[22] ; data_path:inst2|BANK_REG:inst1|CPP:inst6|REGISTER32bit:inst|REGISTER4bit:inst16|inst20  ; CLOCK        ; CLOCK       ; -0.500       ; 3.348      ; 2.328      ;
; -0.784 ; UNIDADE_CONTROLE:inst|CONTROLSTORE:inst3|altsyncram:altsyncram_component|altsyncram_ds61:auto_generated|q_a[22] ; data_path:inst2|BANK_REG:inst1|CPP:inst6|REGISTER32bit:inst|REGISTER4bit:inst15|inst    ; CLOCK        ; CLOCK       ; -0.500       ; 3.348      ; 2.330      ;
; -0.775 ; UNIDADE_CONTROLE:inst|CONTROLSTORE:inst3|altsyncram:altsyncram_component|altsyncram_ds61:auto_generated|q_a[23] ; data_path:inst2|BANK_REG:inst1|PC:inst4|REGISTER32bit:inst|REGISTER4bit:inst|inst5      ; CLOCK        ; CLOCK       ; -0.500       ; 3.690      ; 2.681      ;
; -0.759 ; UNIDADE_CONTROLE:inst|CONTROLSTORE:inst3|altsyncram:altsyncram_component|altsyncram_ds61:auto_generated|q_a[23] ; data_path:inst2|BANK_REG:inst1|H:inst10|REGISTER32bit:inst|REGISTER4bit:inst14|inst     ; CLOCK        ; CLOCK       ; -0.500       ; 3.474      ; 2.481      ;
; -0.738 ; UNIDADE_CONTROLE:inst|CONTROLSTORE:inst3|altsyncram:altsyncram_component|altsyncram_ds61:auto_generated|q_a[21] ; data_path:inst2|BANK_REG:inst1|MAR:inst|REGISTER32bit:inst|REGISTER4bit:inst3|inst5     ; CLOCK        ; CLOCK       ; -0.500       ; 4.450      ; 3.478      ;
; -0.723 ; UNIDADE_CONTROLE:inst|CONTROLSTORE:inst3|altsyncram:altsyncram_component|altsyncram_ds61:auto_generated|q_a[23] ; data_path:inst2|BANK_REG:inst1|CPP:inst6|REGISTER32bit:inst|REGISTER4bit:inst15|inst16  ; CLOCK        ; CLOCK       ; -0.500       ; 3.356      ; 2.399      ;
; -0.722 ; UNIDADE_CONTROLE:inst|CONTROLSTORE:inst3|altsyncram:altsyncram_component|altsyncram_ds61:auto_generated|q_a[23] ; data_path:inst2|BANK_REG:inst1|TOS:inst7|REGISTER32bit:inst|REGISTER4bit:inst1|inst     ; CLOCK        ; CLOCK       ; -0.500       ; 3.419      ; 2.463      ;
; -0.712 ; UNIDADE_CONTROLE:inst|CONTROLSTORE:inst3|altsyncram:altsyncram_component|altsyncram_ds61:auto_generated|q_a[22] ; data_path:inst2|BANK_REG:inst1|CPP:inst6|REGISTER32bit:inst|REGISTER4bit:inst3|inst     ; CLOCK        ; CLOCK       ; -0.500       ; 3.349      ; 2.403      ;
; -0.689 ; UNIDADE_CONTROLE:inst|CONTROLSTORE:inst3|altsyncram:altsyncram_component|altsyncram_ds61:auto_generated|q_a[23] ; data_path:inst2|BANK_REG:inst1|H:inst10|REGISTER32bit:inst|REGISTER4bit:inst14|inst5    ; CLOCK        ; CLOCK       ; -0.500       ; 3.474      ; 2.551      ;
; -0.686 ; data_path:inst2|BANK_REG:inst1|MDR:inst3|inst13                                                                 ; data_path:inst2|BANK_REG:inst1|MDR:inst3|REGISTER32bit:inst1|REGISTER4bit:inst3|inst5   ; CLOCK        ; CLOCK       ; -0.500       ; 2.758      ; 1.838      ;
; -0.686 ; data_path:inst2|BANK_REG:inst1|MDR:inst3|inst13                                                                 ; data_path:inst2|BANK_REG:inst1|MDR:inst3|REGISTER32bit:inst1|REGISTER4bit:inst3|inst16  ; CLOCK        ; CLOCK       ; -0.500       ; 2.758      ; 1.838      ;
; -0.679 ; data_path:inst2|BANK_REG:inst1|MDR:inst3|inst13                                                                 ; data_path:inst2|BANK_REG:inst1|MDR:inst3|REGISTER32bit:inst1|REGISTER4bit:inst11|inst16 ; CLOCK        ; CLOCK       ; -0.500       ; 2.761      ; 1.848      ;
; -0.678 ; UNIDADE_CONTROLE:inst|CONTROLSTORE:inst3|altsyncram:altsyncram_component|altsyncram_ds61:auto_generated|q_a[22] ; data_path:inst2|BANK_REG:inst1|MAR:inst|REGISTER32bit:inst|REGISTER4bit:inst1|inst      ; CLOCK        ; CLOCK       ; -0.500       ; 4.460      ; 3.548      ;
; -0.673 ; data_path:inst2|BANK_REG:inst1|MDR:inst3|inst13                                                                 ; data_path:inst2|BANK_REG:inst1|MDR:inst3|REGISTER32bit:inst1|REGISTER4bit:inst15|inst20 ; CLOCK        ; CLOCK       ; -0.500       ; 2.761      ; 1.854      ;
; -0.673 ; UNIDADE_CONTROLE:inst|CONTROLSTORE:inst3|altsyncram:altsyncram_component|altsyncram_ds61:auto_generated|q_a[23] ; data_path:inst2|BANK_REG:inst1|MAR:inst|REGISTER32bit:inst|REGISTER4bit:inst15|inst16   ; CLOCK        ; CLOCK       ; -0.500       ; 4.476      ; 3.569      ;
; -0.671 ; UNIDADE_CONTROLE:inst|CONTROLSTORE:inst3|altsyncram:altsyncram_component|altsyncram_ds61:auto_generated|q_a[23] ; data_path:inst2|BANK_REG:inst1|CPP:inst6|REGISTER32bit:inst|REGISTER4bit:inst1|inst     ; CLOCK        ; CLOCK       ; -0.500       ; 3.360      ; 2.455      ;
; -0.669 ; UNIDADE_CONTROLE:inst|CONTROLSTORE:inst3|altsyncram:altsyncram_component|altsyncram_ds61:auto_generated|q_a[23] ; data_path:inst2|BANK_REG:inst1|PC:inst4|REGISTER32bit:inst|REGISTER4bit:inst11|inst     ; CLOCK        ; CLOCK       ; -0.500       ; 3.695      ; 2.792      ;
; -0.656 ; data_path:inst2|BANK_REG:inst1|MDR:inst3|inst13                                                                 ; data_path:inst2|BANK_REG:inst1|MDR:inst3|REGISTER32bit:inst1|REGISTER4bit:inst14|inst   ; CLOCK        ; CLOCK       ; -0.500       ; 2.760      ; 1.870      ;
; -0.651 ; UNIDADE_CONTROLE:inst|CONTROLSTORE:inst3|altsyncram:altsyncram_component|altsyncram_ds61:auto_generated|q_a[22] ; data_path:inst2|BANK_REG:inst1|H:inst10|REGISTER32bit:inst|REGISTER4bit:inst|inst20     ; CLOCK        ; CLOCK       ; -0.500       ; 3.484      ; 2.599      ;
; -0.651 ; UNIDADE_CONTROLE:inst|CONTROLSTORE:inst3|altsyncram:altsyncram_component|altsyncram_ds61:auto_generated|q_a[23] ; data_path:inst2|BANK_REG:inst1|PC:inst4|REGISTER32bit:inst|REGISTER4bit:inst15|inst16   ; CLOCK        ; CLOCK       ; -0.500       ; 3.683      ; 2.798      ;
; -0.648 ; UNIDADE_CONTROLE:inst|CONTROLSTORE:inst3|altsyncram:altsyncram_component|altsyncram_ds61:auto_generated|q_a[23] ; data_path:inst2|BANK_REG:inst1|TOS:inst7|REGISTER32bit:inst|REGISTER4bit:inst11|inst    ; CLOCK        ; CLOCK       ; -0.500       ; 3.407      ; 2.525      ;
; -0.648 ; data_path:inst2|BANK_REG:inst1|MDR:inst3|inst13                                                                 ; data_path:inst2|BANK_REG:inst1|MDR:inst3|REGISTER32bit:inst1|REGISTER4bit:inst11|inst5  ; CLOCK        ; CLOCK       ; -0.500       ; 2.761      ; 1.879      ;
; -0.629 ; UNIDADE_CONTROLE:inst|CONTROLSTORE:inst3|altsyncram:altsyncram_component|altsyncram_ds61:auto_generated|q_a[23] ; data_path:inst2|BANK_REG:inst1|CPP:inst6|REGISTER32bit:inst|REGISTER4bit:inst2|inst5    ; CLOCK        ; CLOCK       ; -0.500       ; 3.360      ; 2.497      ;
; -0.622 ; UNIDADE_CONTROLE:inst|CONTROLSTORE:inst3|altsyncram:altsyncram_component|altsyncram_ds61:auto_generated|q_a[23] ; data_path:inst2|BANK_REG:inst1|H:inst10|REGISTER32bit:inst|REGISTER4bit:inst11|inst     ; CLOCK        ; CLOCK       ; -0.500       ; 3.473      ; 2.617      ;
; -0.620 ; UNIDADE_CONTROLE:inst|CONTROLSTORE:inst3|altsyncram:altsyncram_component|altsyncram_ds61:auto_generated|q_a[23] ; data_path:inst2|BANK_REG:inst1|PC:inst4|REGISTER32bit:inst|REGISTER4bit:inst11|inst5    ; CLOCK        ; CLOCK       ; -0.500       ; 3.695      ; 2.841      ;
; -0.616 ; UNIDADE_CONTROLE:inst|CONTROLSTORE:inst3|altsyncram:altsyncram_component|altsyncram_ds61:auto_generated|q_a[22] ; data_path:inst2|BANK_REG:inst1|PC:inst4|REGISTER32bit:inst|REGISTER4bit:inst11|inst     ; CLOCK        ; CLOCK       ; -0.500       ; 3.695      ; 2.845      ;
; -0.602 ; UNIDADE_CONTROLE:inst|CONTROLSTORE:inst3|altsyncram:altsyncram_component|altsyncram_ds61:auto_generated|q_a[22] ; data_path:inst2|BANK_REG:inst1|LV:inst2|REGISTER32bit:inst|REGISTER4bit:inst14|inst5    ; CLOCK        ; CLOCK       ; -0.500       ; 3.111      ; 2.275      ;
+--------+-----------------------------------------------------------------------------------------------------------------+-----------------------------------------------------------------------------------------+--------------+-------------+--------------+------------+------------+


+--------------------------------------------------------------------------------------------------------------------------------------------------------------------------------------------------------------------------+
; Slow Model Minimum Pulse Width: 'CLOCK'                                                                                                                                                                                  ;
+--------+--------------+----------------+------------------+-------+------------+-----------------------------------------------------------------------------------------------------------------------------------------+
; Slack  ; Actual Width ; Required Width ; Type             ; Clock ; Clock Edge ; Target                                                                                                                                  ;
+--------+--------------+----------------+------------------+-------+------------+-----------------------------------------------------------------------------------------------------------------------------------------+
; -1.423 ; 0.500        ; 1.923          ; High Pulse Width ; CLOCK ; Fall       ; UNIDADE_CONTROLE:inst|CONTROLSTORE:inst3|altsyncram:altsyncram_component|altsyncram_ds61:auto_generated|q_a[0]                          ;
; -1.423 ; 0.500        ; 1.923          ; Low Pulse Width  ; CLOCK ; Fall       ; UNIDADE_CONTROLE:inst|CONTROLSTORE:inst3|altsyncram:altsyncram_component|altsyncram_ds61:auto_generated|q_a[0]                          ;
; -1.423 ; 0.500        ; 1.923          ; High Pulse Width ; CLOCK ; Fall       ; UNIDADE_CONTROLE:inst|CONTROLSTORE:inst3|altsyncram:altsyncram_component|altsyncram_ds61:auto_generated|q_a[10]                         ;
; -1.423 ; 0.500        ; 1.923          ; Low Pulse Width  ; CLOCK ; Fall       ; UNIDADE_CONTROLE:inst|CONTROLSTORE:inst3|altsyncram:altsyncram_component|altsyncram_ds61:auto_generated|q_a[10]                         ;
; -1.423 ; 0.500        ; 1.923          ; High Pulse Width ; CLOCK ; Fall       ; UNIDADE_CONTROLE:inst|CONTROLSTORE:inst3|altsyncram:altsyncram_component|altsyncram_ds61:auto_generated|q_a[11]                         ;
; -1.423 ; 0.500        ; 1.923          ; Low Pulse Width  ; CLOCK ; Fall       ; UNIDADE_CONTROLE:inst|CONTROLSTORE:inst3|altsyncram:altsyncram_component|altsyncram_ds61:auto_generated|q_a[11]                         ;
; -1.423 ; 0.500        ; 1.923          ; High Pulse Width ; CLOCK ; Fall       ; UNIDADE_CONTROLE:inst|CONTROLSTORE:inst3|altsyncram:altsyncram_component|altsyncram_ds61:auto_generated|q_a[12]                         ;
; -1.423 ; 0.500        ; 1.923          ; Low Pulse Width  ; CLOCK ; Fall       ; UNIDADE_CONTROLE:inst|CONTROLSTORE:inst3|altsyncram:altsyncram_component|altsyncram_ds61:auto_generated|q_a[12]                         ;
; -1.423 ; 0.500        ; 1.923          ; High Pulse Width ; CLOCK ; Fall       ; UNIDADE_CONTROLE:inst|CONTROLSTORE:inst3|altsyncram:altsyncram_component|altsyncram_ds61:auto_generated|q_a[13]                         ;
; -1.423 ; 0.500        ; 1.923          ; Low Pulse Width  ; CLOCK ; Fall       ; UNIDADE_CONTROLE:inst|CONTROLSTORE:inst3|altsyncram:altsyncram_component|altsyncram_ds61:auto_generated|q_a[13]                         ;
; -1.423 ; 0.500        ; 1.923          ; High Pulse Width ; CLOCK ; Fall       ; UNIDADE_CONTROLE:inst|CONTROLSTORE:inst3|altsyncram:altsyncram_component|altsyncram_ds61:auto_generated|q_a[14]                         ;
; -1.423 ; 0.500        ; 1.923          ; Low Pulse Width  ; CLOCK ; Fall       ; UNIDADE_CONTROLE:inst|CONTROLSTORE:inst3|altsyncram:altsyncram_component|altsyncram_ds61:auto_generated|q_a[14]                         ;
; -1.423 ; 0.500        ; 1.923          ; High Pulse Width ; CLOCK ; Fall       ; UNIDADE_CONTROLE:inst|CONTROLSTORE:inst3|altsyncram:altsyncram_component|altsyncram_ds61:auto_generated|q_a[15]                         ;
; -1.423 ; 0.500        ; 1.923          ; Low Pulse Width  ; CLOCK ; Fall       ; UNIDADE_CONTROLE:inst|CONTROLSTORE:inst3|altsyncram:altsyncram_component|altsyncram_ds61:auto_generated|q_a[15]                         ;
; -1.423 ; 0.500        ; 1.923          ; High Pulse Width ; CLOCK ; Fall       ; UNIDADE_CONTROLE:inst|CONTROLSTORE:inst3|altsyncram:altsyncram_component|altsyncram_ds61:auto_generated|q_a[16]                         ;
; -1.423 ; 0.500        ; 1.923          ; Low Pulse Width  ; CLOCK ; Fall       ; UNIDADE_CONTROLE:inst|CONTROLSTORE:inst3|altsyncram:altsyncram_component|altsyncram_ds61:auto_generated|q_a[16]                         ;
; -1.423 ; 0.500        ; 1.923          ; High Pulse Width ; CLOCK ; Fall       ; UNIDADE_CONTROLE:inst|CONTROLSTORE:inst3|altsyncram:altsyncram_component|altsyncram_ds61:auto_generated|q_a[17]                         ;
; -1.423 ; 0.500        ; 1.923          ; Low Pulse Width  ; CLOCK ; Fall       ; UNIDADE_CONTROLE:inst|CONTROLSTORE:inst3|altsyncram:altsyncram_component|altsyncram_ds61:auto_generated|q_a[17]                         ;
; -1.423 ; 0.500        ; 1.923          ; High Pulse Width ; CLOCK ; Fall       ; UNIDADE_CONTROLE:inst|CONTROLSTORE:inst3|altsyncram:altsyncram_component|altsyncram_ds61:auto_generated|q_a[18]                         ;
; -1.423 ; 0.500        ; 1.923          ; Low Pulse Width  ; CLOCK ; Fall       ; UNIDADE_CONTROLE:inst|CONTROLSTORE:inst3|altsyncram:altsyncram_component|altsyncram_ds61:auto_generated|q_a[18]                         ;
; -1.423 ; 0.500        ; 1.923          ; High Pulse Width ; CLOCK ; Fall       ; UNIDADE_CONTROLE:inst|CONTROLSTORE:inst3|altsyncram:altsyncram_component|altsyncram_ds61:auto_generated|q_a[19]                         ;
; -1.423 ; 0.500        ; 1.923          ; Low Pulse Width  ; CLOCK ; Fall       ; UNIDADE_CONTROLE:inst|CONTROLSTORE:inst3|altsyncram:altsyncram_component|altsyncram_ds61:auto_generated|q_a[19]                         ;
; -1.423 ; 0.500        ; 1.923          ; High Pulse Width ; CLOCK ; Fall       ; UNIDADE_CONTROLE:inst|CONTROLSTORE:inst3|altsyncram:altsyncram_component|altsyncram_ds61:auto_generated|q_a[1]                          ;
; -1.423 ; 0.500        ; 1.923          ; Low Pulse Width  ; CLOCK ; Fall       ; UNIDADE_CONTROLE:inst|CONTROLSTORE:inst3|altsyncram:altsyncram_component|altsyncram_ds61:auto_generated|q_a[1]                          ;
; -1.423 ; 0.500        ; 1.923          ; High Pulse Width ; CLOCK ; Fall       ; UNIDADE_CONTROLE:inst|CONTROLSTORE:inst3|altsyncram:altsyncram_component|altsyncram_ds61:auto_generated|q_a[20]                         ;
; -1.423 ; 0.500        ; 1.923          ; Low Pulse Width  ; CLOCK ; Fall       ; UNIDADE_CONTROLE:inst|CONTROLSTORE:inst3|altsyncram:altsyncram_component|altsyncram_ds61:auto_generated|q_a[20]                         ;
; -1.423 ; 0.500        ; 1.923          ; High Pulse Width ; CLOCK ; Fall       ; UNIDADE_CONTROLE:inst|CONTROLSTORE:inst3|altsyncram:altsyncram_component|altsyncram_ds61:auto_generated|q_a[21]                         ;
; -1.423 ; 0.500        ; 1.923          ; Low Pulse Width  ; CLOCK ; Fall       ; UNIDADE_CONTROLE:inst|CONTROLSTORE:inst3|altsyncram:altsyncram_component|altsyncram_ds61:auto_generated|q_a[21]                         ;
; -1.423 ; 0.500        ; 1.923          ; High Pulse Width ; CLOCK ; Fall       ; UNIDADE_CONTROLE:inst|CONTROLSTORE:inst3|altsyncram:altsyncram_component|altsyncram_ds61:auto_generated|q_a[22]                         ;
; -1.423 ; 0.500        ; 1.923          ; Low Pulse Width  ; CLOCK ; Fall       ; UNIDADE_CONTROLE:inst|CONTROLSTORE:inst3|altsyncram:altsyncram_component|altsyncram_ds61:auto_generated|q_a[22]                         ;
; -1.423 ; 0.500        ; 1.923          ; High Pulse Width ; CLOCK ; Fall       ; UNIDADE_CONTROLE:inst|CONTROLSTORE:inst3|altsyncram:altsyncram_component|altsyncram_ds61:auto_generated|q_a[23]                         ;
; -1.423 ; 0.500        ; 1.923          ; Low Pulse Width  ; CLOCK ; Fall       ; UNIDADE_CONTROLE:inst|CONTROLSTORE:inst3|altsyncram:altsyncram_component|altsyncram_ds61:auto_generated|q_a[23]                         ;
; -1.423 ; 0.500        ; 1.923          ; High Pulse Width ; CLOCK ; Fall       ; UNIDADE_CONTROLE:inst|CONTROLSTORE:inst3|altsyncram:altsyncram_component|altsyncram_ds61:auto_generated|q_a[24]                         ;
; -1.423 ; 0.500        ; 1.923          ; Low Pulse Width  ; CLOCK ; Fall       ; UNIDADE_CONTROLE:inst|CONTROLSTORE:inst3|altsyncram:altsyncram_component|altsyncram_ds61:auto_generated|q_a[24]                         ;
; -1.423 ; 0.500        ; 1.923          ; High Pulse Width ; CLOCK ; Fall       ; UNIDADE_CONTROLE:inst|CONTROLSTORE:inst3|altsyncram:altsyncram_component|altsyncram_ds61:auto_generated|q_a[25]                         ;
; -1.423 ; 0.500        ; 1.923          ; Low Pulse Width  ; CLOCK ; Fall       ; UNIDADE_CONTROLE:inst|CONTROLSTORE:inst3|altsyncram:altsyncram_component|altsyncram_ds61:auto_generated|q_a[25]                         ;
; -1.423 ; 0.500        ; 1.923          ; High Pulse Width ; CLOCK ; Fall       ; UNIDADE_CONTROLE:inst|CONTROLSTORE:inst3|altsyncram:altsyncram_component|altsyncram_ds61:auto_generated|q_a[26]                         ;
; -1.423 ; 0.500        ; 1.923          ; Low Pulse Width  ; CLOCK ; Fall       ; UNIDADE_CONTROLE:inst|CONTROLSTORE:inst3|altsyncram:altsyncram_component|altsyncram_ds61:auto_generated|q_a[26]                         ;
; -1.423 ; 0.500        ; 1.923          ; High Pulse Width ; CLOCK ; Fall       ; UNIDADE_CONTROLE:inst|CONTROLSTORE:inst3|altsyncram:altsyncram_component|altsyncram_ds61:auto_generated|q_a[27]                         ;
; -1.423 ; 0.500        ; 1.923          ; Low Pulse Width  ; CLOCK ; Fall       ; UNIDADE_CONTROLE:inst|CONTROLSTORE:inst3|altsyncram:altsyncram_component|altsyncram_ds61:auto_generated|q_a[27]                         ;
; -1.423 ; 0.500        ; 1.923          ; High Pulse Width ; CLOCK ; Fall       ; UNIDADE_CONTROLE:inst|CONTROLSTORE:inst3|altsyncram:altsyncram_component|altsyncram_ds61:auto_generated|q_a[28]                         ;
; -1.423 ; 0.500        ; 1.923          ; Low Pulse Width  ; CLOCK ; Fall       ; UNIDADE_CONTROLE:inst|CONTROLSTORE:inst3|altsyncram:altsyncram_component|altsyncram_ds61:auto_generated|q_a[28]                         ;
; -1.423 ; 0.500        ; 1.923          ; High Pulse Width ; CLOCK ; Fall       ; UNIDADE_CONTROLE:inst|CONTROLSTORE:inst3|altsyncram:altsyncram_component|altsyncram_ds61:auto_generated|q_a[29]                         ;
; -1.423 ; 0.500        ; 1.923          ; Low Pulse Width  ; CLOCK ; Fall       ; UNIDADE_CONTROLE:inst|CONTROLSTORE:inst3|altsyncram:altsyncram_component|altsyncram_ds61:auto_generated|q_a[29]                         ;
; -1.423 ; 0.500        ; 1.923          ; High Pulse Width ; CLOCK ; Fall       ; UNIDADE_CONTROLE:inst|CONTROLSTORE:inst3|altsyncram:altsyncram_component|altsyncram_ds61:auto_generated|q_a[2]                          ;
; -1.423 ; 0.500        ; 1.923          ; Low Pulse Width  ; CLOCK ; Fall       ; UNIDADE_CONTROLE:inst|CONTROLSTORE:inst3|altsyncram:altsyncram_component|altsyncram_ds61:auto_generated|q_a[2]                          ;
; -1.423 ; 0.500        ; 1.923          ; High Pulse Width ; CLOCK ; Fall       ; UNIDADE_CONTROLE:inst|CONTROLSTORE:inst3|altsyncram:altsyncram_component|altsyncram_ds61:auto_generated|q_a[30]                         ;
; -1.423 ; 0.500        ; 1.923          ; Low Pulse Width  ; CLOCK ; Fall       ; UNIDADE_CONTROLE:inst|CONTROLSTORE:inst3|altsyncram:altsyncram_component|altsyncram_ds61:auto_generated|q_a[30]                         ;
; -1.423 ; 0.500        ; 1.923          ; High Pulse Width ; CLOCK ; Fall       ; UNIDADE_CONTROLE:inst|CONTROLSTORE:inst3|altsyncram:altsyncram_component|altsyncram_ds61:auto_generated|q_a[31]                         ;
; -1.423 ; 0.500        ; 1.923          ; Low Pulse Width  ; CLOCK ; Fall       ; UNIDADE_CONTROLE:inst|CONTROLSTORE:inst3|altsyncram:altsyncram_component|altsyncram_ds61:auto_generated|q_a[31]                         ;
; -1.423 ; 0.500        ; 1.923          ; High Pulse Width ; CLOCK ; Fall       ; UNIDADE_CONTROLE:inst|CONTROLSTORE:inst3|altsyncram:altsyncram_component|altsyncram_ds61:auto_generated|q_a[32]                         ;
; -1.423 ; 0.500        ; 1.923          ; Low Pulse Width  ; CLOCK ; Fall       ; UNIDADE_CONTROLE:inst|CONTROLSTORE:inst3|altsyncram:altsyncram_component|altsyncram_ds61:auto_generated|q_a[32]                         ;
; -1.423 ; 0.500        ; 1.923          ; High Pulse Width ; CLOCK ; Fall       ; UNIDADE_CONTROLE:inst|CONTROLSTORE:inst3|altsyncram:altsyncram_component|altsyncram_ds61:auto_generated|q_a[33]                         ;
; -1.423 ; 0.500        ; 1.923          ; Low Pulse Width  ; CLOCK ; Fall       ; UNIDADE_CONTROLE:inst|CONTROLSTORE:inst3|altsyncram:altsyncram_component|altsyncram_ds61:auto_generated|q_a[33]                         ;
; -1.423 ; 0.500        ; 1.923          ; High Pulse Width ; CLOCK ; Fall       ; UNIDADE_CONTROLE:inst|CONTROLSTORE:inst3|altsyncram:altsyncram_component|altsyncram_ds61:auto_generated|q_a[34]                         ;
; -1.423 ; 0.500        ; 1.923          ; Low Pulse Width  ; CLOCK ; Fall       ; UNIDADE_CONTROLE:inst|CONTROLSTORE:inst3|altsyncram:altsyncram_component|altsyncram_ds61:auto_generated|q_a[34]                         ;
; -1.423 ; 0.500        ; 1.923          ; High Pulse Width ; CLOCK ; Fall       ; UNIDADE_CONTROLE:inst|CONTROLSTORE:inst3|altsyncram:altsyncram_component|altsyncram_ds61:auto_generated|q_a[35]                         ;
; -1.423 ; 0.500        ; 1.923          ; Low Pulse Width  ; CLOCK ; Fall       ; UNIDADE_CONTROLE:inst|CONTROLSTORE:inst3|altsyncram:altsyncram_component|altsyncram_ds61:auto_generated|q_a[35]                         ;
; -1.423 ; 0.500        ; 1.923          ; High Pulse Width ; CLOCK ; Fall       ; UNIDADE_CONTROLE:inst|CONTROLSTORE:inst3|altsyncram:altsyncram_component|altsyncram_ds61:auto_generated|q_a[3]                          ;
; -1.423 ; 0.500        ; 1.923          ; Low Pulse Width  ; CLOCK ; Fall       ; UNIDADE_CONTROLE:inst|CONTROLSTORE:inst3|altsyncram:altsyncram_component|altsyncram_ds61:auto_generated|q_a[3]                          ;
; -1.423 ; 0.500        ; 1.923          ; High Pulse Width ; CLOCK ; Fall       ; UNIDADE_CONTROLE:inst|CONTROLSTORE:inst3|altsyncram:altsyncram_component|altsyncram_ds61:auto_generated|q_a[4]                          ;
; -1.423 ; 0.500        ; 1.923          ; Low Pulse Width  ; CLOCK ; Fall       ; UNIDADE_CONTROLE:inst|CONTROLSTORE:inst3|altsyncram:altsyncram_component|altsyncram_ds61:auto_generated|q_a[4]                          ;
; -1.423 ; 0.500        ; 1.923          ; High Pulse Width ; CLOCK ; Fall       ; UNIDADE_CONTROLE:inst|CONTROLSTORE:inst3|altsyncram:altsyncram_component|altsyncram_ds61:auto_generated|q_a[5]                          ;
; -1.423 ; 0.500        ; 1.923          ; Low Pulse Width  ; CLOCK ; Fall       ; UNIDADE_CONTROLE:inst|CONTROLSTORE:inst3|altsyncram:altsyncram_component|altsyncram_ds61:auto_generated|q_a[5]                          ;
; -1.423 ; 0.500        ; 1.923          ; High Pulse Width ; CLOCK ; Fall       ; UNIDADE_CONTROLE:inst|CONTROLSTORE:inst3|altsyncram:altsyncram_component|altsyncram_ds61:auto_generated|q_a[6]                          ;
; -1.423 ; 0.500        ; 1.923          ; Low Pulse Width  ; CLOCK ; Fall       ; UNIDADE_CONTROLE:inst|CONTROLSTORE:inst3|altsyncram:altsyncram_component|altsyncram_ds61:auto_generated|q_a[6]                          ;
; -1.423 ; 0.500        ; 1.923          ; High Pulse Width ; CLOCK ; Fall       ; UNIDADE_CONTROLE:inst|CONTROLSTORE:inst3|altsyncram:altsyncram_component|altsyncram_ds61:auto_generated|q_a[7]                          ;
; -1.423 ; 0.500        ; 1.923          ; Low Pulse Width  ; CLOCK ; Fall       ; UNIDADE_CONTROLE:inst|CONTROLSTORE:inst3|altsyncram:altsyncram_component|altsyncram_ds61:auto_generated|q_a[7]                          ;
; -1.423 ; 0.500        ; 1.923          ; High Pulse Width ; CLOCK ; Fall       ; UNIDADE_CONTROLE:inst|CONTROLSTORE:inst3|altsyncram:altsyncram_component|altsyncram_ds61:auto_generated|q_a[8]                          ;
; -1.423 ; 0.500        ; 1.923          ; Low Pulse Width  ; CLOCK ; Fall       ; UNIDADE_CONTROLE:inst|CONTROLSTORE:inst3|altsyncram:altsyncram_component|altsyncram_ds61:auto_generated|q_a[8]                          ;
; -1.423 ; 0.500        ; 1.923          ; High Pulse Width ; CLOCK ; Fall       ; UNIDADE_CONTROLE:inst|CONTROLSTORE:inst3|altsyncram:altsyncram_component|altsyncram_ds61:auto_generated|q_a[9]                          ;
; -1.423 ; 0.500        ; 1.923          ; Low Pulse Width  ; CLOCK ; Fall       ; UNIDADE_CONTROLE:inst|CONTROLSTORE:inst3|altsyncram:altsyncram_component|altsyncram_ds61:auto_generated|q_a[9]                          ;
; -1.423 ; 0.500        ; 1.923          ; High Pulse Width ; CLOCK ; Fall       ; UNIDADE_CONTROLE:inst|CONTROLSTORE:inst3|altsyncram:altsyncram_component|altsyncram_ds61:auto_generated|ram_block1a0~porta_address_reg0 ;
; -1.423 ; 0.500        ; 1.923          ; Low Pulse Width  ; CLOCK ; Fall       ; UNIDADE_CONTROLE:inst|CONTROLSTORE:inst3|altsyncram:altsyncram_component|altsyncram_ds61:auto_generated|ram_block1a0~porta_address_reg0 ;
; -1.423 ; 0.500        ; 1.923          ; High Pulse Width ; CLOCK ; Fall       ; UNIDADE_CONTROLE:inst|CONTROLSTORE:inst3|altsyncram:altsyncram_component|altsyncram_ds61:auto_generated|ram_block1a0~porta_address_reg1 ;
; -1.423 ; 0.500        ; 1.923          ; Low Pulse Width  ; CLOCK ; Fall       ; UNIDADE_CONTROLE:inst|CONTROLSTORE:inst3|altsyncram:altsyncram_component|altsyncram_ds61:auto_generated|ram_block1a0~porta_address_reg1 ;
; -1.423 ; 0.500        ; 1.923          ; High Pulse Width ; CLOCK ; Fall       ; UNIDADE_CONTROLE:inst|CONTROLSTORE:inst3|altsyncram:altsyncram_component|altsyncram_ds61:auto_generated|ram_block1a0~porta_address_reg2 ;
; -1.423 ; 0.500        ; 1.923          ; Low Pulse Width  ; CLOCK ; Fall       ; UNIDADE_CONTROLE:inst|CONTROLSTORE:inst3|altsyncram:altsyncram_component|altsyncram_ds61:auto_generated|ram_block1a0~porta_address_reg2 ;
; -1.423 ; 0.500        ; 1.923          ; High Pulse Width ; CLOCK ; Fall       ; UNIDADE_CONTROLE:inst|CONTROLSTORE:inst3|altsyncram:altsyncram_component|altsyncram_ds61:auto_generated|ram_block1a0~porta_address_reg3 ;
; -1.423 ; 0.500        ; 1.923          ; Low Pulse Width  ; CLOCK ; Fall       ; UNIDADE_CONTROLE:inst|CONTROLSTORE:inst3|altsyncram:altsyncram_component|altsyncram_ds61:auto_generated|ram_block1a0~porta_address_reg3 ;
; -1.423 ; 0.500        ; 1.923          ; High Pulse Width ; CLOCK ; Fall       ; UNIDADE_CONTROLE:inst|CONTROLSTORE:inst3|altsyncram:altsyncram_component|altsyncram_ds61:auto_generated|ram_block1a0~porta_address_reg4 ;
; -1.423 ; 0.500        ; 1.923          ; Low Pulse Width  ; CLOCK ; Fall       ; UNIDADE_CONTROLE:inst|CONTROLSTORE:inst3|altsyncram:altsyncram_component|altsyncram_ds61:auto_generated|ram_block1a0~porta_address_reg4 ;
; -1.423 ; 0.500        ; 1.923          ; High Pulse Width ; CLOCK ; Fall       ; UNIDADE_CONTROLE:inst|CONTROLSTORE:inst3|altsyncram:altsyncram_component|altsyncram_ds61:auto_generated|ram_block1a0~porta_address_reg5 ;
; -1.423 ; 0.500        ; 1.923          ; Low Pulse Width  ; CLOCK ; Fall       ; UNIDADE_CONTROLE:inst|CONTROLSTORE:inst3|altsyncram:altsyncram_component|altsyncram_ds61:auto_generated|ram_block1a0~porta_address_reg5 ;
; -1.423 ; 0.500        ; 1.923          ; High Pulse Width ; CLOCK ; Fall       ; UNIDADE_CONTROLE:inst|CONTROLSTORE:inst3|altsyncram:altsyncram_component|altsyncram_ds61:auto_generated|ram_block1a0~porta_address_reg6 ;
; -1.423 ; 0.500        ; 1.923          ; Low Pulse Width  ; CLOCK ; Fall       ; UNIDADE_CONTROLE:inst|CONTROLSTORE:inst3|altsyncram:altsyncram_component|altsyncram_ds61:auto_generated|ram_block1a0~porta_address_reg6 ;
; -1.423 ; 0.500        ; 1.923          ; High Pulse Width ; CLOCK ; Fall       ; UNIDADE_CONTROLE:inst|CONTROLSTORE:inst3|altsyncram:altsyncram_component|altsyncram_ds61:auto_generated|ram_block1a0~porta_address_reg7 ;
; -1.423 ; 0.500        ; 1.923          ; Low Pulse Width  ; CLOCK ; Fall       ; UNIDADE_CONTROLE:inst|CONTROLSTORE:inst3|altsyncram:altsyncram_component|altsyncram_ds61:auto_generated|ram_block1a0~porta_address_reg7 ;
; -1.423 ; 0.500        ; 1.923          ; High Pulse Width ; CLOCK ; Fall       ; UNIDADE_CONTROLE:inst|CONTROLSTORE:inst3|altsyncram:altsyncram_component|altsyncram_ds61:auto_generated|ram_block1a0~porta_address_reg8 ;
; -1.423 ; 0.500        ; 1.923          ; Low Pulse Width  ; CLOCK ; Fall       ; UNIDADE_CONTROLE:inst|CONTROLSTORE:inst3|altsyncram:altsyncram_component|altsyncram_ds61:auto_generated|ram_block1a0~porta_address_reg8 ;
; -1.423 ; 0.500        ; 1.923          ; High Pulse Width ; CLOCK ; Fall       ; UNIDADE_CONTROLE:inst|CONTROLSTORE:inst3|altsyncram:altsyncram_component|altsyncram_ds61:auto_generated|ram_block1a2~porta_address_reg0 ;
; -1.423 ; 0.500        ; 1.923          ; Low Pulse Width  ; CLOCK ; Fall       ; UNIDADE_CONTROLE:inst|CONTROLSTORE:inst3|altsyncram:altsyncram_component|altsyncram_ds61:auto_generated|ram_block1a2~porta_address_reg0 ;
; -1.423 ; 0.500        ; 1.923          ; High Pulse Width ; CLOCK ; Fall       ; UNIDADE_CONTROLE:inst|CONTROLSTORE:inst3|altsyncram:altsyncram_component|altsyncram_ds61:auto_generated|ram_block1a2~porta_address_reg1 ;
; -1.423 ; 0.500        ; 1.923          ; Low Pulse Width  ; CLOCK ; Fall       ; UNIDADE_CONTROLE:inst|CONTROLSTORE:inst3|altsyncram:altsyncram_component|altsyncram_ds61:auto_generated|ram_block1a2~porta_address_reg1 ;
; -1.423 ; 0.500        ; 1.923          ; High Pulse Width ; CLOCK ; Fall       ; UNIDADE_CONTROLE:inst|CONTROLSTORE:inst3|altsyncram:altsyncram_component|altsyncram_ds61:auto_generated|ram_block1a2~porta_address_reg2 ;
; -1.423 ; 0.500        ; 1.923          ; Low Pulse Width  ; CLOCK ; Fall       ; UNIDADE_CONTROLE:inst|CONTROLSTORE:inst3|altsyncram:altsyncram_component|altsyncram_ds61:auto_generated|ram_block1a2~porta_address_reg2 ;
; -1.423 ; 0.500        ; 1.923          ; High Pulse Width ; CLOCK ; Fall       ; UNIDADE_CONTROLE:inst|CONTROLSTORE:inst3|altsyncram:altsyncram_component|altsyncram_ds61:auto_generated|ram_block1a2~porta_address_reg3 ;
; -1.423 ; 0.500        ; 1.923          ; Low Pulse Width  ; CLOCK ; Fall       ; UNIDADE_CONTROLE:inst|CONTROLSTORE:inst3|altsyncram:altsyncram_component|altsyncram_ds61:auto_generated|ram_block1a2~porta_address_reg3 ;
; -1.423 ; 0.500        ; 1.923          ; High Pulse Width ; CLOCK ; Fall       ; UNIDADE_CONTROLE:inst|CONTROLSTORE:inst3|altsyncram:altsyncram_component|altsyncram_ds61:auto_generated|ram_block1a2~porta_address_reg4 ;
; -1.423 ; 0.500        ; 1.923          ; Low Pulse Width  ; CLOCK ; Fall       ; UNIDADE_CONTROLE:inst|CONTROLSTORE:inst3|altsyncram:altsyncram_component|altsyncram_ds61:auto_generated|ram_block1a2~porta_address_reg4 ;
+--------+--------------+----------------+------------------+-------+------------+-----------------------------------------------------------------------------------------------------------------------------------------+


+------------------------------------------------------------------------------+
; Setup Times                                                                  ;
+------------------+------------+-------+-------+------------+-----------------+
; Data Port        ; Clock Port ; Rise  ; Fall  ; Clock Edge ; Clock Reference ;
+------------------+------------+-------+-------+------------+-----------------+
; DATA_MEM_IN[*]   ; CLOCK      ; 2.255 ; 2.255 ; Rise       ; CLOCK           ;
;  DATA_MEM_IN[0]  ; CLOCK      ; 1.198 ; 1.198 ; Rise       ; CLOCK           ;
;  DATA_MEM_IN[1]  ; CLOCK      ; 0.933 ; 0.933 ; Rise       ; CLOCK           ;
;  DATA_MEM_IN[2]  ; CLOCK      ; 1.194 ; 1.194 ; Rise       ; CLOCK           ;
;  DATA_MEM_IN[3]  ; CLOCK      ; 1.072 ; 1.072 ; Rise       ; CLOCK           ;
;  DATA_MEM_IN[4]  ; CLOCK      ; 1.207 ; 1.207 ; Rise       ; CLOCK           ;
;  DATA_MEM_IN[5]  ; CLOCK      ; 1.408 ; 1.408 ; Rise       ; CLOCK           ;
;  DATA_MEM_IN[6]  ; CLOCK      ; 2.255 ; 2.255 ; Rise       ; CLOCK           ;
;  DATA_MEM_IN[7]  ; CLOCK      ; 1.598 ; 1.598 ; Rise       ; CLOCK           ;
;  DATA_MEM_IN[8]  ; CLOCK      ; 0.759 ; 0.759 ; Rise       ; CLOCK           ;
;  DATA_MEM_IN[9]  ; CLOCK      ; 1.130 ; 1.130 ; Rise       ; CLOCK           ;
;  DATA_MEM_IN[10] ; CLOCK      ; 1.197 ; 1.197 ; Rise       ; CLOCK           ;
;  DATA_MEM_IN[11] ; CLOCK      ; 0.674 ; 0.674 ; Rise       ; CLOCK           ;
;  DATA_MEM_IN[12] ; CLOCK      ; 1.318 ; 1.318 ; Rise       ; CLOCK           ;
;  DATA_MEM_IN[13] ; CLOCK      ; 1.178 ; 1.178 ; Rise       ; CLOCK           ;
;  DATA_MEM_IN[14] ; CLOCK      ; 1.713 ; 1.713 ; Rise       ; CLOCK           ;
;  DATA_MEM_IN[15] ; CLOCK      ; 0.958 ; 0.958 ; Rise       ; CLOCK           ;
;  DATA_MEM_IN[16] ; CLOCK      ; 1.411 ; 1.411 ; Rise       ; CLOCK           ;
;  DATA_MEM_IN[17] ; CLOCK      ; 1.154 ; 1.154 ; Rise       ; CLOCK           ;
;  DATA_MEM_IN[18] ; CLOCK      ; 1.576 ; 1.576 ; Rise       ; CLOCK           ;
;  DATA_MEM_IN[19] ; CLOCK      ; 1.705 ; 1.705 ; Rise       ; CLOCK           ;
;  DATA_MEM_IN[20] ; CLOCK      ; 1.657 ; 1.657 ; Rise       ; CLOCK           ;
;  DATA_MEM_IN[21] ; CLOCK      ; 1.817 ; 1.817 ; Rise       ; CLOCK           ;
;  DATA_MEM_IN[22] ; CLOCK      ; 1.167 ; 1.167 ; Rise       ; CLOCK           ;
;  DATA_MEM_IN[23] ; CLOCK      ; 1.279 ; 1.279 ; Rise       ; CLOCK           ;
;  DATA_MEM_IN[24] ; CLOCK      ; 1.557 ; 1.557 ; Rise       ; CLOCK           ;
;  DATA_MEM_IN[25] ; CLOCK      ; 1.457 ; 1.457 ; Rise       ; CLOCK           ;
;  DATA_MEM_IN[26] ; CLOCK      ; 1.788 ; 1.788 ; Rise       ; CLOCK           ;
;  DATA_MEM_IN[27] ; CLOCK      ; 1.544 ; 1.544 ; Rise       ; CLOCK           ;
;  DATA_MEM_IN[28] ; CLOCK      ; 1.225 ; 1.225 ; Rise       ; CLOCK           ;
;  DATA_MEM_IN[29] ; CLOCK      ; 1.304 ; 1.304 ; Rise       ; CLOCK           ;
;  DATA_MEM_IN[30] ; CLOCK      ; 1.211 ; 1.211 ; Rise       ; CLOCK           ;
;  DATA_MEM_IN[31] ; CLOCK      ; 1.239 ; 1.239 ; Rise       ; CLOCK           ;
; PROG_MEM_IN[*]   ; CLOCK      ; 3.773 ; 3.773 ; Rise       ; CLOCK           ;
;  PROG_MEM_IN[0]  ; CLOCK      ; 3.335 ; 3.335 ; Rise       ; CLOCK           ;
;  PROG_MEM_IN[1]  ; CLOCK      ; 3.330 ; 3.330 ; Rise       ; CLOCK           ;
;  PROG_MEM_IN[2]  ; CLOCK      ; 2.792 ; 2.792 ; Rise       ; CLOCK           ;
;  PROG_MEM_IN[3]  ; CLOCK      ; 3.773 ; 3.773 ; Rise       ; CLOCK           ;
;  PROG_MEM_IN[4]  ; CLOCK      ; 3.481 ; 3.481 ; Rise       ; CLOCK           ;
;  PROG_MEM_IN[5]  ; CLOCK      ; 3.539 ; 3.539 ; Rise       ; CLOCK           ;
;  PROG_MEM_IN[6]  ; CLOCK      ; 3.626 ; 3.626 ; Rise       ; CLOCK           ;
;  PROG_MEM_IN[7]  ; CLOCK      ; 3.649 ; 3.649 ; Rise       ; CLOCK           ;
+------------------+------------+-------+-------+------------+-----------------+


+--------------------------------------------------------------------------------+
; Hold Times                                                                     ;
+------------------+------------+--------+--------+------------+-----------------+
; Data Port        ; Clock Port ; Rise   ; Fall   ; Clock Edge ; Clock Reference ;
+------------------+------------+--------+--------+------------+-----------------+
; DATA_MEM_IN[*]   ; CLOCK      ; -0.444 ; -0.444 ; Rise       ; CLOCK           ;
;  DATA_MEM_IN[0]  ; CLOCK      ; -0.968 ; -0.968 ; Rise       ; CLOCK           ;
;  DATA_MEM_IN[1]  ; CLOCK      ; -0.703 ; -0.703 ; Rise       ; CLOCK           ;
;  DATA_MEM_IN[2]  ; CLOCK      ; -0.964 ; -0.964 ; Rise       ; CLOCK           ;
;  DATA_MEM_IN[3]  ; CLOCK      ; -0.842 ; -0.842 ; Rise       ; CLOCK           ;
;  DATA_MEM_IN[4]  ; CLOCK      ; -0.977 ; -0.977 ; Rise       ; CLOCK           ;
;  DATA_MEM_IN[5]  ; CLOCK      ; -1.178 ; -1.178 ; Rise       ; CLOCK           ;
;  DATA_MEM_IN[6]  ; CLOCK      ; -2.025 ; -2.025 ; Rise       ; CLOCK           ;
;  DATA_MEM_IN[7]  ; CLOCK      ; -1.368 ; -1.368 ; Rise       ; CLOCK           ;
;  DATA_MEM_IN[8]  ; CLOCK      ; -0.529 ; -0.529 ; Rise       ; CLOCK           ;
;  DATA_MEM_IN[9]  ; CLOCK      ; -0.900 ; -0.900 ; Rise       ; CLOCK           ;
;  DATA_MEM_IN[10] ; CLOCK      ; -0.967 ; -0.967 ; Rise       ; CLOCK           ;
;  DATA_MEM_IN[11] ; CLOCK      ; -0.444 ; -0.444 ; Rise       ; CLOCK           ;
;  DATA_MEM_IN[12] ; CLOCK      ; -1.088 ; -1.088 ; Rise       ; CLOCK           ;
;  DATA_MEM_IN[13] ; CLOCK      ; -0.948 ; -0.948 ; Rise       ; CLOCK           ;
;  DATA_MEM_IN[14] ; CLOCK      ; -1.483 ; -1.483 ; Rise       ; CLOCK           ;
;  DATA_MEM_IN[15] ; CLOCK      ; -0.728 ; -0.728 ; Rise       ; CLOCK           ;
;  DATA_MEM_IN[16] ; CLOCK      ; -1.181 ; -1.181 ; Rise       ; CLOCK           ;
;  DATA_MEM_IN[17] ; CLOCK      ; -0.924 ; -0.924 ; Rise       ; CLOCK           ;
;  DATA_MEM_IN[18] ; CLOCK      ; -1.346 ; -1.346 ; Rise       ; CLOCK           ;
;  DATA_MEM_IN[19] ; CLOCK      ; -1.475 ; -1.475 ; Rise       ; CLOCK           ;
;  DATA_MEM_IN[20] ; CLOCK      ; -1.427 ; -1.427 ; Rise       ; CLOCK           ;
;  DATA_MEM_IN[21] ; CLOCK      ; -1.587 ; -1.587 ; Rise       ; CLOCK           ;
;  DATA_MEM_IN[22] ; CLOCK      ; -0.937 ; -0.937 ; Rise       ; CLOCK           ;
;  DATA_MEM_IN[23] ; CLOCK      ; -1.049 ; -1.049 ; Rise       ; CLOCK           ;
;  DATA_MEM_IN[24] ; CLOCK      ; -1.327 ; -1.327 ; Rise       ; CLOCK           ;
;  DATA_MEM_IN[25] ; CLOCK      ; -1.227 ; -1.227 ; Rise       ; CLOCK           ;
;  DATA_MEM_IN[26] ; CLOCK      ; -1.558 ; -1.558 ; Rise       ; CLOCK           ;
;  DATA_MEM_IN[27] ; CLOCK      ; -1.314 ; -1.314 ; Rise       ; CLOCK           ;
;  DATA_MEM_IN[28] ; CLOCK      ; -0.995 ; -0.995 ; Rise       ; CLOCK           ;
;  DATA_MEM_IN[29] ; CLOCK      ; -1.074 ; -1.074 ; Rise       ; CLOCK           ;
;  DATA_MEM_IN[30] ; CLOCK      ; -0.981 ; -0.981 ; Rise       ; CLOCK           ;
;  DATA_MEM_IN[31] ; CLOCK      ; -1.009 ; -1.009 ; Rise       ; CLOCK           ;
; PROG_MEM_IN[*]   ; CLOCK      ; -0.886 ; -0.886 ; Rise       ; CLOCK           ;
;  PROG_MEM_IN[0]  ; CLOCK      ; -1.456 ; -1.456 ; Rise       ; CLOCK           ;
;  PROG_MEM_IN[1]  ; CLOCK      ; -0.886 ; -0.886 ; Rise       ; CLOCK           ;
;  PROG_MEM_IN[2]  ; CLOCK      ; -1.201 ; -1.201 ; Rise       ; CLOCK           ;
;  PROG_MEM_IN[3]  ; CLOCK      ; -1.177 ; -1.177 ; Rise       ; CLOCK           ;
;  PROG_MEM_IN[4]  ; CLOCK      ; -1.048 ; -1.048 ; Rise       ; CLOCK           ;
;  PROG_MEM_IN[5]  ; CLOCK      ; -1.103 ; -1.103 ; Rise       ; CLOCK           ;
;  PROG_MEM_IN[6]  ; CLOCK      ; -1.189 ; -1.189 ; Rise       ; CLOCK           ;
;  PROG_MEM_IN[7]  ; CLOCK      ; -1.407 ; -1.407 ; Rise       ; CLOCK           ;
+------------------+------------+--------+--------+------------+-----------------+


+-------------------------------------------------------------------------------------+
; Clock to Output Times                                                               ;
+-----------------------+------------+--------+--------+------------+-----------------+
; Data Port             ; Clock Port ; Rise   ; Fall   ; Clock Edge ; Clock Reference ;
+-----------------------+------------+--------+--------+------------+-----------------+
; A_BUS[*]              ; CLOCK      ; 29.203 ; 29.203 ; Rise       ; CLOCK           ;
;  A_BUS[0]             ; CLOCK      ; 18.227 ; 18.227 ; Rise       ; CLOCK           ;
;  A_BUS[1]             ; CLOCK      ; 17.340 ; 17.340 ; Rise       ; CLOCK           ;
;  A_BUS[2]             ; CLOCK      ; 18.881 ; 18.881 ; Rise       ; CLOCK           ;
;  A_BUS[3]             ; CLOCK      ; 18.047 ; 18.047 ; Rise       ; CLOCK           ;
;  A_BUS[4]             ; CLOCK      ; 20.212 ; 20.212 ; Rise       ; CLOCK           ;
;  A_BUS[5]             ; CLOCK      ; 20.421 ; 20.421 ; Rise       ; CLOCK           ;
;  A_BUS[6]             ; CLOCK      ; 20.289 ; 20.289 ; Rise       ; CLOCK           ;
;  A_BUS[7]             ; CLOCK      ; 19.709 ; 19.709 ; Rise       ; CLOCK           ;
;  A_BUS[8]             ; CLOCK      ; 20.396 ; 20.396 ; Rise       ; CLOCK           ;
;  A_BUS[9]             ; CLOCK      ; 20.645 ; 20.645 ; Rise       ; CLOCK           ;
;  A_BUS[10]            ; CLOCK      ; 22.313 ; 22.313 ; Rise       ; CLOCK           ;
;  A_BUS[11]            ; CLOCK      ; 22.343 ; 22.343 ; Rise       ; CLOCK           ;
;  A_BUS[12]            ; CLOCK      ; 22.975 ; 22.975 ; Rise       ; CLOCK           ;
;  A_BUS[13]            ; CLOCK      ; 22.887 ; 22.887 ; Rise       ; CLOCK           ;
;  A_BUS[14]            ; CLOCK      ; 22.828 ; 22.828 ; Rise       ; CLOCK           ;
;  A_BUS[15]            ; CLOCK      ; 23.820 ; 23.820 ; Rise       ; CLOCK           ;
;  A_BUS[16]            ; CLOCK      ; 24.616 ; 24.616 ; Rise       ; CLOCK           ;
;  A_BUS[17]            ; CLOCK      ; 24.602 ; 24.602 ; Rise       ; CLOCK           ;
;  A_BUS[18]            ; CLOCK      ; 24.906 ; 24.906 ; Rise       ; CLOCK           ;
;  A_BUS[19]            ; CLOCK      ; 26.791 ; 26.791 ; Rise       ; CLOCK           ;
;  A_BUS[20]            ; CLOCK      ; 25.121 ; 25.121 ; Rise       ; CLOCK           ;
;  A_BUS[21]            ; CLOCK      ; 24.815 ; 24.815 ; Rise       ; CLOCK           ;
;  A_BUS[22]            ; CLOCK      ; 26.208 ; 26.208 ; Rise       ; CLOCK           ;
;  A_BUS[23]            ; CLOCK      ; 26.707 ; 26.707 ; Rise       ; CLOCK           ;
;  A_BUS[24]            ; CLOCK      ; 26.952 ; 26.952 ; Rise       ; CLOCK           ;
;  A_BUS[25]            ; CLOCK      ; 26.876 ; 26.876 ; Rise       ; CLOCK           ;
;  A_BUS[26]            ; CLOCK      ; 27.844 ; 27.844 ; Rise       ; CLOCK           ;
;  A_BUS[27]            ; CLOCK      ; 27.930 ; 27.930 ; Rise       ; CLOCK           ;
;  A_BUS[28]            ; CLOCK      ; 28.380 ; 28.380 ; Rise       ; CLOCK           ;
;  A_BUS[29]            ; CLOCK      ; 28.872 ; 28.872 ; Rise       ; CLOCK           ;
;  A_BUS[30]            ; CLOCK      ; 29.172 ; 29.172 ; Rise       ; CLOCK           ;
;  A_BUS[31]            ; CLOCK      ; 29.203 ; 29.203 ; Rise       ; CLOCK           ;
; B_BUS[*]              ; CLOCK      ; 16.222 ; 16.222 ; Rise       ; CLOCK           ;
;  B_BUS[0]             ; CLOCK      ; 15.288 ; 15.288 ; Rise       ; CLOCK           ;
;  B_BUS[1]             ; CLOCK      ; 15.591 ; 15.591 ; Rise       ; CLOCK           ;
;  B_BUS[2]             ; CLOCK      ; 15.306 ; 15.306 ; Rise       ; CLOCK           ;
;  B_BUS[3]             ; CLOCK      ; 14.761 ; 14.761 ; Rise       ; CLOCK           ;
;  B_BUS[4]             ; CLOCK      ; 15.669 ; 15.669 ; Rise       ; CLOCK           ;
;  B_BUS[5]             ; CLOCK      ; 14.638 ; 14.638 ; Rise       ; CLOCK           ;
;  B_BUS[6]             ; CLOCK      ; 14.949 ; 14.949 ; Rise       ; CLOCK           ;
;  B_BUS[7]             ; CLOCK      ; 13.757 ; 13.757 ; Rise       ; CLOCK           ;
;  B_BUS[8]             ; CLOCK      ; 13.683 ; 13.683 ; Rise       ; CLOCK           ;
;  B_BUS[9]             ; CLOCK      ; 14.949 ; 14.949 ; Rise       ; CLOCK           ;
;  B_BUS[10]            ; CLOCK      ; 14.501 ; 14.501 ; Rise       ; CLOCK           ;
;  B_BUS[11]            ; CLOCK      ; 14.199 ; 14.199 ; Rise       ; CLOCK           ;
;  B_BUS[12]            ; CLOCK      ; 13.960 ; 13.960 ; Rise       ; CLOCK           ;
;  B_BUS[13]            ; CLOCK      ; 15.167 ; 15.167 ; Rise       ; CLOCK           ;
;  B_BUS[14]            ; CLOCK      ; 14.537 ; 14.537 ; Rise       ; CLOCK           ;
;  B_BUS[15]            ; CLOCK      ; 14.893 ; 14.893 ; Rise       ; CLOCK           ;
;  B_BUS[16]            ; CLOCK      ; 15.865 ; 15.865 ; Rise       ; CLOCK           ;
;  B_BUS[17]            ; CLOCK      ; 14.345 ; 14.345 ; Rise       ; CLOCK           ;
;  B_BUS[18]            ; CLOCK      ; 13.876 ; 13.876 ; Rise       ; CLOCK           ;
;  B_BUS[19]            ; CLOCK      ; 15.079 ; 15.079 ; Rise       ; CLOCK           ;
;  B_BUS[20]            ; CLOCK      ; 14.541 ; 14.541 ; Rise       ; CLOCK           ;
;  B_BUS[21]            ; CLOCK      ; 14.720 ; 14.720 ; Rise       ; CLOCK           ;
;  B_BUS[22]            ; CLOCK      ; 14.827 ; 14.827 ; Rise       ; CLOCK           ;
;  B_BUS[23]            ; CLOCK      ; 14.503 ; 14.503 ; Rise       ; CLOCK           ;
;  B_BUS[24]            ; CLOCK      ; 14.326 ; 14.326 ; Rise       ; CLOCK           ;
;  B_BUS[25]            ; CLOCK      ; 14.554 ; 14.554 ; Rise       ; CLOCK           ;
;  B_BUS[26]            ; CLOCK      ; 14.483 ; 14.483 ; Rise       ; CLOCK           ;
;  B_BUS[27]            ; CLOCK      ; 14.459 ; 14.459 ; Rise       ; CLOCK           ;
;  B_BUS[28]            ; CLOCK      ; 15.525 ; 15.525 ; Rise       ; CLOCK           ;
;  B_BUS[29]            ; CLOCK      ; 14.791 ; 14.791 ; Rise       ; CLOCK           ;
;  B_BUS[30]            ; CLOCK      ; 16.222 ; 16.222 ; Rise       ; CLOCK           ;
;  B_BUS[31]            ; CLOCK      ; 13.582 ; 13.582 ; Rise       ; CLOCK           ;
; C_BUS[*]              ; CLOCK      ; 12.733 ; 12.733 ; Rise       ; CLOCK           ;
;  C_BUS[0]             ; CLOCK      ; 12.733 ; 12.733 ; Rise       ; CLOCK           ;
;  C_BUS[1]             ; CLOCK      ; 11.738 ; 11.738 ; Rise       ; CLOCK           ;
;  C_BUS[2]             ; CLOCK      ; 11.813 ; 11.813 ; Rise       ; CLOCK           ;
;  C_BUS[3]             ; CLOCK      ; 12.264 ; 12.264 ; Rise       ; CLOCK           ;
;  C_BUS[4]             ; CLOCK      ; 10.989 ; 10.989 ; Rise       ; CLOCK           ;
;  C_BUS[5]             ; CLOCK      ; 11.848 ; 11.848 ; Rise       ; CLOCK           ;
;  C_BUS[6]             ; CLOCK      ; 11.268 ; 11.268 ; Rise       ; CLOCK           ;
;  C_BUS[7]             ; CLOCK      ; 11.720 ; 11.720 ; Rise       ; CLOCK           ;
;  C_BUS[8]             ; CLOCK      ; 11.500 ; 11.500 ; Rise       ; CLOCK           ;
;  C_BUS[9]             ; CLOCK      ; 12.395 ; 12.395 ; Rise       ; CLOCK           ;
;  C_BUS[10]            ; CLOCK      ; 11.268 ; 11.268 ; Rise       ; CLOCK           ;
;  C_BUS[11]            ; CLOCK      ; 11.486 ; 11.486 ; Rise       ; CLOCK           ;
;  C_BUS[12]            ; CLOCK      ; 12.166 ; 12.166 ; Rise       ; CLOCK           ;
;  C_BUS[13]            ; CLOCK      ; 11.281 ; 11.281 ; Rise       ; CLOCK           ;
;  C_BUS[14]            ; CLOCK      ; 12.432 ; 12.432 ; Rise       ; CLOCK           ;
;  C_BUS[15]            ; CLOCK      ; 11.536 ; 11.536 ; Rise       ; CLOCK           ;
;  C_BUS[16]            ; CLOCK      ; 11.748 ; 11.748 ; Rise       ; CLOCK           ;
;  C_BUS[17]            ; CLOCK      ; 12.114 ; 12.114 ; Rise       ; CLOCK           ;
;  C_BUS[18]            ; CLOCK      ; 11.682 ; 11.682 ; Rise       ; CLOCK           ;
;  C_BUS[19]            ; CLOCK      ; 11.121 ; 11.121 ; Rise       ; CLOCK           ;
;  C_BUS[20]            ; CLOCK      ; 11.541 ; 11.541 ; Rise       ; CLOCK           ;
;  C_BUS[21]            ; CLOCK      ; 11.719 ; 11.719 ; Rise       ; CLOCK           ;
;  C_BUS[22]            ; CLOCK      ; 11.231 ; 11.231 ; Rise       ; CLOCK           ;
;  C_BUS[23]            ; CLOCK      ; 11.782 ; 11.782 ; Rise       ; CLOCK           ;
;  C_BUS[24]            ; CLOCK      ; 11.623 ; 11.623 ; Rise       ; CLOCK           ;
;  C_BUS[25]            ; CLOCK      ; 11.132 ; 11.132 ; Rise       ; CLOCK           ;
;  C_BUS[26]            ; CLOCK      ; 11.636 ; 11.636 ; Rise       ; CLOCK           ;
;  C_BUS[27]            ; CLOCK      ; 10.681 ; 10.681 ; Rise       ; CLOCK           ;
;  C_BUS[28]            ; CLOCK      ; 11.002 ; 11.002 ; Rise       ; CLOCK           ;
;  C_BUS[29]            ; CLOCK      ; 12.505 ; 12.505 ; Rise       ; CLOCK           ;
;  C_BUS[30]            ; CLOCK      ; 12.417 ; 12.417 ; Rise       ; CLOCK           ;
;  C_BUS[31]            ; CLOCK      ; 11.023 ; 11.023 ; Rise       ; CLOCK           ;
; DATA_MEM_write_enable ; CLOCK      ; 7.396  ; 7.396  ; Rise       ; CLOCK           ;
; DATA_MEN_ADDR[*]      ; CLOCK      ; 13.340 ; 13.340 ; Rise       ; CLOCK           ;
;  DATA_MEN_ADDR[0]     ; CLOCK      ; 10.539 ; 10.539 ; Rise       ; CLOCK           ;
;  DATA_MEN_ADDR[1]     ; CLOCK      ; 12.413 ; 12.413 ; Rise       ; CLOCK           ;
;  DATA_MEN_ADDR[2]     ; CLOCK      ; 10.863 ; 10.863 ; Rise       ; CLOCK           ;
;  DATA_MEN_ADDR[3]     ; CLOCK      ; 12.599 ; 12.599 ; Rise       ; CLOCK           ;
;  DATA_MEN_ADDR[4]     ; CLOCK      ; 10.885 ; 10.885 ; Rise       ; CLOCK           ;
;  DATA_MEN_ADDR[5]     ; CLOCK      ; 11.080 ; 11.080 ; Rise       ; CLOCK           ;
;  DATA_MEN_ADDR[6]     ; CLOCK      ; 10.865 ; 10.865 ; Rise       ; CLOCK           ;
;  DATA_MEN_ADDR[7]     ; CLOCK      ; 12.598 ; 12.598 ; Rise       ; CLOCK           ;
;  DATA_MEN_ADDR[8]     ; CLOCK      ; 11.217 ; 11.217 ; Rise       ; CLOCK           ;
;  DATA_MEN_ADDR[9]     ; CLOCK      ; 12.627 ; 12.627 ; Rise       ; CLOCK           ;
;  DATA_MEN_ADDR[10]    ; CLOCK      ; 11.039 ; 11.039 ; Rise       ; CLOCK           ;
;  DATA_MEN_ADDR[11]    ; CLOCK      ; 10.921 ; 10.921 ; Rise       ; CLOCK           ;
;  DATA_MEN_ADDR[12]    ; CLOCK      ; 10.891 ; 10.891 ; Rise       ; CLOCK           ;
;  DATA_MEN_ADDR[13]    ; CLOCK      ; 11.975 ; 11.975 ; Rise       ; CLOCK           ;
;  DATA_MEN_ADDR[14]    ; CLOCK      ; 12.176 ; 12.176 ; Rise       ; CLOCK           ;
;  DATA_MEN_ADDR[15]    ; CLOCK      ; 11.902 ; 11.902 ; Rise       ; CLOCK           ;
;  DATA_MEN_ADDR[16]    ; CLOCK      ; 10.854 ; 10.854 ; Rise       ; CLOCK           ;
;  DATA_MEN_ADDR[17]    ; CLOCK      ; 10.589 ; 10.589 ; Rise       ; CLOCK           ;
;  DATA_MEN_ADDR[18]    ; CLOCK      ; 10.955 ; 10.955 ; Rise       ; CLOCK           ;
;  DATA_MEN_ADDR[19]    ; CLOCK      ; 10.866 ; 10.866 ; Rise       ; CLOCK           ;
;  DATA_MEN_ADDR[20]    ; CLOCK      ; 13.147 ; 13.147 ; Rise       ; CLOCK           ;
;  DATA_MEN_ADDR[21]    ; CLOCK      ; 12.638 ; 12.638 ; Rise       ; CLOCK           ;
;  DATA_MEN_ADDR[22]    ; CLOCK      ; 11.965 ; 11.965 ; Rise       ; CLOCK           ;
;  DATA_MEN_ADDR[23]    ; CLOCK      ; 12.246 ; 12.246 ; Rise       ; CLOCK           ;
;  DATA_MEN_ADDR[24]    ; CLOCK      ; 13.340 ; 13.340 ; Rise       ; CLOCK           ;
;  DATA_MEN_ADDR[25]    ; CLOCK      ; 11.723 ; 11.723 ; Rise       ; CLOCK           ;
;  DATA_MEN_ADDR[26]    ; CLOCK      ; 12.374 ; 12.374 ; Rise       ; CLOCK           ;
;  DATA_MEN_ADDR[27]    ; CLOCK      ; 13.109 ; 13.109 ; Rise       ; CLOCK           ;
;  DATA_MEN_ADDR[28]    ; CLOCK      ; 11.913 ; 11.913 ; Rise       ; CLOCK           ;
;  DATA_MEN_ADDR[29]    ; CLOCK      ; 12.129 ; 12.129 ; Rise       ; CLOCK           ;
;  DATA_MEN_ADDR[30]    ; CLOCK      ; 12.363 ; 12.363 ; Rise       ; CLOCK           ;
;  DATA_MEN_ADDR[31]    ; CLOCK      ; 13.159 ; 13.159 ; Rise       ; CLOCK           ;
; DATA_MEN_OUT[*]       ; CLOCK      ; 12.306 ; 12.306 ; Rise       ; CLOCK           ;
;  DATA_MEN_OUT[0]      ; CLOCK      ; 11.020 ; 11.020 ; Rise       ; CLOCK           ;
;  DATA_MEN_OUT[1]      ; CLOCK      ; 10.267 ; 10.267 ; Rise       ; CLOCK           ;
;  DATA_MEN_OUT[2]      ; CLOCK      ; 12.306 ; 12.306 ; Rise       ; CLOCK           ;
;  DATA_MEN_OUT[3]      ; CLOCK      ; 10.732 ; 10.732 ; Rise       ; CLOCK           ;
;  DATA_MEN_OUT[4]      ; CLOCK      ; 10.487 ; 10.487 ; Rise       ; CLOCK           ;
;  DATA_MEN_OUT[5]      ; CLOCK      ; 10.798 ; 10.798 ; Rise       ; CLOCK           ;
;  DATA_MEN_OUT[6]      ; CLOCK      ; 10.884 ; 10.884 ; Rise       ; CLOCK           ;
;  DATA_MEN_OUT[7]      ; CLOCK      ; 10.762 ; 10.762 ; Rise       ; CLOCK           ;
;  DATA_MEN_OUT[8]      ; CLOCK      ; 10.799 ; 10.799 ; Rise       ; CLOCK           ;
;  DATA_MEN_OUT[9]      ; CLOCK      ; 11.865 ; 11.865 ; Rise       ; CLOCK           ;
;  DATA_MEN_OUT[10]     ; CLOCK      ; 10.324 ; 10.324 ; Rise       ; CLOCK           ;
;  DATA_MEN_OUT[11]     ; CLOCK      ; 11.374 ; 11.374 ; Rise       ; CLOCK           ;
;  DATA_MEN_OUT[12]     ; CLOCK      ; 10.656 ; 10.656 ; Rise       ; CLOCK           ;
;  DATA_MEN_OUT[13]     ; CLOCK      ; 10.190 ; 10.190 ; Rise       ; CLOCK           ;
;  DATA_MEN_OUT[14]     ; CLOCK      ; 11.183 ; 11.183 ; Rise       ; CLOCK           ;
;  DATA_MEN_OUT[15]     ; CLOCK      ; 10.989 ; 10.989 ; Rise       ; CLOCK           ;
;  DATA_MEN_OUT[16]     ; CLOCK      ; 11.141 ; 11.141 ; Rise       ; CLOCK           ;
;  DATA_MEN_OUT[17]     ; CLOCK      ; 11.161 ; 11.161 ; Rise       ; CLOCK           ;
;  DATA_MEN_OUT[18]     ; CLOCK      ; 11.330 ; 11.330 ; Rise       ; CLOCK           ;
;  DATA_MEN_OUT[19]     ; CLOCK      ; 11.980 ; 11.980 ; Rise       ; CLOCK           ;
;  DATA_MEN_OUT[20]     ; CLOCK      ; 11.611 ; 11.611 ; Rise       ; CLOCK           ;
;  DATA_MEN_OUT[21]     ; CLOCK      ; 10.756 ; 10.756 ; Rise       ; CLOCK           ;
;  DATA_MEN_OUT[22]     ; CLOCK      ; 10.529 ; 10.529 ; Rise       ; CLOCK           ;
;  DATA_MEN_OUT[23]     ; CLOCK      ; 10.716 ; 10.716 ; Rise       ; CLOCK           ;
;  DATA_MEN_OUT[24]     ; CLOCK      ; 10.738 ; 10.738 ; Rise       ; CLOCK           ;
;  DATA_MEN_OUT[25]     ; CLOCK      ; 10.551 ; 10.551 ; Rise       ; CLOCK           ;
;  DATA_MEN_OUT[26]     ; CLOCK      ; 10.750 ; 10.750 ; Rise       ; CLOCK           ;
;  DATA_MEN_OUT[27]     ; CLOCK      ; 10.173 ; 10.173 ; Rise       ; CLOCK           ;
;  DATA_MEN_OUT[28]     ; CLOCK      ; 10.265 ; 10.265 ; Rise       ; CLOCK           ;
;  DATA_MEN_OUT[29]     ; CLOCK      ; 10.665 ; 10.665 ; Rise       ; CLOCK           ;
;  DATA_MEN_OUT[30]     ; CLOCK      ; 11.319 ; 11.319 ; Rise       ; CLOCK           ;
;  DATA_MEN_OUT[31]     ; CLOCK      ; 10.686 ; 10.686 ; Rise       ; CLOCK           ;
; MBR_OUT[*]            ; CLOCK      ; 12.214 ; 12.214 ; Rise       ; CLOCK           ;
;  MBR_OUT[0]           ; CLOCK      ; 11.744 ; 11.744 ; Rise       ; CLOCK           ;
;  MBR_OUT[1]           ; CLOCK      ; 11.329 ; 11.329 ; Rise       ; CLOCK           ;
;  MBR_OUT[2]           ; CLOCK      ; 11.317 ; 11.317 ; Rise       ; CLOCK           ;
;  MBR_OUT[3]           ; CLOCK      ; 10.977 ; 10.977 ; Rise       ; CLOCK           ;
;  MBR_OUT[4]           ; CLOCK      ; 11.326 ; 11.326 ; Rise       ; CLOCK           ;
;  MBR_OUT[5]           ; CLOCK      ; 12.214 ; 12.214 ; Rise       ; CLOCK           ;
;  MBR_OUT[6]           ; CLOCK      ; 11.472 ; 11.472 ; Rise       ; CLOCK           ;
;  MBR_OUT[7]           ; CLOCK      ; 11.382 ; 11.382 ; Rise       ; CLOCK           ;
; MPC[*]                ; CLOCK      ; 13.027 ; 13.027 ; Rise       ; CLOCK           ;
;  MPC[0]               ; CLOCK      ; 12.359 ; 12.359 ; Rise       ; CLOCK           ;
;  MPC[1]               ; CLOCK      ; 12.198 ; 12.198 ; Rise       ; CLOCK           ;
;  MPC[2]               ; CLOCK      ; 13.027 ; 13.027 ; Rise       ; CLOCK           ;
;  MPC[3]               ; CLOCK      ; 12.152 ; 12.152 ; Rise       ; CLOCK           ;
;  MPC[4]               ; CLOCK      ; 11.703 ; 11.703 ; Rise       ; CLOCK           ;
;  MPC[5]               ; CLOCK      ; 12.317 ; 12.317 ; Rise       ; CLOCK           ;
;  MPC[6]               ; CLOCK      ; 11.827 ; 11.827 ; Rise       ; CLOCK           ;
;  MPC[7]               ; CLOCK      ; 11.719 ; 11.719 ; Rise       ; CLOCK           ;
;  MPC[8]               ; CLOCK      ; 10.447 ; 10.447 ; Rise       ; CLOCK           ;
; PC[*]                 ; CLOCK      ; 12.333 ; 12.333 ; Rise       ; CLOCK           ;
;  PC[0]                ; CLOCK      ; 11.211 ; 11.211 ; Rise       ; CLOCK           ;
;  PC[1]                ; CLOCK      ; 11.814 ; 11.814 ; Rise       ; CLOCK           ;
;  PC[2]                ; CLOCK      ; 12.018 ; 12.018 ; Rise       ; CLOCK           ;
;  PC[3]                ; CLOCK      ; 11.232 ; 11.232 ; Rise       ; CLOCK           ;
;  PC[4]                ; CLOCK      ; 11.517 ; 11.517 ; Rise       ; CLOCK           ;
;  PC[5]                ; CLOCK      ; 11.844 ; 11.844 ; Rise       ; CLOCK           ;
;  PC[6]                ; CLOCK      ; 11.684 ; 11.684 ; Rise       ; CLOCK           ;
;  PC[7]                ; CLOCK      ; 12.155 ; 12.155 ; Rise       ; CLOCK           ;
;  PC[8]                ; CLOCK      ; 12.109 ; 12.109 ; Rise       ; CLOCK           ;
;  PC[9]                ; CLOCK      ; 11.513 ; 11.513 ; Rise       ; CLOCK           ;
;  PC[10]               ; CLOCK      ; 11.011 ; 11.011 ; Rise       ; CLOCK           ;
;  PC[11]               ; CLOCK      ; 11.105 ; 11.105 ; Rise       ; CLOCK           ;
;  PC[12]               ; CLOCK      ; 12.322 ; 12.322 ; Rise       ; CLOCK           ;
;  PC[13]               ; CLOCK      ; 11.706 ; 11.706 ; Rise       ; CLOCK           ;
;  PC[14]               ; CLOCK      ; 11.880 ; 11.880 ; Rise       ; CLOCK           ;
;  PC[15]               ; CLOCK      ; 10.980 ; 10.980 ; Rise       ; CLOCK           ;
;  PC[16]               ; CLOCK      ; 11.680 ; 11.680 ; Rise       ; CLOCK           ;
;  PC[17]               ; CLOCK      ; 12.298 ; 12.298 ; Rise       ; CLOCK           ;
;  PC[18]               ; CLOCK      ; 11.926 ; 11.926 ; Rise       ; CLOCK           ;
;  PC[19]               ; CLOCK      ; 11.679 ; 11.679 ; Rise       ; CLOCK           ;
;  PC[20]               ; CLOCK      ; 11.680 ; 11.680 ; Rise       ; CLOCK           ;
;  PC[21]               ; CLOCK      ; 11.921 ; 11.921 ; Rise       ; CLOCK           ;
;  PC[22]               ; CLOCK      ; 11.862 ; 11.862 ; Rise       ; CLOCK           ;
;  PC[23]               ; CLOCK      ; 11.440 ; 11.440 ; Rise       ; CLOCK           ;
;  PC[24]               ; CLOCK      ; 12.314 ; 12.314 ; Rise       ; CLOCK           ;
;  PC[25]               ; CLOCK      ; 11.699 ; 11.699 ; Rise       ; CLOCK           ;
;  PC[26]               ; CLOCK      ; 11.168 ; 11.168 ; Rise       ; CLOCK           ;
;  PC[27]               ; CLOCK      ; 11.445 ; 11.445 ; Rise       ; CLOCK           ;
;  PC[28]               ; CLOCK      ; 11.810 ; 11.810 ; Rise       ; CLOCK           ;
;  PC[29]               ; CLOCK      ; 12.075 ; 12.075 ; Rise       ; CLOCK           ;
;  PC[30]               ; CLOCK      ; 12.133 ; 12.133 ; Rise       ; CLOCK           ;
;  PC[31]               ; CLOCK      ; 12.333 ; 12.333 ; Rise       ; CLOCK           ;
; A_BUS[*]              ; CLOCK      ; 26.473 ; 26.473 ; Fall       ; CLOCK           ;
;  A_BUS[0]             ; CLOCK      ; 15.024 ; 15.024 ; Fall       ; CLOCK           ;
;  A_BUS[1]             ; CLOCK      ; 14.137 ; 14.137 ; Fall       ; CLOCK           ;
;  A_BUS[2]             ; CLOCK      ; 16.151 ; 16.151 ; Fall       ; CLOCK           ;
;  A_BUS[3]             ; CLOCK      ; 15.317 ; 15.317 ; Fall       ; CLOCK           ;
;  A_BUS[4]             ; CLOCK      ; 17.482 ; 17.482 ; Fall       ; CLOCK           ;
;  A_BUS[5]             ; CLOCK      ; 17.691 ; 17.691 ; Fall       ; CLOCK           ;
;  A_BUS[6]             ; CLOCK      ; 17.559 ; 17.559 ; Fall       ; CLOCK           ;
;  A_BUS[7]             ; CLOCK      ; 16.979 ; 16.979 ; Fall       ; CLOCK           ;
;  A_BUS[8]             ; CLOCK      ; 17.666 ; 17.666 ; Fall       ; CLOCK           ;
;  A_BUS[9]             ; CLOCK      ; 17.915 ; 17.915 ; Fall       ; CLOCK           ;
;  A_BUS[10]            ; CLOCK      ; 19.583 ; 19.583 ; Fall       ; CLOCK           ;
;  A_BUS[11]            ; CLOCK      ; 19.613 ; 19.613 ; Fall       ; CLOCK           ;
;  A_BUS[12]            ; CLOCK      ; 20.245 ; 20.245 ; Fall       ; CLOCK           ;
;  A_BUS[13]            ; CLOCK      ; 20.157 ; 20.157 ; Fall       ; CLOCK           ;
;  A_BUS[14]            ; CLOCK      ; 20.098 ; 20.098 ; Fall       ; CLOCK           ;
;  A_BUS[15]            ; CLOCK      ; 21.090 ; 21.090 ; Fall       ; CLOCK           ;
;  A_BUS[16]            ; CLOCK      ; 21.886 ; 21.886 ; Fall       ; CLOCK           ;
;  A_BUS[17]            ; CLOCK      ; 21.872 ; 21.872 ; Fall       ; CLOCK           ;
;  A_BUS[18]            ; CLOCK      ; 22.176 ; 22.176 ; Fall       ; CLOCK           ;
;  A_BUS[19]            ; CLOCK      ; 24.061 ; 24.061 ; Fall       ; CLOCK           ;
;  A_BUS[20]            ; CLOCK      ; 22.391 ; 22.391 ; Fall       ; CLOCK           ;
;  A_BUS[21]            ; CLOCK      ; 22.085 ; 22.085 ; Fall       ; CLOCK           ;
;  A_BUS[22]            ; CLOCK      ; 23.478 ; 23.478 ; Fall       ; CLOCK           ;
;  A_BUS[23]            ; CLOCK      ; 23.977 ; 23.977 ; Fall       ; CLOCK           ;
;  A_BUS[24]            ; CLOCK      ; 24.222 ; 24.222 ; Fall       ; CLOCK           ;
;  A_BUS[25]            ; CLOCK      ; 24.146 ; 24.146 ; Fall       ; CLOCK           ;
;  A_BUS[26]            ; CLOCK      ; 25.114 ; 25.114 ; Fall       ; CLOCK           ;
;  A_BUS[27]            ; CLOCK      ; 25.200 ; 25.200 ; Fall       ; CLOCK           ;
;  A_BUS[28]            ; CLOCK      ; 25.650 ; 25.650 ; Fall       ; CLOCK           ;
;  A_BUS[29]            ; CLOCK      ; 26.142 ; 26.142 ; Fall       ; CLOCK           ;
;  A_BUS[30]            ; CLOCK      ; 26.442 ; 26.442 ; Fall       ; CLOCK           ;
;  A_BUS[31]            ; CLOCK      ; 26.473 ; 26.473 ; Fall       ; CLOCK           ;
; B_BUS[*]              ; CLOCK      ; 13.770 ; 13.770 ; Fall       ; CLOCK           ;
;  B_BUS[0]             ; CLOCK      ; 13.009 ; 13.009 ; Fall       ; CLOCK           ;
;  B_BUS[1]             ; CLOCK      ; 12.388 ; 12.388 ; Fall       ; CLOCK           ;
;  B_BUS[2]             ; CLOCK      ; 12.346 ; 12.346 ; Fall       ; CLOCK           ;
;  B_BUS[3]             ; CLOCK      ; 11.913 ; 11.913 ; Fall       ; CLOCK           ;
;  B_BUS[4]             ; CLOCK      ; 12.481 ; 12.481 ; Fall       ; CLOCK           ;
;  B_BUS[5]             ; CLOCK      ; 11.902 ; 11.902 ; Fall       ; CLOCK           ;
;  B_BUS[6]             ; CLOCK      ; 11.981 ; 11.981 ; Fall       ; CLOCK           ;
;  B_BUS[7]             ; CLOCK      ; 11.840 ; 11.840 ; Fall       ; CLOCK           ;
;  B_BUS[8]             ; CLOCK      ; 12.142 ; 12.142 ; Fall       ; CLOCK           ;
;  B_BUS[9]             ; CLOCK      ; 13.304 ; 13.304 ; Fall       ; CLOCK           ;
;  B_BUS[10]            ; CLOCK      ; 12.277 ; 12.277 ; Fall       ; CLOCK           ;
;  B_BUS[11]            ; CLOCK      ; 11.738 ; 11.738 ; Fall       ; CLOCK           ;
;  B_BUS[12]            ; CLOCK      ; 11.708 ; 11.708 ; Fall       ; CLOCK           ;
;  B_BUS[13]            ; CLOCK      ; 12.199 ; 12.199 ; Fall       ; CLOCK           ;
;  B_BUS[14]            ; CLOCK      ; 12.740 ; 12.740 ; Fall       ; CLOCK           ;
;  B_BUS[15]            ; CLOCK      ; 12.373 ; 12.373 ; Fall       ; CLOCK           ;
;  B_BUS[16]            ; CLOCK      ; 13.490 ; 13.490 ; Fall       ; CLOCK           ;
;  B_BUS[17]            ; CLOCK      ; 13.037 ; 13.037 ; Fall       ; CLOCK           ;
;  B_BUS[18]            ; CLOCK      ; 12.603 ; 12.603 ; Fall       ; CLOCK           ;
;  B_BUS[19]            ; CLOCK      ; 13.069 ; 13.069 ; Fall       ; CLOCK           ;
;  B_BUS[20]            ; CLOCK      ; 13.408 ; 13.408 ; Fall       ; CLOCK           ;
;  B_BUS[21]            ; CLOCK      ; 12.784 ; 12.784 ; Fall       ; CLOCK           ;
;  B_BUS[22]            ; CLOCK      ; 12.200 ; 12.200 ; Fall       ; CLOCK           ;
;  B_BUS[23]            ; CLOCK      ; 12.502 ; 12.502 ; Fall       ; CLOCK           ;
;  B_BUS[24]            ; CLOCK      ; 12.930 ; 12.930 ; Fall       ; CLOCK           ;
;  B_BUS[25]            ; CLOCK      ; 12.724 ; 12.724 ; Fall       ; CLOCK           ;
;  B_BUS[26]            ; CLOCK      ; 12.825 ; 12.825 ; Fall       ; CLOCK           ;
;  B_BUS[27]            ; CLOCK      ; 13.177 ; 13.177 ; Fall       ; CLOCK           ;
;  B_BUS[28]            ; CLOCK      ; 13.282 ; 13.282 ; Fall       ; CLOCK           ;
;  B_BUS[29]            ; CLOCK      ; 13.258 ; 13.258 ; Fall       ; CLOCK           ;
;  B_BUS[30]            ; CLOCK      ; 13.770 ; 13.770 ; Fall       ; CLOCK           ;
;  B_BUS[31]            ; CLOCK      ; 12.687 ; 12.687 ; Fall       ; CLOCK           ;
; MIR[*]                ; CLOCK      ; 9.005  ; 9.005  ; Fall       ; CLOCK           ;
;  MIR[0]               ; CLOCK      ; 7.537  ; 7.537  ; Fall       ; CLOCK           ;
;  MIR[1]               ; CLOCK      ; 7.672  ; 7.672  ; Fall       ; CLOCK           ;
;  MIR[2]               ; CLOCK      ; 7.821  ; 7.821  ; Fall       ; CLOCK           ;
;  MIR[3]               ; CLOCK      ; 7.551  ; 7.551  ; Fall       ; CLOCK           ;
;  MIR[4]               ; CLOCK      ; 7.701  ; 7.701  ; Fall       ; CLOCK           ;
;  MIR[5]               ; CLOCK      ; 7.166  ; 7.166  ; Fall       ; CLOCK           ;
;  MIR[6]               ; CLOCK      ; 8.338  ; 8.338  ; Fall       ; CLOCK           ;
;  MIR[7]               ; CLOCK      ; 8.359  ; 8.359  ; Fall       ; CLOCK           ;
;  MIR[8]               ; CLOCK      ; 8.024  ; 8.024  ; Fall       ; CLOCK           ;
;  MIR[9]               ; CLOCK      ; 8.016  ; 8.016  ; Fall       ; CLOCK           ;
;  MIR[10]              ; CLOCK      ; 8.553  ; 8.553  ; Fall       ; CLOCK           ;
;  MIR[11]              ; CLOCK      ; 9.005  ; 9.005  ; Fall       ; CLOCK           ;
;  MIR[12]              ; CLOCK      ; 7.994  ; 7.994  ; Fall       ; CLOCK           ;
;  MIR[13]              ; CLOCK      ; 8.164  ; 8.164  ; Fall       ; CLOCK           ;
;  MIR[14]              ; CLOCK      ; 8.317  ; 8.317  ; Fall       ; CLOCK           ;
;  MIR[15]              ; CLOCK      ; 7.763  ; 7.763  ; Fall       ; CLOCK           ;
;  MIR[16]              ; CLOCK      ; 7.509  ; 7.509  ; Fall       ; CLOCK           ;
;  MIR[17]              ; CLOCK      ; 8.417  ; 8.417  ; Fall       ; CLOCK           ;
;  MIR[18]              ; CLOCK      ; 7.290  ; 7.290  ; Fall       ; CLOCK           ;
;  MIR[19]              ; CLOCK      ; 8.164  ; 8.164  ; Fall       ; CLOCK           ;
;  MIR[20]              ; CLOCK      ; 8.076  ; 8.076  ; Fall       ; CLOCK           ;
;  MIR[21]              ; CLOCK      ; 7.631  ; 7.631  ; Fall       ; CLOCK           ;
;  MIR[22]              ; CLOCK      ; 8.166  ; 8.166  ; Fall       ; CLOCK           ;
;  MIR[23]              ; CLOCK      ; 7.543  ; 7.543  ; Fall       ; CLOCK           ;
;  MIR[24]              ; CLOCK      ; 7.662  ; 7.662  ; Fall       ; CLOCK           ;
;  MIR[25]              ; CLOCK      ; 7.599  ; 7.599  ; Fall       ; CLOCK           ;
;  MIR[26]              ; CLOCK      ; 7.674  ; 7.674  ; Fall       ; CLOCK           ;
;  MIR[27]              ; CLOCK      ; 7.851  ; 7.851  ; Fall       ; CLOCK           ;
;  MIR[28]              ; CLOCK      ; 7.796  ; 7.796  ; Fall       ; CLOCK           ;
;  MIR[29]              ; CLOCK      ; 8.088  ; 8.088  ; Fall       ; CLOCK           ;
;  MIR[30]              ; CLOCK      ; 7.896  ; 7.896  ; Fall       ; CLOCK           ;
;  MIR[31]              ; CLOCK      ; 7.527  ; 7.527  ; Fall       ; CLOCK           ;
;  MIR[32]              ; CLOCK      ; 7.917  ; 7.917  ; Fall       ; CLOCK           ;
;  MIR[33]              ; CLOCK      ; 8.329  ; 8.329  ; Fall       ; CLOCK           ;
;  MIR[34]              ; CLOCK      ; 7.966  ; 7.966  ; Fall       ; CLOCK           ;
;  MIR[35]              ; CLOCK      ; 8.081  ; 8.081  ; Fall       ; CLOCK           ;
; MPC[*]                ; CLOCK      ; 10.804 ; 10.804 ; Fall       ; CLOCK           ;
;  MPC[0]               ; CLOCK      ; 9.385  ; 9.385  ; Fall       ; CLOCK           ;
;  MPC[1]               ; CLOCK      ; 9.523  ; 9.523  ; Fall       ; CLOCK           ;
;  MPC[2]               ; CLOCK      ; 9.725  ; 9.725  ; Fall       ; CLOCK           ;
;  MPC[3]               ; CLOCK      ; 9.003  ; 9.003  ; Fall       ; CLOCK           ;
;  MPC[4]               ; CLOCK      ; 8.679  ; 8.679  ; Fall       ; CLOCK           ;
;  MPC[5]               ; CLOCK      ; 9.243  ; 9.243  ; Fall       ; CLOCK           ;
;  MPC[6]               ; CLOCK      ; 9.173  ; 9.173  ; Fall       ; CLOCK           ;
;  MPC[7]               ; CLOCK      ; 9.063  ; 9.063  ; Fall       ; CLOCK           ;
;  MPC[8]               ; CLOCK      ; 10.804 ; 10.804 ; Fall       ; CLOCK           ;
+-----------------------+------------+--------+--------+------------+-----------------+


+-------------------------------------------------------------------------------------+
; Minimum Clock to Output Times                                                       ;
+-----------------------+------------+--------+--------+------------+-----------------+
; Data Port             ; Clock Port ; Rise   ; Fall   ; Clock Edge ; Clock Reference ;
+-----------------------+------------+--------+--------+------------+-----------------+
; A_BUS[*]              ; CLOCK      ; 12.641 ; 12.641 ; Rise       ; CLOCK           ;
;  A_BUS[0]             ; CLOCK      ; 12.754 ; 12.754 ; Rise       ; CLOCK           ;
;  A_BUS[1]             ; CLOCK      ; 12.641 ; 12.641 ; Rise       ; CLOCK           ;
;  A_BUS[2]             ; CLOCK      ; 14.547 ; 14.547 ; Rise       ; CLOCK           ;
;  A_BUS[3]             ; CLOCK      ; 12.873 ; 12.873 ; Rise       ; CLOCK           ;
;  A_BUS[4]             ; CLOCK      ; 13.800 ; 13.800 ; Rise       ; CLOCK           ;
;  A_BUS[5]             ; CLOCK      ; 13.731 ; 13.731 ; Rise       ; CLOCK           ;
;  A_BUS[6]             ; CLOCK      ; 13.257 ; 13.257 ; Rise       ; CLOCK           ;
;  A_BUS[7]             ; CLOCK      ; 13.719 ; 13.719 ; Rise       ; CLOCK           ;
;  A_BUS[8]             ; CLOCK      ; 13.311 ; 13.311 ; Rise       ; CLOCK           ;
;  A_BUS[9]             ; CLOCK      ; 14.255 ; 14.255 ; Rise       ; CLOCK           ;
;  A_BUS[10]            ; CLOCK      ; 15.445 ; 15.445 ; Rise       ; CLOCK           ;
;  A_BUS[11]            ; CLOCK      ; 14.692 ; 14.692 ; Rise       ; CLOCK           ;
;  A_BUS[12]            ; CLOCK      ; 14.953 ; 14.953 ; Rise       ; CLOCK           ;
;  A_BUS[13]            ; CLOCK      ; 14.283 ; 14.283 ; Rise       ; CLOCK           ;
;  A_BUS[14]            ; CLOCK      ; 13.317 ; 13.317 ; Rise       ; CLOCK           ;
;  A_BUS[15]            ; CLOCK      ; 15.006 ; 15.006 ; Rise       ; CLOCK           ;
;  A_BUS[16]            ; CLOCK      ; 15.456 ; 15.456 ; Rise       ; CLOCK           ;
;  A_BUS[17]            ; CLOCK      ; 14.341 ; 14.341 ; Rise       ; CLOCK           ;
;  A_BUS[18]            ; CLOCK      ; 14.544 ; 14.544 ; Rise       ; CLOCK           ;
;  A_BUS[19]            ; CLOCK      ; 15.441 ; 15.441 ; Rise       ; CLOCK           ;
;  A_BUS[20]            ; CLOCK      ; 13.771 ; 13.771 ; Rise       ; CLOCK           ;
;  A_BUS[21]            ; CLOCK      ; 13.471 ; 13.471 ; Rise       ; CLOCK           ;
;  A_BUS[22]            ; CLOCK      ; 13.070 ; 13.070 ; Rise       ; CLOCK           ;
;  A_BUS[23]            ; CLOCK      ; 13.653 ; 13.653 ; Rise       ; CLOCK           ;
;  A_BUS[24]            ; CLOCK      ; 14.248 ; 14.248 ; Rise       ; CLOCK           ;
;  A_BUS[25]            ; CLOCK      ; 13.631 ; 13.631 ; Rise       ; CLOCK           ;
;  A_BUS[26]            ; CLOCK      ; 14.233 ; 14.233 ; Rise       ; CLOCK           ;
;  A_BUS[27]            ; CLOCK      ; 13.693 ; 13.693 ; Rise       ; CLOCK           ;
;  A_BUS[28]            ; CLOCK      ; 13.864 ; 13.864 ; Rise       ; CLOCK           ;
;  A_BUS[29]            ; CLOCK      ; 13.778 ; 13.778 ; Rise       ; CLOCK           ;
;  A_BUS[30]            ; CLOCK      ; 13.599 ; 13.599 ; Rise       ; CLOCK           ;
;  A_BUS[31]            ; CLOCK      ; 13.456 ; 13.456 ; Rise       ; CLOCK           ;
; B_BUS[*]              ; CLOCK      ; 10.652 ; 10.652 ; Rise       ; CLOCK           ;
;  B_BUS[0]             ; CLOCK      ; 12.163 ; 12.163 ; Rise       ; CLOCK           ;
;  B_BUS[1]             ; CLOCK      ; 11.540 ; 11.540 ; Rise       ; CLOCK           ;
;  B_BUS[2]             ; CLOCK      ; 11.345 ; 11.345 ; Rise       ; CLOCK           ;
;  B_BUS[3]             ; CLOCK      ; 11.703 ; 11.703 ; Rise       ; CLOCK           ;
;  B_BUS[4]             ; CLOCK      ; 11.401 ; 11.401 ; Rise       ; CLOCK           ;
;  B_BUS[5]             ; CLOCK      ; 10.652 ; 10.652 ; Rise       ; CLOCK           ;
;  B_BUS[6]             ; CLOCK      ; 10.761 ; 10.761 ; Rise       ; CLOCK           ;
;  B_BUS[7]             ; CLOCK      ; 11.415 ; 11.415 ; Rise       ; CLOCK           ;
;  B_BUS[8]             ; CLOCK      ; 11.495 ; 11.495 ; Rise       ; CLOCK           ;
;  B_BUS[9]             ; CLOCK      ; 12.953 ; 12.953 ; Rise       ; CLOCK           ;
;  B_BUS[10]            ; CLOCK      ; 11.383 ; 11.383 ; Rise       ; CLOCK           ;
;  B_BUS[11]            ; CLOCK      ; 10.820 ; 10.820 ; Rise       ; CLOCK           ;
;  B_BUS[12]            ; CLOCK      ; 11.249 ; 11.249 ; Rise       ; CLOCK           ;
;  B_BUS[13]            ; CLOCK      ; 11.655 ; 11.655 ; Rise       ; CLOCK           ;
;  B_BUS[14]            ; CLOCK      ; 12.328 ; 12.328 ; Rise       ; CLOCK           ;
;  B_BUS[15]            ; CLOCK      ; 12.342 ; 12.342 ; Rise       ; CLOCK           ;
;  B_BUS[16]            ; CLOCK      ; 11.875 ; 11.875 ; Rise       ; CLOCK           ;
;  B_BUS[17]            ; CLOCK      ; 11.824 ; 11.824 ; Rise       ; CLOCK           ;
;  B_BUS[18]            ; CLOCK      ; 11.913 ; 11.913 ; Rise       ; CLOCK           ;
;  B_BUS[19]            ; CLOCK      ; 11.666 ; 11.666 ; Rise       ; CLOCK           ;
;  B_BUS[20]            ; CLOCK      ; 12.310 ; 12.310 ; Rise       ; CLOCK           ;
;  B_BUS[21]            ; CLOCK      ; 11.422 ; 11.422 ; Rise       ; CLOCK           ;
;  B_BUS[22]            ; CLOCK      ; 10.958 ; 10.958 ; Rise       ; CLOCK           ;
;  B_BUS[23]            ; CLOCK      ; 11.407 ; 11.407 ; Rise       ; CLOCK           ;
;  B_BUS[24]            ; CLOCK      ; 11.440 ; 11.440 ; Rise       ; CLOCK           ;
;  B_BUS[25]            ; CLOCK      ; 10.990 ; 10.990 ; Rise       ; CLOCK           ;
;  B_BUS[26]            ; CLOCK      ; 12.142 ; 12.142 ; Rise       ; CLOCK           ;
;  B_BUS[27]            ; CLOCK      ; 11.565 ; 11.565 ; Rise       ; CLOCK           ;
;  B_BUS[28]            ; CLOCK      ; 11.734 ; 11.734 ; Rise       ; CLOCK           ;
;  B_BUS[29]            ; CLOCK      ; 11.621 ; 11.621 ; Rise       ; CLOCK           ;
;  B_BUS[30]            ; CLOCK      ; 12.332 ; 12.332 ; Rise       ; CLOCK           ;
;  B_BUS[31]            ; CLOCK      ; 11.626 ; 11.626 ; Rise       ; CLOCK           ;
; C_BUS[*]              ; CLOCK      ; 10.681 ; 10.681 ; Rise       ; CLOCK           ;
;  C_BUS[0]             ; CLOCK      ; 12.733 ; 12.733 ; Rise       ; CLOCK           ;
;  C_BUS[1]             ; CLOCK      ; 11.738 ; 11.738 ; Rise       ; CLOCK           ;
;  C_BUS[2]             ; CLOCK      ; 11.813 ; 11.813 ; Rise       ; CLOCK           ;
;  C_BUS[3]             ; CLOCK      ; 12.264 ; 12.264 ; Rise       ; CLOCK           ;
;  C_BUS[4]             ; CLOCK      ; 10.989 ; 10.989 ; Rise       ; CLOCK           ;
;  C_BUS[5]             ; CLOCK      ; 11.848 ; 11.848 ; Rise       ; CLOCK           ;
;  C_BUS[6]             ; CLOCK      ; 11.268 ; 11.268 ; Rise       ; CLOCK           ;
;  C_BUS[7]             ; CLOCK      ; 11.720 ; 11.720 ; Rise       ; CLOCK           ;
;  C_BUS[8]             ; CLOCK      ; 11.500 ; 11.500 ; Rise       ; CLOCK           ;
;  C_BUS[9]             ; CLOCK      ; 12.395 ; 12.395 ; Rise       ; CLOCK           ;
;  C_BUS[10]            ; CLOCK      ; 11.268 ; 11.268 ; Rise       ; CLOCK           ;
;  C_BUS[11]            ; CLOCK      ; 11.486 ; 11.486 ; Rise       ; CLOCK           ;
;  C_BUS[12]            ; CLOCK      ; 12.166 ; 12.166 ; Rise       ; CLOCK           ;
;  C_BUS[13]            ; CLOCK      ; 11.281 ; 11.281 ; Rise       ; CLOCK           ;
;  C_BUS[14]            ; CLOCK      ; 12.432 ; 12.432 ; Rise       ; CLOCK           ;
;  C_BUS[15]            ; CLOCK      ; 11.536 ; 11.536 ; Rise       ; CLOCK           ;
;  C_BUS[16]            ; CLOCK      ; 11.748 ; 11.748 ; Rise       ; CLOCK           ;
;  C_BUS[17]            ; CLOCK      ; 12.114 ; 12.114 ; Rise       ; CLOCK           ;
;  C_BUS[18]            ; CLOCK      ; 11.682 ; 11.682 ; Rise       ; CLOCK           ;
;  C_BUS[19]            ; CLOCK      ; 11.121 ; 11.121 ; Rise       ; CLOCK           ;
;  C_BUS[20]            ; CLOCK      ; 11.541 ; 11.541 ; Rise       ; CLOCK           ;
;  C_BUS[21]            ; CLOCK      ; 11.719 ; 11.719 ; Rise       ; CLOCK           ;
;  C_BUS[22]            ; CLOCK      ; 11.231 ; 11.231 ; Rise       ; CLOCK           ;
;  C_BUS[23]            ; CLOCK      ; 11.782 ; 11.782 ; Rise       ; CLOCK           ;
;  C_BUS[24]            ; CLOCK      ; 11.623 ; 11.623 ; Rise       ; CLOCK           ;
;  C_BUS[25]            ; CLOCK      ; 11.132 ; 11.132 ; Rise       ; CLOCK           ;
;  C_BUS[26]            ; CLOCK      ; 11.636 ; 11.636 ; Rise       ; CLOCK           ;
;  C_BUS[27]            ; CLOCK      ; 10.681 ; 10.681 ; Rise       ; CLOCK           ;
;  C_BUS[28]            ; CLOCK      ; 11.002 ; 11.002 ; Rise       ; CLOCK           ;
;  C_BUS[29]            ; CLOCK      ; 12.505 ; 12.505 ; Rise       ; CLOCK           ;
;  C_BUS[30]            ; CLOCK      ; 12.417 ; 12.417 ; Rise       ; CLOCK           ;
;  C_BUS[31]            ; CLOCK      ; 11.023 ; 11.023 ; Rise       ; CLOCK           ;
; DATA_MEM_write_enable ; CLOCK      ; 7.396  ; 7.396  ; Rise       ; CLOCK           ;
; DATA_MEN_ADDR[*]      ; CLOCK      ; 10.539 ; 10.539 ; Rise       ; CLOCK           ;
;  DATA_MEN_ADDR[0]     ; CLOCK      ; 10.539 ; 10.539 ; Rise       ; CLOCK           ;
;  DATA_MEN_ADDR[1]     ; CLOCK      ; 12.413 ; 12.413 ; Rise       ; CLOCK           ;
;  DATA_MEN_ADDR[2]     ; CLOCK      ; 10.863 ; 10.863 ; Rise       ; CLOCK           ;
;  DATA_MEN_ADDR[3]     ; CLOCK      ; 12.599 ; 12.599 ; Rise       ; CLOCK           ;
;  DATA_MEN_ADDR[4]     ; CLOCK      ; 10.885 ; 10.885 ; Rise       ; CLOCK           ;
;  DATA_MEN_ADDR[5]     ; CLOCK      ; 11.080 ; 11.080 ; Rise       ; CLOCK           ;
;  DATA_MEN_ADDR[6]     ; CLOCK      ; 10.865 ; 10.865 ; Rise       ; CLOCK           ;
;  DATA_MEN_ADDR[7]     ; CLOCK      ; 12.598 ; 12.598 ; Rise       ; CLOCK           ;
;  DATA_MEN_ADDR[8]     ; CLOCK      ; 11.217 ; 11.217 ; Rise       ; CLOCK           ;
;  DATA_MEN_ADDR[9]     ; CLOCK      ; 12.627 ; 12.627 ; Rise       ; CLOCK           ;
;  DATA_MEN_ADDR[10]    ; CLOCK      ; 11.039 ; 11.039 ; Rise       ; CLOCK           ;
;  DATA_MEN_ADDR[11]    ; CLOCK      ; 10.921 ; 10.921 ; Rise       ; CLOCK           ;
;  DATA_MEN_ADDR[12]    ; CLOCK      ; 10.891 ; 10.891 ; Rise       ; CLOCK           ;
;  DATA_MEN_ADDR[13]    ; CLOCK      ; 11.975 ; 11.975 ; Rise       ; CLOCK           ;
;  DATA_MEN_ADDR[14]    ; CLOCK      ; 12.176 ; 12.176 ; Rise       ; CLOCK           ;
;  DATA_MEN_ADDR[15]    ; CLOCK      ; 11.902 ; 11.902 ; Rise       ; CLOCK           ;
;  DATA_MEN_ADDR[16]    ; CLOCK      ; 10.854 ; 10.854 ; Rise       ; CLOCK           ;
;  DATA_MEN_ADDR[17]    ; CLOCK      ; 10.589 ; 10.589 ; Rise       ; CLOCK           ;
;  DATA_MEN_ADDR[18]    ; CLOCK      ; 10.955 ; 10.955 ; Rise       ; CLOCK           ;
;  DATA_MEN_ADDR[19]    ; CLOCK      ; 10.866 ; 10.866 ; Rise       ; CLOCK           ;
;  DATA_MEN_ADDR[20]    ; CLOCK      ; 13.147 ; 13.147 ; Rise       ; CLOCK           ;
;  DATA_MEN_ADDR[21]    ; CLOCK      ; 12.638 ; 12.638 ; Rise       ; CLOCK           ;
;  DATA_MEN_ADDR[22]    ; CLOCK      ; 11.965 ; 11.965 ; Rise       ; CLOCK           ;
;  DATA_MEN_ADDR[23]    ; CLOCK      ; 12.246 ; 12.246 ; Rise       ; CLOCK           ;
;  DATA_MEN_ADDR[24]    ; CLOCK      ; 13.340 ; 13.340 ; Rise       ; CLOCK           ;
;  DATA_MEN_ADDR[25]    ; CLOCK      ; 11.723 ; 11.723 ; Rise       ; CLOCK           ;
;  DATA_MEN_ADDR[26]    ; CLOCK      ; 12.374 ; 12.374 ; Rise       ; CLOCK           ;
;  DATA_MEN_ADDR[27]    ; CLOCK      ; 13.109 ; 13.109 ; Rise       ; CLOCK           ;
;  DATA_MEN_ADDR[28]    ; CLOCK      ; 11.913 ; 11.913 ; Rise       ; CLOCK           ;
;  DATA_MEN_ADDR[29]    ; CLOCK      ; 12.129 ; 12.129 ; Rise       ; CLOCK           ;
;  DATA_MEN_ADDR[30]    ; CLOCK      ; 12.363 ; 12.363 ; Rise       ; CLOCK           ;
;  DATA_MEN_ADDR[31]    ; CLOCK      ; 13.159 ; 13.159 ; Rise       ; CLOCK           ;
; DATA_MEN_OUT[*]       ; CLOCK      ; 10.173 ; 10.173 ; Rise       ; CLOCK           ;
;  DATA_MEN_OUT[0]      ; CLOCK      ; 11.020 ; 11.020 ; Rise       ; CLOCK           ;
;  DATA_MEN_OUT[1]      ; CLOCK      ; 10.267 ; 10.267 ; Rise       ; CLOCK           ;
;  DATA_MEN_OUT[2]      ; CLOCK      ; 12.306 ; 12.306 ; Rise       ; CLOCK           ;
;  DATA_MEN_OUT[3]      ; CLOCK      ; 10.732 ; 10.732 ; Rise       ; CLOCK           ;
;  DATA_MEN_OUT[4]      ; CLOCK      ; 10.487 ; 10.487 ; Rise       ; CLOCK           ;
;  DATA_MEN_OUT[5]      ; CLOCK      ; 10.798 ; 10.798 ; Rise       ; CLOCK           ;
;  DATA_MEN_OUT[6]      ; CLOCK      ; 10.884 ; 10.884 ; Rise       ; CLOCK           ;
;  DATA_MEN_OUT[7]      ; CLOCK      ; 10.762 ; 10.762 ; Rise       ; CLOCK           ;
;  DATA_MEN_OUT[8]      ; CLOCK      ; 10.799 ; 10.799 ; Rise       ; CLOCK           ;
;  DATA_MEN_OUT[9]      ; CLOCK      ; 11.865 ; 11.865 ; Rise       ; CLOCK           ;
;  DATA_MEN_OUT[10]     ; CLOCK      ; 10.324 ; 10.324 ; Rise       ; CLOCK           ;
;  DATA_MEN_OUT[11]     ; CLOCK      ; 11.374 ; 11.374 ; Rise       ; CLOCK           ;
;  DATA_MEN_OUT[12]     ; CLOCK      ; 10.656 ; 10.656 ; Rise       ; CLOCK           ;
;  DATA_MEN_OUT[13]     ; CLOCK      ; 10.190 ; 10.190 ; Rise       ; CLOCK           ;
;  DATA_MEN_OUT[14]     ; CLOCK      ; 11.183 ; 11.183 ; Rise       ; CLOCK           ;
;  DATA_MEN_OUT[15]     ; CLOCK      ; 10.989 ; 10.989 ; Rise       ; CLOCK           ;
;  DATA_MEN_OUT[16]     ; CLOCK      ; 11.141 ; 11.141 ; Rise       ; CLOCK           ;
;  DATA_MEN_OUT[17]     ; CLOCK      ; 11.161 ; 11.161 ; Rise       ; CLOCK           ;
;  DATA_MEN_OUT[18]     ; CLOCK      ; 11.330 ; 11.330 ; Rise       ; CLOCK           ;
;  DATA_MEN_OUT[19]     ; CLOCK      ; 11.980 ; 11.980 ; Rise       ; CLOCK           ;
;  DATA_MEN_OUT[20]     ; CLOCK      ; 11.611 ; 11.611 ; Rise       ; CLOCK           ;
;  DATA_MEN_OUT[21]     ; CLOCK      ; 10.756 ; 10.756 ; Rise       ; CLOCK           ;
;  DATA_MEN_OUT[22]     ; CLOCK      ; 10.529 ; 10.529 ; Rise       ; CLOCK           ;
;  DATA_MEN_OUT[23]     ; CLOCK      ; 10.716 ; 10.716 ; Rise       ; CLOCK           ;
;  DATA_MEN_OUT[24]     ; CLOCK      ; 10.738 ; 10.738 ; Rise       ; CLOCK           ;
;  DATA_MEN_OUT[25]     ; CLOCK      ; 10.551 ; 10.551 ; Rise       ; CLOCK           ;
;  DATA_MEN_OUT[26]     ; CLOCK      ; 10.750 ; 10.750 ; Rise       ; CLOCK           ;
;  DATA_MEN_OUT[27]     ; CLOCK      ; 10.173 ; 10.173 ; Rise       ; CLOCK           ;
;  DATA_MEN_OUT[28]     ; CLOCK      ; 10.265 ; 10.265 ; Rise       ; CLOCK           ;
;  DATA_MEN_OUT[29]     ; CLOCK      ; 10.665 ; 10.665 ; Rise       ; CLOCK           ;
;  DATA_MEN_OUT[30]     ; CLOCK      ; 11.319 ; 11.319 ; Rise       ; CLOCK           ;
;  DATA_MEN_OUT[31]     ; CLOCK      ; 10.686 ; 10.686 ; Rise       ; CLOCK           ;
; MBR_OUT[*]            ; CLOCK      ; 10.977 ; 10.977 ; Rise       ; CLOCK           ;
;  MBR_OUT[0]           ; CLOCK      ; 11.744 ; 11.744 ; Rise       ; CLOCK           ;
;  MBR_OUT[1]           ; CLOCK      ; 11.329 ; 11.329 ; Rise       ; CLOCK           ;
;  MBR_OUT[2]           ; CLOCK      ; 11.317 ; 11.317 ; Rise       ; CLOCK           ;
;  MBR_OUT[3]           ; CLOCK      ; 10.977 ; 10.977 ; Rise       ; CLOCK           ;
;  MBR_OUT[4]           ; CLOCK      ; 11.326 ; 11.326 ; Rise       ; CLOCK           ;
;  MBR_OUT[5]           ; CLOCK      ; 12.214 ; 12.214 ; Rise       ; CLOCK           ;
;  MBR_OUT[6]           ; CLOCK      ; 11.472 ; 11.472 ; Rise       ; CLOCK           ;
;  MBR_OUT[7]           ; CLOCK      ; 11.382 ; 11.382 ; Rise       ; CLOCK           ;
; MPC[*]                ; CLOCK      ; 9.367  ; 9.367  ; Rise       ; CLOCK           ;
;  MPC[0]               ; CLOCK      ; 12.359 ; 12.359 ; Rise       ; CLOCK           ;
;  MPC[1]               ; CLOCK      ; 12.198 ; 12.198 ; Rise       ; CLOCK           ;
;  MPC[2]               ; CLOCK      ; 13.027 ; 13.027 ; Rise       ; CLOCK           ;
;  MPC[3]               ; CLOCK      ; 12.152 ; 12.152 ; Rise       ; CLOCK           ;
;  MPC[4]               ; CLOCK      ; 11.703 ; 11.703 ; Rise       ; CLOCK           ;
;  MPC[5]               ; CLOCK      ; 12.317 ; 12.317 ; Rise       ; CLOCK           ;
;  MPC[6]               ; CLOCK      ; 11.827 ; 11.827 ; Rise       ; CLOCK           ;
;  MPC[7]               ; CLOCK      ; 11.719 ; 11.719 ; Rise       ; CLOCK           ;
;  MPC[8]               ; CLOCK      ; 9.367  ; 9.367  ; Rise       ; CLOCK           ;
; PC[*]                 ; CLOCK      ; 10.980 ; 10.980 ; Rise       ; CLOCK           ;
;  PC[0]                ; CLOCK      ; 11.211 ; 11.211 ; Rise       ; CLOCK           ;
;  PC[1]                ; CLOCK      ; 11.814 ; 11.814 ; Rise       ; CLOCK           ;
;  PC[2]                ; CLOCK      ; 12.018 ; 12.018 ; Rise       ; CLOCK           ;
;  PC[3]                ; CLOCK      ; 11.232 ; 11.232 ; Rise       ; CLOCK           ;
;  PC[4]                ; CLOCK      ; 11.517 ; 11.517 ; Rise       ; CLOCK           ;
;  PC[5]                ; CLOCK      ; 11.844 ; 11.844 ; Rise       ; CLOCK           ;
;  PC[6]                ; CLOCK      ; 11.684 ; 11.684 ; Rise       ; CLOCK           ;
;  PC[7]                ; CLOCK      ; 12.155 ; 12.155 ; Rise       ; CLOCK           ;
;  PC[8]                ; CLOCK      ; 12.109 ; 12.109 ; Rise       ; CLOCK           ;
;  PC[9]                ; CLOCK      ; 11.513 ; 11.513 ; Rise       ; CLOCK           ;
;  PC[10]               ; CLOCK      ; 11.011 ; 11.011 ; Rise       ; CLOCK           ;
;  PC[11]               ; CLOCK      ; 11.105 ; 11.105 ; Rise       ; CLOCK           ;
;  PC[12]               ; CLOCK      ; 12.322 ; 12.322 ; Rise       ; CLOCK           ;
;  PC[13]               ; CLOCK      ; 11.706 ; 11.706 ; Rise       ; CLOCK           ;
;  PC[14]               ; CLOCK      ; 11.880 ; 11.880 ; Rise       ; CLOCK           ;
;  PC[15]               ; CLOCK      ; 10.980 ; 10.980 ; Rise       ; CLOCK           ;
;  PC[16]               ; CLOCK      ; 11.680 ; 11.680 ; Rise       ; CLOCK           ;
;  PC[17]               ; CLOCK      ; 12.298 ; 12.298 ; Rise       ; CLOCK           ;
;  PC[18]               ; CLOCK      ; 11.926 ; 11.926 ; Rise       ; CLOCK           ;
;  PC[19]               ; CLOCK      ; 11.679 ; 11.679 ; Rise       ; CLOCK           ;
;  PC[20]               ; CLOCK      ; 11.680 ; 11.680 ; Rise       ; CLOCK           ;
;  PC[21]               ; CLOCK      ; 11.921 ; 11.921 ; Rise       ; CLOCK           ;
;  PC[22]               ; CLOCK      ; 11.862 ; 11.862 ; Rise       ; CLOCK           ;
;  PC[23]               ; CLOCK      ; 11.440 ; 11.440 ; Rise       ; CLOCK           ;
;  PC[24]               ; CLOCK      ; 12.314 ; 12.314 ; Rise       ; CLOCK           ;
;  PC[25]               ; CLOCK      ; 11.699 ; 11.699 ; Rise       ; CLOCK           ;
;  PC[26]               ; CLOCK      ; 11.168 ; 11.168 ; Rise       ; CLOCK           ;
;  PC[27]               ; CLOCK      ; 11.445 ; 11.445 ; Rise       ; CLOCK           ;
;  PC[28]               ; CLOCK      ; 11.810 ; 11.810 ; Rise       ; CLOCK           ;
;  PC[29]               ; CLOCK      ; 12.075 ; 12.075 ; Rise       ; CLOCK           ;
;  PC[30]               ; CLOCK      ; 12.133 ; 12.133 ; Rise       ; CLOCK           ;
;  PC[31]               ; CLOCK      ; 12.333 ; 12.333 ; Rise       ; CLOCK           ;
; A_BUS[*]              ; CLOCK      ; 8.429  ; 8.429  ; Fall       ; CLOCK           ;
;  A_BUS[0]             ; CLOCK      ; 9.597  ; 9.597  ; Fall       ; CLOCK           ;
;  A_BUS[1]             ; CLOCK      ; 9.018  ; 9.018  ; Fall       ; CLOCK           ;
;  A_BUS[2]             ; CLOCK      ; 10.180 ; 10.180 ; Fall       ; CLOCK           ;
;  A_BUS[3]             ; CLOCK      ; 9.872  ; 9.872  ; Fall       ; CLOCK           ;
;  A_BUS[4]             ; CLOCK      ; 10.035 ; 10.035 ; Fall       ; CLOCK           ;
;  A_BUS[5]             ; CLOCK      ; 10.699 ; 10.699 ; Fall       ; CLOCK           ;
;  A_BUS[6]             ; CLOCK      ; 10.050 ; 10.050 ; Fall       ; CLOCK           ;
;  A_BUS[7]             ; CLOCK      ; 8.429  ; 8.429  ; Fall       ; CLOCK           ;
;  A_BUS[8]             ; CLOCK      ; 9.908  ; 9.908  ; Fall       ; CLOCK           ;
;  A_BUS[9]             ; CLOCK      ; 9.657  ; 9.657  ; Fall       ; CLOCK           ;
;  A_BUS[10]            ; CLOCK      ; 10.110 ; 10.110 ; Fall       ; CLOCK           ;
;  A_BUS[11]            ; CLOCK      ; 10.180 ; 10.180 ; Fall       ; CLOCK           ;
;  A_BUS[12]            ; CLOCK      ; 10.468 ; 10.468 ; Fall       ; CLOCK           ;
;  A_BUS[13]            ; CLOCK      ; 9.801  ; 9.801  ; Fall       ; CLOCK           ;
;  A_BUS[14]            ; CLOCK      ; 9.256  ; 9.256  ; Fall       ; CLOCK           ;
;  A_BUS[15]            ; CLOCK      ; 9.612  ; 9.612  ; Fall       ; CLOCK           ;
;  A_BUS[16]            ; CLOCK      ; 10.505 ; 10.505 ; Fall       ; CLOCK           ;
;  A_BUS[17]            ; CLOCK      ; 9.864  ; 9.864  ; Fall       ; CLOCK           ;
;  A_BUS[18]            ; CLOCK      ; 9.690  ; 9.690  ; Fall       ; CLOCK           ;
;  A_BUS[19]            ; CLOCK      ; 10.466 ; 10.466 ; Fall       ; CLOCK           ;
;  A_BUS[20]            ; CLOCK      ; 8.967  ; 8.967  ; Fall       ; CLOCK           ;
;  A_BUS[21]            ; CLOCK      ; 8.925  ; 8.925  ; Fall       ; CLOCK           ;
;  A_BUS[22]            ; CLOCK      ; 8.988  ; 8.988  ; Fall       ; CLOCK           ;
;  A_BUS[23]            ; CLOCK      ; 9.221  ; 9.221  ; Fall       ; CLOCK           ;
;  A_BUS[24]            ; CLOCK      ; 9.480  ; 9.480  ; Fall       ; CLOCK           ;
;  A_BUS[25]            ; CLOCK      ; 9.207  ; 9.207  ; Fall       ; CLOCK           ;
;  A_BUS[26]            ; CLOCK      ; 9.296  ; 9.296  ; Fall       ; CLOCK           ;
;  A_BUS[27]            ; CLOCK      ; 9.363  ; 9.363  ; Fall       ; CLOCK           ;
;  A_BUS[28]            ; CLOCK      ; 9.356  ; 9.356  ; Fall       ; CLOCK           ;
;  A_BUS[29]            ; CLOCK      ; 9.350  ; 9.350  ; Fall       ; CLOCK           ;
;  A_BUS[30]            ; CLOCK      ; 9.844  ; 9.844  ; Fall       ; CLOCK           ;
;  A_BUS[31]            ; CLOCK      ; 9.491  ; 9.491  ; Fall       ; CLOCK           ;
; B_BUS[*]              ; CLOCK      ; 9.690  ; 9.690  ; Fall       ; CLOCK           ;
;  B_BUS[0]             ; CLOCK      ; 10.426 ; 10.426 ; Fall       ; CLOCK           ;
;  B_BUS[1]             ; CLOCK      ; 10.472 ; 10.472 ; Fall       ; CLOCK           ;
;  B_BUS[2]             ; CLOCK      ; 10.906 ; 10.906 ; Fall       ; CLOCK           ;
;  B_BUS[3]             ; CLOCK      ; 10.531 ; 10.531 ; Fall       ; CLOCK           ;
;  B_BUS[4]             ; CLOCK      ; 11.367 ; 11.367 ; Fall       ; CLOCK           ;
;  B_BUS[5]             ; CLOCK      ; 10.584 ; 10.584 ; Fall       ; CLOCK           ;
;  B_BUS[6]             ; CLOCK      ; 10.620 ; 10.620 ; Fall       ; CLOCK           ;
;  B_BUS[7]             ; CLOCK      ; 9.690  ; 9.690  ; Fall       ; CLOCK           ;
;  B_BUS[8]             ; CLOCK      ; 9.724  ; 9.724  ; Fall       ; CLOCK           ;
;  B_BUS[9]             ; CLOCK      ; 11.103 ; 11.103 ; Fall       ; CLOCK           ;
;  B_BUS[10]            ; CLOCK      ; 10.480 ; 10.480 ; Fall       ; CLOCK           ;
;  B_BUS[11]            ; CLOCK      ; 9.940  ; 9.940  ; Fall       ; CLOCK           ;
;  B_BUS[12]            ; CLOCK      ; 10.138 ; 10.138 ; Fall       ; CLOCK           ;
;  B_BUS[13]            ; CLOCK      ; 10.302 ; 10.302 ; Fall       ; CLOCK           ;
;  B_BUS[14]            ; CLOCK      ; 10.960 ; 10.960 ; Fall       ; CLOCK           ;
;  B_BUS[15]            ; CLOCK      ; 11.110 ; 11.110 ; Fall       ; CLOCK           ;
;  B_BUS[16]            ; CLOCK      ; 10.953 ; 10.953 ; Fall       ; CLOCK           ;
;  B_BUS[17]            ; CLOCK      ; 10.437 ; 10.437 ; Fall       ; CLOCK           ;
;  B_BUS[18]            ; CLOCK      ; 10.507 ; 10.507 ; Fall       ; CLOCK           ;
;  B_BUS[19]            ; CLOCK      ; 10.775 ; 10.775 ; Fall       ; CLOCK           ;
;  B_BUS[20]            ; CLOCK      ; 10.937 ; 10.937 ; Fall       ; CLOCK           ;
;  B_BUS[21]            ; CLOCK      ; 9.738  ; 9.738  ; Fall       ; CLOCK           ;
;  B_BUS[22]            ; CLOCK      ; 10.626 ; 10.626 ; Fall       ; CLOCK           ;
;  B_BUS[23]            ; CLOCK      ; 9.722  ; 9.722  ; Fall       ; CLOCK           ;
;  B_BUS[24]            ; CLOCK      ; 9.882  ; 9.882  ; Fall       ; CLOCK           ;
;  B_BUS[25]            ; CLOCK      ; 10.098 ; 10.098 ; Fall       ; CLOCK           ;
;  B_BUS[26]            ; CLOCK      ; 11.259 ; 11.259 ; Fall       ; CLOCK           ;
;  B_BUS[27]            ; CLOCK      ; 10.365 ; 10.365 ; Fall       ; CLOCK           ;
;  B_BUS[28]            ; CLOCK      ; 11.285 ; 11.285 ; Fall       ; CLOCK           ;
;  B_BUS[29]            ; CLOCK      ; 10.854 ; 10.854 ; Fall       ; CLOCK           ;
;  B_BUS[30]            ; CLOCK      ; 11.569 ; 11.569 ; Fall       ; CLOCK           ;
;  B_BUS[31]            ; CLOCK      ; 10.844 ; 10.844 ; Fall       ; CLOCK           ;
; MIR[*]                ; CLOCK      ; 7.166  ; 7.166  ; Fall       ; CLOCK           ;
;  MIR[0]               ; CLOCK      ; 7.537  ; 7.537  ; Fall       ; CLOCK           ;
;  MIR[1]               ; CLOCK      ; 7.672  ; 7.672  ; Fall       ; CLOCK           ;
;  MIR[2]               ; CLOCK      ; 7.821  ; 7.821  ; Fall       ; CLOCK           ;
;  MIR[3]               ; CLOCK      ; 7.551  ; 7.551  ; Fall       ; CLOCK           ;
;  MIR[4]               ; CLOCK      ; 7.701  ; 7.701  ; Fall       ; CLOCK           ;
;  MIR[5]               ; CLOCK      ; 7.166  ; 7.166  ; Fall       ; CLOCK           ;
;  MIR[6]               ; CLOCK      ; 8.338  ; 8.338  ; Fall       ; CLOCK           ;
;  MIR[7]               ; CLOCK      ; 8.359  ; 8.359  ; Fall       ; CLOCK           ;
;  MIR[8]               ; CLOCK      ; 8.024  ; 8.024  ; Fall       ; CLOCK           ;
;  MIR[9]               ; CLOCK      ; 8.016  ; 8.016  ; Fall       ; CLOCK           ;
;  MIR[10]              ; CLOCK      ; 8.553  ; 8.553  ; Fall       ; CLOCK           ;
;  MIR[11]              ; CLOCK      ; 9.005  ; 9.005  ; Fall       ; CLOCK           ;
;  MIR[12]              ; CLOCK      ; 7.994  ; 7.994  ; Fall       ; CLOCK           ;
;  MIR[13]              ; CLOCK      ; 8.164  ; 8.164  ; Fall       ; CLOCK           ;
;  MIR[14]              ; CLOCK      ; 8.317  ; 8.317  ; Fall       ; CLOCK           ;
;  MIR[15]              ; CLOCK      ; 7.763  ; 7.763  ; Fall       ; CLOCK           ;
;  MIR[16]              ; CLOCK      ; 7.509  ; 7.509  ; Fall       ; CLOCK           ;
;  MIR[17]              ; CLOCK      ; 8.417  ; 8.417  ; Fall       ; CLOCK           ;
;  MIR[18]              ; CLOCK      ; 7.290  ; 7.290  ; Fall       ; CLOCK           ;
;  MIR[19]              ; CLOCK      ; 8.164  ; 8.164  ; Fall       ; CLOCK           ;
;  MIR[20]              ; CLOCK      ; 8.076  ; 8.076  ; Fall       ; CLOCK           ;
;  MIR[21]              ; CLOCK      ; 7.631  ; 7.631  ; Fall       ; CLOCK           ;
;  MIR[22]              ; CLOCK      ; 8.166  ; 8.166  ; Fall       ; CLOCK           ;
;  MIR[23]              ; CLOCK      ; 7.543  ; 7.543  ; Fall       ; CLOCK           ;
;  MIR[24]              ; CLOCK      ; 7.662  ; 7.662  ; Fall       ; CLOCK           ;
;  MIR[25]              ; CLOCK      ; 7.599  ; 7.599  ; Fall       ; CLOCK           ;
;  MIR[26]              ; CLOCK      ; 7.674  ; 7.674  ; Fall       ; CLOCK           ;
;  MIR[27]              ; CLOCK      ; 7.851  ; 7.851  ; Fall       ; CLOCK           ;
;  MIR[28]              ; CLOCK      ; 7.796  ; 7.796  ; Fall       ; CLOCK           ;
;  MIR[29]              ; CLOCK      ; 8.088  ; 8.088  ; Fall       ; CLOCK           ;
;  MIR[30]              ; CLOCK      ; 7.896  ; 7.896  ; Fall       ; CLOCK           ;
;  MIR[31]              ; CLOCK      ; 7.527  ; 7.527  ; Fall       ; CLOCK           ;
;  MIR[32]              ; CLOCK      ; 7.917  ; 7.917  ; Fall       ; CLOCK           ;
;  MIR[33]              ; CLOCK      ; 8.329  ; 8.329  ; Fall       ; CLOCK           ;
;  MIR[34]              ; CLOCK      ; 7.966  ; 7.966  ; Fall       ; CLOCK           ;
;  MIR[35]              ; CLOCK      ; 8.081  ; 8.081  ; Fall       ; CLOCK           ;
; MPC[*]                ; CLOCK      ; 8.250  ; 8.250  ; Fall       ; CLOCK           ;
;  MPC[0]               ; CLOCK      ; 8.907  ; 8.907  ; Fall       ; CLOCK           ;
;  MPC[1]               ; CLOCK      ; 9.279  ; 9.279  ; Fall       ; CLOCK           ;
;  MPC[2]               ; CLOCK      ; 9.592  ; 9.592  ; Fall       ; CLOCK           ;
;  MPC[3]               ; CLOCK      ; 8.888  ; 8.888  ; Fall       ; CLOCK           ;
;  MPC[4]               ; CLOCK      ; 8.250  ; 8.250  ; Fall       ; CLOCK           ;
;  MPC[5]               ; CLOCK      ; 9.139  ; 9.139  ; Fall       ; CLOCK           ;
;  MPC[6]               ; CLOCK      ; 8.690  ; 8.690  ; Fall       ; CLOCK           ;
;  MPC[7]               ; CLOCK      ; 8.631  ; 8.631  ; Fall       ; CLOCK           ;
;  MPC[8]               ; CLOCK      ; 10.110 ; 10.110 ; Fall       ; CLOCK           ;
+-----------------------+------------+--------+--------+------------+-----------------+


+------------------------------------------------------------------------+
; Output Enable Times                                                    ;
+------------+------------+--------+------+------------+-----------------+
; Data Port  ; Clock Port ; Rise   ; Fall ; Clock Edge ; Clock Reference ;
+------------+------------+--------+------+------------+-----------------+
; B_BUS[*]   ; CLOCK      ; 9.828  ;      ; Fall       ; CLOCK           ;
;  B_BUS[0]  ; CLOCK      ; 10.377 ;      ; Fall       ; CLOCK           ;
;  B_BUS[1]  ; CLOCK      ; 10.367 ;      ; Fall       ; CLOCK           ;
;  B_BUS[2]  ; CLOCK      ; 9.977  ;      ; Fall       ; CLOCK           ;
;  B_BUS[3]  ; CLOCK      ; 9.977  ;      ; Fall       ; CLOCK           ;
;  B_BUS[4]  ; CLOCK      ; 9.991  ;      ; Fall       ; CLOCK           ;
;  B_BUS[5]  ; CLOCK      ; 10.349 ;      ; Fall       ; CLOCK           ;
;  B_BUS[6]  ; CLOCK      ; 9.874  ;      ; Fall       ; CLOCK           ;
;  B_BUS[7]  ; CLOCK      ; 10.367 ;      ; Fall       ; CLOCK           ;
;  B_BUS[8]  ; CLOCK      ; 9.866  ;      ; Fall       ; CLOCK           ;
;  B_BUS[9]  ; CLOCK      ; 9.876  ;      ; Fall       ; CLOCK           ;
;  B_BUS[10] ; CLOCK      ; 9.858  ;      ; Fall       ; CLOCK           ;
;  B_BUS[11] ; CLOCK      ; 9.864  ;      ; Fall       ; CLOCK           ;
;  B_BUS[12] ; CLOCK      ; 10.164 ;      ; Fall       ; CLOCK           ;
;  B_BUS[13] ; CLOCK      ; 10.184 ;      ; Fall       ; CLOCK           ;
;  B_BUS[14] ; CLOCK      ; 9.999  ;      ; Fall       ; CLOCK           ;
;  B_BUS[15] ; CLOCK      ; 9.991  ;      ; Fall       ; CLOCK           ;
;  B_BUS[16] ; CLOCK      ; 9.838  ;      ; Fall       ; CLOCK           ;
;  B_BUS[17] ; CLOCK      ; 10.387 ;      ; Fall       ; CLOCK           ;
;  B_BUS[18] ; CLOCK      ; 11.375 ;      ; Fall       ; CLOCK           ;
;  B_BUS[19] ; CLOCK      ; 9.856  ;      ; Fall       ; CLOCK           ;
;  B_BUS[20] ; CLOCK      ; 9.828  ;      ; Fall       ; CLOCK           ;
;  B_BUS[21] ; CLOCK      ; 10.919 ;      ; Fall       ; CLOCK           ;
;  B_BUS[22] ; CLOCK      ; 9.959  ;      ; Fall       ; CLOCK           ;
;  B_BUS[23] ; CLOCK      ; 10.919 ;      ; Fall       ; CLOCK           ;
;  B_BUS[24] ; CLOCK      ; 11.375 ;      ; Fall       ; CLOCK           ;
;  B_BUS[25] ; CLOCK      ; 9.876  ;      ; Fall       ; CLOCK           ;
;  B_BUS[26] ; CLOCK      ; 10.164 ;      ; Fall       ; CLOCK           ;
;  B_BUS[27] ; CLOCK      ; 10.164 ;      ; Fall       ; CLOCK           ;
;  B_BUS[28] ; CLOCK      ; 9.869  ;      ; Fall       ; CLOCK           ;
;  B_BUS[29] ; CLOCK      ; 9.874  ;      ; Fall       ; CLOCK           ;
;  B_BUS[30] ; CLOCK      ; 9.838  ;      ; Fall       ; CLOCK           ;
;  B_BUS[31] ; CLOCK      ; 11.375 ;      ; Fall       ; CLOCK           ;
+------------+------------+--------+------+------------+-----------------+


+------------------------------------------------------------------------+
; Minimum Output Enable Times                                            ;
+------------+------------+--------+------+------------+-----------------+
; Data Port  ; Clock Port ; Rise   ; Fall ; Clock Edge ; Clock Reference ;
+------------+------------+--------+------+------------+-----------------+
; B_BUS[*]   ; CLOCK      ; 9.499  ;      ; Fall       ; CLOCK           ;
;  B_BUS[0]  ; CLOCK      ; 10.048 ;      ; Fall       ; CLOCK           ;
;  B_BUS[1]  ; CLOCK      ; 10.038 ;      ; Fall       ; CLOCK           ;
;  B_BUS[2]  ; CLOCK      ; 9.648  ;      ; Fall       ; CLOCK           ;
;  B_BUS[3]  ; CLOCK      ; 9.648  ;      ; Fall       ; CLOCK           ;
;  B_BUS[4]  ; CLOCK      ; 9.662  ;      ; Fall       ; CLOCK           ;
;  B_BUS[5]  ; CLOCK      ; 10.020 ;      ; Fall       ; CLOCK           ;
;  B_BUS[6]  ; CLOCK      ; 9.545  ;      ; Fall       ; CLOCK           ;
;  B_BUS[7]  ; CLOCK      ; 10.038 ;      ; Fall       ; CLOCK           ;
;  B_BUS[8]  ; CLOCK      ; 9.537  ;      ; Fall       ; CLOCK           ;
;  B_BUS[9]  ; CLOCK      ; 9.547  ;      ; Fall       ; CLOCK           ;
;  B_BUS[10] ; CLOCK      ; 9.529  ;      ; Fall       ; CLOCK           ;
;  B_BUS[11] ; CLOCK      ; 9.535  ;      ; Fall       ; CLOCK           ;
;  B_BUS[12] ; CLOCK      ; 9.835  ;      ; Fall       ; CLOCK           ;
;  B_BUS[13] ; CLOCK      ; 9.855  ;      ; Fall       ; CLOCK           ;
;  B_BUS[14] ; CLOCK      ; 9.670  ;      ; Fall       ; CLOCK           ;
;  B_BUS[15] ; CLOCK      ; 9.662  ;      ; Fall       ; CLOCK           ;
;  B_BUS[16] ; CLOCK      ; 9.509  ;      ; Fall       ; CLOCK           ;
;  B_BUS[17] ; CLOCK      ; 10.058 ;      ; Fall       ; CLOCK           ;
;  B_BUS[18] ; CLOCK      ; 11.046 ;      ; Fall       ; CLOCK           ;
;  B_BUS[19] ; CLOCK      ; 9.527  ;      ; Fall       ; CLOCK           ;
;  B_BUS[20] ; CLOCK      ; 9.499  ;      ; Fall       ; CLOCK           ;
;  B_BUS[21] ; CLOCK      ; 10.590 ;      ; Fall       ; CLOCK           ;
;  B_BUS[22] ; CLOCK      ; 9.630  ;      ; Fall       ; CLOCK           ;
;  B_BUS[23] ; CLOCK      ; 10.590 ;      ; Fall       ; CLOCK           ;
;  B_BUS[24] ; CLOCK      ; 11.046 ;      ; Fall       ; CLOCK           ;
;  B_BUS[25] ; CLOCK      ; 9.547  ;      ; Fall       ; CLOCK           ;
;  B_BUS[26] ; CLOCK      ; 9.835  ;      ; Fall       ; CLOCK           ;
;  B_BUS[27] ; CLOCK      ; 9.835  ;      ; Fall       ; CLOCK           ;
;  B_BUS[28] ; CLOCK      ; 9.540  ;      ; Fall       ; CLOCK           ;
;  B_BUS[29] ; CLOCK      ; 9.545  ;      ; Fall       ; CLOCK           ;
;  B_BUS[30] ; CLOCK      ; 9.509  ;      ; Fall       ; CLOCK           ;
;  B_BUS[31] ; CLOCK      ; 11.046 ;      ; Fall       ; CLOCK           ;
+------------+------------+--------+------+------------+-----------------+


+--------------------------------------------------------------------------------+
; Output Disable Times                                                           ;
+------------+------------+-----------+-----------+------------+-----------------+
; Data Port  ; Clock Port ; 0 to Hi-Z ; 1 to Hi-Z ; Clock Edge ; Clock Reference ;
+------------+------------+-----------+-----------+------------+-----------------+
; B_BUS[*]   ; CLOCK      ; 9.828     ;           ; Fall       ; CLOCK           ;
;  B_BUS[0]  ; CLOCK      ; 10.377    ;           ; Fall       ; CLOCK           ;
;  B_BUS[1]  ; CLOCK      ; 10.367    ;           ; Fall       ; CLOCK           ;
;  B_BUS[2]  ; CLOCK      ; 9.977     ;           ; Fall       ; CLOCK           ;
;  B_BUS[3]  ; CLOCK      ; 9.977     ;           ; Fall       ; CLOCK           ;
;  B_BUS[4]  ; CLOCK      ; 9.991     ;           ; Fall       ; CLOCK           ;
;  B_BUS[5]  ; CLOCK      ; 10.349    ;           ; Fall       ; CLOCK           ;
;  B_BUS[6]  ; CLOCK      ; 9.874     ;           ; Fall       ; CLOCK           ;
;  B_BUS[7]  ; CLOCK      ; 10.367    ;           ; Fall       ; CLOCK           ;
;  B_BUS[8]  ; CLOCK      ; 9.866     ;           ; Fall       ; CLOCK           ;
;  B_BUS[9]  ; CLOCK      ; 9.876     ;           ; Fall       ; CLOCK           ;
;  B_BUS[10] ; CLOCK      ; 9.858     ;           ; Fall       ; CLOCK           ;
;  B_BUS[11] ; CLOCK      ; 9.864     ;           ; Fall       ; CLOCK           ;
;  B_BUS[12] ; CLOCK      ; 10.164    ;           ; Fall       ; CLOCK           ;
;  B_BUS[13] ; CLOCK      ; 10.184    ;           ; Fall       ; CLOCK           ;
;  B_BUS[14] ; CLOCK      ; 9.999     ;           ; Fall       ; CLOCK           ;
;  B_BUS[15] ; CLOCK      ; 9.991     ;           ; Fall       ; CLOCK           ;
;  B_BUS[16] ; CLOCK      ; 9.838     ;           ; Fall       ; CLOCK           ;
;  B_BUS[17] ; CLOCK      ; 10.387    ;           ; Fall       ; CLOCK           ;
;  B_BUS[18] ; CLOCK      ; 11.375    ;           ; Fall       ; CLOCK           ;
;  B_BUS[19] ; CLOCK      ; 9.856     ;           ; Fall       ; CLOCK           ;
;  B_BUS[20] ; CLOCK      ; 9.828     ;           ; Fall       ; CLOCK           ;
;  B_BUS[21] ; CLOCK      ; 10.919    ;           ; Fall       ; CLOCK           ;
;  B_BUS[22] ; CLOCK      ; 9.959     ;           ; Fall       ; CLOCK           ;
;  B_BUS[23] ; CLOCK      ; 10.919    ;           ; Fall       ; CLOCK           ;
;  B_BUS[24] ; CLOCK      ; 11.375    ;           ; Fall       ; CLOCK           ;
;  B_BUS[25] ; CLOCK      ; 9.876     ;           ; Fall       ; CLOCK           ;
;  B_BUS[26] ; CLOCK      ; 10.164    ;           ; Fall       ; CLOCK           ;
;  B_BUS[27] ; CLOCK      ; 10.164    ;           ; Fall       ; CLOCK           ;
;  B_BUS[28] ; CLOCK      ; 9.869     ;           ; Fall       ; CLOCK           ;
;  B_BUS[29] ; CLOCK      ; 9.874     ;           ; Fall       ; CLOCK           ;
;  B_BUS[30] ; CLOCK      ; 9.838     ;           ; Fall       ; CLOCK           ;
;  B_BUS[31] ; CLOCK      ; 11.375    ;           ; Fall       ; CLOCK           ;
+------------+------------+-----------+-----------+------------+-----------------+


+--------------------------------------------------------------------------------+
; Minimum Output Disable Times                                                   ;
+------------+------------+-----------+-----------+------------+-----------------+
; Data Port  ; Clock Port ; 0 to Hi-Z ; 1 to Hi-Z ; Clock Edge ; Clock Reference ;
+------------+------------+-----------+-----------+------------+-----------------+
; B_BUS[*]   ; CLOCK      ; 9.499     ;           ; Fall       ; CLOCK           ;
;  B_BUS[0]  ; CLOCK      ; 10.048    ;           ; Fall       ; CLOCK           ;
;  B_BUS[1]  ; CLOCK      ; 10.038    ;           ; Fall       ; CLOCK           ;
;  B_BUS[2]  ; CLOCK      ; 9.648     ;           ; Fall       ; CLOCK           ;
;  B_BUS[3]  ; CLOCK      ; 9.648     ;           ; Fall       ; CLOCK           ;
;  B_BUS[4]  ; CLOCK      ; 9.662     ;           ; Fall       ; CLOCK           ;
;  B_BUS[5]  ; CLOCK      ; 10.020    ;           ; Fall       ; CLOCK           ;
;  B_BUS[6]  ; CLOCK      ; 9.545     ;           ; Fall       ; CLOCK           ;
;  B_BUS[7]  ; CLOCK      ; 10.038    ;           ; Fall       ; CLOCK           ;
;  B_BUS[8]  ; CLOCK      ; 9.537     ;           ; Fall       ; CLOCK           ;
;  B_BUS[9]  ; CLOCK      ; 9.547     ;           ; Fall       ; CLOCK           ;
;  B_BUS[10] ; CLOCK      ; 9.529     ;           ; Fall       ; CLOCK           ;
;  B_BUS[11] ; CLOCK      ; 9.535     ;           ; Fall       ; CLOCK           ;
;  B_BUS[12] ; CLOCK      ; 9.835     ;           ; Fall       ; CLOCK           ;
;  B_BUS[13] ; CLOCK      ; 9.855     ;           ; Fall       ; CLOCK           ;
;  B_BUS[14] ; CLOCK      ; 9.670     ;           ; Fall       ; CLOCK           ;
;  B_BUS[15] ; CLOCK      ; 9.662     ;           ; Fall       ; CLOCK           ;
;  B_BUS[16] ; CLOCK      ; 9.509     ;           ; Fall       ; CLOCK           ;
;  B_BUS[17] ; CLOCK      ; 10.058    ;           ; Fall       ; CLOCK           ;
;  B_BUS[18] ; CLOCK      ; 11.046    ;           ; Fall       ; CLOCK           ;
;  B_BUS[19] ; CLOCK      ; 9.527     ;           ; Fall       ; CLOCK           ;
;  B_BUS[20] ; CLOCK      ; 9.499     ;           ; Fall       ; CLOCK           ;
;  B_BUS[21] ; CLOCK      ; 10.590    ;           ; Fall       ; CLOCK           ;
;  B_BUS[22] ; CLOCK      ; 9.630     ;           ; Fall       ; CLOCK           ;
;  B_BUS[23] ; CLOCK      ; 10.590    ;           ; Fall       ; CLOCK           ;
;  B_BUS[24] ; CLOCK      ; 11.046    ;           ; Fall       ; CLOCK           ;
;  B_BUS[25] ; CLOCK      ; 9.547     ;           ; Fall       ; CLOCK           ;
;  B_BUS[26] ; CLOCK      ; 9.835     ;           ; Fall       ; CLOCK           ;
;  B_BUS[27] ; CLOCK      ; 9.835     ;           ; Fall       ; CLOCK           ;
;  B_BUS[28] ; CLOCK      ; 9.540     ;           ; Fall       ; CLOCK           ;
;  B_BUS[29] ; CLOCK      ; 9.545     ;           ; Fall       ; CLOCK           ;
;  B_BUS[30] ; CLOCK      ; 9.509     ;           ; Fall       ; CLOCK           ;
;  B_BUS[31] ; CLOCK      ; 11.046    ;           ; Fall       ; CLOCK           ;
+------------+------------+-----------+-----------+------------+-----------------+


+--------------------------------+
; Fast Model Setup Summary       ;
+-------+--------+---------------+
; Clock ; Slack  ; End Point TNS ;
+-------+--------+---------------+
; CLOCK ; -8.932 ; -1616.191     ;
+-------+--------+---------------+


+--------------------------------+
; Fast Model Hold Summary        ;
+-------+--------+---------------+
; Clock ; Slack  ; End Point TNS ;
+-------+--------+---------------+
; CLOCK ; -1.009 ; -26.835       ;
+-------+--------+---------------+


-------------------------------
; Fast Model Recovery Summary ;
-------------------------------
No paths to report.


------------------------------
; Fast Model Removal Summary ;
------------------------------
No paths to report.


+----------------------------------------+
; Fast Model Minimum Pulse Width Summary ;
+-------+--------+-----------------------+
; Clock ; Slack  ; End Point TNS         ;
+-------+--------+-----------------------+
; CLOCK ; -1.423 ; -515.292              ;
+-------+--------+-----------------------+


+---------------------------------------------------------------------------------------------------------------------------------------------------------------------------------------------------------------------------------------------------------------------------------------+
; Fast Model Setup: 'CLOCK'                                                                                                                                                                                                                                                             ;
+--------+----------------------------------------------------------------------------------------------------------------+---------------------------------------------------------------------------------------+--------------+-------------+--------------+------------+------------+
; Slack  ; From Node                                                                                                      ; To Node                                                                               ; Launch Clock ; Latch Clock ; Relationship ; Clock Skew ; Data Delay ;
+--------+----------------------------------------------------------------------------------------------------------------+---------------------------------------------------------------------------------------+--------------+-------------+--------------+------------+------------+
; -8.932 ; data_path:inst2|BANK_REG:inst1|PC:inst4|REGISTER32bit:inst|REGISTER4bit:inst|inst5                             ; UNIDADE_CONTROLE:inst|MPC:inst2|inst1                                                 ; CLOCK        ; CLOCK       ; 1.000        ; -1.898     ; 8.066      ;
; -8.887 ; data_path:inst2|BANK_REG:inst1|PC:inst4|REGISTER32bit:inst|REGISTER4bit:inst|inst16                            ; UNIDADE_CONTROLE:inst|MPC:inst2|inst1                                                 ; CLOCK        ; CLOCK       ; 1.000        ; -1.902     ; 8.017      ;
; -8.701 ; data_path:inst2|BANK_REG:inst1|PC:inst4|REGISTER32bit:inst|REGISTER4bit:inst1|inst20                           ; UNIDADE_CONTROLE:inst|MPC:inst2|inst1                                                 ; CLOCK        ; CLOCK       ; 1.000        ; -1.886     ; 7.847      ;
; -8.649 ; data_path:inst2|BANK_REG:inst1|PC:inst4|REGISTER32bit:inst|REGISTER4bit:inst|inst5                             ; UNIDADE_CONTROLE:inst|MPC:inst2|inst                                                  ; CLOCK        ; CLOCK       ; 1.000        ; -1.898     ; 7.783      ;
; -8.646 ; data_path:inst2|BANK_REG:inst1|MDR:inst3|REGISTER32bit:inst1|REGISTER4bit:inst|inst                            ; UNIDADE_CONTROLE:inst|MPC:inst2|inst1                                                 ; CLOCK        ; CLOCK       ; 1.000        ; -1.499     ; 8.179      ;
; -8.644 ; data_path:inst2|BANK_REG:inst1|CPP:inst6|REGISTER32bit:inst|REGISTER4bit:inst|inst                             ; UNIDADE_CONTROLE:inst|MPC:inst2|inst1                                                 ; CLOCK        ; CLOCK       ; 1.000        ; -1.694     ; 7.982      ;
; -8.604 ; data_path:inst2|BANK_REG:inst1|PC:inst4|REGISTER32bit:inst|REGISTER4bit:inst|inst16                            ; UNIDADE_CONTROLE:inst|MPC:inst2|inst                                                  ; CLOCK        ; CLOCK       ; 1.000        ; -1.902     ; 7.734      ;
; -8.592 ; data_path:inst2|BANK_REG:inst1|PC:inst4|REGISTER32bit:inst|REGISTER4bit:inst|inst20                            ; UNIDADE_CONTROLE:inst|MPC:inst2|inst1                                                 ; CLOCK        ; CLOCK       ; 1.000        ; -1.886     ; 7.738      ;
; -8.547 ; data_path:inst2|BANK_REG:inst1|PC:inst4|REGISTER32bit:inst|REGISTER4bit:inst|inst                              ; UNIDADE_CONTROLE:inst|MPC:inst2|inst1                                                 ; CLOCK        ; CLOCK       ; 1.000        ; -1.902     ; 7.677      ;
; -8.517 ; data_path:inst2|BANK_REG:inst1|PC:inst4|REGISTER32bit:inst|REGISTER4bit:inst1|inst5                            ; UNIDADE_CONTROLE:inst|MPC:inst2|inst1                                                 ; CLOCK        ; CLOCK       ; 1.000        ; -1.891     ; 7.658      ;
; -8.481 ; data_path:inst2|BANK_REG:inst1|LV:inst2|REGISTER32bit:inst|REGISTER4bit:inst|inst5                             ; UNIDADE_CONTROLE:inst|MPC:inst2|inst1                                                 ; CLOCK        ; CLOCK       ; 1.000        ; -1.623     ; 7.890      ;
; -8.453 ; data_path:inst2|BANK_REG:inst1|CPP:inst6|REGISTER32bit:inst|REGISTER4bit:inst|inst16                           ; UNIDADE_CONTROLE:inst|MPC:inst2|inst1                                                 ; CLOCK        ; CLOCK       ; 1.000        ; -1.694     ; 7.791      ;
; -8.451 ; data_path:inst2|BANK_REG:inst1|PC:inst4|REGISTER32bit:inst|REGISTER4bit:inst1|inst16                           ; UNIDADE_CONTROLE:inst|MPC:inst2|inst1                                                 ; CLOCK        ; CLOCK       ; 1.000        ; -1.891     ; 7.592      ;
; -8.424 ; data_path:inst2|BANK_REG:inst1|TOS:inst7|REGISTER32bit:inst|REGISTER4bit:inst|inst5                            ; UNIDADE_CONTROLE:inst|MPC:inst2|inst1                                                 ; CLOCK        ; CLOCK       ; 1.000        ; -1.733     ; 7.723      ;
; -8.420 ; data_path:inst2|BANK_REG:inst1|MDR:inst3|REGISTER32bit:inst1|REGISTER4bit:inst|inst5                           ; UNIDADE_CONTROLE:inst|MPC:inst2|inst1                                                 ; CLOCK        ; CLOCK       ; 1.000        ; -1.498     ; 7.954      ;
; -8.418 ; data_path:inst2|BANK_REG:inst1|PC:inst4|REGISTER32bit:inst|REGISTER4bit:inst1|inst20                           ; UNIDADE_CONTROLE:inst|MPC:inst2|inst                                                  ; CLOCK        ; CLOCK       ; 1.000        ; -1.886     ; 7.564      ;
; -8.363 ; data_path:inst2|BANK_REG:inst1|MDR:inst3|REGISTER32bit:inst1|REGISTER4bit:inst|inst                            ; UNIDADE_CONTROLE:inst|MPC:inst2|inst                                                  ; CLOCK        ; CLOCK       ; 1.000        ; -1.499     ; 7.896      ;
; -8.361 ; data_path:inst2|BANK_REG:inst1|CPP:inst6|REGISTER32bit:inst|REGISTER4bit:inst|inst                             ; UNIDADE_CONTROLE:inst|MPC:inst2|inst                                                  ; CLOCK        ; CLOCK       ; 1.000        ; -1.694     ; 7.699      ;
; -8.330 ; data_path:inst2|BANK_REG:inst1|LV:inst2|REGISTER32bit:inst|REGISTER4bit:inst|inst                              ; UNIDADE_CONTROLE:inst|MPC:inst2|inst1                                                 ; CLOCK        ; CLOCK       ; 1.000        ; -1.622     ; 7.740      ;
; -8.309 ; data_path:inst2|BANK_REG:inst1|PC:inst4|REGISTER32bit:inst|REGISTER4bit:inst|inst20                            ; UNIDADE_CONTROLE:inst|MPC:inst2|inst                                                  ; CLOCK        ; CLOCK       ; 1.000        ; -1.886     ; 7.455      ;
; -8.308 ; data_path:inst2|BANK_REG:inst1|OPC:inst8|REGISTER32bit:inst|REGISTER4bit:inst|inst                             ; UNIDADE_CONTROLE:inst|MPC:inst2|inst1                                                 ; CLOCK        ; CLOCK       ; 1.000        ; -0.986     ; 8.354      ;
; -8.300 ; data_path:inst2|BANK_REG:inst1|MDR:inst3|REGISTER32bit:inst1|REGISTER4bit:inst|inst16                          ; UNIDADE_CONTROLE:inst|MPC:inst2|inst1                                                 ; CLOCK        ; CLOCK       ; 1.000        ; -1.503     ; 7.829      ;
; -8.279 ; data_path:inst2|BANK_REG:inst1|MDR:inst3|REGISTER32bit:inst1|REGISTER4bit:inst|inst20                          ; UNIDADE_CONTROLE:inst|MPC:inst2|inst1                                                 ; CLOCK        ; CLOCK       ; 1.000        ; -1.499     ; 7.812      ;
; -8.264 ; data_path:inst2|BANK_REG:inst1|PC:inst4|REGISTER32bit:inst|REGISTER4bit:inst|inst                              ; UNIDADE_CONTROLE:inst|MPC:inst2|inst                                                  ; CLOCK        ; CLOCK       ; 1.000        ; -1.902     ; 7.394      ;
; -8.256 ; data_path:inst2|BANK_REG:inst1|TOS:inst7|REGISTER32bit:inst|REGISTER4bit:inst|inst16                           ; UNIDADE_CONTROLE:inst|MPC:inst2|inst1                                                 ; CLOCK        ; CLOCK       ; 1.000        ; -1.737     ; 7.551      ;
; -8.234 ; data_path:inst2|BANK_REG:inst1|PC:inst4|REGISTER32bit:inst|REGISTER4bit:inst1|inst5                            ; UNIDADE_CONTROLE:inst|MPC:inst2|inst                                                  ; CLOCK        ; CLOCK       ; 1.000        ; -1.891     ; 7.375      ;
; -8.198 ; data_path:inst2|BANK_REG:inst1|LV:inst2|REGISTER32bit:inst|REGISTER4bit:inst|inst5                             ; UNIDADE_CONTROLE:inst|MPC:inst2|inst                                                  ; CLOCK        ; CLOCK       ; 1.000        ; -1.623     ; 7.607      ;
; -8.190 ; data_path:inst2|BANK_REG:inst1|PC:inst4|REGISTER32bit:inst|REGISTER4bit:inst|inst5                             ; data_path:inst2|BANK_REG:inst1|OPC:inst8|REGISTER32bit:inst|REGISTER4bit:inst16|inst5 ; CLOCK        ; CLOCK       ; 1.000        ; -0.916     ; 8.306      ;
; -8.183 ; data_path:inst2|BANK_REG:inst1|TOS:inst7|REGISTER32bit:inst|REGISTER4bit:inst|inst                             ; UNIDADE_CONTROLE:inst|MPC:inst2|inst1                                                 ; CLOCK        ; CLOCK       ; 1.000        ; -1.737     ; 7.478      ;
; -8.180 ; data_path:inst2|BANK_REG:inst1|CPP:inst6|REGISTER32bit:inst|REGISTER4bit:inst|inst5                            ; UNIDADE_CONTROLE:inst|MPC:inst2|inst1                                                 ; CLOCK        ; CLOCK       ; 1.000        ; -1.694     ; 7.518      ;
; -8.177 ; data_path:inst2|BANK_REG:inst1|TOS:inst7|REGISTER32bit:inst|REGISTER4bit:inst1|inst20                          ; UNIDADE_CONTROLE:inst|MPC:inst2|inst1                                                 ; CLOCK        ; CLOCK       ; 1.000        ; -1.737     ; 7.472      ;
; -8.174 ; data_path:inst2|BANK_REG:inst1|H:inst10|REGISTER32bit:inst|REGISTER4bit:inst|inst5                             ; UNIDADE_CONTROLE:inst|MPC:inst2|inst1                                                 ; CLOCK        ; CLOCK       ; 1.000        ; -1.754     ; 7.452      ;
; -8.173 ; data_path:inst2|BANK_REG:inst1|LV:inst2|REGISTER32bit:inst|REGISTER4bit:inst1|inst5                            ; UNIDADE_CONTROLE:inst|MPC:inst2|inst1                                                 ; CLOCK        ; CLOCK       ; 1.000        ; -1.622     ; 7.583      ;
; -8.170 ; data_path:inst2|BANK_REG:inst1|CPP:inst6|REGISTER32bit:inst|REGISTER4bit:inst|inst16                           ; UNIDADE_CONTROLE:inst|MPC:inst2|inst                                                  ; CLOCK        ; CLOCK       ; 1.000        ; -1.694     ; 7.508      ;
; -8.168 ; data_path:inst2|BANK_REG:inst1|PC:inst4|REGISTER32bit:inst|REGISTER4bit:inst1|inst16                           ; UNIDADE_CONTROLE:inst|MPC:inst2|inst                                                  ; CLOCK        ; CLOCK       ; 1.000        ; -1.891     ; 7.309      ;
; -8.158 ; data_path:inst2|BANK_REG:inst1|CPP:inst6|REGISTER32bit:inst|REGISTER4bit:inst1|inst20                          ; UNIDADE_CONTROLE:inst|MPC:inst2|inst1                                                 ; CLOCK        ; CLOCK       ; 1.000        ; -1.694     ; 7.496      ;
; -8.155 ; data_path:inst2|BANK_REG:inst1|LV:inst2|REGISTER32bit:inst|REGISTER4bit:inst|inst16                            ; UNIDADE_CONTROLE:inst|MPC:inst2|inst1                                                 ; CLOCK        ; CLOCK       ; 1.000        ; -1.622     ; 7.565      ;
; -8.148 ; data_path:inst2|BANK_REG:inst1|TOS:inst7|REGISTER32bit:inst|REGISTER4bit:inst1|inst5                           ; UNIDADE_CONTROLE:inst|MPC:inst2|inst1                                                 ; CLOCK        ; CLOCK       ; 1.000        ; -1.723     ; 7.457      ;
; -8.145 ; data_path:inst2|BANK_REG:inst1|PC:inst4|REGISTER32bit:inst|REGISTER4bit:inst|inst16                            ; data_path:inst2|BANK_REG:inst1|OPC:inst8|REGISTER32bit:inst|REGISTER4bit:inst16|inst5 ; CLOCK        ; CLOCK       ; 1.000        ; -0.920     ; 8.257      ;
; -8.141 ; data_path:inst2|BANK_REG:inst1|TOS:inst7|REGISTER32bit:inst|REGISTER4bit:inst|inst5                            ; UNIDADE_CONTROLE:inst|MPC:inst2|inst                                                  ; CLOCK        ; CLOCK       ; 1.000        ; -1.733     ; 7.440      ;
; -8.137 ; data_path:inst2|BANK_REG:inst1|MDR:inst3|REGISTER32bit:inst1|REGISTER4bit:inst|inst5                           ; UNIDADE_CONTROLE:inst|MPC:inst2|inst                                                  ; CLOCK        ; CLOCK       ; 1.000        ; -1.498     ; 7.671      ;
; -8.129 ; data_path:inst2|BANK_REG:inst1|H:inst10|REGISTER32bit:inst|REGISTER4bit:inst|inst16                            ; UNIDADE_CONTROLE:inst|MPC:inst2|inst1                                                 ; CLOCK        ; CLOCK       ; 1.000        ; -1.753     ; 7.408      ;
; -8.126 ; data_path:inst2|BANK_REG:inst1|PC:inst4|REGISTER32bit:inst|REGISTER4bit:inst|inst5                             ; data_path:inst2|BANK_REG:inst1|OPC:inst8|REGISTER32bit:inst|REGISTER4bit:inst16|inst  ; CLOCK        ; CLOCK       ; 1.000        ; -0.927     ; 8.231      ;
; -8.117 ; data_path:inst2|BANK_REG:inst1|MDR:inst3|REGISTER32bit:inst1|REGISTER4bit:inst1|inst20                         ; UNIDADE_CONTROLE:inst|MPC:inst2|inst1                                                 ; CLOCK        ; CLOCK       ; 1.000        ; -1.499     ; 7.650      ;
; -8.111 ; data_path:inst2|BANK_REG:inst1|MDR:inst3|REGISTER32bit:inst1|REGISTER4bit:inst1|inst16                         ; UNIDADE_CONTROLE:inst|MPC:inst2|inst1                                                 ; CLOCK        ; CLOCK       ; 1.000        ; -1.499     ; 7.644      ;
; -8.104 ; data_path:inst2|BANK_REG:inst1|CPP:inst6|REGISTER32bit:inst|REGISTER4bit:inst1|inst16                          ; UNIDADE_CONTROLE:inst|MPC:inst2|inst1                                                 ; CLOCK        ; CLOCK       ; 1.000        ; -1.694     ; 7.442      ;
; -8.099 ; data_path:inst2|BANK_REG:inst1|TOS:inst7|REGISTER32bit:inst|REGISTER4bit:inst1|inst16                          ; UNIDADE_CONTROLE:inst|MPC:inst2|inst1                                                 ; CLOCK        ; CLOCK       ; 1.000        ; -1.737     ; 7.394      ;
; -8.081 ; data_path:inst2|BANK_REG:inst1|PC:inst4|REGISTER32bit:inst|REGISTER4bit:inst|inst16                            ; data_path:inst2|BANK_REG:inst1|OPC:inst8|REGISTER32bit:inst|REGISTER4bit:inst16|inst  ; CLOCK        ; CLOCK       ; 1.000        ; -0.931     ; 8.182      ;
; -8.075 ; data_path:inst2|BANK_REG:inst1|PC:inst4|REGISTER32bit:inst|REGISTER4bit:inst|inst5                             ; data_path:inst2|BANK_REG:inst1|SP:inst1|REGISTER32bit:inst|REGISTER4bit:inst16|inst5  ; CLOCK        ; CLOCK       ; 1.000        ; -0.668     ; 8.439      ;
; -8.047 ; data_path:inst2|BANK_REG:inst1|LV:inst2|REGISTER32bit:inst|REGISTER4bit:inst|inst                              ; UNIDADE_CONTROLE:inst|MPC:inst2|inst                                                  ; CLOCK        ; CLOCK       ; 1.000        ; -1.622     ; 7.457      ;
; -8.033 ; data_path:inst2|BANK_REG:inst1|PC:inst4|REGISTER32bit:inst|REGISTER4bit:inst|inst5                             ; data_path:inst2|BANK_REG:inst1|SP:inst1|REGISTER32bit:inst|REGISTER4bit:inst16|inst16 ; CLOCK        ; CLOCK       ; 1.000        ; -0.668     ; 8.397      ;
; -8.032 ; UNIDADE_CONTROLE:inst|CONTROLSTORE:inst3|altsyncram:altsyncram_component|altsyncram_ds61:auto_generated|q_a[0] ; UNIDADE_CONTROLE:inst|MPC:inst2|inst1                                                 ; CLOCK        ; CLOCK       ; 0.500        ; -0.054     ; 8.510      ;
; -8.030 ; data_path:inst2|BANK_REG:inst1|PC:inst4|REGISTER32bit:inst|REGISTER4bit:inst|inst16                            ; data_path:inst2|BANK_REG:inst1|SP:inst1|REGISTER32bit:inst|REGISTER4bit:inst16|inst5  ; CLOCK        ; CLOCK       ; 1.000        ; -0.672     ; 8.390      ;
; -8.027 ; data_path:inst2|BANK_REG:inst1|PC:inst4|REGISTER32bit:inst|REGISTER4bit:inst3|inst16                           ; UNIDADE_CONTROLE:inst|MPC:inst2|inst1                                                 ; CLOCK        ; CLOCK       ; 1.000        ; -1.891     ; 7.168      ;
; -8.025 ; data_path:inst2|BANK_REG:inst1|OPC:inst8|REGISTER32bit:inst|REGISTER4bit:inst|inst                             ; UNIDADE_CONTROLE:inst|MPC:inst2|inst                                                  ; CLOCK        ; CLOCK       ; 1.000        ; -0.986     ; 8.071      ;
; -8.017 ; data_path:inst2|BANK_REG:inst1|MDR:inst3|REGISTER32bit:inst1|REGISTER4bit:inst|inst16                          ; UNIDADE_CONTROLE:inst|MPC:inst2|inst                                                  ; CLOCK        ; CLOCK       ; 1.000        ; -1.503     ; 7.546      ;
; -8.007 ; data_path:inst2|BANK_REG:inst1|H:inst10|REGISTER32bit:inst|REGISTER4bit:inst|inst20                            ; UNIDADE_CONTROLE:inst|MPC:inst2|inst1                                                 ; CLOCK        ; CLOCK       ; 1.000        ; -1.763     ; 7.276      ;
; -8.000 ; data_path:inst2|BANK_REG:inst1|TOS:inst7|REGISTER32bit:inst|REGISTER4bit:inst|inst20                           ; UNIDADE_CONTROLE:inst|MPC:inst2|inst1                                                 ; CLOCK        ; CLOCK       ; 1.000        ; -1.737     ; 7.295      ;
; -7.996 ; data_path:inst2|BANK_REG:inst1|MDR:inst3|REGISTER32bit:inst1|REGISTER4bit:inst|inst20                          ; UNIDADE_CONTROLE:inst|MPC:inst2|inst                                                  ; CLOCK        ; CLOCK       ; 1.000        ; -1.499     ; 7.529      ;
; -7.993 ; data_path:inst2|BANK_REG:inst1|H:inst10|REGISTER32bit:inst|REGISTER4bit:inst|inst                              ; UNIDADE_CONTROLE:inst|MPC:inst2|inst1                                                 ; CLOCK        ; CLOCK       ; 1.000        ; -1.754     ; 7.271      ;
; -7.988 ; data_path:inst2|BANK_REG:inst1|LV:inst2|REGISTER32bit:inst|REGISTER4bit:inst|inst20                            ; UNIDADE_CONTROLE:inst|MPC:inst2|inst1                                                 ; CLOCK        ; CLOCK       ; 1.000        ; -1.622     ; 7.398      ;
; -7.988 ; data_path:inst2|BANK_REG:inst1|PC:inst4|REGISTER32bit:inst|REGISTER4bit:inst|inst16                            ; data_path:inst2|BANK_REG:inst1|SP:inst1|REGISTER32bit:inst|REGISTER4bit:inst16|inst16 ; CLOCK        ; CLOCK       ; 1.000        ; -0.672     ; 8.348      ;
; -7.974 ; data_path:inst2|BANK_REG:inst1|OPC:inst8|REGISTER32bit:inst|REGISTER4bit:inst|inst16                           ; UNIDADE_CONTROLE:inst|MPC:inst2|inst1                                                 ; CLOCK        ; CLOCK       ; 1.000        ; -0.989     ; 8.017      ;
; -7.973 ; data_path:inst2|BANK_REG:inst1|TOS:inst7|REGISTER32bit:inst|REGISTER4bit:inst|inst16                           ; UNIDADE_CONTROLE:inst|MPC:inst2|inst                                                  ; CLOCK        ; CLOCK       ; 1.000        ; -1.737     ; 7.268      ;
; -7.973 ; UNIDADE_CONTROLE:inst|CONTROLSTORE:inst3|altsyncram:altsyncram_component|altsyncram_ds61:auto_generated|q_a[2] ; UNIDADE_CONTROLE:inst|MPC:inst2|inst1                                                 ; CLOCK        ; CLOCK       ; 0.500        ; -0.062     ; 8.443      ;
; -7.963 ; UNIDADE_CONTROLE:inst|CONTROLSTORE:inst3|altsyncram:altsyncram_component|altsyncram_ds61:auto_generated|q_a[3] ; UNIDADE_CONTROLE:inst|MPC:inst2|inst1                                                 ; CLOCK        ; CLOCK       ; 0.500        ; -0.054     ; 8.441      ;
; -7.961 ; data_path:inst2|BANK_REG:inst1|MBR:inst5|REGISTER32bit:inst3|REGISTER4bit:inst|inst5                           ; UNIDADE_CONTROLE:inst|MPC:inst2|inst1                                                 ; CLOCK        ; CLOCK       ; 1.000        ; -1.649     ; 7.344      ;
; -7.959 ; data_path:inst2|BANK_REG:inst1|PC:inst4|REGISTER32bit:inst|REGISTER4bit:inst1|inst20                           ; data_path:inst2|BANK_REG:inst1|OPC:inst8|REGISTER32bit:inst|REGISTER4bit:inst16|inst5 ; CLOCK        ; CLOCK       ; 1.000        ; -0.904     ; 8.087      ;
; -7.931 ; data_path:inst2|BANK_REG:inst1|PC:inst4|REGISTER32bit:inst|REGISTER4bit:inst|inst5                             ; data_path:inst2|BANK_REG:inst1|SP:inst1|REGISTER32bit:inst|REGISTER4bit:inst16|inst   ; CLOCK        ; CLOCK       ; 1.000        ; -0.667     ; 8.296      ;
; -7.927 ; data_path:inst2|BANK_REG:inst1|LV:inst2|REGISTER32bit:inst|REGISTER4bit:inst1|inst                             ; UNIDADE_CONTROLE:inst|MPC:inst2|inst1                                                 ; CLOCK        ; CLOCK       ; 1.000        ; -1.623     ; 7.336      ;
; -7.927 ; data_path:inst2|BANK_REG:inst1|LV:inst2|REGISTER32bit:inst|REGISTER4bit:inst1|inst20                           ; UNIDADE_CONTROLE:inst|MPC:inst2|inst1                                                 ; CLOCK        ; CLOCK       ; 1.000        ; -1.622     ; 7.337      ;
; -7.913 ; UNIDADE_CONTROLE:inst|CONTROLSTORE:inst3|altsyncram:altsyncram_component|altsyncram_ds61:auto_generated|q_a[1] ; UNIDADE_CONTROLE:inst|MPC:inst2|inst1                                                 ; CLOCK        ; CLOCK       ; 0.500        ; -0.054     ; 8.391      ;
; -7.904 ; data_path:inst2|BANK_REG:inst1|MDR:inst3|REGISTER32bit:inst1|REGISTER4bit:inst|inst                            ; data_path:inst2|BANK_REG:inst1|OPC:inst8|REGISTER32bit:inst|REGISTER4bit:inst16|inst5 ; CLOCK        ; CLOCK       ; 1.000        ; -0.517     ; 8.419      ;
; -7.902 ; data_path:inst2|BANK_REG:inst1|CPP:inst6|REGISTER32bit:inst|REGISTER4bit:inst|inst                             ; data_path:inst2|BANK_REG:inst1|OPC:inst8|REGISTER32bit:inst|REGISTER4bit:inst16|inst5 ; CLOCK        ; CLOCK       ; 1.000        ; -0.712     ; 8.222      ;
; -7.900 ; data_path:inst2|BANK_REG:inst1|TOS:inst7|REGISTER32bit:inst|REGISTER4bit:inst|inst                             ; UNIDADE_CONTROLE:inst|MPC:inst2|inst                                                  ; CLOCK        ; CLOCK       ; 1.000        ; -1.737     ; 7.195      ;
; -7.898 ; data_path:inst2|BANK_REG:inst1|CPP:inst6|REGISTER32bit:inst|REGISTER4bit:inst|inst20                           ; UNIDADE_CONTROLE:inst|MPC:inst2|inst1                                                 ; CLOCK        ; CLOCK       ; 1.000        ; -1.694     ; 7.236      ;
; -7.897 ; data_path:inst2|BANK_REG:inst1|CPP:inst6|REGISTER32bit:inst|REGISTER4bit:inst|inst5                            ; UNIDADE_CONTROLE:inst|MPC:inst2|inst                                                  ; CLOCK        ; CLOCK       ; 1.000        ; -1.694     ; 7.235      ;
; -7.895 ; data_path:inst2|BANK_REG:inst1|PC:inst4|REGISTER32bit:inst|REGISTER4bit:inst1|inst20                           ; data_path:inst2|BANK_REG:inst1|OPC:inst8|REGISTER32bit:inst|REGISTER4bit:inst16|inst  ; CLOCK        ; CLOCK       ; 1.000        ; -0.915     ; 8.012      ;
; -7.894 ; data_path:inst2|BANK_REG:inst1|TOS:inst7|REGISTER32bit:inst|REGISTER4bit:inst1|inst20                          ; UNIDADE_CONTROLE:inst|MPC:inst2|inst                                                  ; CLOCK        ; CLOCK       ; 1.000        ; -1.737     ; 7.189      ;
; -7.894 ; data_path:inst2|BANK_REG:inst1|CPP:inst6|REGISTER32bit:inst|REGISTER4bit:inst1|inst5                           ; UNIDADE_CONTROLE:inst|MPC:inst2|inst1                                                 ; CLOCK        ; CLOCK       ; 1.000        ; -1.694     ; 7.232      ;
; -7.891 ; data_path:inst2|BANK_REG:inst1|H:inst10|REGISTER32bit:inst|REGISTER4bit:inst|inst5                             ; UNIDADE_CONTROLE:inst|MPC:inst2|inst                                                  ; CLOCK        ; CLOCK       ; 1.000        ; -1.754     ; 7.169      ;
; -7.890 ; data_path:inst2|BANK_REG:inst1|LV:inst2|REGISTER32bit:inst|REGISTER4bit:inst1|inst5                            ; UNIDADE_CONTROLE:inst|MPC:inst2|inst                                                  ; CLOCK        ; CLOCK       ; 1.000        ; -1.622     ; 7.300      ;
; -7.886 ; data_path:inst2|BANK_REG:inst1|PC:inst4|REGISTER32bit:inst|REGISTER4bit:inst|inst16                            ; data_path:inst2|BANK_REG:inst1|SP:inst1|REGISTER32bit:inst|REGISTER4bit:inst16|inst   ; CLOCK        ; CLOCK       ; 1.000        ; -0.671     ; 8.247      ;
; -7.875 ; data_path:inst2|BANK_REG:inst1|CPP:inst6|REGISTER32bit:inst|REGISTER4bit:inst1|inst20                          ; UNIDADE_CONTROLE:inst|MPC:inst2|inst                                                  ; CLOCK        ; CLOCK       ; 1.000        ; -1.694     ; 7.213      ;
; -7.872 ; data_path:inst2|BANK_REG:inst1|LV:inst2|REGISTER32bit:inst|REGISTER4bit:inst|inst16                            ; UNIDADE_CONTROLE:inst|MPC:inst2|inst                                                  ; CLOCK        ; CLOCK       ; 1.000        ; -1.622     ; 7.282      ;
; -7.865 ; data_path:inst2|BANK_REG:inst1|TOS:inst7|REGISTER32bit:inst|REGISTER4bit:inst1|inst5                           ; UNIDADE_CONTROLE:inst|MPC:inst2|inst                                                  ; CLOCK        ; CLOCK       ; 1.000        ; -1.723     ; 7.174      ;
; -7.863 ; data_path:inst2|BANK_REG:inst1|PC:inst4|REGISTER32bit:inst|REGISTER4bit:inst1|inst                             ; UNIDADE_CONTROLE:inst|MPC:inst2|inst1                                                 ; CLOCK        ; CLOCK       ; 1.000        ; -1.904     ; 6.991      ;
; -7.862 ; data_path:inst2|BANK_REG:inst1|PC:inst4|REGISTER32bit:inst|REGISTER4bit:inst3|inst                             ; UNIDADE_CONTROLE:inst|MPC:inst2|inst1                                                 ; CLOCK        ; CLOCK       ; 1.000        ; -1.886     ; 7.008      ;
; -7.853 ; data_path:inst2|BANK_REG:inst1|H:inst10|REGISTER32bit:inst|REGISTER4bit:inst1|inst20                           ; UNIDADE_CONTROLE:inst|MPC:inst2|inst1                                                 ; CLOCK        ; CLOCK       ; 1.000        ; -1.748     ; 7.137      ;
; -7.850 ; data_path:inst2|BANK_REG:inst1|PC:inst4|REGISTER32bit:inst|REGISTER4bit:inst|inst20                            ; data_path:inst2|BANK_REG:inst1|OPC:inst8|REGISTER32bit:inst|REGISTER4bit:inst16|inst5 ; CLOCK        ; CLOCK       ; 1.000        ; -0.904     ; 7.978      ;
; -7.846 ; data_path:inst2|BANK_REG:inst1|H:inst10|REGISTER32bit:inst|REGISTER4bit:inst|inst16                            ; UNIDADE_CONTROLE:inst|MPC:inst2|inst                                                  ; CLOCK        ; CLOCK       ; 1.000        ; -1.753     ; 7.125      ;
; -7.844 ; data_path:inst2|BANK_REG:inst1|PC:inst4|REGISTER32bit:inst|REGISTER4bit:inst1|inst20                           ; data_path:inst2|BANK_REG:inst1|SP:inst1|REGISTER32bit:inst|REGISTER4bit:inst16|inst5  ; CLOCK        ; CLOCK       ; 1.000        ; -0.656     ; 8.220      ;
; -7.840 ; data_path:inst2|BANK_REG:inst1|MDR:inst3|REGISTER32bit:inst1|REGISTER4bit:inst|inst                            ; data_path:inst2|BANK_REG:inst1|OPC:inst8|REGISTER32bit:inst|REGISTER4bit:inst16|inst  ; CLOCK        ; CLOCK       ; 1.000        ; -0.528     ; 8.344      ;
; -7.838 ; data_path:inst2|BANK_REG:inst1|CPP:inst6|REGISTER32bit:inst|REGISTER4bit:inst|inst                             ; data_path:inst2|BANK_REG:inst1|OPC:inst8|REGISTER32bit:inst|REGISTER4bit:inst16|inst  ; CLOCK        ; CLOCK       ; 1.000        ; -0.723     ; 8.147      ;
; -7.834 ; data_path:inst2|BANK_REG:inst1|MDR:inst3|REGISTER32bit:inst1|REGISTER4bit:inst1|inst20                         ; UNIDADE_CONTROLE:inst|MPC:inst2|inst                                                  ; CLOCK        ; CLOCK       ; 1.000        ; -1.499     ; 7.367      ;
; -7.828 ; data_path:inst2|BANK_REG:inst1|MDR:inst3|REGISTER32bit:inst1|REGISTER4bit:inst1|inst16                         ; UNIDADE_CONTROLE:inst|MPC:inst2|inst                                                  ; CLOCK        ; CLOCK       ; 1.000        ; -1.499     ; 7.361      ;
; -7.827 ; data_path:inst2|BANK_REG:inst1|PC:inst4|REGISTER32bit:inst|REGISTER4bit:inst|inst5                             ; data_path:inst2|BANK_REG:inst1|CPP:inst6|REGISTER32bit:inst|REGISTER4bit:inst16|inst5 ; CLOCK        ; CLOCK       ; 1.000        ; -0.203     ; 8.656      ;
; -7.821 ; data_path:inst2|BANK_REG:inst1|CPP:inst6|REGISTER32bit:inst|REGISTER4bit:inst1|inst16                          ; UNIDADE_CONTROLE:inst|MPC:inst2|inst                                                  ; CLOCK        ; CLOCK       ; 1.000        ; -1.694     ; 7.159      ;
; -7.816 ; data_path:inst2|BANK_REG:inst1|TOS:inst7|REGISTER32bit:inst|REGISTER4bit:inst1|inst16                          ; UNIDADE_CONTROLE:inst|MPC:inst2|inst                                                  ; CLOCK        ; CLOCK       ; 1.000        ; -1.737     ; 7.111      ;
; -7.805 ; data_path:inst2|BANK_REG:inst1|PC:inst4|REGISTER32bit:inst|REGISTER4bit:inst|inst                              ; data_path:inst2|BANK_REG:inst1|OPC:inst8|REGISTER32bit:inst|REGISTER4bit:inst16|inst5 ; CLOCK        ; CLOCK       ; 1.000        ; -0.920     ; 7.917      ;
+--------+----------------------------------------------------------------------------------------------------------------+---------------------------------------------------------------------------------------+--------------+-------------+--------------+------------+------------+


+------------------------------------------------------------------------------------------------------------------------------------------------------------------------------------------------------------------------------------------------------------------------------------------+
; Fast Model Hold: 'CLOCK'                                                                                                                                                                                                                                                                 ;
+--------+-----------------------------------------------------------------------------------------------------------------+-----------------------------------------------------------------------------------------+--------------+-------------+--------------+------------+------------+
; Slack  ; From Node                                                                                                       ; To Node                                                                                 ; Launch Clock ; Latch Clock ; Relationship ; Clock Skew ; Data Delay ;
+--------+-----------------------------------------------------------------------------------------------------------------+-----------------------------------------------------------------------------------------+--------------+-------------+--------------+------------+------------+
; -1.009 ; UNIDADE_CONTROLE:inst|CONTROLSTORE:inst3|altsyncram:altsyncram_component|altsyncram_ds61:auto_generated|q_a[22] ; data_path:inst2|BANK_REG:inst1|MAR:inst|REGISTER32bit:inst|REGISTER4bit:inst|inst5      ; CLOCK        ; CLOCK       ; -0.500       ; 2.241      ; 0.884      ;
; -0.886 ; UNIDADE_CONTROLE:inst|CONTROLSTORE:inst3|altsyncram:altsyncram_component|altsyncram_ds61:auto_generated|q_a[23] ; data_path:inst2|BANK_REG:inst1|MAR:inst|REGISTER32bit:inst|REGISTER4bit:inst3|inst5     ; CLOCK        ; CLOCK       ; -0.500       ; 2.231      ; 0.997      ;
; -0.880 ; UNIDADE_CONTROLE:inst|CONTROLSTORE:inst3|altsyncram:altsyncram_component|altsyncram_ds61:auto_generated|q_a[23] ; data_path:inst2|BANK_REG:inst1|MAR:inst|REGISTER32bit:inst|REGISTER4bit:inst|inst5      ; CLOCK        ; CLOCK       ; -0.500       ; 2.241      ; 1.013      ;
; -0.780 ; UNIDADE_CONTROLE:inst|CONTROLSTORE:inst3|altsyncram:altsyncram_component|altsyncram_ds61:auto_generated|q_a[22] ; data_path:inst2|BANK_REG:inst1|MAR:inst|REGISTER32bit:inst|REGISTER4bit:inst15|inst20   ; CLOCK        ; CLOCK       ; -0.500       ; 2.231      ; 1.103      ;
; -0.756 ; UNIDADE_CONTROLE:inst|CONTROLSTORE:inst3|altsyncram:altsyncram_component|altsyncram_ds61:auto_generated|q_a[23] ; data_path:inst2|BANK_REG:inst1|MAR:inst|REGISTER32bit:inst|REGISTER4bit:inst15|inst20   ; CLOCK        ; CLOCK       ; -0.500       ; 2.231      ; 1.127      ;
; -0.716 ; UNIDADE_CONTROLE:inst|CONTROLSTORE:inst3|altsyncram:altsyncram_component|altsyncram_ds61:auto_generated|q_a[23] ; data_path:inst2|BANK_REG:inst1|MAR:inst|REGISTER32bit:inst|REGISTER4bit:inst3|inst      ; CLOCK        ; CLOCK       ; -0.500       ; 2.231      ; 1.167      ;
; -0.713 ; UNIDADE_CONTROLE:inst|CONTROLSTORE:inst3|altsyncram:altsyncram_component|altsyncram_ds61:auto_generated|q_a[22] ; data_path:inst2|BANK_REG:inst1|MAR:inst|REGISTER32bit:inst|REGISTER4bit:inst3|inst5     ; CLOCK        ; CLOCK       ; -0.500       ; 2.231      ; 1.170      ;
; -0.687 ; UNIDADE_CONTROLE:inst|CONTROLSTORE:inst3|altsyncram:altsyncram_component|altsyncram_ds61:auto_generated|q_a[23] ; data_path:inst2|BANK_REG:inst1|MAR:inst|REGISTER32bit:inst|REGISTER4bit:inst14|inst20   ; CLOCK        ; CLOCK       ; -0.500       ; 2.231      ; 1.196      ;
; -0.679 ; UNIDADE_CONTROLE:inst|CONTROLSTORE:inst3|altsyncram:altsyncram_component|altsyncram_ds61:auto_generated|q_a[22] ; data_path:inst2|BANK_REG:inst1|MAR:inst|REGISTER32bit:inst|REGISTER4bit:inst2|inst16    ; CLOCK        ; CLOCK       ; -0.500       ; 2.246      ; 1.219      ;
; -0.673 ; UNIDADE_CONTROLE:inst|CONTROLSTORE:inst3|altsyncram:altsyncram_component|altsyncram_ds61:auto_generated|q_a[22] ; data_path:inst2|BANK_REG:inst1|MAR:inst|REGISTER32bit:inst|REGISTER4bit:inst|inst20     ; CLOCK        ; CLOCK       ; -0.500       ; 2.246      ; 1.225      ;
; -0.655 ; UNIDADE_CONTROLE:inst|CONTROLSTORE:inst3|altsyncram:altsyncram_component|altsyncram_ds61:auto_generated|q_a[23] ; data_path:inst2|BANK_REG:inst1|MAR:inst|REGISTER32bit:inst|REGISTER4bit:inst1|inst      ; CLOCK        ; CLOCK       ; -0.500       ; 2.231      ; 1.228      ;
; -0.620 ; UNIDADE_CONTROLE:inst|CONTROLSTORE:inst3|altsyncram:altsyncram_component|altsyncram_ds61:auto_generated|q_a[21] ; data_path:inst2|BANK_REG:inst1|MAR:inst|REGISTER32bit:inst|REGISTER4bit:inst|inst5      ; CLOCK        ; CLOCK       ; -0.500       ; 2.233      ; 1.265      ;
; -0.616 ; UNIDADE_CONTROLE:inst|CONTROLSTORE:inst3|altsyncram:altsyncram_component|altsyncram_ds61:auto_generated|q_a[22] ; data_path:inst2|BANK_REG:inst1|MAR:inst|REGISTER32bit:inst|REGISTER4bit:inst16|inst     ; CLOCK        ; CLOCK       ; -0.500       ; 2.231      ; 1.267      ;
; -0.608 ; UNIDADE_CONTROLE:inst|CONTROLSTORE:inst3|altsyncram:altsyncram_component|altsyncram_ds61:auto_generated|q_a[23] ; data_path:inst2|BANK_REG:inst1|MAR:inst|REGISTER32bit:inst|REGISTER4bit:inst2|inst16    ; CLOCK        ; CLOCK       ; -0.500       ; 2.246      ; 1.290      ;
; -0.600 ; UNIDADE_CONTROLE:inst|CONTROLSTORE:inst3|altsyncram:altsyncram_component|altsyncram_ds61:auto_generated|q_a[23] ; data_path:inst2|BANK_REG:inst1|MAR:inst|REGISTER32bit:inst|REGISTER4bit:inst|inst20     ; CLOCK        ; CLOCK       ; -0.500       ; 2.246      ; 1.298      ;
; -0.593 ; UNIDADE_CONTROLE:inst|CONTROLSTORE:inst3|altsyncram:altsyncram_component|altsyncram_ds61:auto_generated|q_a[23] ; data_path:inst2|BANK_REG:inst1|MAR:inst|REGISTER32bit:inst|REGISTER4bit:inst16|inst     ; CLOCK        ; CLOCK       ; -0.500       ; 2.231      ; 1.290      ;
; -0.568 ; UNIDADE_CONTROLE:inst|CONTROLSTORE:inst3|altsyncram:altsyncram_component|altsyncram_ds61:auto_generated|q_a[23] ; data_path:inst2|BANK_REG:inst1|MAR:inst|REGISTER32bit:inst|REGISTER4bit:inst14|inst16   ; CLOCK        ; CLOCK       ; -0.500       ; 2.231      ; 1.315      ;
; -0.540 ; UNIDADE_CONTROLE:inst|CONTROLSTORE:inst3|altsyncram:altsyncram_component|altsyncram_ds61:auto_generated|q_a[23] ; data_path:inst2|BANK_REG:inst1|MAR:inst|REGISTER32bit:inst|REGISTER4bit:inst14|inst5    ; CLOCK        ; CLOCK       ; -0.500       ; 2.215      ; 1.327      ;
; -0.524 ; UNIDADE_CONTROLE:inst|CONTROLSTORE:inst3|altsyncram:altsyncram_component|altsyncram_ds61:auto_generated|q_a[22] ; data_path:inst2|BANK_REG:inst1|PC:inst4|REGISTER32bit:inst|REGISTER4bit:inst14|inst     ; CLOCK        ; CLOCK       ; -0.500       ; 1.837      ; 0.965      ;
; -0.523 ; UNIDADE_CONTROLE:inst|CONTROLSTORE:inst3|altsyncram:altsyncram_component|altsyncram_ds61:auto_generated|q_a[18] ; data_path:inst2|BANK_REG:inst1|MAR:inst|REGISTER32bit:inst|REGISTER4bit:inst|inst5      ; CLOCK        ; CLOCK       ; -0.500       ; 2.241      ; 1.370      ;
; -0.522 ; UNIDADE_CONTROLE:inst|CONTROLSTORE:inst3|altsyncram:altsyncram_component|altsyncram_ds61:auto_generated|q_a[23] ; data_path:inst2|BANK_REG:inst1|MAR:inst|REGISTER32bit:inst|REGISTER4bit:inst15|inst5    ; CLOCK        ; CLOCK       ; -0.500       ; 2.226      ; 1.356      ;
; -0.521 ; UNIDADE_CONTROLE:inst|CONTROLSTORE:inst3|altsyncram:altsyncram_component|altsyncram_ds61:auto_generated|q_a[20] ; data_path:inst2|BANK_REG:inst1|MAR:inst|REGISTER32bit:inst|REGISTER4bit:inst|inst5      ; CLOCK        ; CLOCK       ; -0.500       ; 2.241      ; 1.372      ;
; -0.513 ; UNIDADE_CONTROLE:inst|CONTROLSTORE:inst3|altsyncram:altsyncram_component|altsyncram_ds61:auto_generated|q_a[23] ; data_path:inst2|BANK_REG:inst1|LV:inst2|REGISTER32bit:inst|REGISTER4bit:inst11|inst     ; CLOCK        ; CLOCK       ; -0.500       ; 1.569      ; 0.708      ;
; -0.509 ; UNIDADE_CONTROLE:inst|CONTROLSTORE:inst3|altsyncram:altsyncram_component|altsyncram_ds61:auto_generated|q_a[23] ; data_path:inst2|BANK_REG:inst1|LV:inst2|REGISTER32bit:inst|REGISTER4bit:inst1|inst      ; CLOCK        ; CLOCK       ; -0.500       ; 1.569      ; 0.712      ;
; -0.506 ; UNIDADE_CONTROLE:inst|CONTROLSTORE:inst3|altsyncram:altsyncram_component|altsyncram_ds61:auto_generated|q_a[23] ; data_path:inst2|BANK_REG:inst1|LV:inst2|REGISTER32bit:inst|REGISTER4bit:inst2|inst5     ; CLOCK        ; CLOCK       ; -0.500       ; 1.569      ; 0.715      ;
; -0.488 ; UNIDADE_CONTROLE:inst|CONTROLSTORE:inst3|altsyncram:altsyncram_component|altsyncram_ds61:auto_generated|q_a[22] ; data_path:inst2|BANK_REG:inst1|LV:inst2|REGISTER32bit:inst|REGISTER4bit:inst11|inst     ; CLOCK        ; CLOCK       ; -0.500       ; 1.569      ; 0.733      ;
; -0.487 ; data_path:inst2|BANK_REG:inst1|MDR:inst3|inst13                                                                 ; data_path:inst2|BANK_REG:inst1|MDR:inst3|REGISTER32bit:inst1|REGISTER4bit:inst14|inst16 ; CLOCK        ; CLOCK       ; -0.500       ; 1.578      ; 0.743      ;
; -0.487 ; UNIDADE_CONTROLE:inst|CONTROLSTORE:inst3|altsyncram:altsyncram_component|altsyncram_ds61:auto_generated|q_a[23] ; data_path:inst2|BANK_REG:inst1|PC:inst4|REGISTER32bit:inst|REGISTER4bit:inst14|inst     ; CLOCK        ; CLOCK       ; -0.500       ; 1.837      ; 1.002      ;
; -0.486 ; UNIDADE_CONTROLE:inst|CONTROLSTORE:inst3|altsyncram:altsyncram_component|altsyncram_ds61:auto_generated|q_a[22] ; data_path:inst2|BANK_REG:inst1|MAR:inst|REGISTER32bit:inst|REGISTER4bit:inst14|inst16   ; CLOCK        ; CLOCK       ; -0.500       ; 2.231      ; 1.397      ;
; -0.479 ; UNIDADE_CONTROLE:inst|CONTROLSTORE:inst3|altsyncram:altsyncram_component|altsyncram_ds61:auto_generated|q_a[23] ; data_path:inst2|BANK_REG:inst1|TOS:inst7|REGISTER32bit:inst|REGISTER4bit:inst14|inst20  ; CLOCK        ; CLOCK       ; -0.500       ; 1.669      ; 0.842      ;
; -0.461 ; UNIDADE_CONTROLE:inst|CONTROLSTORE:inst3|altsyncram:altsyncram_component|altsyncram_ds61:auto_generated|q_a[23] ; data_path:inst2|BANK_REG:inst1|MAR:inst|REGISTER32bit:inst|REGISTER4bit:inst16|inst16   ; CLOCK        ; CLOCK       ; -0.500       ; 2.231      ; 1.422      ;
; -0.461 ; UNIDADE_CONTROLE:inst|CONTROLSTORE:inst3|altsyncram:altsyncram_component|altsyncram_ds61:auto_generated|q_a[22] ; data_path:inst2|BANK_REG:inst1|MAR:inst|REGISTER32bit:inst|REGISTER4bit:inst14|inst20   ; CLOCK        ; CLOCK       ; -0.500       ; 2.231      ; 1.422      ;
; -0.455 ; UNIDADE_CONTROLE:inst|CONTROLSTORE:inst3|altsyncram:altsyncram_component|altsyncram_ds61:auto_generated|q_a[22] ; data_path:inst2|BANK_REG:inst1|PC:inst4|REGISTER32bit:inst|REGISTER4bit:inst1|inst16    ; CLOCK        ; CLOCK       ; -0.500       ; 1.837      ; 1.034      ;
; -0.454 ; UNIDADE_CONTROLE:inst|CONTROLSTORE:inst3|altsyncram:altsyncram_component|altsyncram_ds61:auto_generated|q_a[22] ; data_path:inst2|BANK_REG:inst1|PC:inst4|REGISTER32bit:inst|REGISTER4bit:inst3|inst16    ; CLOCK        ; CLOCK       ; -0.500       ; 1.837      ; 1.035      ;
; -0.454 ; UNIDADE_CONTROLE:inst|CONTROLSTORE:inst3|altsyncram:altsyncram_component|altsyncram_ds61:auto_generated|q_a[23] ; data_path:inst2|BANK_REG:inst1|PC:inst4|REGISTER32bit:inst|REGISTER4bit:inst15|inst5    ; CLOCK        ; CLOCK       ; -0.500       ; 1.849      ; 1.047      ;
; -0.453 ; UNIDADE_CONTROLE:inst|CONTROLSTORE:inst3|altsyncram:altsyncram_component|altsyncram_ds61:auto_generated|q_a[22] ; data_path:inst2|BANK_REG:inst1|PC:inst4|REGISTER32bit:inst|REGISTER4bit:inst11|inst20   ; CLOCK        ; CLOCK       ; -0.500       ; 1.837      ; 1.036      ;
; -0.453 ; UNIDADE_CONTROLE:inst|CONTROLSTORE:inst3|altsyncram:altsyncram_component|altsyncram_ds61:auto_generated|q_a[22] ; data_path:inst2|BANK_REG:inst1|MAR:inst|REGISTER32bit:inst|REGISTER4bit:inst3|inst      ; CLOCK        ; CLOCK       ; -0.500       ; 2.231      ; 1.430      ;
; -0.447 ; UNIDADE_CONTROLE:inst|CONTROLSTORE:inst3|altsyncram:altsyncram_component|altsyncram_ds61:auto_generated|q_a[22] ; data_path:inst2|BANK_REG:inst1|TOS:inst7|REGISTER32bit:inst|REGISTER4bit:inst|inst5     ; CLOCK        ; CLOCK       ; -0.500       ; 1.679      ; 0.884      ;
; -0.434 ; UNIDADE_CONTROLE:inst|CONTROLSTORE:inst3|altsyncram:altsyncram_component|altsyncram_ds61:auto_generated|q_a[22] ; data_path:inst2|BANK_REG:inst1|MAR:inst|REGISTER32bit:inst|REGISTER4bit:inst14|inst     ; CLOCK        ; CLOCK       ; -0.500       ; 2.213      ; 1.431      ;
; -0.424 ; data_path:inst2|BANK_REG:inst1|MDR:inst3|inst13                                                                 ; data_path:inst2|BANK_REG:inst1|MDR:inst3|REGISTER32bit:inst1|REGISTER4bit:inst14|inst20 ; CLOCK        ; CLOCK       ; -0.500       ; 1.578      ; 0.806      ;
; -0.421 ; data_path:inst2|BANK_REG:inst1|MDR:inst3|inst13                                                                 ; data_path:inst2|BANK_REG:inst1|MDR:inst3|REGISTER32bit:inst1|REGISTER4bit:inst11|inst   ; CLOCK        ; CLOCK       ; -0.500       ; 1.578      ; 0.809      ;
; -0.419 ; data_path:inst2|BANK_REG:inst1|MDR:inst3|inst13                                                                 ; data_path:inst2|BANK_REG:inst1|MDR:inst3|REGISTER32bit:inst1|REGISTER4bit:inst1|inst    ; CLOCK        ; CLOCK       ; -0.500       ; 1.578      ; 0.811      ;
; -0.416 ; data_path:inst2|BANK_REG:inst1|MDR:inst3|inst13                                                                 ; data_path:inst2|BANK_REG:inst1|MDR:inst3|REGISTER32bit:inst1|REGISTER4bit:inst2|inst16  ; CLOCK        ; CLOCK       ; -0.500       ; 1.578      ; 0.814      ;
; -0.397 ; UNIDADE_CONTROLE:inst|CONTROLSTORE:inst3|altsyncram:altsyncram_component|altsyncram_ds61:auto_generated|q_a[23] ; data_path:inst2|BANK_REG:inst1|MAR:inst|REGISTER32bit:inst|REGISTER4bit:inst14|inst     ; CLOCK        ; CLOCK       ; -0.500       ; 2.213      ; 1.468      ;
; -0.395 ; UNIDADE_CONTROLE:inst|CONTROLSTORE:inst3|altsyncram:altsyncram_component|altsyncram_ds61:auto_generated|q_a[22] ; data_path:inst2|BANK_REG:inst1|PC:inst4|REGISTER32bit:inst|REGISTER4bit:inst|inst5      ; CLOCK        ; CLOCK       ; -0.500       ; 1.844      ; 1.101      ;
; -0.376 ; UNIDADE_CONTROLE:inst|CONTROLSTORE:inst3|altsyncram:altsyncram_component|altsyncram_ds61:auto_generated|q_a[22] ; data_path:inst2|BANK_REG:inst1|MAR:inst|REGISTER32bit:inst|REGISTER4bit:inst16|inst16   ; CLOCK        ; CLOCK       ; -0.500       ; 2.231      ; 1.507      ;
; -0.373 ; UNIDADE_CONTROLE:inst|CONTROLSTORE:inst3|altsyncram:altsyncram_component|altsyncram_ds61:auto_generated|q_a[23] ; data_path:inst2|BANK_REG:inst1|CPP:inst6|REGISTER32bit:inst|REGISTER4bit:inst3|inst     ; CLOCK        ; CLOCK       ; -0.500       ; 1.630      ; 0.909      ;
; -0.372 ; UNIDADE_CONTROLE:inst|CONTROLSTORE:inst3|altsyncram:altsyncram_component|altsyncram_ds61:auto_generated|q_a[23] ; data_path:inst2|BANK_REG:inst1|MAR:inst|REGISTER32bit:inst|REGISTER4bit:inst15|inst     ; CLOCK        ; CLOCK       ; -0.500       ; 2.231      ; 1.511      ;
; -0.369 ; UNIDADE_CONTROLE:inst|CONTROLSTORE:inst3|altsyncram:altsyncram_component|altsyncram_ds61:auto_generated|q_a[23] ; data_path:inst2|BANK_REG:inst1|LV:inst2|REGISTER32bit:inst|REGISTER4bit:inst14|inst5    ; CLOCK        ; CLOCK       ; -0.500       ; 1.564      ; 0.847      ;
; -0.365 ; UNIDADE_CONTROLE:inst|CONTROLSTORE:inst3|altsyncram:altsyncram_component|altsyncram_ds61:auto_generated|q_a[22] ; data_path:inst2|BANK_REG:inst1|MAR:inst|REGISTER32bit:inst|REGISTER4bit:inst15|inst5    ; CLOCK        ; CLOCK       ; -0.500       ; 2.226      ; 1.513      ;
; -0.360 ; UNIDADE_CONTROLE:inst|CONTROLSTORE:inst3|altsyncram:altsyncram_component|altsyncram_ds61:auto_generated|q_a[23] ; data_path:inst2|BANK_REG:inst1|PC:inst4|REGISTER32bit:inst|REGISTER4bit:inst1|inst16    ; CLOCK        ; CLOCK       ; -0.500       ; 1.837      ; 1.129      ;
; -0.360 ; UNIDADE_CONTROLE:inst|CONTROLSTORE:inst3|altsyncram:altsyncram_component|altsyncram_ds61:auto_generated|q_a[23] ; data_path:inst2|BANK_REG:inst1|PC:inst4|REGISTER32bit:inst|REGISTER4bit:inst3|inst16    ; CLOCK        ; CLOCK       ; -0.500       ; 1.837      ; 1.129      ;
; -0.357 ; UNIDADE_CONTROLE:inst|CONTROLSTORE:inst3|altsyncram:altsyncram_component|altsyncram_ds61:auto_generated|q_a[23] ; data_path:inst2|BANK_REG:inst1|PC:inst4|REGISTER32bit:inst|REGISTER4bit:inst11|inst20   ; CLOCK        ; CLOCK       ; -0.500       ; 1.837      ; 1.132      ;
; -0.355 ; UNIDADE_CONTROLE:inst|CONTROLSTORE:inst3|altsyncram:altsyncram_component|altsyncram_ds61:auto_generated|q_a[21] ; data_path:inst2|BANK_REG:inst1|MAR:inst|REGISTER32bit:inst|REGISTER4bit:inst|inst20     ; CLOCK        ; CLOCK       ; -0.500       ; 2.238      ; 1.535      ;
; -0.350 ; data_path:inst2|BANK_REG:inst1|MDR:inst3|inst13                                                                 ; data_path:inst2|BANK_REG:inst1|MDR:inst3|REGISTER32bit:inst1|REGISTER4bit:inst3|inst5   ; CLOCK        ; CLOCK       ; -0.500       ; 1.576      ; 0.878      ;
; -0.349 ; data_path:inst2|BANK_REG:inst1|MDR:inst3|inst13                                                                 ; data_path:inst2|BANK_REG:inst1|MDR:inst3|REGISTER32bit:inst1|REGISTER4bit:inst3|inst16  ; CLOCK        ; CLOCK       ; -0.500       ; 1.576      ; 0.879      ;
; -0.345 ; data_path:inst2|BANK_REG:inst1|MDR:inst3|inst13                                                                 ; data_path:inst2|BANK_REG:inst1|MDR:inst3|REGISTER32bit:inst1|REGISTER4bit:inst14|inst   ; CLOCK        ; CLOCK       ; -0.500       ; 1.578      ; 0.885      ;
; -0.343 ; data_path:inst2|BANK_REG:inst1|MDR:inst3|inst13                                                                 ; data_path:inst2|BANK_REG:inst1|MDR:inst3|REGISTER32bit:inst1|REGISTER4bit:inst11|inst16 ; CLOCK        ; CLOCK       ; -0.500       ; 1.578      ; 0.887      ;
; -0.340 ; UNIDADE_CONTROLE:inst|CONTROLSTORE:inst3|altsyncram:altsyncram_component|altsyncram_ds61:auto_generated|q_a[22] ; data_path:inst2|BANK_REG:inst1|MAR:inst|REGISTER32bit:inst|REGISTER4bit:inst15|inst16   ; CLOCK        ; CLOCK       ; -0.500       ; 2.246      ; 1.558      ;
; -0.340 ; UNIDADE_CONTROLE:inst|CONTROLSTORE:inst3|altsyncram:altsyncram_component|altsyncram_ds61:auto_generated|q_a[18] ; data_path:inst2|BANK_REG:inst1|MAR:inst|REGISTER32bit:inst|REGISTER4bit:inst|inst20     ; CLOCK        ; CLOCK       ; -0.500       ; 2.246      ; 1.558      ;
; -0.337 ; data_path:inst2|BANK_REG:inst1|MDR:inst3|inst13                                                                 ; data_path:inst2|BANK_REG:inst1|MDR:inst3|REGISTER32bit:inst1|REGISTER4bit:inst15|inst20 ; CLOCK        ; CLOCK       ; -0.500       ; 1.578      ; 0.893      ;
; -0.336 ; data_path:inst2|BANK_REG:inst1|MDR:inst3|inst13                                                                 ; data_path:inst2|BANK_REG:inst1|MDR:inst3|REGISTER32bit:inst1|REGISTER4bit:inst11|inst5  ; CLOCK        ; CLOCK       ; -0.500       ; 1.578      ; 0.894      ;
; -0.332 ; UNIDADE_CONTROLE:inst|CONTROLSTORE:inst3|altsyncram:altsyncram_component|altsyncram_ds61:auto_generated|q_a[23] ; data_path:inst2|BANK_REG:inst1|MAR:inst|REGISTER32bit:inst|REGISTER4bit:inst16|inst20   ; CLOCK        ; CLOCK       ; -0.500       ; 2.223      ; 1.543      ;
; -0.318 ; UNIDADE_CONTROLE:inst|CONTROLSTORE:inst3|altsyncram:altsyncram_component|altsyncram_ds61:auto_generated|q_a[23] ; data_path:inst2|BANK_REG:inst1|TOS:inst7|REGISTER32bit:inst|REGISTER4bit:inst|inst5     ; CLOCK        ; CLOCK       ; -0.500       ; 1.679      ; 1.013      ;
; -0.312 ; UNIDADE_CONTROLE:inst|CONTROLSTORE:inst3|altsyncram:altsyncram_component|altsyncram_ds61:auto_generated|q_a[22] ; data_path:inst2|BANK_REG:inst1|MAR:inst|REGISTER32bit:inst|REGISTER4bit:inst14|inst5    ; CLOCK        ; CLOCK       ; -0.500       ; 2.215      ; 1.555      ;
; -0.297 ; UNIDADE_CONTROLE:inst|CONTROLSTORE:inst3|altsyncram:altsyncram_component|altsyncram_ds61:auto_generated|q_a[22] ; data_path:inst2|BANK_REG:inst1|PC:inst4|REGISTER32bit:inst|REGISTER4bit:inst15|inst5    ; CLOCK        ; CLOCK       ; -0.500       ; 1.849      ; 1.204      ;
; -0.288 ; UNIDADE_CONTROLE:inst|CONTROLSTORE:inst3|altsyncram:altsyncram_component|altsyncram_ds61:auto_generated|q_a[22] ; data_path:inst2|BANK_REG:inst1|MAR:inst|REGISTER32bit:inst|REGISTER4bit:inst15|inst     ; CLOCK        ; CLOCK       ; -0.500       ; 2.231      ; 1.595      ;
; -0.286 ; UNIDADE_CONTROLE:inst|CONTROLSTORE:inst3|altsyncram:altsyncram_component|altsyncram_ds61:auto_generated|q_a[22] ; data_path:inst2|BANK_REG:inst1|PC:inst4|REGISTER32bit:inst|REGISTER4bit:inst15|inst16   ; CLOCK        ; CLOCK       ; -0.500       ; 1.837      ; 1.203      ;
; -0.282 ; UNIDADE_CONTROLE:inst|CONTROLSTORE:inst3|altsyncram:altsyncram_component|altsyncram_ds61:auto_generated|q_a[22] ; data_path:inst2|BANK_REG:inst1|PC:inst4|REGISTER32bit:inst|REGISTER4bit:inst1|inst5     ; CLOCK        ; CLOCK       ; -0.500       ; 1.837      ; 1.207      ;
; -0.270 ; UNIDADE_CONTROLE:inst|CONTROLSTORE:inst3|altsyncram:altsyncram_component|altsyncram_ds61:auto_generated|q_a[21] ; data_path:inst2|BANK_REG:inst1|MAR:inst|REGISTER32bit:inst|REGISTER4bit:inst3|inst5     ; CLOCK        ; CLOCK       ; -0.500       ; 2.223      ; 1.605      ;
; -0.266 ; UNIDADE_CONTROLE:inst|CONTROLSTORE:inst3|altsyncram:altsyncram_component|altsyncram_ds61:auto_generated|q_a[23] ; data_path:inst2|BANK_REG:inst1|PC:inst4|REGISTER32bit:inst|REGISTER4bit:inst|inst5      ; CLOCK        ; CLOCK       ; -0.500       ; 1.844      ; 1.230      ;
; -0.253 ; UNIDADE_CONTROLE:inst|CONTROLSTORE:inst3|altsyncram:altsyncram_component|altsyncram_ds61:auto_generated|q_a[22] ; data_path:inst2|BANK_REG:inst1|TOS:inst7|REGISTER32bit:inst|REGISTER4bit:inst14|inst20  ; CLOCK        ; CLOCK       ; -0.500       ; 1.669      ; 1.068      ;
; -0.250 ; UNIDADE_CONTROLE:inst|CONTROLSTORE:inst3|altsyncram:altsyncram_component|altsyncram_ds61:auto_generated|q_a[22] ; data_path:inst2|BANK_REG:inst1|CPP:inst6|REGISTER32bit:inst|REGISTER4bit:inst15|inst16  ; CLOCK        ; CLOCK       ; -0.500       ; 1.636      ; 1.038      ;
; -0.247 ; UNIDADE_CONTROLE:inst|CONTROLSTORE:inst3|altsyncram:altsyncram_component|altsyncram_ds61:auto_generated|q_a[22] ; data_path:inst2|BANK_REG:inst1|MAR:inst|REGISTER32bit:inst|REGISTER4bit:inst16|inst20   ; CLOCK        ; CLOCK       ; -0.500       ; 2.223      ; 1.628      ;
; -0.244 ; UNIDADE_CONTROLE:inst|CONTROLSTORE:inst3|altsyncram:altsyncram_component|altsyncram_ds61:auto_generated|q_a[23] ; data_path:inst2|BANK_REG:inst1|MAR:inst|REGISTER32bit:inst|REGISTER4bit:inst15|inst16   ; CLOCK        ; CLOCK       ; -0.500       ; 2.246      ; 1.654      ;
; -0.241 ; UNIDADE_CONTROLE:inst|CONTROLSTORE:inst3|altsyncram:altsyncram_component|altsyncram_ds61:auto_generated|q_a[23] ; data_path:inst2|BANK_REG:inst1|CPP:inst6|REGISTER32bit:inst|REGISTER4bit:inst11|inst    ; CLOCK        ; CLOCK       ; -0.500       ; 1.641      ; 1.052      ;
; -0.241 ; data_path:inst2|BANK_REG:inst1|MDR:inst3|inst13                                                                 ; data_path:inst2|BANK_REG:inst1|MDR:inst3|REGISTER32bit:inst1|REGISTER4bit:inst1|inst16  ; CLOCK        ; CLOCK       ; -0.500       ; 1.560      ; 0.971      ;
; -0.239 ; data_path:inst2|BANK_REG:inst1|MDR:inst3|inst13                                                                 ; data_path:inst2|BANK_REG:inst1|MDR:inst3|REGISTER32bit:inst1|REGISTER4bit:inst2|inst20  ; CLOCK        ; CLOCK       ; -0.500       ; 1.559      ; 0.972      ;
; -0.235 ; UNIDADE_CONTROLE:inst|CONTROLSTORE:inst3|altsyncram:altsyncram_component|altsyncram_ds61:auto_generated|q_a[23] ; data_path:inst2|BANK_REG:inst1|CPP:inst6|REGISTER32bit:inst|REGISTER4bit:inst16|inst20  ; CLOCK        ; CLOCK       ; -0.500       ; 1.629      ; 1.046      ;
; -0.235 ; data_path:inst2|BANK_REG:inst1|MDR:inst3|inst13                                                                 ; data_path:inst2|BANK_REG:inst1|MDR:inst3|REGISTER32bit:inst1|REGISTER4bit:inst|inst5    ; CLOCK        ; CLOCK       ; -0.500       ; 1.559      ; 0.976      ;
; -0.233 ; data_path:inst2|BANK_REG:inst1|MDR:inst3|inst13                                                                 ; data_path:inst2|BANK_REG:inst1|MDR:inst3|REGISTER32bit:inst1|REGISTER4bit:inst3|inst20  ; CLOCK        ; CLOCK       ; -0.500       ; 1.560      ; 0.979      ;
; -0.232 ; UNIDADE_CONTROLE:inst|CONTROLSTORE:inst3|altsyncram:altsyncram_component|altsyncram_ds61:auto_generated|q_a[23] ; data_path:inst2|BANK_REG:inst1|CPP:inst6|REGISTER32bit:inst|REGISTER4bit:inst15|inst    ; CLOCK        ; CLOCK       ; -0.500       ; 1.629      ; 1.049      ;
; -0.231 ; UNIDADE_CONTROLE:inst|CONTROLSTORE:inst3|altsyncram:altsyncram_component|altsyncram_ds61:auto_generated|q_a[23] ; data_path:inst2|BANK_REG:inst1|CPP:inst6|REGISTER32bit:inst|REGISTER4bit:inst14|inst16  ; CLOCK        ; CLOCK       ; -0.500       ; 1.629      ; 1.050      ;
; -0.223 ; UNIDADE_CONTROLE:inst|CONTROLSTORE:inst3|altsyncram:altsyncram_component|altsyncram_ds61:auto_generated|q_a[22] ; data_path:inst2|BANK_REG:inst1|H:inst10|REGISTER32bit:inst|REGISTER4bit:inst14|inst     ; CLOCK        ; CLOCK       ; -0.500       ; 1.700      ; 1.129      ;
; -0.216 ; UNIDADE_CONTROLE:inst|CONTROLSTORE:inst3|altsyncram:altsyncram_component|altsyncram_ds61:auto_generated|q_a[22] ; data_path:inst2|BANK_REG:inst1|CPP:inst6|REGISTER32bit:inst|REGISTER4bit:inst11|inst    ; CLOCK        ; CLOCK       ; -0.500       ; 1.641      ; 1.077      ;
; -0.190 ; UNIDADE_CONTROLE:inst|CONTROLSTORE:inst3|altsyncram:altsyncram_component|altsyncram_ds61:auto_generated|q_a[23] ; data_path:inst2|BANK_REG:inst1|PC:inst4|REGISTER32bit:inst|REGISTER4bit:inst15|inst16   ; CLOCK        ; CLOCK       ; -0.500       ; 1.837      ; 1.299      ;
; -0.187 ; UNIDADE_CONTROLE:inst|CONTROLSTORE:inst3|altsyncram:altsyncram_component|altsyncram_ds61:auto_generated|q_a[20] ; data_path:inst2|BANK_REG:inst1|MAR:inst|REGISTER32bit:inst|REGISTER4bit:inst3|inst5     ; CLOCK        ; CLOCK       ; -0.500       ; 2.231      ; 1.696      ;
; -0.186 ; UNIDADE_CONTROLE:inst|CONTROLSTORE:inst3|altsyncram:altsyncram_component|altsyncram_ds61:auto_generated|q_a[22] ; data_path:inst2|BANK_REG:inst1|MAR:inst|REGISTER32bit:inst|REGISTER4bit:inst1|inst      ; CLOCK        ; CLOCK       ; -0.500       ; 2.231      ; 1.697      ;
; -0.186 ; UNIDADE_CONTROLE:inst|CONTROLSTORE:inst3|altsyncram:altsyncram_component|altsyncram_ds61:auto_generated|q_a[23] ; data_path:inst2|BANK_REG:inst1|H:inst10|REGISTER32bit:inst|REGISTER4bit:inst14|inst     ; CLOCK        ; CLOCK       ; -0.500       ; 1.700      ; 1.166      ;
; -0.183 ; UNIDADE_CONTROLE:inst|CONTROLSTORE:inst3|altsyncram:altsyncram_component|altsyncram_ds61:auto_generated|q_a[23] ; data_path:inst2|BANK_REG:inst1|PC:inst4|REGISTER32bit:inst|REGISTER4bit:inst11|inst     ; CLOCK        ; CLOCK       ; -0.500       ; 1.849      ; 1.318      ;
; -0.181 ; UNIDADE_CONTROLE:inst|CONTROLSTORE:inst3|altsyncram:altsyncram_component|altsyncram_ds61:auto_generated|q_a[20] ; data_path:inst2|BANK_REG:inst1|MAR:inst|REGISTER32bit:inst|REGISTER4bit:inst|inst20     ; CLOCK        ; CLOCK       ; -0.500       ; 2.246      ; 1.717      ;
; -0.166 ; UNIDADE_CONTROLE:inst|CONTROLSTORE:inst3|altsyncram:altsyncram_component|altsyncram_ds61:auto_generated|q_a[23] ; data_path:inst2|BANK_REG:inst1|TOS:inst7|REGISTER32bit:inst|REGISTER4bit:inst1|inst     ; CLOCK        ; CLOCK       ; -0.500       ; 1.680      ; 1.166      ;
; -0.164 ; UNIDADE_CONTROLE:inst|CONTROLSTORE:inst3|altsyncram:altsyncram_component|altsyncram_ds61:auto_generated|q_a[23] ; data_path:inst2|BANK_REG:inst1|CPP:inst6|REGISTER32bit:inst|REGISTER4bit:inst1|inst     ; CLOCK        ; CLOCK       ; -0.500       ; 1.640      ; 1.128      ;
; -0.162 ; data_path:inst2|BANK_REG:inst1|MDR:inst3|inst13                                                                 ; data_path:inst2|BANK_REG:inst1|MDR:inst3|REGISTER32bit:inst1|REGISTER4bit:inst15|inst16 ; CLOCK        ; CLOCK       ; -0.500       ; 1.551      ; 1.041      ;
; -0.158 ; UNIDADE_CONTROLE:inst|CONTROLSTORE:inst3|altsyncram:altsyncram_component|altsyncram_ds61:auto_generated|q_a[22] ; data_path:inst2|BANK_REG:inst1|PC:inst4|REGISTER32bit:inst|REGISTER4bit:inst11|inst     ; CLOCK        ; CLOCK       ; -0.500       ; 1.849      ; 1.343      ;
; -0.157 ; UNIDADE_CONTROLE:inst|CONTROLSTORE:inst3|altsyncram:altsyncram_component|altsyncram_ds61:auto_generated|q_a[23] ; data_path:inst2|BANK_REG:inst1|PC:inst4|REGISTER32bit:inst|REGISTER4bit:inst11|inst5    ; CLOCK        ; CLOCK       ; -0.500       ; 1.849      ; 1.344      ;
; -0.155 ; UNIDADE_CONTROLE:inst|CONTROLSTORE:inst3|altsyncram:altsyncram_component|altsyncram_ds61:auto_generated|q_a[23] ; data_path:inst2|BANK_REG:inst1|H:inst10|REGISTER32bit:inst|REGISTER4bit:inst14|inst5    ; CLOCK        ; CLOCK       ; -0.500       ; 1.700      ; 1.197      ;
; -0.154 ; UNIDADE_CONTROLE:inst|CONTROLSTORE:inst3|altsyncram:altsyncram_component|altsyncram_ds61:auto_generated|q_a[23] ; data_path:inst2|BANK_REG:inst1|CPP:inst6|REGISTER32bit:inst|REGISTER4bit:inst15|inst16  ; CLOCK        ; CLOCK       ; -0.500       ; 1.636      ; 1.134      ;
; -0.150 ; UNIDADE_CONTROLE:inst|CONTROLSTORE:inst3|altsyncram:altsyncram_component|altsyncram_ds61:auto_generated|q_a[22] ; data_path:inst2|BANK_REG:inst1|CPP:inst6|REGISTER32bit:inst|REGISTER4bit:inst16|inst20  ; CLOCK        ; CLOCK       ; -0.500       ; 1.629      ; 1.131      ;
; -0.149 ; UNIDADE_CONTROLE:inst|CONTROLSTORE:inst3|altsyncram:altsyncram_component|altsyncram_ds61:auto_generated|q_a[22] ; data_path:inst2|BANK_REG:inst1|CPP:inst6|REGISTER32bit:inst|REGISTER4bit:inst14|inst16  ; CLOCK        ; CLOCK       ; -0.500       ; 1.629      ; 1.132      ;
+--------+-----------------------------------------------------------------------------------------------------------------+-----------------------------------------------------------------------------------------+--------------+-------------+--------------+------------+------------+


+--------------------------------------------------------------------------------------------------------------------------------------------------------------------------------------------------------------------------+
; Fast Model Minimum Pulse Width: 'CLOCK'                                                                                                                                                                                  ;
+--------+--------------+----------------+------------------+-------+------------+-----------------------------------------------------------------------------------------------------------------------------------------+
; Slack  ; Actual Width ; Required Width ; Type             ; Clock ; Clock Edge ; Target                                                                                                                                  ;
+--------+--------------+----------------+------------------+-------+------------+-----------------------------------------------------------------------------------------------------------------------------------------+
; -1.423 ; 0.500        ; 1.923          ; High Pulse Width ; CLOCK ; Fall       ; UNIDADE_CONTROLE:inst|CONTROLSTORE:inst3|altsyncram:altsyncram_component|altsyncram_ds61:auto_generated|q_a[0]                          ;
; -1.423 ; 0.500        ; 1.923          ; Low Pulse Width  ; CLOCK ; Fall       ; UNIDADE_CONTROLE:inst|CONTROLSTORE:inst3|altsyncram:altsyncram_component|altsyncram_ds61:auto_generated|q_a[0]                          ;
; -1.423 ; 0.500        ; 1.923          ; High Pulse Width ; CLOCK ; Fall       ; UNIDADE_CONTROLE:inst|CONTROLSTORE:inst3|altsyncram:altsyncram_component|altsyncram_ds61:auto_generated|q_a[10]                         ;
; -1.423 ; 0.500        ; 1.923          ; Low Pulse Width  ; CLOCK ; Fall       ; UNIDADE_CONTROLE:inst|CONTROLSTORE:inst3|altsyncram:altsyncram_component|altsyncram_ds61:auto_generated|q_a[10]                         ;
; -1.423 ; 0.500        ; 1.923          ; High Pulse Width ; CLOCK ; Fall       ; UNIDADE_CONTROLE:inst|CONTROLSTORE:inst3|altsyncram:altsyncram_component|altsyncram_ds61:auto_generated|q_a[11]                         ;
; -1.423 ; 0.500        ; 1.923          ; Low Pulse Width  ; CLOCK ; Fall       ; UNIDADE_CONTROLE:inst|CONTROLSTORE:inst3|altsyncram:altsyncram_component|altsyncram_ds61:auto_generated|q_a[11]                         ;
; -1.423 ; 0.500        ; 1.923          ; High Pulse Width ; CLOCK ; Fall       ; UNIDADE_CONTROLE:inst|CONTROLSTORE:inst3|altsyncram:altsyncram_component|altsyncram_ds61:auto_generated|q_a[12]                         ;
; -1.423 ; 0.500        ; 1.923          ; Low Pulse Width  ; CLOCK ; Fall       ; UNIDADE_CONTROLE:inst|CONTROLSTORE:inst3|altsyncram:altsyncram_component|altsyncram_ds61:auto_generated|q_a[12]                         ;
; -1.423 ; 0.500        ; 1.923          ; High Pulse Width ; CLOCK ; Fall       ; UNIDADE_CONTROLE:inst|CONTROLSTORE:inst3|altsyncram:altsyncram_component|altsyncram_ds61:auto_generated|q_a[13]                         ;
; -1.423 ; 0.500        ; 1.923          ; Low Pulse Width  ; CLOCK ; Fall       ; UNIDADE_CONTROLE:inst|CONTROLSTORE:inst3|altsyncram:altsyncram_component|altsyncram_ds61:auto_generated|q_a[13]                         ;
; -1.423 ; 0.500        ; 1.923          ; High Pulse Width ; CLOCK ; Fall       ; UNIDADE_CONTROLE:inst|CONTROLSTORE:inst3|altsyncram:altsyncram_component|altsyncram_ds61:auto_generated|q_a[14]                         ;
; -1.423 ; 0.500        ; 1.923          ; Low Pulse Width  ; CLOCK ; Fall       ; UNIDADE_CONTROLE:inst|CONTROLSTORE:inst3|altsyncram:altsyncram_component|altsyncram_ds61:auto_generated|q_a[14]                         ;
; -1.423 ; 0.500        ; 1.923          ; High Pulse Width ; CLOCK ; Fall       ; UNIDADE_CONTROLE:inst|CONTROLSTORE:inst3|altsyncram:altsyncram_component|altsyncram_ds61:auto_generated|q_a[15]                         ;
; -1.423 ; 0.500        ; 1.923          ; Low Pulse Width  ; CLOCK ; Fall       ; UNIDADE_CONTROLE:inst|CONTROLSTORE:inst3|altsyncram:altsyncram_component|altsyncram_ds61:auto_generated|q_a[15]                         ;
; -1.423 ; 0.500        ; 1.923          ; High Pulse Width ; CLOCK ; Fall       ; UNIDADE_CONTROLE:inst|CONTROLSTORE:inst3|altsyncram:altsyncram_component|altsyncram_ds61:auto_generated|q_a[16]                         ;
; -1.423 ; 0.500        ; 1.923          ; Low Pulse Width  ; CLOCK ; Fall       ; UNIDADE_CONTROLE:inst|CONTROLSTORE:inst3|altsyncram:altsyncram_component|altsyncram_ds61:auto_generated|q_a[16]                         ;
; -1.423 ; 0.500        ; 1.923          ; High Pulse Width ; CLOCK ; Fall       ; UNIDADE_CONTROLE:inst|CONTROLSTORE:inst3|altsyncram:altsyncram_component|altsyncram_ds61:auto_generated|q_a[17]                         ;
; -1.423 ; 0.500        ; 1.923          ; Low Pulse Width  ; CLOCK ; Fall       ; UNIDADE_CONTROLE:inst|CONTROLSTORE:inst3|altsyncram:altsyncram_component|altsyncram_ds61:auto_generated|q_a[17]                         ;
; -1.423 ; 0.500        ; 1.923          ; High Pulse Width ; CLOCK ; Fall       ; UNIDADE_CONTROLE:inst|CONTROLSTORE:inst3|altsyncram:altsyncram_component|altsyncram_ds61:auto_generated|q_a[18]                         ;
; -1.423 ; 0.500        ; 1.923          ; Low Pulse Width  ; CLOCK ; Fall       ; UNIDADE_CONTROLE:inst|CONTROLSTORE:inst3|altsyncram:altsyncram_component|altsyncram_ds61:auto_generated|q_a[18]                         ;
; -1.423 ; 0.500        ; 1.923          ; High Pulse Width ; CLOCK ; Fall       ; UNIDADE_CONTROLE:inst|CONTROLSTORE:inst3|altsyncram:altsyncram_component|altsyncram_ds61:auto_generated|q_a[19]                         ;
; -1.423 ; 0.500        ; 1.923          ; Low Pulse Width  ; CLOCK ; Fall       ; UNIDADE_CONTROLE:inst|CONTROLSTORE:inst3|altsyncram:altsyncram_component|altsyncram_ds61:auto_generated|q_a[19]                         ;
; -1.423 ; 0.500        ; 1.923          ; High Pulse Width ; CLOCK ; Fall       ; UNIDADE_CONTROLE:inst|CONTROLSTORE:inst3|altsyncram:altsyncram_component|altsyncram_ds61:auto_generated|q_a[1]                          ;
; -1.423 ; 0.500        ; 1.923          ; Low Pulse Width  ; CLOCK ; Fall       ; UNIDADE_CONTROLE:inst|CONTROLSTORE:inst3|altsyncram:altsyncram_component|altsyncram_ds61:auto_generated|q_a[1]                          ;
; -1.423 ; 0.500        ; 1.923          ; High Pulse Width ; CLOCK ; Fall       ; UNIDADE_CONTROLE:inst|CONTROLSTORE:inst3|altsyncram:altsyncram_component|altsyncram_ds61:auto_generated|q_a[20]                         ;
; -1.423 ; 0.500        ; 1.923          ; Low Pulse Width  ; CLOCK ; Fall       ; UNIDADE_CONTROLE:inst|CONTROLSTORE:inst3|altsyncram:altsyncram_component|altsyncram_ds61:auto_generated|q_a[20]                         ;
; -1.423 ; 0.500        ; 1.923          ; High Pulse Width ; CLOCK ; Fall       ; UNIDADE_CONTROLE:inst|CONTROLSTORE:inst3|altsyncram:altsyncram_component|altsyncram_ds61:auto_generated|q_a[21]                         ;
; -1.423 ; 0.500        ; 1.923          ; Low Pulse Width  ; CLOCK ; Fall       ; UNIDADE_CONTROLE:inst|CONTROLSTORE:inst3|altsyncram:altsyncram_component|altsyncram_ds61:auto_generated|q_a[21]                         ;
; -1.423 ; 0.500        ; 1.923          ; High Pulse Width ; CLOCK ; Fall       ; UNIDADE_CONTROLE:inst|CONTROLSTORE:inst3|altsyncram:altsyncram_component|altsyncram_ds61:auto_generated|q_a[22]                         ;
; -1.423 ; 0.500        ; 1.923          ; Low Pulse Width  ; CLOCK ; Fall       ; UNIDADE_CONTROLE:inst|CONTROLSTORE:inst3|altsyncram:altsyncram_component|altsyncram_ds61:auto_generated|q_a[22]                         ;
; -1.423 ; 0.500        ; 1.923          ; High Pulse Width ; CLOCK ; Fall       ; UNIDADE_CONTROLE:inst|CONTROLSTORE:inst3|altsyncram:altsyncram_component|altsyncram_ds61:auto_generated|q_a[23]                         ;
; -1.423 ; 0.500        ; 1.923          ; Low Pulse Width  ; CLOCK ; Fall       ; UNIDADE_CONTROLE:inst|CONTROLSTORE:inst3|altsyncram:altsyncram_component|altsyncram_ds61:auto_generated|q_a[23]                         ;
; -1.423 ; 0.500        ; 1.923          ; High Pulse Width ; CLOCK ; Fall       ; UNIDADE_CONTROLE:inst|CONTROLSTORE:inst3|altsyncram:altsyncram_component|altsyncram_ds61:auto_generated|q_a[24]                         ;
; -1.423 ; 0.500        ; 1.923          ; Low Pulse Width  ; CLOCK ; Fall       ; UNIDADE_CONTROLE:inst|CONTROLSTORE:inst3|altsyncram:altsyncram_component|altsyncram_ds61:auto_generated|q_a[24]                         ;
; -1.423 ; 0.500        ; 1.923          ; High Pulse Width ; CLOCK ; Fall       ; UNIDADE_CONTROLE:inst|CONTROLSTORE:inst3|altsyncram:altsyncram_component|altsyncram_ds61:auto_generated|q_a[25]                         ;
; -1.423 ; 0.500        ; 1.923          ; Low Pulse Width  ; CLOCK ; Fall       ; UNIDADE_CONTROLE:inst|CONTROLSTORE:inst3|altsyncram:altsyncram_component|altsyncram_ds61:auto_generated|q_a[25]                         ;
; -1.423 ; 0.500        ; 1.923          ; High Pulse Width ; CLOCK ; Fall       ; UNIDADE_CONTROLE:inst|CONTROLSTORE:inst3|altsyncram:altsyncram_component|altsyncram_ds61:auto_generated|q_a[26]                         ;
; -1.423 ; 0.500        ; 1.923          ; Low Pulse Width  ; CLOCK ; Fall       ; UNIDADE_CONTROLE:inst|CONTROLSTORE:inst3|altsyncram:altsyncram_component|altsyncram_ds61:auto_generated|q_a[26]                         ;
; -1.423 ; 0.500        ; 1.923          ; High Pulse Width ; CLOCK ; Fall       ; UNIDADE_CONTROLE:inst|CONTROLSTORE:inst3|altsyncram:altsyncram_component|altsyncram_ds61:auto_generated|q_a[27]                         ;
; -1.423 ; 0.500        ; 1.923          ; Low Pulse Width  ; CLOCK ; Fall       ; UNIDADE_CONTROLE:inst|CONTROLSTORE:inst3|altsyncram:altsyncram_component|altsyncram_ds61:auto_generated|q_a[27]                         ;
; -1.423 ; 0.500        ; 1.923          ; High Pulse Width ; CLOCK ; Fall       ; UNIDADE_CONTROLE:inst|CONTROLSTORE:inst3|altsyncram:altsyncram_component|altsyncram_ds61:auto_generated|q_a[28]                         ;
; -1.423 ; 0.500        ; 1.923          ; Low Pulse Width  ; CLOCK ; Fall       ; UNIDADE_CONTROLE:inst|CONTROLSTORE:inst3|altsyncram:altsyncram_component|altsyncram_ds61:auto_generated|q_a[28]                         ;
; -1.423 ; 0.500        ; 1.923          ; High Pulse Width ; CLOCK ; Fall       ; UNIDADE_CONTROLE:inst|CONTROLSTORE:inst3|altsyncram:altsyncram_component|altsyncram_ds61:auto_generated|q_a[29]                         ;
; -1.423 ; 0.500        ; 1.923          ; Low Pulse Width  ; CLOCK ; Fall       ; UNIDADE_CONTROLE:inst|CONTROLSTORE:inst3|altsyncram:altsyncram_component|altsyncram_ds61:auto_generated|q_a[29]                         ;
; -1.423 ; 0.500        ; 1.923          ; High Pulse Width ; CLOCK ; Fall       ; UNIDADE_CONTROLE:inst|CONTROLSTORE:inst3|altsyncram:altsyncram_component|altsyncram_ds61:auto_generated|q_a[2]                          ;
; -1.423 ; 0.500        ; 1.923          ; Low Pulse Width  ; CLOCK ; Fall       ; UNIDADE_CONTROLE:inst|CONTROLSTORE:inst3|altsyncram:altsyncram_component|altsyncram_ds61:auto_generated|q_a[2]                          ;
; -1.423 ; 0.500        ; 1.923          ; High Pulse Width ; CLOCK ; Fall       ; UNIDADE_CONTROLE:inst|CONTROLSTORE:inst3|altsyncram:altsyncram_component|altsyncram_ds61:auto_generated|q_a[30]                         ;
; -1.423 ; 0.500        ; 1.923          ; Low Pulse Width  ; CLOCK ; Fall       ; UNIDADE_CONTROLE:inst|CONTROLSTORE:inst3|altsyncram:altsyncram_component|altsyncram_ds61:auto_generated|q_a[30]                         ;
; -1.423 ; 0.500        ; 1.923          ; High Pulse Width ; CLOCK ; Fall       ; UNIDADE_CONTROLE:inst|CONTROLSTORE:inst3|altsyncram:altsyncram_component|altsyncram_ds61:auto_generated|q_a[31]                         ;
; -1.423 ; 0.500        ; 1.923          ; Low Pulse Width  ; CLOCK ; Fall       ; UNIDADE_CONTROLE:inst|CONTROLSTORE:inst3|altsyncram:altsyncram_component|altsyncram_ds61:auto_generated|q_a[31]                         ;
; -1.423 ; 0.500        ; 1.923          ; High Pulse Width ; CLOCK ; Fall       ; UNIDADE_CONTROLE:inst|CONTROLSTORE:inst3|altsyncram:altsyncram_component|altsyncram_ds61:auto_generated|q_a[32]                         ;
; -1.423 ; 0.500        ; 1.923          ; Low Pulse Width  ; CLOCK ; Fall       ; UNIDADE_CONTROLE:inst|CONTROLSTORE:inst3|altsyncram:altsyncram_component|altsyncram_ds61:auto_generated|q_a[32]                         ;
; -1.423 ; 0.500        ; 1.923          ; High Pulse Width ; CLOCK ; Fall       ; UNIDADE_CONTROLE:inst|CONTROLSTORE:inst3|altsyncram:altsyncram_component|altsyncram_ds61:auto_generated|q_a[33]                         ;
; -1.423 ; 0.500        ; 1.923          ; Low Pulse Width  ; CLOCK ; Fall       ; UNIDADE_CONTROLE:inst|CONTROLSTORE:inst3|altsyncram:altsyncram_component|altsyncram_ds61:auto_generated|q_a[33]                         ;
; -1.423 ; 0.500        ; 1.923          ; High Pulse Width ; CLOCK ; Fall       ; UNIDADE_CONTROLE:inst|CONTROLSTORE:inst3|altsyncram:altsyncram_component|altsyncram_ds61:auto_generated|q_a[34]                         ;
; -1.423 ; 0.500        ; 1.923          ; Low Pulse Width  ; CLOCK ; Fall       ; UNIDADE_CONTROLE:inst|CONTROLSTORE:inst3|altsyncram:altsyncram_component|altsyncram_ds61:auto_generated|q_a[34]                         ;
; -1.423 ; 0.500        ; 1.923          ; High Pulse Width ; CLOCK ; Fall       ; UNIDADE_CONTROLE:inst|CONTROLSTORE:inst3|altsyncram:altsyncram_component|altsyncram_ds61:auto_generated|q_a[35]                         ;
; -1.423 ; 0.500        ; 1.923          ; Low Pulse Width  ; CLOCK ; Fall       ; UNIDADE_CONTROLE:inst|CONTROLSTORE:inst3|altsyncram:altsyncram_component|altsyncram_ds61:auto_generated|q_a[35]                         ;
; -1.423 ; 0.500        ; 1.923          ; High Pulse Width ; CLOCK ; Fall       ; UNIDADE_CONTROLE:inst|CONTROLSTORE:inst3|altsyncram:altsyncram_component|altsyncram_ds61:auto_generated|q_a[3]                          ;
; -1.423 ; 0.500        ; 1.923          ; Low Pulse Width  ; CLOCK ; Fall       ; UNIDADE_CONTROLE:inst|CONTROLSTORE:inst3|altsyncram:altsyncram_component|altsyncram_ds61:auto_generated|q_a[3]                          ;
; -1.423 ; 0.500        ; 1.923          ; High Pulse Width ; CLOCK ; Fall       ; UNIDADE_CONTROLE:inst|CONTROLSTORE:inst3|altsyncram:altsyncram_component|altsyncram_ds61:auto_generated|q_a[4]                          ;
; -1.423 ; 0.500        ; 1.923          ; Low Pulse Width  ; CLOCK ; Fall       ; UNIDADE_CONTROLE:inst|CONTROLSTORE:inst3|altsyncram:altsyncram_component|altsyncram_ds61:auto_generated|q_a[4]                          ;
; -1.423 ; 0.500        ; 1.923          ; High Pulse Width ; CLOCK ; Fall       ; UNIDADE_CONTROLE:inst|CONTROLSTORE:inst3|altsyncram:altsyncram_component|altsyncram_ds61:auto_generated|q_a[5]                          ;
; -1.423 ; 0.500        ; 1.923          ; Low Pulse Width  ; CLOCK ; Fall       ; UNIDADE_CONTROLE:inst|CONTROLSTORE:inst3|altsyncram:altsyncram_component|altsyncram_ds61:auto_generated|q_a[5]                          ;
; -1.423 ; 0.500        ; 1.923          ; High Pulse Width ; CLOCK ; Fall       ; UNIDADE_CONTROLE:inst|CONTROLSTORE:inst3|altsyncram:altsyncram_component|altsyncram_ds61:auto_generated|q_a[6]                          ;
; -1.423 ; 0.500        ; 1.923          ; Low Pulse Width  ; CLOCK ; Fall       ; UNIDADE_CONTROLE:inst|CONTROLSTORE:inst3|altsyncram:altsyncram_component|altsyncram_ds61:auto_generated|q_a[6]                          ;
; -1.423 ; 0.500        ; 1.923          ; High Pulse Width ; CLOCK ; Fall       ; UNIDADE_CONTROLE:inst|CONTROLSTORE:inst3|altsyncram:altsyncram_component|altsyncram_ds61:auto_generated|q_a[7]                          ;
; -1.423 ; 0.500        ; 1.923          ; Low Pulse Width  ; CLOCK ; Fall       ; UNIDADE_CONTROLE:inst|CONTROLSTORE:inst3|altsyncram:altsyncram_component|altsyncram_ds61:auto_generated|q_a[7]                          ;
; -1.423 ; 0.500        ; 1.923          ; High Pulse Width ; CLOCK ; Fall       ; UNIDADE_CONTROLE:inst|CONTROLSTORE:inst3|altsyncram:altsyncram_component|altsyncram_ds61:auto_generated|q_a[8]                          ;
; -1.423 ; 0.500        ; 1.923          ; Low Pulse Width  ; CLOCK ; Fall       ; UNIDADE_CONTROLE:inst|CONTROLSTORE:inst3|altsyncram:altsyncram_component|altsyncram_ds61:auto_generated|q_a[8]                          ;
; -1.423 ; 0.500        ; 1.923          ; High Pulse Width ; CLOCK ; Fall       ; UNIDADE_CONTROLE:inst|CONTROLSTORE:inst3|altsyncram:altsyncram_component|altsyncram_ds61:auto_generated|q_a[9]                          ;
; -1.423 ; 0.500        ; 1.923          ; Low Pulse Width  ; CLOCK ; Fall       ; UNIDADE_CONTROLE:inst|CONTROLSTORE:inst3|altsyncram:altsyncram_component|altsyncram_ds61:auto_generated|q_a[9]                          ;
; -1.423 ; 0.500        ; 1.923          ; High Pulse Width ; CLOCK ; Fall       ; UNIDADE_CONTROLE:inst|CONTROLSTORE:inst3|altsyncram:altsyncram_component|altsyncram_ds61:auto_generated|ram_block1a0~porta_address_reg0 ;
; -1.423 ; 0.500        ; 1.923          ; Low Pulse Width  ; CLOCK ; Fall       ; UNIDADE_CONTROLE:inst|CONTROLSTORE:inst3|altsyncram:altsyncram_component|altsyncram_ds61:auto_generated|ram_block1a0~porta_address_reg0 ;
; -1.423 ; 0.500        ; 1.923          ; High Pulse Width ; CLOCK ; Fall       ; UNIDADE_CONTROLE:inst|CONTROLSTORE:inst3|altsyncram:altsyncram_component|altsyncram_ds61:auto_generated|ram_block1a0~porta_address_reg1 ;
; -1.423 ; 0.500        ; 1.923          ; Low Pulse Width  ; CLOCK ; Fall       ; UNIDADE_CONTROLE:inst|CONTROLSTORE:inst3|altsyncram:altsyncram_component|altsyncram_ds61:auto_generated|ram_block1a0~porta_address_reg1 ;
; -1.423 ; 0.500        ; 1.923          ; High Pulse Width ; CLOCK ; Fall       ; UNIDADE_CONTROLE:inst|CONTROLSTORE:inst3|altsyncram:altsyncram_component|altsyncram_ds61:auto_generated|ram_block1a0~porta_address_reg2 ;
; -1.423 ; 0.500        ; 1.923          ; Low Pulse Width  ; CLOCK ; Fall       ; UNIDADE_CONTROLE:inst|CONTROLSTORE:inst3|altsyncram:altsyncram_component|altsyncram_ds61:auto_generated|ram_block1a0~porta_address_reg2 ;
; -1.423 ; 0.500        ; 1.923          ; High Pulse Width ; CLOCK ; Fall       ; UNIDADE_CONTROLE:inst|CONTROLSTORE:inst3|altsyncram:altsyncram_component|altsyncram_ds61:auto_generated|ram_block1a0~porta_address_reg3 ;
; -1.423 ; 0.500        ; 1.923          ; Low Pulse Width  ; CLOCK ; Fall       ; UNIDADE_CONTROLE:inst|CONTROLSTORE:inst3|altsyncram:altsyncram_component|altsyncram_ds61:auto_generated|ram_block1a0~porta_address_reg3 ;
; -1.423 ; 0.500        ; 1.923          ; High Pulse Width ; CLOCK ; Fall       ; UNIDADE_CONTROLE:inst|CONTROLSTORE:inst3|altsyncram:altsyncram_component|altsyncram_ds61:auto_generated|ram_block1a0~porta_address_reg4 ;
; -1.423 ; 0.500        ; 1.923          ; Low Pulse Width  ; CLOCK ; Fall       ; UNIDADE_CONTROLE:inst|CONTROLSTORE:inst3|altsyncram:altsyncram_component|altsyncram_ds61:auto_generated|ram_block1a0~porta_address_reg4 ;
; -1.423 ; 0.500        ; 1.923          ; High Pulse Width ; CLOCK ; Fall       ; UNIDADE_CONTROLE:inst|CONTROLSTORE:inst3|altsyncram:altsyncram_component|altsyncram_ds61:auto_generated|ram_block1a0~porta_address_reg5 ;
; -1.423 ; 0.500        ; 1.923          ; Low Pulse Width  ; CLOCK ; Fall       ; UNIDADE_CONTROLE:inst|CONTROLSTORE:inst3|altsyncram:altsyncram_component|altsyncram_ds61:auto_generated|ram_block1a0~porta_address_reg5 ;
; -1.423 ; 0.500        ; 1.923          ; High Pulse Width ; CLOCK ; Fall       ; UNIDADE_CONTROLE:inst|CONTROLSTORE:inst3|altsyncram:altsyncram_component|altsyncram_ds61:auto_generated|ram_block1a0~porta_address_reg6 ;
; -1.423 ; 0.500        ; 1.923          ; Low Pulse Width  ; CLOCK ; Fall       ; UNIDADE_CONTROLE:inst|CONTROLSTORE:inst3|altsyncram:altsyncram_component|altsyncram_ds61:auto_generated|ram_block1a0~porta_address_reg6 ;
; -1.423 ; 0.500        ; 1.923          ; High Pulse Width ; CLOCK ; Fall       ; UNIDADE_CONTROLE:inst|CONTROLSTORE:inst3|altsyncram:altsyncram_component|altsyncram_ds61:auto_generated|ram_block1a0~porta_address_reg7 ;
; -1.423 ; 0.500        ; 1.923          ; Low Pulse Width  ; CLOCK ; Fall       ; UNIDADE_CONTROLE:inst|CONTROLSTORE:inst3|altsyncram:altsyncram_component|altsyncram_ds61:auto_generated|ram_block1a0~porta_address_reg7 ;
; -1.423 ; 0.500        ; 1.923          ; High Pulse Width ; CLOCK ; Fall       ; UNIDADE_CONTROLE:inst|CONTROLSTORE:inst3|altsyncram:altsyncram_component|altsyncram_ds61:auto_generated|ram_block1a0~porta_address_reg8 ;
; -1.423 ; 0.500        ; 1.923          ; Low Pulse Width  ; CLOCK ; Fall       ; UNIDADE_CONTROLE:inst|CONTROLSTORE:inst3|altsyncram:altsyncram_component|altsyncram_ds61:auto_generated|ram_block1a0~porta_address_reg8 ;
; -1.423 ; 0.500        ; 1.923          ; High Pulse Width ; CLOCK ; Fall       ; UNIDADE_CONTROLE:inst|CONTROLSTORE:inst3|altsyncram:altsyncram_component|altsyncram_ds61:auto_generated|ram_block1a2~porta_address_reg0 ;
; -1.423 ; 0.500        ; 1.923          ; Low Pulse Width  ; CLOCK ; Fall       ; UNIDADE_CONTROLE:inst|CONTROLSTORE:inst3|altsyncram:altsyncram_component|altsyncram_ds61:auto_generated|ram_block1a2~porta_address_reg0 ;
; -1.423 ; 0.500        ; 1.923          ; High Pulse Width ; CLOCK ; Fall       ; UNIDADE_CONTROLE:inst|CONTROLSTORE:inst3|altsyncram:altsyncram_component|altsyncram_ds61:auto_generated|ram_block1a2~porta_address_reg1 ;
; -1.423 ; 0.500        ; 1.923          ; Low Pulse Width  ; CLOCK ; Fall       ; UNIDADE_CONTROLE:inst|CONTROLSTORE:inst3|altsyncram:altsyncram_component|altsyncram_ds61:auto_generated|ram_block1a2~porta_address_reg1 ;
; -1.423 ; 0.500        ; 1.923          ; High Pulse Width ; CLOCK ; Fall       ; UNIDADE_CONTROLE:inst|CONTROLSTORE:inst3|altsyncram:altsyncram_component|altsyncram_ds61:auto_generated|ram_block1a2~porta_address_reg2 ;
; -1.423 ; 0.500        ; 1.923          ; Low Pulse Width  ; CLOCK ; Fall       ; UNIDADE_CONTROLE:inst|CONTROLSTORE:inst3|altsyncram:altsyncram_component|altsyncram_ds61:auto_generated|ram_block1a2~porta_address_reg2 ;
; -1.423 ; 0.500        ; 1.923          ; High Pulse Width ; CLOCK ; Fall       ; UNIDADE_CONTROLE:inst|CONTROLSTORE:inst3|altsyncram:altsyncram_component|altsyncram_ds61:auto_generated|ram_block1a2~porta_address_reg3 ;
; -1.423 ; 0.500        ; 1.923          ; Low Pulse Width  ; CLOCK ; Fall       ; UNIDADE_CONTROLE:inst|CONTROLSTORE:inst3|altsyncram:altsyncram_component|altsyncram_ds61:auto_generated|ram_block1a2~porta_address_reg3 ;
; -1.423 ; 0.500        ; 1.923          ; High Pulse Width ; CLOCK ; Fall       ; UNIDADE_CONTROLE:inst|CONTROLSTORE:inst3|altsyncram:altsyncram_component|altsyncram_ds61:auto_generated|ram_block1a2~porta_address_reg4 ;
; -1.423 ; 0.500        ; 1.923          ; Low Pulse Width  ; CLOCK ; Fall       ; UNIDADE_CONTROLE:inst|CONTROLSTORE:inst3|altsyncram:altsyncram_component|altsyncram_ds61:auto_generated|ram_block1a2~porta_address_reg4 ;
+--------+--------------+----------------+------------------+-------+------------+-----------------------------------------------------------------------------------------------------------------------------------------+


+------------------------------------------------------------------------------+
; Setup Times                                                                  ;
+------------------+------------+-------+-------+------------+-----------------+
; Data Port        ; Clock Port ; Rise  ; Fall  ; Clock Edge ; Clock Reference ;
+------------------+------------+-------+-------+------------+-----------------+
; DATA_MEM_IN[*]   ; CLOCK      ; 1.266 ; 1.266 ; Rise       ; CLOCK           ;
;  DATA_MEM_IN[0]  ; CLOCK      ; 0.730 ; 0.730 ; Rise       ; CLOCK           ;
;  DATA_MEM_IN[1]  ; CLOCK      ; 0.612 ; 0.612 ; Rise       ; CLOCK           ;
;  DATA_MEM_IN[2]  ; CLOCK      ; 0.768 ; 0.768 ; Rise       ; CLOCK           ;
;  DATA_MEM_IN[3]  ; CLOCK      ; 0.740 ; 0.740 ; Rise       ; CLOCK           ;
;  DATA_MEM_IN[4]  ; CLOCK      ; 0.759 ; 0.759 ; Rise       ; CLOCK           ;
;  DATA_MEM_IN[5]  ; CLOCK      ; 0.889 ; 0.889 ; Rise       ; CLOCK           ;
;  DATA_MEM_IN[6]  ; CLOCK      ; 1.266 ; 1.266 ; Rise       ; CLOCK           ;
;  DATA_MEM_IN[7]  ; CLOCK      ; 0.958 ; 0.958 ; Rise       ; CLOCK           ;
;  DATA_MEM_IN[8]  ; CLOCK      ; 0.538 ; 0.538 ; Rise       ; CLOCK           ;
;  DATA_MEM_IN[9]  ; CLOCK      ; 0.718 ; 0.718 ; Rise       ; CLOCK           ;
;  DATA_MEM_IN[10] ; CLOCK      ; 0.784 ; 0.784 ; Rise       ; CLOCK           ;
;  DATA_MEM_IN[11] ; CLOCK      ; 0.527 ; 0.527 ; Rise       ; CLOCK           ;
;  DATA_MEM_IN[12] ; CLOCK      ; 0.835 ; 0.835 ; Rise       ; CLOCK           ;
;  DATA_MEM_IN[13] ; CLOCK      ; 0.746 ; 0.746 ; Rise       ; CLOCK           ;
;  DATA_MEM_IN[14] ; CLOCK      ; 1.029 ; 1.029 ; Rise       ; CLOCK           ;
;  DATA_MEM_IN[15] ; CLOCK      ; 0.643 ; 0.643 ; Rise       ; CLOCK           ;
;  DATA_MEM_IN[16] ; CLOCK      ; 0.931 ; 0.931 ; Rise       ; CLOCK           ;
;  DATA_MEM_IN[17] ; CLOCK      ; 0.730 ; 0.730 ; Rise       ; CLOCK           ;
;  DATA_MEM_IN[18] ; CLOCK      ; 0.968 ; 0.968 ; Rise       ; CLOCK           ;
;  DATA_MEM_IN[19] ; CLOCK      ; 1.013 ; 1.013 ; Rise       ; CLOCK           ;
;  DATA_MEM_IN[20] ; CLOCK      ; 0.979 ; 0.979 ; Rise       ; CLOCK           ;
;  DATA_MEM_IN[21] ; CLOCK      ; 1.085 ; 1.085 ; Rise       ; CLOCK           ;
;  DATA_MEM_IN[22] ; CLOCK      ; 0.754 ; 0.754 ; Rise       ; CLOCK           ;
;  DATA_MEM_IN[23] ; CLOCK      ; 0.801 ; 0.801 ; Rise       ; CLOCK           ;
;  DATA_MEM_IN[24] ; CLOCK      ; 0.975 ; 0.975 ; Rise       ; CLOCK           ;
;  DATA_MEM_IN[25] ; CLOCK      ; 0.910 ; 0.910 ; Rise       ; CLOCK           ;
;  DATA_MEM_IN[26] ; CLOCK      ; 1.070 ; 1.070 ; Rise       ; CLOCK           ;
;  DATA_MEM_IN[27] ; CLOCK      ; 0.938 ; 0.938 ; Rise       ; CLOCK           ;
;  DATA_MEM_IN[28] ; CLOCK      ; 0.792 ; 0.792 ; Rise       ; CLOCK           ;
;  DATA_MEM_IN[29] ; CLOCK      ; 0.816 ; 0.816 ; Rise       ; CLOCK           ;
;  DATA_MEM_IN[30] ; CLOCK      ; 0.812 ; 0.812 ; Rise       ; CLOCK           ;
;  DATA_MEM_IN[31] ; CLOCK      ; 0.810 ; 0.810 ; Rise       ; CLOCK           ;
; PROG_MEM_IN[*]   ; CLOCK      ; 2.128 ; 2.128 ; Rise       ; CLOCK           ;
;  PROG_MEM_IN[0]  ; CLOCK      ; 1.888 ; 1.888 ; Rise       ; CLOCK           ;
;  PROG_MEM_IN[1]  ; CLOCK      ; 1.870 ; 1.870 ; Rise       ; CLOCK           ;
;  PROG_MEM_IN[2]  ; CLOCK      ; 1.607 ; 1.607 ; Rise       ; CLOCK           ;
;  PROG_MEM_IN[3]  ; CLOCK      ; 2.128 ; 2.128 ; Rise       ; CLOCK           ;
;  PROG_MEM_IN[4]  ; CLOCK      ; 1.922 ; 1.922 ; Rise       ; CLOCK           ;
;  PROG_MEM_IN[5]  ; CLOCK      ; 2.012 ; 2.012 ; Rise       ; CLOCK           ;
;  PROG_MEM_IN[6]  ; CLOCK      ; 2.029 ; 2.029 ; Rise       ; CLOCK           ;
;  PROG_MEM_IN[7]  ; CLOCK      ; 2.021 ; 2.021 ; Rise       ; CLOCK           ;
+------------------+------------+-------+-------+------------+-----------------+


+--------------------------------------------------------------------------------+
; Hold Times                                                                     ;
+------------------+------------+--------+--------+------------+-----------------+
; Data Port        ; Clock Port ; Rise   ; Fall   ; Clock Edge ; Clock Reference ;
+------------------+------------+--------+--------+------------+-----------------+
; DATA_MEM_IN[*]   ; CLOCK      ; -0.407 ; -0.407 ; Rise       ; CLOCK           ;
;  DATA_MEM_IN[0]  ; CLOCK      ; -0.610 ; -0.610 ; Rise       ; CLOCK           ;
;  DATA_MEM_IN[1]  ; CLOCK      ; -0.492 ; -0.492 ; Rise       ; CLOCK           ;
;  DATA_MEM_IN[2]  ; CLOCK      ; -0.648 ; -0.648 ; Rise       ; CLOCK           ;
;  DATA_MEM_IN[3]  ; CLOCK      ; -0.620 ; -0.620 ; Rise       ; CLOCK           ;
;  DATA_MEM_IN[4]  ; CLOCK      ; -0.639 ; -0.639 ; Rise       ; CLOCK           ;
;  DATA_MEM_IN[5]  ; CLOCK      ; -0.769 ; -0.769 ; Rise       ; CLOCK           ;
;  DATA_MEM_IN[6]  ; CLOCK      ; -1.146 ; -1.146 ; Rise       ; CLOCK           ;
;  DATA_MEM_IN[7]  ; CLOCK      ; -0.838 ; -0.838 ; Rise       ; CLOCK           ;
;  DATA_MEM_IN[8]  ; CLOCK      ; -0.418 ; -0.418 ; Rise       ; CLOCK           ;
;  DATA_MEM_IN[9]  ; CLOCK      ; -0.598 ; -0.598 ; Rise       ; CLOCK           ;
;  DATA_MEM_IN[10] ; CLOCK      ; -0.664 ; -0.664 ; Rise       ; CLOCK           ;
;  DATA_MEM_IN[11] ; CLOCK      ; -0.407 ; -0.407 ; Rise       ; CLOCK           ;
;  DATA_MEM_IN[12] ; CLOCK      ; -0.715 ; -0.715 ; Rise       ; CLOCK           ;
;  DATA_MEM_IN[13] ; CLOCK      ; -0.626 ; -0.626 ; Rise       ; CLOCK           ;
;  DATA_MEM_IN[14] ; CLOCK      ; -0.909 ; -0.909 ; Rise       ; CLOCK           ;
;  DATA_MEM_IN[15] ; CLOCK      ; -0.523 ; -0.523 ; Rise       ; CLOCK           ;
;  DATA_MEM_IN[16] ; CLOCK      ; -0.811 ; -0.811 ; Rise       ; CLOCK           ;
;  DATA_MEM_IN[17] ; CLOCK      ; -0.610 ; -0.610 ; Rise       ; CLOCK           ;
;  DATA_MEM_IN[18] ; CLOCK      ; -0.848 ; -0.848 ; Rise       ; CLOCK           ;
;  DATA_MEM_IN[19] ; CLOCK      ; -0.893 ; -0.893 ; Rise       ; CLOCK           ;
;  DATA_MEM_IN[20] ; CLOCK      ; -0.859 ; -0.859 ; Rise       ; CLOCK           ;
;  DATA_MEM_IN[21] ; CLOCK      ; -0.965 ; -0.965 ; Rise       ; CLOCK           ;
;  DATA_MEM_IN[22] ; CLOCK      ; -0.634 ; -0.634 ; Rise       ; CLOCK           ;
;  DATA_MEM_IN[23] ; CLOCK      ; -0.681 ; -0.681 ; Rise       ; CLOCK           ;
;  DATA_MEM_IN[24] ; CLOCK      ; -0.855 ; -0.855 ; Rise       ; CLOCK           ;
;  DATA_MEM_IN[25] ; CLOCK      ; -0.790 ; -0.790 ; Rise       ; CLOCK           ;
;  DATA_MEM_IN[26] ; CLOCK      ; -0.950 ; -0.950 ; Rise       ; CLOCK           ;
;  DATA_MEM_IN[27] ; CLOCK      ; -0.818 ; -0.818 ; Rise       ; CLOCK           ;
;  DATA_MEM_IN[28] ; CLOCK      ; -0.672 ; -0.672 ; Rise       ; CLOCK           ;
;  DATA_MEM_IN[29] ; CLOCK      ; -0.696 ; -0.696 ; Rise       ; CLOCK           ;
;  DATA_MEM_IN[30] ; CLOCK      ; -0.692 ; -0.692 ; Rise       ; CLOCK           ;
;  DATA_MEM_IN[31] ; CLOCK      ; -0.690 ; -0.690 ; Rise       ; CLOCK           ;
; PROG_MEM_IN[*]   ; CLOCK      ; -0.644 ; -0.644 ; Rise       ; CLOCK           ;
;  PROG_MEM_IN[0]  ; CLOCK      ; -0.910 ; -0.910 ; Rise       ; CLOCK           ;
;  PROG_MEM_IN[1]  ; CLOCK      ; -0.644 ; -0.644 ; Rise       ; CLOCK           ;
;  PROG_MEM_IN[2]  ; CLOCK      ; -0.786 ; -0.786 ; Rise       ; CLOCK           ;
;  PROG_MEM_IN[3]  ; CLOCK      ; -0.808 ; -0.808 ; Rise       ; CLOCK           ;
;  PROG_MEM_IN[4]  ; CLOCK      ; -0.704 ; -0.704 ; Rise       ; CLOCK           ;
;  PROG_MEM_IN[5]  ; CLOCK      ; -0.791 ; -0.791 ; Rise       ; CLOCK           ;
;  PROG_MEM_IN[6]  ; CLOCK      ; -0.808 ; -0.808 ; Rise       ; CLOCK           ;
;  PROG_MEM_IN[7]  ; CLOCK      ; -0.881 ; -0.881 ; Rise       ; CLOCK           ;
+------------------+------------+--------+--------+------------+-----------------+


+-------------------------------------------------------------------------------------+
; Clock to Output Times                                                               ;
+-----------------------+------------+--------+--------+------------+-----------------+
; Data Port             ; Clock Port ; Rise   ; Fall   ; Clock Edge ; Clock Reference ;
+-----------------------+------------+--------+--------+------------+-----------------+
; A_BUS[*]              ; CLOCK      ; 13.674 ; 13.674 ; Rise       ; CLOCK           ;
;  A_BUS[0]             ; CLOCK      ; 9.102  ; 9.102  ; Rise       ; CLOCK           ;
;  A_BUS[1]             ; CLOCK      ; 8.765  ; 8.765  ; Rise       ; CLOCK           ;
;  A_BUS[2]             ; CLOCK      ; 9.537  ; 9.537  ; Rise       ; CLOCK           ;
;  A_BUS[3]             ; CLOCK      ; 9.052  ; 9.052  ; Rise       ; CLOCK           ;
;  A_BUS[4]             ; CLOCK      ; 9.967  ; 9.967  ; Rise       ; CLOCK           ;
;  A_BUS[5]             ; CLOCK      ; 10.114 ; 10.114 ; Rise       ; CLOCK           ;
;  A_BUS[6]             ; CLOCK      ; 9.973  ; 9.973  ; Rise       ; CLOCK           ;
;  A_BUS[7]             ; CLOCK      ; 9.715  ; 9.715  ; Rise       ; CLOCK           ;
;  A_BUS[8]             ; CLOCK      ; 10.033 ; 10.033 ; Rise       ; CLOCK           ;
;  A_BUS[9]             ; CLOCK      ; 10.118 ; 10.118 ; Rise       ; CLOCK           ;
;  A_BUS[10]            ; CLOCK      ; 10.901 ; 10.901 ; Rise       ; CLOCK           ;
;  A_BUS[11]            ; CLOCK      ; 10.789 ; 10.789 ; Rise       ; CLOCK           ;
;  A_BUS[12]            ; CLOCK      ; 11.167 ; 11.167 ; Rise       ; CLOCK           ;
;  A_BUS[13]            ; CLOCK      ; 11.039 ; 11.039 ; Rise       ; CLOCK           ;
;  A_BUS[14]            ; CLOCK      ; 11.015 ; 11.015 ; Rise       ; CLOCK           ;
;  A_BUS[15]            ; CLOCK      ; 11.459 ; 11.459 ; Rise       ; CLOCK           ;
;  A_BUS[16]            ; CLOCK      ; 11.782 ; 11.782 ; Rise       ; CLOCK           ;
;  A_BUS[17]            ; CLOCK      ; 11.737 ; 11.737 ; Rise       ; CLOCK           ;
;  A_BUS[18]            ; CLOCK      ; 11.840 ; 11.840 ; Rise       ; CLOCK           ;
;  A_BUS[19]            ; CLOCK      ; 12.757 ; 12.757 ; Rise       ; CLOCK           ;
;  A_BUS[20]            ; CLOCK      ; 11.967 ; 11.967 ; Rise       ; CLOCK           ;
;  A_BUS[21]            ; CLOCK      ; 11.797 ; 11.797 ; Rise       ; CLOCK           ;
;  A_BUS[22]            ; CLOCK      ; 12.427 ; 12.427 ; Rise       ; CLOCK           ;
;  A_BUS[23]            ; CLOCK      ; 12.632 ; 12.632 ; Rise       ; CLOCK           ;
;  A_BUS[24]            ; CLOCK      ; 12.726 ; 12.726 ; Rise       ; CLOCK           ;
;  A_BUS[25]            ; CLOCK      ; 12.678 ; 12.678 ; Rise       ; CLOCK           ;
;  A_BUS[26]            ; CLOCK      ; 13.081 ; 13.081 ; Rise       ; CLOCK           ;
;  A_BUS[27]            ; CLOCK      ; 13.123 ; 13.123 ; Rise       ; CLOCK           ;
;  A_BUS[28]            ; CLOCK      ; 13.322 ; 13.322 ; Rise       ; CLOCK           ;
;  A_BUS[29]            ; CLOCK      ; 13.522 ; 13.522 ; Rise       ; CLOCK           ;
;  A_BUS[30]            ; CLOCK      ; 13.674 ; 13.674 ; Rise       ; CLOCK           ;
;  A_BUS[31]            ; CLOCK      ; 13.653 ; 13.653 ; Rise       ; CLOCK           ;
; B_BUS[*]              ; CLOCK      ; 8.307  ; 8.307  ; Rise       ; CLOCK           ;
;  B_BUS[0]             ; CLOCK      ; 7.791  ; 7.791  ; Rise       ; CLOCK           ;
;  B_BUS[1]             ; CLOCK      ; 8.021  ; 8.021  ; Rise       ; CLOCK           ;
;  B_BUS[2]             ; CLOCK      ; 7.895  ; 7.895  ; Rise       ; CLOCK           ;
;  B_BUS[3]             ; CLOCK      ; 7.671  ; 7.671  ; Rise       ; CLOCK           ;
;  B_BUS[4]             ; CLOCK      ; 8.061  ; 8.061  ; Rise       ; CLOCK           ;
;  B_BUS[5]             ; CLOCK      ; 7.589  ; 7.589  ; Rise       ; CLOCK           ;
;  B_BUS[6]             ; CLOCK      ; 7.789  ; 7.789  ; Rise       ; CLOCK           ;
;  B_BUS[7]             ; CLOCK      ; 7.149  ; 7.149  ; Rise       ; CLOCK           ;
;  B_BUS[8]             ; CLOCK      ; 7.158  ; 7.158  ; Rise       ; CLOCK           ;
;  B_BUS[9]             ; CLOCK      ; 7.839  ; 7.839  ; Rise       ; CLOCK           ;
;  B_BUS[10]            ; CLOCK      ; 7.587  ; 7.587  ; Rise       ; CLOCK           ;
;  B_BUS[11]            ; CLOCK      ; 7.386  ; 7.386  ; Rise       ; CLOCK           ;
;  B_BUS[12]            ; CLOCK      ; 7.253  ; 7.253  ; Rise       ; CLOCK           ;
;  B_BUS[13]            ; CLOCK      ; 7.825  ; 7.825  ; Rise       ; CLOCK           ;
;  B_BUS[14]            ; CLOCK      ; 7.603  ; 7.603  ; Rise       ; CLOCK           ;
;  B_BUS[15]            ; CLOCK      ; 7.739  ; 7.739  ; Rise       ; CLOCK           ;
;  B_BUS[16]            ; CLOCK      ; 8.124  ; 8.124  ; Rise       ; CLOCK           ;
;  B_BUS[17]            ; CLOCK      ; 7.451  ; 7.451  ; Rise       ; CLOCK           ;
;  B_BUS[18]            ; CLOCK      ; 7.221  ; 7.221  ; Rise       ; CLOCK           ;
;  B_BUS[19]            ; CLOCK      ; 7.765  ; 7.765  ; Rise       ; CLOCK           ;
;  B_BUS[20]            ; CLOCK      ; 7.495  ; 7.495  ; Rise       ; CLOCK           ;
;  B_BUS[21]            ; CLOCK      ; 7.651  ; 7.651  ; Rise       ; CLOCK           ;
;  B_BUS[22]            ; CLOCK      ; 7.733  ; 7.733  ; Rise       ; CLOCK           ;
;  B_BUS[23]            ; CLOCK      ; 7.536  ; 7.536  ; Rise       ; CLOCK           ;
;  B_BUS[24]            ; CLOCK      ; 7.416  ; 7.416  ; Rise       ; CLOCK           ;
;  B_BUS[25]            ; CLOCK      ; 7.568  ; 7.568  ; Rise       ; CLOCK           ;
;  B_BUS[26]            ; CLOCK      ; 7.442  ; 7.442  ; Rise       ; CLOCK           ;
;  B_BUS[27]            ; CLOCK      ; 7.403  ; 7.403  ; Rise       ; CLOCK           ;
;  B_BUS[28]            ; CLOCK      ; 8.004  ; 8.004  ; Rise       ; CLOCK           ;
;  B_BUS[29]            ; CLOCK      ; 7.613  ; 7.613  ; Rise       ; CLOCK           ;
;  B_BUS[30]            ; CLOCK      ; 8.307  ; 8.307  ; Rise       ; CLOCK           ;
;  B_BUS[31]            ; CLOCK      ; 7.130  ; 7.130  ; Rise       ; CLOCK           ;
; C_BUS[*]              ; CLOCK      ; 6.804  ; 6.804  ; Rise       ; CLOCK           ;
;  C_BUS[0]             ; CLOCK      ; 6.804  ; 6.804  ; Rise       ; CLOCK           ;
;  C_BUS[1]             ; CLOCK      ; 6.269  ; 6.269  ; Rise       ; CLOCK           ;
;  C_BUS[2]             ; CLOCK      ; 6.236  ; 6.236  ; Rise       ; CLOCK           ;
;  C_BUS[3]             ; CLOCK      ; 6.518  ; 6.518  ; Rise       ; CLOCK           ;
;  C_BUS[4]             ; CLOCK      ; 5.914  ; 5.914  ; Rise       ; CLOCK           ;
;  C_BUS[5]             ; CLOCK      ; 6.337  ; 6.337  ; Rise       ; CLOCK           ;
;  C_BUS[6]             ; CLOCK      ; 6.059  ; 6.059  ; Rise       ; CLOCK           ;
;  C_BUS[7]             ; CLOCK      ; 6.216  ; 6.216  ; Rise       ; CLOCK           ;
;  C_BUS[8]             ; CLOCK      ; 6.203  ; 6.203  ; Rise       ; CLOCK           ;
;  C_BUS[9]             ; CLOCK      ; 6.691  ; 6.691  ; Rise       ; CLOCK           ;
;  C_BUS[10]            ; CLOCK      ; 6.101  ; 6.101  ; Rise       ; CLOCK           ;
;  C_BUS[11]            ; CLOCK      ; 6.198  ; 6.198  ; Rise       ; CLOCK           ;
;  C_BUS[12]            ; CLOCK      ; 6.454  ; 6.454  ; Rise       ; CLOCK           ;
;  C_BUS[13]            ; CLOCK      ; 6.038  ; 6.038  ; Rise       ; CLOCK           ;
;  C_BUS[14]            ; CLOCK      ; 6.645  ; 6.645  ; Rise       ; CLOCK           ;
;  C_BUS[15]            ; CLOCK      ; 6.182  ; 6.182  ; Rise       ; CLOCK           ;
;  C_BUS[16]            ; CLOCK      ; 6.280  ; 6.280  ; Rise       ; CLOCK           ;
;  C_BUS[17]            ; CLOCK      ; 6.454  ; 6.454  ; Rise       ; CLOCK           ;
;  C_BUS[18]            ; CLOCK      ; 6.308  ; 6.308  ; Rise       ; CLOCK           ;
;  C_BUS[19]            ; CLOCK      ; 5.965  ; 5.965  ; Rise       ; CLOCK           ;
;  C_BUS[20]            ; CLOCK      ; 6.126  ; 6.126  ; Rise       ; CLOCK           ;
;  C_BUS[21]            ; CLOCK      ; 6.295  ; 6.295  ; Rise       ; CLOCK           ;
;  C_BUS[22]            ; CLOCK      ; 6.028  ; 6.028  ; Rise       ; CLOCK           ;
;  C_BUS[23]            ; CLOCK      ; 6.230  ; 6.230  ; Rise       ; CLOCK           ;
;  C_BUS[24]            ; CLOCK      ; 6.125  ; 6.125  ; Rise       ; CLOCK           ;
;  C_BUS[25]            ; CLOCK      ; 6.066  ; 6.066  ; Rise       ; CLOCK           ;
;  C_BUS[26]            ; CLOCK      ; 6.135  ; 6.135  ; Rise       ; CLOCK           ;
;  C_BUS[27]            ; CLOCK      ; 5.778  ; 5.778  ; Rise       ; CLOCK           ;
;  C_BUS[28]            ; CLOCK      ; 5.964  ; 5.964  ; Rise       ; CLOCK           ;
;  C_BUS[29]            ; CLOCK      ; 6.631  ; 6.631  ; Rise       ; CLOCK           ;
;  C_BUS[30]            ; CLOCK      ; 6.575  ; 6.575  ; Rise       ; CLOCK           ;
;  C_BUS[31]            ; CLOCK      ; 5.947  ; 5.947  ; Rise       ; CLOCK           ;
; DATA_MEM_write_enable ; CLOCK      ; 4.115  ; 4.115  ; Rise       ; CLOCK           ;
; DATA_MEN_ADDR[*]      ; CLOCK      ; 7.067  ; 7.067  ; Rise       ; CLOCK           ;
;  DATA_MEN_ADDR[0]     ; CLOCK      ; 5.733  ; 5.733  ; Rise       ; CLOCK           ;
;  DATA_MEN_ADDR[1]     ; CLOCK      ; 6.708  ; 6.708  ; Rise       ; CLOCK           ;
;  DATA_MEN_ADDR[2]     ; CLOCK      ; 5.934  ; 5.934  ; Rise       ; CLOCK           ;
;  DATA_MEN_ADDR[3]     ; CLOCK      ; 6.653  ; 6.653  ; Rise       ; CLOCK           ;
;  DATA_MEN_ADDR[4]     ; CLOCK      ; 5.893  ; 5.893  ; Rise       ; CLOCK           ;
;  DATA_MEN_ADDR[5]     ; CLOCK      ; 6.032  ; 6.032  ; Rise       ; CLOCK           ;
;  DATA_MEN_ADDR[6]     ; CLOCK      ; 5.932  ; 5.932  ; Rise       ; CLOCK           ;
;  DATA_MEN_ADDR[7]     ; CLOCK      ; 6.652  ; 6.652  ; Rise       ; CLOCK           ;
;  DATA_MEN_ADDR[8]     ; CLOCK      ; 6.062  ; 6.062  ; Rise       ; CLOCK           ;
;  DATA_MEN_ADDR[9]     ; CLOCK      ; 6.673  ; 6.673  ; Rise       ; CLOCK           ;
;  DATA_MEN_ADDR[10]    ; CLOCK      ; 6.012  ; 6.012  ; Rise       ; CLOCK           ;
;  DATA_MEN_ADDR[11]    ; CLOCK      ; 5.926  ; 5.926  ; Rise       ; CLOCK           ;
;  DATA_MEN_ADDR[12]    ; CLOCK      ; 5.962  ; 5.962  ; Rise       ; CLOCK           ;
;  DATA_MEN_ADDR[13]    ; CLOCK      ; 6.487  ; 6.487  ; Rise       ; CLOCK           ;
;  DATA_MEN_ADDR[14]    ; CLOCK      ; 6.537  ; 6.537  ; Rise       ; CLOCK           ;
;  DATA_MEN_ADDR[15]    ; CLOCK      ; 6.390  ; 6.390  ; Rise       ; CLOCK           ;
;  DATA_MEN_ADDR[16]    ; CLOCK      ; 5.921  ; 5.921  ; Rise       ; CLOCK           ;
;  DATA_MEN_ADDR[17]    ; CLOCK      ; 5.766  ; 5.766  ; Rise       ; CLOCK           ;
;  DATA_MEN_ADDR[18]    ; CLOCK      ; 5.915  ; 5.915  ; Rise       ; CLOCK           ;
;  DATA_MEN_ADDR[19]    ; CLOCK      ; 5.939  ; 5.939  ; Rise       ; CLOCK           ;
;  DATA_MEN_ADDR[20]    ; CLOCK      ; 6.992  ; 6.992  ; Rise       ; CLOCK           ;
;  DATA_MEN_ADDR[21]    ; CLOCK      ; 6.680  ; 6.680  ; Rise       ; CLOCK           ;
;  DATA_MEN_ADDR[22]    ; CLOCK      ; 6.446  ; 6.446  ; Rise       ; CLOCK           ;
;  DATA_MEN_ADDR[23]    ; CLOCK      ; 6.571  ; 6.571  ; Rise       ; CLOCK           ;
;  DATA_MEN_ADDR[24]    ; CLOCK      ; 7.067  ; 7.067  ; Rise       ; CLOCK           ;
;  DATA_MEN_ADDR[25]    ; CLOCK      ; 6.321  ; 6.321  ; Rise       ; CLOCK           ;
;  DATA_MEN_ADDR[26]    ; CLOCK      ; 6.585  ; 6.585  ; Rise       ; CLOCK           ;
;  DATA_MEN_ADDR[27]    ; CLOCK      ; 7.001  ; 7.001  ; Rise       ; CLOCK           ;
;  DATA_MEN_ADDR[28]    ; CLOCK      ; 6.385  ; 6.385  ; Rise       ; CLOCK           ;
;  DATA_MEN_ADDR[29]    ; CLOCK      ; 6.475  ; 6.475  ; Rise       ; CLOCK           ;
;  DATA_MEN_ADDR[30]    ; CLOCK      ; 6.545  ; 6.545  ; Rise       ; CLOCK           ;
;  DATA_MEN_ADDR[31]    ; CLOCK      ; 7.007  ; 7.007  ; Rise       ; CLOCK           ;
; DATA_MEN_OUT[*]       ; CLOCK      ; 6.578  ; 6.578  ; Rise       ; CLOCK           ;
;  DATA_MEN_OUT[0]      ; CLOCK      ; 5.902  ; 5.902  ; Rise       ; CLOCK           ;
;  DATA_MEN_OUT[1]      ; CLOCK      ; 5.554  ; 5.554  ; Rise       ; CLOCK           ;
;  DATA_MEN_OUT[2]      ; CLOCK      ; 6.578  ; 6.578  ; Rise       ; CLOCK           ;
;  DATA_MEN_OUT[3]      ; CLOCK      ; 5.764  ; 5.764  ; Rise       ; CLOCK           ;
;  DATA_MEN_OUT[4]      ; CLOCK      ; 5.651  ; 5.651  ; Rise       ; CLOCK           ;
;  DATA_MEN_OUT[5]      ; CLOCK      ; 5.823  ; 5.823  ; Rise       ; CLOCK           ;
;  DATA_MEN_OUT[6]      ; CLOCK      ; 5.841  ; 5.841  ; Rise       ; CLOCK           ;
;  DATA_MEN_OUT[7]      ; CLOCK      ; 5.814  ; 5.814  ; Rise       ; CLOCK           ;
;  DATA_MEN_OUT[8]      ; CLOCK      ; 5.751  ; 5.751  ; Rise       ; CLOCK           ;
;  DATA_MEN_OUT[9]      ; CLOCK      ; 6.334  ; 6.334  ; Rise       ; CLOCK           ;
;  DATA_MEN_OUT[10]     ; CLOCK      ; 5.602  ; 5.602  ; Rise       ; CLOCK           ;
;  DATA_MEN_OUT[11]     ; CLOCK      ; 6.086  ; 6.086  ; Rise       ; CLOCK           ;
;  DATA_MEN_OUT[12]     ; CLOCK      ; 5.767  ; 5.767  ; Rise       ; CLOCK           ;
;  DATA_MEN_OUT[13]     ; CLOCK      ; 5.525  ; 5.525  ; Rise       ; CLOCK           ;
;  DATA_MEN_OUT[14]     ; CLOCK      ; 6.053  ; 6.053  ; Rise       ; CLOCK           ;
;  DATA_MEN_OUT[15]     ; CLOCK      ; 5.887  ; 5.887  ; Rise       ; CLOCK           ;
;  DATA_MEN_OUT[16]     ; CLOCK      ; 5.931  ; 5.931  ; Rise       ; CLOCK           ;
;  DATA_MEN_OUT[17]     ; CLOCK      ; 5.999  ; 5.999  ; Rise       ; CLOCK           ;
;  DATA_MEN_OUT[18]     ; CLOCK      ; 6.058  ; 6.058  ; Rise       ; CLOCK           ;
;  DATA_MEN_OUT[19]     ; CLOCK      ; 6.398  ; 6.398  ; Rise       ; CLOCK           ;
;  DATA_MEN_OUT[20]     ; CLOCK      ; 6.286  ; 6.286  ; Rise       ; CLOCK           ;
;  DATA_MEN_OUT[21]     ; CLOCK      ; 5.806  ; 5.806  ; Rise       ; CLOCK           ;
;  DATA_MEN_OUT[22]     ; CLOCK      ; 5.689  ; 5.689  ; Rise       ; CLOCK           ;
;  DATA_MEN_OUT[23]     ; CLOCK      ; 5.846  ; 5.846  ; Rise       ; CLOCK           ;
;  DATA_MEN_OUT[24]     ; CLOCK      ; 5.804  ; 5.804  ; Rise       ; CLOCK           ;
;  DATA_MEN_OUT[25]     ; CLOCK      ; 5.663  ; 5.663  ; Rise       ; CLOCK           ;
;  DATA_MEN_OUT[26]     ; CLOCK      ; 5.744  ; 5.744  ; Rise       ; CLOCK           ;
;  DATA_MEN_OUT[27]     ; CLOCK      ; 5.510  ; 5.510  ; Rise       ; CLOCK           ;
;  DATA_MEN_OUT[28]     ; CLOCK      ; 5.536  ; 5.536  ; Rise       ; CLOCK           ;
;  DATA_MEN_OUT[29]     ; CLOCK      ; 5.700  ; 5.700  ; Rise       ; CLOCK           ;
;  DATA_MEN_OUT[30]     ; CLOCK      ; 5.987  ; 5.987  ; Rise       ; CLOCK           ;
;  DATA_MEN_OUT[31]     ; CLOCK      ; 5.741  ; 5.741  ; Rise       ; CLOCK           ;
; MBR_OUT[*]            ; CLOCK      ; 6.619  ; 6.619  ; Rise       ; CLOCK           ;
;  MBR_OUT[0]           ; CLOCK      ; 6.280  ; 6.280  ; Rise       ; CLOCK           ;
;  MBR_OUT[1]           ; CLOCK      ; 6.083  ; 6.083  ; Rise       ; CLOCK           ;
;  MBR_OUT[2]           ; CLOCK      ; 6.038  ; 6.038  ; Rise       ; CLOCK           ;
;  MBR_OUT[3]           ; CLOCK      ; 5.871  ; 5.871  ; Rise       ; CLOCK           ;
;  MBR_OUT[4]           ; CLOCK      ; 6.024  ; 6.024  ; Rise       ; CLOCK           ;
;  MBR_OUT[5]           ; CLOCK      ; 6.619  ; 6.619  ; Rise       ; CLOCK           ;
;  MBR_OUT[6]           ; CLOCK      ; 6.162  ; 6.162  ; Rise       ; CLOCK           ;
;  MBR_OUT[7]           ; CLOCK      ; 6.105  ; 6.105  ; Rise       ; CLOCK           ;
; MPC[*]                ; CLOCK      ; 6.858  ; 6.858  ; Rise       ; CLOCK           ;
;  MPC[0]               ; CLOCK      ; 6.559  ; 6.559  ; Rise       ; CLOCK           ;
;  MPC[1]               ; CLOCK      ; 6.395  ; 6.395  ; Rise       ; CLOCK           ;
;  MPC[2]               ; CLOCK      ; 6.858  ; 6.858  ; Rise       ; CLOCK           ;
;  MPC[3]               ; CLOCK      ; 6.447  ; 6.447  ; Rise       ; CLOCK           ;
;  MPC[4]               ; CLOCK      ; 6.184  ; 6.184  ; Rise       ; CLOCK           ;
;  MPC[5]               ; CLOCK      ; 6.495  ; 6.495  ; Rise       ; CLOCK           ;
;  MPC[6]               ; CLOCK      ; 6.278  ; 6.278  ; Rise       ; CLOCK           ;
;  MPC[7]               ; CLOCK      ; 6.229  ; 6.229  ; Rise       ; CLOCK           ;
;  MPC[8]               ; CLOCK      ; 5.550  ; 5.550  ; Rise       ; CLOCK           ;
; PC[*]                 ; CLOCK      ; 6.660  ; 6.660  ; Rise       ; CLOCK           ;
;  PC[0]                ; CLOCK      ; 6.063  ; 6.063  ; Rise       ; CLOCK           ;
;  PC[1]                ; CLOCK      ; 6.294  ; 6.294  ; Rise       ; CLOCK           ;
;  PC[2]                ; CLOCK      ; 6.440  ; 6.440  ; Rise       ; CLOCK           ;
;  PC[3]                ; CLOCK      ; 6.076  ; 6.076  ; Rise       ; CLOCK           ;
;  PC[4]                ; CLOCK      ; 6.223  ; 6.223  ; Rise       ; CLOCK           ;
;  PC[5]                ; CLOCK      ; 6.291  ; 6.291  ; Rise       ; CLOCK           ;
;  PC[6]                ; CLOCK      ; 6.280  ; 6.280  ; Rise       ; CLOCK           ;
;  PC[7]                ; CLOCK      ; 6.495  ; 6.495  ; Rise       ; CLOCK           ;
;  PC[8]                ; CLOCK      ; 6.504  ; 6.504  ; Rise       ; CLOCK           ;
;  PC[9]                ; CLOCK      ; 6.226  ; 6.226  ; Rise       ; CLOCK           ;
;  PC[10]               ; CLOCK      ; 5.953  ; 5.953  ; Rise       ; CLOCK           ;
;  PC[11]               ; CLOCK      ; 5.992  ; 5.992  ; Rise       ; CLOCK           ;
;  PC[12]               ; CLOCK      ; 6.660  ; 6.660  ; Rise       ; CLOCK           ;
;  PC[13]               ; CLOCK      ; 6.334  ; 6.334  ; Rise       ; CLOCK           ;
;  PC[14]               ; CLOCK      ; 6.334  ; 6.334  ; Rise       ; CLOCK           ;
;  PC[15]               ; CLOCK      ; 5.924  ; 5.924  ; Rise       ; CLOCK           ;
;  PC[16]               ; CLOCK      ; 6.274  ; 6.274  ; Rise       ; CLOCK           ;
;  PC[17]               ; CLOCK      ; 6.578  ; 6.578  ; Rise       ; CLOCK           ;
;  PC[18]               ; CLOCK      ; 6.421  ; 6.421  ; Rise       ; CLOCK           ;
;  PC[19]               ; CLOCK      ; 6.338  ; 6.338  ; Rise       ; CLOCK           ;
;  PC[20]               ; CLOCK      ; 6.220  ; 6.220  ; Rise       ; CLOCK           ;
;  PC[21]               ; CLOCK      ; 6.419  ; 6.419  ; Rise       ; CLOCK           ;
;  PC[22]               ; CLOCK      ; 6.320  ; 6.320  ; Rise       ; CLOCK           ;
;  PC[23]               ; CLOCK      ; 6.126  ; 6.126  ; Rise       ; CLOCK           ;
;  PC[24]               ; CLOCK      ; 6.577  ; 6.577  ; Rise       ; CLOCK           ;
;  PC[25]               ; CLOCK      ; 6.326  ; 6.326  ; Rise       ; CLOCK           ;
;  PC[26]               ; CLOCK      ; 6.006  ; 6.006  ; Rise       ; CLOCK           ;
;  PC[27]               ; CLOCK      ; 6.150  ; 6.150  ; Rise       ; CLOCK           ;
;  PC[28]               ; CLOCK      ; 6.341  ; 6.341  ; Rise       ; CLOCK           ;
;  PC[29]               ; CLOCK      ; 6.472  ; 6.472  ; Rise       ; CLOCK           ;
;  PC[30]               ; CLOCK      ; 6.511  ; 6.511  ; Rise       ; CLOCK           ;
;  PC[31]               ; CLOCK      ; 6.595  ; 6.595  ; Rise       ; CLOCK           ;
; A_BUS[*]              ; CLOCK      ; 12.274 ; 12.274 ; Fall       ; CLOCK           ;
;  A_BUS[0]             ; CLOCK      ; 7.490  ; 7.490  ; Fall       ; CLOCK           ;
;  A_BUS[1]             ; CLOCK      ; 7.153  ; 7.153  ; Fall       ; CLOCK           ;
;  A_BUS[2]             ; CLOCK      ; 8.137  ; 8.137  ; Fall       ; CLOCK           ;
;  A_BUS[3]             ; CLOCK      ; 7.652  ; 7.652  ; Fall       ; CLOCK           ;
;  A_BUS[4]             ; CLOCK      ; 8.567  ; 8.567  ; Fall       ; CLOCK           ;
;  A_BUS[5]             ; CLOCK      ; 8.714  ; 8.714  ; Fall       ; CLOCK           ;
;  A_BUS[6]             ; CLOCK      ; 8.573  ; 8.573  ; Fall       ; CLOCK           ;
;  A_BUS[7]             ; CLOCK      ; 8.315  ; 8.315  ; Fall       ; CLOCK           ;
;  A_BUS[8]             ; CLOCK      ; 8.633  ; 8.633  ; Fall       ; CLOCK           ;
;  A_BUS[9]             ; CLOCK      ; 8.718  ; 8.718  ; Fall       ; CLOCK           ;
;  A_BUS[10]            ; CLOCK      ; 9.501  ; 9.501  ; Fall       ; CLOCK           ;
;  A_BUS[11]            ; CLOCK      ; 9.389  ; 9.389  ; Fall       ; CLOCK           ;
;  A_BUS[12]            ; CLOCK      ; 9.767  ; 9.767  ; Fall       ; CLOCK           ;
;  A_BUS[13]            ; CLOCK      ; 9.639  ; 9.639  ; Fall       ; CLOCK           ;
;  A_BUS[14]            ; CLOCK      ; 9.615  ; 9.615  ; Fall       ; CLOCK           ;
;  A_BUS[15]            ; CLOCK      ; 10.059 ; 10.059 ; Fall       ; CLOCK           ;
;  A_BUS[16]            ; CLOCK      ; 10.382 ; 10.382 ; Fall       ; CLOCK           ;
;  A_BUS[17]            ; CLOCK      ; 10.337 ; 10.337 ; Fall       ; CLOCK           ;
;  A_BUS[18]            ; CLOCK      ; 10.440 ; 10.440 ; Fall       ; CLOCK           ;
;  A_BUS[19]            ; CLOCK      ; 11.357 ; 11.357 ; Fall       ; CLOCK           ;
;  A_BUS[20]            ; CLOCK      ; 10.567 ; 10.567 ; Fall       ; CLOCK           ;
;  A_BUS[21]            ; CLOCK      ; 10.397 ; 10.397 ; Fall       ; CLOCK           ;
;  A_BUS[22]            ; CLOCK      ; 11.027 ; 11.027 ; Fall       ; CLOCK           ;
;  A_BUS[23]            ; CLOCK      ; 11.232 ; 11.232 ; Fall       ; CLOCK           ;
;  A_BUS[24]            ; CLOCK      ; 11.326 ; 11.326 ; Fall       ; CLOCK           ;
;  A_BUS[25]            ; CLOCK      ; 11.278 ; 11.278 ; Fall       ; CLOCK           ;
;  A_BUS[26]            ; CLOCK      ; 11.681 ; 11.681 ; Fall       ; CLOCK           ;
;  A_BUS[27]            ; CLOCK      ; 11.723 ; 11.723 ; Fall       ; CLOCK           ;
;  A_BUS[28]            ; CLOCK      ; 11.922 ; 11.922 ; Fall       ; CLOCK           ;
;  A_BUS[29]            ; CLOCK      ; 12.122 ; 12.122 ; Fall       ; CLOCK           ;
;  A_BUS[30]            ; CLOCK      ; 12.274 ; 12.274 ; Fall       ; CLOCK           ;
;  A_BUS[31]            ; CLOCK      ; 12.253 ; 12.253 ; Fall       ; CLOCK           ;
; B_BUS[*]              ; CLOCK      ; 7.044  ; 7.044  ; Fall       ; CLOCK           ;
;  B_BUS[0]             ; CLOCK      ; 6.677  ; 6.677  ; Fall       ; CLOCK           ;
;  B_BUS[1]             ; CLOCK      ; 6.409  ; 6.409  ; Fall       ; CLOCK           ;
;  B_BUS[2]             ; CLOCK      ; 6.417  ; 6.417  ; Fall       ; CLOCK           ;
;  B_BUS[3]             ; CLOCK      ; 6.217  ; 6.217  ; Fall       ; CLOCK           ;
;  B_BUS[4]             ; CLOCK      ; 6.484  ; 6.484  ; Fall       ; CLOCK           ;
;  B_BUS[5]             ; CLOCK      ; 6.206  ; 6.206  ; Fall       ; CLOCK           ;
;  B_BUS[6]             ; CLOCK      ; 6.309  ; 6.309  ; Fall       ; CLOCK           ;
;  B_BUS[7]             ; CLOCK      ; 6.135  ; 6.135  ; Fall       ; CLOCK           ;
;  B_BUS[8]             ; CLOCK      ; 6.309  ; 6.309  ; Fall       ; CLOCK           ;
;  B_BUS[9]             ; CLOCK      ; 6.933  ; 6.933  ; Fall       ; CLOCK           ;
;  B_BUS[10]            ; CLOCK      ; 6.411  ; 6.411  ; Fall       ; CLOCK           ;
;  B_BUS[11]            ; CLOCK      ; 6.102  ; 6.102  ; Fall       ; CLOCK           ;
;  B_BUS[12]            ; CLOCK      ; 6.053  ; 6.053  ; Fall       ; CLOCK           ;
;  B_BUS[13]            ; CLOCK      ; 6.312  ; 6.312  ; Fall       ; CLOCK           ;
;  B_BUS[14]            ; CLOCK      ; 6.628  ; 6.628  ; Fall       ; CLOCK           ;
;  B_BUS[15]            ; CLOCK      ; 6.440  ; 6.440  ; Fall       ; CLOCK           ;
;  B_BUS[16]            ; CLOCK      ; 6.867  ; 6.867  ; Fall       ; CLOCK           ;
;  B_BUS[17]            ; CLOCK      ; 6.731  ; 6.731  ; Fall       ; CLOCK           ;
;  B_BUS[18]            ; CLOCK      ; 6.550  ; 6.550  ; Fall       ; CLOCK           ;
;  B_BUS[19]            ; CLOCK      ; 6.720  ; 6.720  ; Fall       ; CLOCK           ;
;  B_BUS[20]            ; CLOCK      ; 6.833  ; 6.833  ; Fall       ; CLOCK           ;
;  B_BUS[21]            ; CLOCK      ; 6.642  ; 6.642  ; Fall       ; CLOCK           ;
;  B_BUS[22]            ; CLOCK      ; 6.370  ; 6.370  ; Fall       ; CLOCK           ;
;  B_BUS[23]            ; CLOCK      ; 6.507  ; 6.507  ; Fall       ; CLOCK           ;
;  B_BUS[24]            ; CLOCK      ; 6.662  ; 6.662  ; Fall       ; CLOCK           ;
;  B_BUS[25]            ; CLOCK      ; 6.553  ; 6.553  ; Fall       ; CLOCK           ;
;  B_BUS[26]            ; CLOCK      ; 6.547  ; 6.547  ; Fall       ; CLOCK           ;
;  B_BUS[27]            ; CLOCK      ; 6.740  ; 6.740  ; Fall       ; CLOCK           ;
;  B_BUS[28]            ; CLOCK      ; 6.826  ; 6.826  ; Fall       ; CLOCK           ;
;  B_BUS[29]            ; CLOCK      ; 6.776  ; 6.776  ; Fall       ; CLOCK           ;
;  B_BUS[30]            ; CLOCK      ; 7.044  ; 7.044  ; Fall       ; CLOCK           ;
;  B_BUS[31]            ; CLOCK      ; 6.622  ; 6.622  ; Fall       ; CLOCK           ;
; MIR[*]                ; CLOCK      ; 4.732  ; 4.732  ; Fall       ; CLOCK           ;
;  MIR[0]               ; CLOCK      ; 4.232  ; 4.232  ; Fall       ; CLOCK           ;
;  MIR[1]               ; CLOCK      ; 4.229  ; 4.229  ; Fall       ; CLOCK           ;
;  MIR[2]               ; CLOCK      ; 4.384  ; 4.384  ; Fall       ; CLOCK           ;
;  MIR[3]               ; CLOCK      ; 4.243  ; 4.243  ; Fall       ; CLOCK           ;
;  MIR[4]               ; CLOCK      ; 4.247  ; 4.247  ; Fall       ; CLOCK           ;
;  MIR[5]               ; CLOCK      ; 4.106  ; 4.106  ; Fall       ; CLOCK           ;
;  MIR[6]               ; CLOCK      ; 4.635  ; 4.635  ; Fall       ; CLOCK           ;
;  MIR[7]               ; CLOCK      ; 4.361  ; 4.361  ; Fall       ; CLOCK           ;
;  MIR[8]               ; CLOCK      ; 4.176  ; 4.176  ; Fall       ; CLOCK           ;
;  MIR[9]               ; CLOCK      ; 4.170  ; 4.170  ; Fall       ; CLOCK           ;
;  MIR[10]              ; CLOCK      ; 4.504  ; 4.504  ; Fall       ; CLOCK           ;
;  MIR[11]              ; CLOCK      ; 4.732  ; 4.732  ; Fall       ; CLOCK           ;
;  MIR[12]              ; CLOCK      ; 4.159  ; 4.159  ; Fall       ; CLOCK           ;
;  MIR[13]              ; CLOCK      ; 4.361  ; 4.361  ; Fall       ; CLOCK           ;
;  MIR[14]              ; CLOCK      ; 4.390  ; 4.390  ; Fall       ; CLOCK           ;
;  MIR[15]              ; CLOCK      ; 4.084  ; 4.084  ; Fall       ; CLOCK           ;
;  MIR[16]              ; CLOCK      ; 4.233  ; 4.233  ; Fall       ; CLOCK           ;
;  MIR[17]              ; CLOCK      ; 4.666  ; 4.666  ; Fall       ; CLOCK           ;
;  MIR[18]              ; CLOCK      ; 4.120  ; 4.120  ; Fall       ; CLOCK           ;
;  MIR[19]              ; CLOCK      ; 4.556  ; 4.556  ; Fall       ; CLOCK           ;
;  MIR[20]              ; CLOCK      ; 4.497  ; 4.497  ; Fall       ; CLOCK           ;
;  MIR[21]              ; CLOCK      ; 4.299  ; 4.299  ; Fall       ; CLOCK           ;
;  MIR[22]              ; CLOCK      ; 4.533  ; 4.533  ; Fall       ; CLOCK           ;
;  MIR[23]              ; CLOCK      ; 4.245  ; 4.245  ; Fall       ; CLOCK           ;
;  MIR[24]              ; CLOCK      ; 4.323  ; 4.323  ; Fall       ; CLOCK           ;
;  MIR[25]              ; CLOCK      ; 4.256  ; 4.256  ; Fall       ; CLOCK           ;
;  MIR[26]              ; CLOCK      ; 4.235  ; 4.235  ; Fall       ; CLOCK           ;
;  MIR[27]              ; CLOCK      ; 4.408  ; 4.408  ; Fall       ; CLOCK           ;
;  MIR[28]              ; CLOCK      ; 4.376  ; 4.376  ; Fall       ; CLOCK           ;
;  MIR[29]              ; CLOCK      ; 4.509  ; 4.509  ; Fall       ; CLOCK           ;
;  MIR[30]              ; CLOCK      ; 4.348  ; 4.348  ; Fall       ; CLOCK           ;
;  MIR[31]              ; CLOCK      ; 4.230  ; 4.230  ; Fall       ; CLOCK           ;
;  MIR[32]              ; CLOCK      ; 4.374  ; 4.374  ; Fall       ; CLOCK           ;
;  MIR[33]              ; CLOCK      ; 4.551  ; 4.551  ; Fall       ; CLOCK           ;
;  MIR[34]              ; CLOCK      ; 4.407  ; 4.407  ; Fall       ; CLOCK           ;
;  MIR[35]              ; CLOCK      ; 4.535  ; 4.535  ; Fall       ; CLOCK           ;
; MPC[*]                ; CLOCK      ; 5.747  ; 5.747  ; Fall       ; CLOCK           ;
;  MPC[0]               ; CLOCK      ; 5.098  ; 5.098  ; Fall       ; CLOCK           ;
;  MPC[1]               ; CLOCK      ; 5.076  ; 5.076  ; Fall       ; CLOCK           ;
;  MPC[2]               ; CLOCK      ; 5.254  ; 5.254  ; Fall       ; CLOCK           ;
;  MPC[3]               ; CLOCK      ; 4.906  ; 4.906  ; Fall       ; CLOCK           ;
;  MPC[4]               ; CLOCK      ; 4.686  ; 4.686  ; Fall       ; CLOCK           ;
;  MPC[5]               ; CLOCK      ; 5.005  ; 5.005  ; Fall       ; CLOCK           ;
;  MPC[6]               ; CLOCK      ; 4.976  ; 4.976  ; Fall       ; CLOCK           ;
;  MPC[7]               ; CLOCK      ; 4.937  ; 4.937  ; Fall       ; CLOCK           ;
;  MPC[8]               ; CLOCK      ; 5.747  ; 5.747  ; Fall       ; CLOCK           ;
+-----------------------+------------+--------+--------+------------+-----------------+


+-----------------------------------------------------------------------------------+
; Minimum Clock to Output Times                                                     ;
+-----------------------+------------+-------+-------+------------+-----------------+
; Data Port             ; Clock Port ; Rise  ; Fall  ; Clock Edge ; Clock Reference ;
+-----------------------+------------+-------+-------+------------+-----------------+
; A_BUS[*]              ; CLOCK      ; 6.501 ; 6.501 ; Rise       ; CLOCK           ;
;  A_BUS[0]             ; CLOCK      ; 6.517 ; 6.517 ; Rise       ; CLOCK           ;
;  A_BUS[1]             ; CLOCK      ; 6.501 ; 6.501 ; Rise       ; CLOCK           ;
;  A_BUS[2]             ; CLOCK      ; 7.445 ; 7.445 ; Rise       ; CLOCK           ;
;  A_BUS[3]             ; CLOCK      ; 6.616 ; 6.616 ; Rise       ; CLOCK           ;
;  A_BUS[4]             ; CLOCK      ; 6.978 ; 6.978 ; Rise       ; CLOCK           ;
;  A_BUS[5]             ; CLOCK      ; 7.024 ; 7.024 ; Rise       ; CLOCK           ;
;  A_BUS[6]             ; CLOCK      ; 6.779 ; 6.779 ; Rise       ; CLOCK           ;
;  A_BUS[7]             ; CLOCK      ; 6.953 ; 6.953 ; Rise       ; CLOCK           ;
;  A_BUS[8]             ; CLOCK      ; 6.836 ; 6.836 ; Rise       ; CLOCK           ;
;  A_BUS[9]             ; CLOCK      ; 7.343 ; 7.343 ; Rise       ; CLOCK           ;
;  A_BUS[10]            ; CLOCK      ; 7.774 ; 7.774 ; Rise       ; CLOCK           ;
;  A_BUS[11]            ; CLOCK      ; 7.344 ; 7.344 ; Rise       ; CLOCK           ;
;  A_BUS[12]            ; CLOCK      ; 7.597 ; 7.597 ; Rise       ; CLOCK           ;
;  A_BUS[13]            ; CLOCK      ; 7.259 ; 7.259 ; Rise       ; CLOCK           ;
;  A_BUS[14]            ; CLOCK      ; 6.800 ; 6.800 ; Rise       ; CLOCK           ;
;  A_BUS[15]            ; CLOCK      ; 7.531 ; 7.531 ; Rise       ; CLOCK           ;
;  A_BUS[16]            ; CLOCK      ; 7.797 ; 7.797 ; Rise       ; CLOCK           ;
;  A_BUS[17]            ; CLOCK      ; 7.321 ; 7.321 ; Rise       ; CLOCK           ;
;  A_BUS[18]            ; CLOCK      ; 7.387 ; 7.387 ; Rise       ; CLOCK           ;
;  A_BUS[19]            ; CLOCK      ; 7.776 ; 7.776 ; Rise       ; CLOCK           ;
;  A_BUS[20]            ; CLOCK      ; 6.986 ; 6.986 ; Rise       ; CLOCK           ;
;  A_BUS[21]            ; CLOCK      ; 7.031 ; 7.031 ; Rise       ; CLOCK           ;
;  A_BUS[22]            ; CLOCK      ; 6.753 ; 6.753 ; Rise       ; CLOCK           ;
;  A_BUS[23]            ; CLOCK      ; 7.013 ; 7.013 ; Rise       ; CLOCK           ;
;  A_BUS[24]            ; CLOCK      ; 7.380 ; 7.380 ; Rise       ; CLOCK           ;
;  A_BUS[25]            ; CLOCK      ; 7.050 ; 7.050 ; Rise       ; CLOCK           ;
;  A_BUS[26]            ; CLOCK      ; 7.293 ; 7.293 ; Rise       ; CLOCK           ;
;  A_BUS[27]            ; CLOCK      ; 7.135 ; 7.135 ; Rise       ; CLOCK           ;
;  A_BUS[28]            ; CLOCK      ; 7.069 ; 7.069 ; Rise       ; CLOCK           ;
;  A_BUS[29]            ; CLOCK      ; 7.175 ; 7.175 ; Rise       ; CLOCK           ;
;  A_BUS[30]            ; CLOCK      ; 7.097 ; 7.097 ; Rise       ; CLOCK           ;
;  A_BUS[31]            ; CLOCK      ; 6.920 ; 6.920 ; Rise       ; CLOCK           ;
; B_BUS[*]              ; CLOCK      ; 5.682 ; 5.682 ; Rise       ; CLOCK           ;
;  B_BUS[0]             ; CLOCK      ; 6.336 ; 6.336 ; Rise       ; CLOCK           ;
;  B_BUS[1]             ; CLOCK      ; 6.055 ; 6.055 ; Rise       ; CLOCK           ;
;  B_BUS[2]             ; CLOCK      ; 5.971 ; 5.971 ; Rise       ; CLOCK           ;
;  B_BUS[3]             ; CLOCK      ; 6.174 ; 6.174 ; Rise       ; CLOCK           ;
;  B_BUS[4]             ; CLOCK      ; 6.012 ; 6.012 ; Rise       ; CLOCK           ;
;  B_BUS[5]             ; CLOCK      ; 5.682 ; 5.682 ; Rise       ; CLOCK           ;
;  B_BUS[6]             ; CLOCK      ; 5.771 ; 5.771 ; Rise       ; CLOCK           ;
;  B_BUS[7]             ; CLOCK      ; 5.941 ; 5.941 ; Rise       ; CLOCK           ;
;  B_BUS[8]             ; CLOCK      ; 6.090 ; 6.090 ; Rise       ; CLOCK           ;
;  B_BUS[9]             ; CLOCK      ; 6.826 ; 6.826 ; Rise       ; CLOCK           ;
;  B_BUS[10]            ; CLOCK      ; 6.009 ; 6.009 ; Rise       ; CLOCK           ;
;  B_BUS[11]            ; CLOCK      ; 5.687 ; 5.687 ; Rise       ; CLOCK           ;
;  B_BUS[12]            ; CLOCK      ; 5.857 ; 5.857 ; Rise       ; CLOCK           ;
;  B_BUS[13]            ; CLOCK      ; 6.134 ; 6.134 ; Rise       ; CLOCK           ;
;  B_BUS[14]            ; CLOCK      ; 6.476 ; 6.476 ; Rise       ; CLOCK           ;
;  B_BUS[15]            ; CLOCK      ; 6.411 ; 6.411 ; Rise       ; CLOCK           ;
;  B_BUS[16]            ; CLOCK      ; 6.222 ; 6.222 ; Rise       ; CLOCK           ;
;  B_BUS[17]            ; CLOCK      ; 6.274 ; 6.274 ; Rise       ; CLOCK           ;
;  B_BUS[18]            ; CLOCK      ; 6.359 ; 6.359 ; Rise       ; CLOCK           ;
;  B_BUS[19]            ; CLOCK      ; 6.080 ; 6.080 ; Rise       ; CLOCK           ;
;  B_BUS[20]            ; CLOCK      ; 6.449 ; 6.449 ; Rise       ; CLOCK           ;
;  B_BUS[21]            ; CLOCK      ; 6.084 ; 6.084 ; Rise       ; CLOCK           ;
;  B_BUS[22]            ; CLOCK      ; 5.828 ; 5.828 ; Rise       ; CLOCK           ;
;  B_BUS[23]            ; CLOCK      ; 6.078 ; 6.078 ; Rise       ; CLOCK           ;
;  B_BUS[24]            ; CLOCK      ; 6.105 ; 6.105 ; Rise       ; CLOCK           ;
;  B_BUS[25]            ; CLOCK      ; 5.846 ; 5.846 ; Rise       ; CLOCK           ;
;  B_BUS[26]            ; CLOCK      ; 6.330 ; 6.330 ; Rise       ; CLOCK           ;
;  B_BUS[27]            ; CLOCK      ; 6.087 ; 6.087 ; Rise       ; CLOCK           ;
;  B_BUS[28]            ; CLOCK      ; 6.206 ; 6.206 ; Rise       ; CLOCK           ;
;  B_BUS[29]            ; CLOCK      ; 6.085 ; 6.085 ; Rise       ; CLOCK           ;
;  B_BUS[30]            ; CLOCK      ; 6.440 ; 6.440 ; Rise       ; CLOCK           ;
;  B_BUS[31]            ; CLOCK      ; 6.211 ; 6.211 ; Rise       ; CLOCK           ;
; C_BUS[*]              ; CLOCK      ; 5.778 ; 5.778 ; Rise       ; CLOCK           ;
;  C_BUS[0]             ; CLOCK      ; 6.804 ; 6.804 ; Rise       ; CLOCK           ;
;  C_BUS[1]             ; CLOCK      ; 6.269 ; 6.269 ; Rise       ; CLOCK           ;
;  C_BUS[2]             ; CLOCK      ; 6.236 ; 6.236 ; Rise       ; CLOCK           ;
;  C_BUS[3]             ; CLOCK      ; 6.518 ; 6.518 ; Rise       ; CLOCK           ;
;  C_BUS[4]             ; CLOCK      ; 5.914 ; 5.914 ; Rise       ; CLOCK           ;
;  C_BUS[5]             ; CLOCK      ; 6.337 ; 6.337 ; Rise       ; CLOCK           ;
;  C_BUS[6]             ; CLOCK      ; 6.059 ; 6.059 ; Rise       ; CLOCK           ;
;  C_BUS[7]             ; CLOCK      ; 6.216 ; 6.216 ; Rise       ; CLOCK           ;
;  C_BUS[8]             ; CLOCK      ; 6.203 ; 6.203 ; Rise       ; CLOCK           ;
;  C_BUS[9]             ; CLOCK      ; 6.691 ; 6.691 ; Rise       ; CLOCK           ;
;  C_BUS[10]            ; CLOCK      ; 6.101 ; 6.101 ; Rise       ; CLOCK           ;
;  C_BUS[11]            ; CLOCK      ; 6.198 ; 6.198 ; Rise       ; CLOCK           ;
;  C_BUS[12]            ; CLOCK      ; 6.454 ; 6.454 ; Rise       ; CLOCK           ;
;  C_BUS[13]            ; CLOCK      ; 6.038 ; 6.038 ; Rise       ; CLOCK           ;
;  C_BUS[14]            ; CLOCK      ; 6.645 ; 6.645 ; Rise       ; CLOCK           ;
;  C_BUS[15]            ; CLOCK      ; 6.182 ; 6.182 ; Rise       ; CLOCK           ;
;  C_BUS[16]            ; CLOCK      ; 6.280 ; 6.280 ; Rise       ; CLOCK           ;
;  C_BUS[17]            ; CLOCK      ; 6.454 ; 6.454 ; Rise       ; CLOCK           ;
;  C_BUS[18]            ; CLOCK      ; 6.308 ; 6.308 ; Rise       ; CLOCK           ;
;  C_BUS[19]            ; CLOCK      ; 5.965 ; 5.965 ; Rise       ; CLOCK           ;
;  C_BUS[20]            ; CLOCK      ; 6.126 ; 6.126 ; Rise       ; CLOCK           ;
;  C_BUS[21]            ; CLOCK      ; 6.295 ; 6.295 ; Rise       ; CLOCK           ;
;  C_BUS[22]            ; CLOCK      ; 6.028 ; 6.028 ; Rise       ; CLOCK           ;
;  C_BUS[23]            ; CLOCK      ; 6.230 ; 6.230 ; Rise       ; CLOCK           ;
;  C_BUS[24]            ; CLOCK      ; 6.125 ; 6.125 ; Rise       ; CLOCK           ;
;  C_BUS[25]            ; CLOCK      ; 6.066 ; 6.066 ; Rise       ; CLOCK           ;
;  C_BUS[26]            ; CLOCK      ; 6.135 ; 6.135 ; Rise       ; CLOCK           ;
;  C_BUS[27]            ; CLOCK      ; 5.778 ; 5.778 ; Rise       ; CLOCK           ;
;  C_BUS[28]            ; CLOCK      ; 5.964 ; 5.964 ; Rise       ; CLOCK           ;
;  C_BUS[29]            ; CLOCK      ; 6.631 ; 6.631 ; Rise       ; CLOCK           ;
;  C_BUS[30]            ; CLOCK      ; 6.575 ; 6.575 ; Rise       ; CLOCK           ;
;  C_BUS[31]            ; CLOCK      ; 5.947 ; 5.947 ; Rise       ; CLOCK           ;
; DATA_MEM_write_enable ; CLOCK      ; 4.115 ; 4.115 ; Rise       ; CLOCK           ;
; DATA_MEN_ADDR[*]      ; CLOCK      ; 5.733 ; 5.733 ; Rise       ; CLOCK           ;
;  DATA_MEN_ADDR[0]     ; CLOCK      ; 5.733 ; 5.733 ; Rise       ; CLOCK           ;
;  DATA_MEN_ADDR[1]     ; CLOCK      ; 6.708 ; 6.708 ; Rise       ; CLOCK           ;
;  DATA_MEN_ADDR[2]     ; CLOCK      ; 5.934 ; 5.934 ; Rise       ; CLOCK           ;
;  DATA_MEN_ADDR[3]     ; CLOCK      ; 6.653 ; 6.653 ; Rise       ; CLOCK           ;
;  DATA_MEN_ADDR[4]     ; CLOCK      ; 5.893 ; 5.893 ; Rise       ; CLOCK           ;
;  DATA_MEN_ADDR[5]     ; CLOCK      ; 6.032 ; 6.032 ; Rise       ; CLOCK           ;
;  DATA_MEN_ADDR[6]     ; CLOCK      ; 5.932 ; 5.932 ; Rise       ; CLOCK           ;
;  DATA_MEN_ADDR[7]     ; CLOCK      ; 6.652 ; 6.652 ; Rise       ; CLOCK           ;
;  DATA_MEN_ADDR[8]     ; CLOCK      ; 6.062 ; 6.062 ; Rise       ; CLOCK           ;
;  DATA_MEN_ADDR[9]     ; CLOCK      ; 6.673 ; 6.673 ; Rise       ; CLOCK           ;
;  DATA_MEN_ADDR[10]    ; CLOCK      ; 6.012 ; 6.012 ; Rise       ; CLOCK           ;
;  DATA_MEN_ADDR[11]    ; CLOCK      ; 5.926 ; 5.926 ; Rise       ; CLOCK           ;
;  DATA_MEN_ADDR[12]    ; CLOCK      ; 5.962 ; 5.962 ; Rise       ; CLOCK           ;
;  DATA_MEN_ADDR[13]    ; CLOCK      ; 6.487 ; 6.487 ; Rise       ; CLOCK           ;
;  DATA_MEN_ADDR[14]    ; CLOCK      ; 6.537 ; 6.537 ; Rise       ; CLOCK           ;
;  DATA_MEN_ADDR[15]    ; CLOCK      ; 6.390 ; 6.390 ; Rise       ; CLOCK           ;
;  DATA_MEN_ADDR[16]    ; CLOCK      ; 5.921 ; 5.921 ; Rise       ; CLOCK           ;
;  DATA_MEN_ADDR[17]    ; CLOCK      ; 5.766 ; 5.766 ; Rise       ; CLOCK           ;
;  DATA_MEN_ADDR[18]    ; CLOCK      ; 5.915 ; 5.915 ; Rise       ; CLOCK           ;
;  DATA_MEN_ADDR[19]    ; CLOCK      ; 5.939 ; 5.939 ; Rise       ; CLOCK           ;
;  DATA_MEN_ADDR[20]    ; CLOCK      ; 6.992 ; 6.992 ; Rise       ; CLOCK           ;
;  DATA_MEN_ADDR[21]    ; CLOCK      ; 6.680 ; 6.680 ; Rise       ; CLOCK           ;
;  DATA_MEN_ADDR[22]    ; CLOCK      ; 6.446 ; 6.446 ; Rise       ; CLOCK           ;
;  DATA_MEN_ADDR[23]    ; CLOCK      ; 6.571 ; 6.571 ; Rise       ; CLOCK           ;
;  DATA_MEN_ADDR[24]    ; CLOCK      ; 7.067 ; 7.067 ; Rise       ; CLOCK           ;
;  DATA_MEN_ADDR[25]    ; CLOCK      ; 6.321 ; 6.321 ; Rise       ; CLOCK           ;
;  DATA_MEN_ADDR[26]    ; CLOCK      ; 6.585 ; 6.585 ; Rise       ; CLOCK           ;
;  DATA_MEN_ADDR[27]    ; CLOCK      ; 7.001 ; 7.001 ; Rise       ; CLOCK           ;
;  DATA_MEN_ADDR[28]    ; CLOCK      ; 6.385 ; 6.385 ; Rise       ; CLOCK           ;
;  DATA_MEN_ADDR[29]    ; CLOCK      ; 6.475 ; 6.475 ; Rise       ; CLOCK           ;
;  DATA_MEN_ADDR[30]    ; CLOCK      ; 6.545 ; 6.545 ; Rise       ; CLOCK           ;
;  DATA_MEN_ADDR[31]    ; CLOCK      ; 7.007 ; 7.007 ; Rise       ; CLOCK           ;
; DATA_MEN_OUT[*]       ; CLOCK      ; 5.510 ; 5.510 ; Rise       ; CLOCK           ;
;  DATA_MEN_OUT[0]      ; CLOCK      ; 5.902 ; 5.902 ; Rise       ; CLOCK           ;
;  DATA_MEN_OUT[1]      ; CLOCK      ; 5.554 ; 5.554 ; Rise       ; CLOCK           ;
;  DATA_MEN_OUT[2]      ; CLOCK      ; 6.578 ; 6.578 ; Rise       ; CLOCK           ;
;  DATA_MEN_OUT[3]      ; CLOCK      ; 5.764 ; 5.764 ; Rise       ; CLOCK           ;
;  DATA_MEN_OUT[4]      ; CLOCK      ; 5.651 ; 5.651 ; Rise       ; CLOCK           ;
;  DATA_MEN_OUT[5]      ; CLOCK      ; 5.823 ; 5.823 ; Rise       ; CLOCK           ;
;  DATA_MEN_OUT[6]      ; CLOCK      ; 5.841 ; 5.841 ; Rise       ; CLOCK           ;
;  DATA_MEN_OUT[7]      ; CLOCK      ; 5.814 ; 5.814 ; Rise       ; CLOCK           ;
;  DATA_MEN_OUT[8]      ; CLOCK      ; 5.751 ; 5.751 ; Rise       ; CLOCK           ;
;  DATA_MEN_OUT[9]      ; CLOCK      ; 6.334 ; 6.334 ; Rise       ; CLOCK           ;
;  DATA_MEN_OUT[10]     ; CLOCK      ; 5.602 ; 5.602 ; Rise       ; CLOCK           ;
;  DATA_MEN_OUT[11]     ; CLOCK      ; 6.086 ; 6.086 ; Rise       ; CLOCK           ;
;  DATA_MEN_OUT[12]     ; CLOCK      ; 5.767 ; 5.767 ; Rise       ; CLOCK           ;
;  DATA_MEN_OUT[13]     ; CLOCK      ; 5.525 ; 5.525 ; Rise       ; CLOCK           ;
;  DATA_MEN_OUT[14]     ; CLOCK      ; 6.053 ; 6.053 ; Rise       ; CLOCK           ;
;  DATA_MEN_OUT[15]     ; CLOCK      ; 5.887 ; 5.887 ; Rise       ; CLOCK           ;
;  DATA_MEN_OUT[16]     ; CLOCK      ; 5.931 ; 5.931 ; Rise       ; CLOCK           ;
;  DATA_MEN_OUT[17]     ; CLOCK      ; 5.999 ; 5.999 ; Rise       ; CLOCK           ;
;  DATA_MEN_OUT[18]     ; CLOCK      ; 6.058 ; 6.058 ; Rise       ; CLOCK           ;
;  DATA_MEN_OUT[19]     ; CLOCK      ; 6.398 ; 6.398 ; Rise       ; CLOCK           ;
;  DATA_MEN_OUT[20]     ; CLOCK      ; 6.286 ; 6.286 ; Rise       ; CLOCK           ;
;  DATA_MEN_OUT[21]     ; CLOCK      ; 5.806 ; 5.806 ; Rise       ; CLOCK           ;
;  DATA_MEN_OUT[22]     ; CLOCK      ; 5.689 ; 5.689 ; Rise       ; CLOCK           ;
;  DATA_MEN_OUT[23]     ; CLOCK      ; 5.846 ; 5.846 ; Rise       ; CLOCK           ;
;  DATA_MEN_OUT[24]     ; CLOCK      ; 5.804 ; 5.804 ; Rise       ; CLOCK           ;
;  DATA_MEN_OUT[25]     ; CLOCK      ; 5.663 ; 5.663 ; Rise       ; CLOCK           ;
;  DATA_MEN_OUT[26]     ; CLOCK      ; 5.744 ; 5.744 ; Rise       ; CLOCK           ;
;  DATA_MEN_OUT[27]     ; CLOCK      ; 5.510 ; 5.510 ; Rise       ; CLOCK           ;
;  DATA_MEN_OUT[28]     ; CLOCK      ; 5.536 ; 5.536 ; Rise       ; CLOCK           ;
;  DATA_MEN_OUT[29]     ; CLOCK      ; 5.700 ; 5.700 ; Rise       ; CLOCK           ;
;  DATA_MEN_OUT[30]     ; CLOCK      ; 5.987 ; 5.987 ; Rise       ; CLOCK           ;
;  DATA_MEN_OUT[31]     ; CLOCK      ; 5.741 ; 5.741 ; Rise       ; CLOCK           ;
; MBR_OUT[*]            ; CLOCK      ; 5.871 ; 5.871 ; Rise       ; CLOCK           ;
;  MBR_OUT[0]           ; CLOCK      ; 6.280 ; 6.280 ; Rise       ; CLOCK           ;
;  MBR_OUT[1]           ; CLOCK      ; 6.083 ; 6.083 ; Rise       ; CLOCK           ;
;  MBR_OUT[2]           ; CLOCK      ; 6.038 ; 6.038 ; Rise       ; CLOCK           ;
;  MBR_OUT[3]           ; CLOCK      ; 5.871 ; 5.871 ; Rise       ; CLOCK           ;
;  MBR_OUT[4]           ; CLOCK      ; 6.024 ; 6.024 ; Rise       ; CLOCK           ;
;  MBR_OUT[5]           ; CLOCK      ; 6.619 ; 6.619 ; Rise       ; CLOCK           ;
;  MBR_OUT[6]           ; CLOCK      ; 6.162 ; 6.162 ; Rise       ; CLOCK           ;
;  MBR_OUT[7]           ; CLOCK      ; 6.105 ; 6.105 ; Rise       ; CLOCK           ;
; MPC[*]                ; CLOCK      ; 5.039 ; 5.039 ; Rise       ; CLOCK           ;
;  MPC[0]               ; CLOCK      ; 6.559 ; 6.559 ; Rise       ; CLOCK           ;
;  MPC[1]               ; CLOCK      ; 6.395 ; 6.395 ; Rise       ; CLOCK           ;
;  MPC[2]               ; CLOCK      ; 6.858 ; 6.858 ; Rise       ; CLOCK           ;
;  MPC[3]               ; CLOCK      ; 6.447 ; 6.447 ; Rise       ; CLOCK           ;
;  MPC[4]               ; CLOCK      ; 6.184 ; 6.184 ; Rise       ; CLOCK           ;
;  MPC[5]               ; CLOCK      ; 6.495 ; 6.495 ; Rise       ; CLOCK           ;
;  MPC[6]               ; CLOCK      ; 6.278 ; 6.278 ; Rise       ; CLOCK           ;
;  MPC[7]               ; CLOCK      ; 6.229 ; 6.229 ; Rise       ; CLOCK           ;
;  MPC[8]               ; CLOCK      ; 5.039 ; 5.039 ; Rise       ; CLOCK           ;
; PC[*]                 ; CLOCK      ; 5.924 ; 5.924 ; Rise       ; CLOCK           ;
;  PC[0]                ; CLOCK      ; 6.063 ; 6.063 ; Rise       ; CLOCK           ;
;  PC[1]                ; CLOCK      ; 6.294 ; 6.294 ; Rise       ; CLOCK           ;
;  PC[2]                ; CLOCK      ; 6.440 ; 6.440 ; Rise       ; CLOCK           ;
;  PC[3]                ; CLOCK      ; 6.076 ; 6.076 ; Rise       ; CLOCK           ;
;  PC[4]                ; CLOCK      ; 6.223 ; 6.223 ; Rise       ; CLOCK           ;
;  PC[5]                ; CLOCK      ; 6.291 ; 6.291 ; Rise       ; CLOCK           ;
;  PC[6]                ; CLOCK      ; 6.280 ; 6.280 ; Rise       ; CLOCK           ;
;  PC[7]                ; CLOCK      ; 6.495 ; 6.495 ; Rise       ; CLOCK           ;
;  PC[8]                ; CLOCK      ; 6.504 ; 6.504 ; Rise       ; CLOCK           ;
;  PC[9]                ; CLOCK      ; 6.226 ; 6.226 ; Rise       ; CLOCK           ;
;  PC[10]               ; CLOCK      ; 5.953 ; 5.953 ; Rise       ; CLOCK           ;
;  PC[11]               ; CLOCK      ; 5.992 ; 5.992 ; Rise       ; CLOCK           ;
;  PC[12]               ; CLOCK      ; 6.660 ; 6.660 ; Rise       ; CLOCK           ;
;  PC[13]               ; CLOCK      ; 6.334 ; 6.334 ; Rise       ; CLOCK           ;
;  PC[14]               ; CLOCK      ; 6.334 ; 6.334 ; Rise       ; CLOCK           ;
;  PC[15]               ; CLOCK      ; 5.924 ; 5.924 ; Rise       ; CLOCK           ;
;  PC[16]               ; CLOCK      ; 6.274 ; 6.274 ; Rise       ; CLOCK           ;
;  PC[17]               ; CLOCK      ; 6.578 ; 6.578 ; Rise       ; CLOCK           ;
;  PC[18]               ; CLOCK      ; 6.421 ; 6.421 ; Rise       ; CLOCK           ;
;  PC[19]               ; CLOCK      ; 6.338 ; 6.338 ; Rise       ; CLOCK           ;
;  PC[20]               ; CLOCK      ; 6.220 ; 6.220 ; Rise       ; CLOCK           ;
;  PC[21]               ; CLOCK      ; 6.419 ; 6.419 ; Rise       ; CLOCK           ;
;  PC[22]               ; CLOCK      ; 6.320 ; 6.320 ; Rise       ; CLOCK           ;
;  PC[23]               ; CLOCK      ; 6.126 ; 6.126 ; Rise       ; CLOCK           ;
;  PC[24]               ; CLOCK      ; 6.577 ; 6.577 ; Rise       ; CLOCK           ;
;  PC[25]               ; CLOCK      ; 6.326 ; 6.326 ; Rise       ; CLOCK           ;
;  PC[26]               ; CLOCK      ; 6.006 ; 6.006 ; Rise       ; CLOCK           ;
;  PC[27]               ; CLOCK      ; 6.150 ; 6.150 ; Rise       ; CLOCK           ;
;  PC[28]               ; CLOCK      ; 6.341 ; 6.341 ; Rise       ; CLOCK           ;
;  PC[29]               ; CLOCK      ; 6.472 ; 6.472 ; Rise       ; CLOCK           ;
;  PC[30]               ; CLOCK      ; 6.511 ; 6.511 ; Rise       ; CLOCK           ;
;  PC[31]               ; CLOCK      ; 6.595 ; 6.595 ; Rise       ; CLOCK           ;
; A_BUS[*]              ; CLOCK      ; 4.623 ; 4.623 ; Fall       ; CLOCK           ;
;  A_BUS[0]             ; CLOCK      ; 5.119 ; 5.119 ; Fall       ; CLOCK           ;
;  A_BUS[1]             ; CLOCK      ; 4.905 ; 4.905 ; Fall       ; CLOCK           ;
;  A_BUS[2]             ; CLOCK      ; 5.531 ; 5.531 ; Fall       ; CLOCK           ;
;  A_BUS[3]             ; CLOCK      ; 5.301 ; 5.301 ; Fall       ; CLOCK           ;
;  A_BUS[4]             ; CLOCK      ; 5.298 ; 5.298 ; Fall       ; CLOCK           ;
;  A_BUS[5]             ; CLOCK      ; 5.684 ; 5.684 ; Fall       ; CLOCK           ;
;  A_BUS[6]             ; CLOCK      ; 5.359 ; 5.359 ; Fall       ; CLOCK           ;
;  A_BUS[7]             ; CLOCK      ; 4.623 ; 4.623 ; Fall       ; CLOCK           ;
;  A_BUS[8]             ; CLOCK      ; 5.339 ; 5.339 ; Fall       ; CLOCK           ;
;  A_BUS[9]             ; CLOCK      ; 5.217 ; 5.217 ; Fall       ; CLOCK           ;
;  A_BUS[10]            ; CLOCK      ; 5.437 ; 5.437 ; Fall       ; CLOCK           ;
;  A_BUS[11]            ; CLOCK      ; 5.353 ; 5.353 ; Fall       ; CLOCK           ;
;  A_BUS[12]            ; CLOCK      ; 5.613 ; 5.613 ; Fall       ; CLOCK           ;
;  A_BUS[13]            ; CLOCK      ; 5.266 ; 5.266 ; Fall       ; CLOCK           ;
;  A_BUS[14]            ; CLOCK      ; 5.010 ; 5.010 ; Fall       ; CLOCK           ;
;  A_BUS[15]            ; CLOCK      ; 5.174 ; 5.174 ; Fall       ; CLOCK           ;
;  A_BUS[16]            ; CLOCK      ; 5.583 ; 5.583 ; Fall       ; CLOCK           ;
;  A_BUS[17]            ; CLOCK      ; 5.270 ; 5.270 ; Fall       ; CLOCK           ;
;  A_BUS[18]            ; CLOCK      ; 5.156 ; 5.156 ; Fall       ; CLOCK           ;
;  A_BUS[19]            ; CLOCK      ; 5.564 ; 5.564 ; Fall       ; CLOCK           ;
;  A_BUS[20]            ; CLOCK      ; 4.881 ; 4.881 ; Fall       ; CLOCK           ;
;  A_BUS[21]            ; CLOCK      ; 4.873 ; 4.873 ; Fall       ; CLOCK           ;
;  A_BUS[22]            ; CLOCK      ; 4.872 ; 4.872 ; Fall       ; CLOCK           ;
;  A_BUS[23]            ; CLOCK      ; 5.004 ; 5.004 ; Fall       ; CLOCK           ;
;  A_BUS[24]            ; CLOCK      ; 5.127 ; 5.127 ; Fall       ; CLOCK           ;
;  A_BUS[25]            ; CLOCK      ; 5.011 ; 5.011 ; Fall       ; CLOCK           ;
;  A_BUS[26]            ; CLOCK      ; 5.032 ; 5.032 ; Fall       ; CLOCK           ;
;  A_BUS[27]            ; CLOCK      ; 5.076 ; 5.076 ; Fall       ; CLOCK           ;
;  A_BUS[28]            ; CLOCK      ; 5.085 ; 5.085 ; Fall       ; CLOCK           ;
;  A_BUS[29]            ; CLOCK      ; 5.072 ; 5.072 ; Fall       ; CLOCK           ;
;  A_BUS[30]            ; CLOCK      ; 5.320 ; 5.320 ; Fall       ; CLOCK           ;
;  A_BUS[31]            ; CLOCK      ; 5.128 ; 5.128 ; Fall       ; CLOCK           ;
; B_BUS[*]              ; CLOCK      ; 5.186 ; 5.186 ; Fall       ; CLOCK           ;
;  B_BUS[0]             ; CLOCK      ; 5.512 ; 5.512 ; Fall       ; CLOCK           ;
;  B_BUS[1]             ; CLOCK      ; 5.579 ; 5.579 ; Fall       ; CLOCK           ;
;  B_BUS[2]             ; CLOCK      ; 5.780 ; 5.780 ; Fall       ; CLOCK           ;
;  B_BUS[3]             ; CLOCK      ; 5.630 ; 5.630 ; Fall       ; CLOCK           ;
;  B_BUS[4]             ; CLOCK      ; 5.983 ; 5.983 ; Fall       ; CLOCK           ;
;  B_BUS[5]             ; CLOCK      ; 5.639 ; 5.639 ; Fall       ; CLOCK           ;
;  B_BUS[6]             ; CLOCK      ; 5.676 ; 5.676 ; Fall       ; CLOCK           ;
;  B_BUS[7]             ; CLOCK      ; 5.186 ; 5.186 ; Fall       ; CLOCK           ;
;  B_BUS[8]             ; CLOCK      ; 5.208 ; 5.208 ; Fall       ; CLOCK           ;
;  B_BUS[9]             ; CLOCK      ; 5.926 ; 5.926 ; Fall       ; CLOCK           ;
;  B_BUS[10]            ; CLOCK      ; 5.611 ; 5.611 ; Fall       ; CLOCK           ;
;  B_BUS[11]            ; CLOCK      ; 5.305 ; 5.305 ; Fall       ; CLOCK           ;
;  B_BUS[12]            ; CLOCK      ; 5.365 ; 5.365 ; Fall       ; CLOCK           ;
;  B_BUS[13]            ; CLOCK      ; 5.431 ; 5.431 ; Fall       ; CLOCK           ;
;  B_BUS[14]            ; CLOCK      ; 5.811 ; 5.811 ; Fall       ; CLOCK           ;
;  B_BUS[15]            ; CLOCK      ; 5.869 ; 5.869 ; Fall       ; CLOCK           ;
;  B_BUS[16]            ; CLOCK      ; 5.743 ; 5.743 ; Fall       ; CLOCK           ;
;  B_BUS[17]            ; CLOCK      ; 5.552 ; 5.552 ; Fall       ; CLOCK           ;
;  B_BUS[18]            ; CLOCK      ; 5.586 ; 5.586 ; Fall       ; CLOCK           ;
;  B_BUS[19]            ; CLOCK      ; 5.679 ; 5.679 ; Fall       ; CLOCK           ;
;  B_BUS[20]            ; CLOCK      ; 5.718 ; 5.718 ; Fall       ; CLOCK           ;
;  B_BUS[21]            ; CLOCK      ; 5.229 ; 5.229 ; Fall       ; CLOCK           ;
;  B_BUS[22]            ; CLOCK      ; 5.630 ; 5.630 ; Fall       ; CLOCK           ;
;  B_BUS[23]            ; CLOCK      ; 5.222 ; 5.222 ; Fall       ; CLOCK           ;
;  B_BUS[24]            ; CLOCK      ; 5.295 ; 5.295 ; Fall       ; CLOCK           ;
;  B_BUS[25]            ; CLOCK      ; 5.368 ; 5.368 ; Fall       ; CLOCK           ;
;  B_BUS[26]            ; CLOCK      ; 5.847 ; 5.847 ; Fall       ; CLOCK           ;
;  B_BUS[27]            ; CLOCK      ; 5.448 ; 5.448 ; Fall       ; CLOCK           ;
;  B_BUS[28]            ; CLOCK      ; 5.931 ; 5.931 ; Fall       ; CLOCK           ;
;  B_BUS[29]            ; CLOCK      ; 5.678 ; 5.678 ; Fall       ; CLOCK           ;
;  B_BUS[30]            ; CLOCK      ; 6.038 ; 6.038 ; Fall       ; CLOCK           ;
;  B_BUS[31]            ; CLOCK      ; 5.748 ; 5.748 ; Fall       ; CLOCK           ;
; MIR[*]                ; CLOCK      ; 4.084 ; 4.084 ; Fall       ; CLOCK           ;
;  MIR[0]               ; CLOCK      ; 4.232 ; 4.232 ; Fall       ; CLOCK           ;
;  MIR[1]               ; CLOCK      ; 4.229 ; 4.229 ; Fall       ; CLOCK           ;
;  MIR[2]               ; CLOCK      ; 4.384 ; 4.384 ; Fall       ; CLOCK           ;
;  MIR[3]               ; CLOCK      ; 4.243 ; 4.243 ; Fall       ; CLOCK           ;
;  MIR[4]               ; CLOCK      ; 4.247 ; 4.247 ; Fall       ; CLOCK           ;
;  MIR[5]               ; CLOCK      ; 4.106 ; 4.106 ; Fall       ; CLOCK           ;
;  MIR[6]               ; CLOCK      ; 4.635 ; 4.635 ; Fall       ; CLOCK           ;
;  MIR[7]               ; CLOCK      ; 4.361 ; 4.361 ; Fall       ; CLOCK           ;
;  MIR[8]               ; CLOCK      ; 4.176 ; 4.176 ; Fall       ; CLOCK           ;
;  MIR[9]               ; CLOCK      ; 4.170 ; 4.170 ; Fall       ; CLOCK           ;
;  MIR[10]              ; CLOCK      ; 4.504 ; 4.504 ; Fall       ; CLOCK           ;
;  MIR[11]              ; CLOCK      ; 4.732 ; 4.732 ; Fall       ; CLOCK           ;
;  MIR[12]              ; CLOCK      ; 4.159 ; 4.159 ; Fall       ; CLOCK           ;
;  MIR[13]              ; CLOCK      ; 4.361 ; 4.361 ; Fall       ; CLOCK           ;
;  MIR[14]              ; CLOCK      ; 4.390 ; 4.390 ; Fall       ; CLOCK           ;
;  MIR[15]              ; CLOCK      ; 4.084 ; 4.084 ; Fall       ; CLOCK           ;
;  MIR[16]              ; CLOCK      ; 4.233 ; 4.233 ; Fall       ; CLOCK           ;
;  MIR[17]              ; CLOCK      ; 4.666 ; 4.666 ; Fall       ; CLOCK           ;
;  MIR[18]              ; CLOCK      ; 4.120 ; 4.120 ; Fall       ; CLOCK           ;
;  MIR[19]              ; CLOCK      ; 4.556 ; 4.556 ; Fall       ; CLOCK           ;
;  MIR[20]              ; CLOCK      ; 4.497 ; 4.497 ; Fall       ; CLOCK           ;
;  MIR[21]              ; CLOCK      ; 4.299 ; 4.299 ; Fall       ; CLOCK           ;
;  MIR[22]              ; CLOCK      ; 4.533 ; 4.533 ; Fall       ; CLOCK           ;
;  MIR[23]              ; CLOCK      ; 4.245 ; 4.245 ; Fall       ; CLOCK           ;
;  MIR[24]              ; CLOCK      ; 4.323 ; 4.323 ; Fall       ; CLOCK           ;
;  MIR[25]              ; CLOCK      ; 4.256 ; 4.256 ; Fall       ; CLOCK           ;
;  MIR[26]              ; CLOCK      ; 4.235 ; 4.235 ; Fall       ; CLOCK           ;
;  MIR[27]              ; CLOCK      ; 4.408 ; 4.408 ; Fall       ; CLOCK           ;
;  MIR[28]              ; CLOCK      ; 4.376 ; 4.376 ; Fall       ; CLOCK           ;
;  MIR[29]              ; CLOCK      ; 4.509 ; 4.509 ; Fall       ; CLOCK           ;
;  MIR[30]              ; CLOCK      ; 4.348 ; 4.348 ; Fall       ; CLOCK           ;
;  MIR[31]              ; CLOCK      ; 4.230 ; 4.230 ; Fall       ; CLOCK           ;
;  MIR[32]              ; CLOCK      ; 4.374 ; 4.374 ; Fall       ; CLOCK           ;
;  MIR[33]              ; CLOCK      ; 4.551 ; 4.551 ; Fall       ; CLOCK           ;
;  MIR[34]              ; CLOCK      ; 4.407 ; 4.407 ; Fall       ; CLOCK           ;
;  MIR[35]              ; CLOCK      ; 4.535 ; 4.535 ; Fall       ; CLOCK           ;
; MPC[*]                ; CLOCK      ; 4.511 ; 4.511 ; Fall       ; CLOCK           ;
;  MPC[0]               ; CLOCK      ; 4.889 ; 4.889 ; Fall       ; CLOCK           ;
;  MPC[1]               ; CLOCK      ; 4.973 ; 4.973 ; Fall       ; CLOCK           ;
;  MPC[2]               ; CLOCK      ; 5.187 ; 5.187 ; Fall       ; CLOCK           ;
;  MPC[3]               ; CLOCK      ; 4.836 ; 4.836 ; Fall       ; CLOCK           ;
;  MPC[4]               ; CLOCK      ; 4.511 ; 4.511 ; Fall       ; CLOCK           ;
;  MPC[5]               ; CLOCK      ; 4.940 ; 4.940 ; Fall       ; CLOCK           ;
;  MPC[6]               ; CLOCK      ; 4.755 ; 4.755 ; Fall       ; CLOCK           ;
;  MPC[7]               ; CLOCK      ; 4.729 ; 4.729 ; Fall       ; CLOCK           ;
;  MPC[8]               ; CLOCK      ; 5.460 ; 5.460 ; Fall       ; CLOCK           ;
+-----------------------+------------+-------+-------+------------+-----------------+


+-----------------------------------------------------------------------+
; Output Enable Times                                                   ;
+------------+------------+-------+------+------------+-----------------+
; Data Port  ; Clock Port ; Rise  ; Fall ; Clock Edge ; Clock Reference ;
+------------+------------+-------+------+------------+-----------------+
; B_BUS[*]   ; CLOCK      ; 5.263 ;      ; Fall       ; CLOCK           ;
;  B_BUS[0]  ; CLOCK      ; 5.578 ;      ; Fall       ; CLOCK           ;
;  B_BUS[1]  ; CLOCK      ; 5.568 ;      ; Fall       ; CLOCK           ;
;  B_BUS[2]  ; CLOCK      ; 5.373 ;      ; Fall       ; CLOCK           ;
;  B_BUS[3]  ; CLOCK      ; 5.373 ;      ; Fall       ; CLOCK           ;
;  B_BUS[4]  ; CLOCK      ; 5.382 ;      ; Fall       ; CLOCK           ;
;  B_BUS[5]  ; CLOCK      ; 5.562 ;      ; Fall       ; CLOCK           ;
;  B_BUS[6]  ; CLOCK      ; 5.298 ;      ; Fall       ; CLOCK           ;
;  B_BUS[7]  ; CLOCK      ; 5.568 ;      ; Fall       ; CLOCK           ;
;  B_BUS[8]  ; CLOCK      ; 5.291 ;      ; Fall       ; CLOCK           ;
;  B_BUS[9]  ; CLOCK      ; 5.301 ;      ; Fall       ; CLOCK           ;
;  B_BUS[10] ; CLOCK      ; 5.293 ;      ; Fall       ; CLOCK           ;
;  B_BUS[11] ; CLOCK      ; 5.288 ;      ; Fall       ; CLOCK           ;
;  B_BUS[12] ; CLOCK      ; 5.424 ;      ; Fall       ; CLOCK           ;
;  B_BUS[13] ; CLOCK      ; 5.444 ;      ; Fall       ; CLOCK           ;
;  B_BUS[14] ; CLOCK      ; 5.395 ;      ; Fall       ; CLOCK           ;
;  B_BUS[15] ; CLOCK      ; 5.382 ;      ; Fall       ; CLOCK           ;
;  B_BUS[16] ; CLOCK      ; 5.273 ;      ; Fall       ; CLOCK           ;
;  B_BUS[17] ; CLOCK      ; 5.588 ;      ; Fall       ; CLOCK           ;
;  B_BUS[18] ; CLOCK      ; 6.174 ;      ; Fall       ; CLOCK           ;
;  B_BUS[19] ; CLOCK      ; 5.281 ;      ; Fall       ; CLOCK           ;
;  B_BUS[20] ; CLOCK      ; 5.263 ;      ; Fall       ; CLOCK           ;
;  B_BUS[21] ; CLOCK      ; 5.959 ;      ; Fall       ; CLOCK           ;
;  B_BUS[22] ; CLOCK      ; 5.355 ;      ; Fall       ; CLOCK           ;
;  B_BUS[23] ; CLOCK      ; 5.959 ;      ; Fall       ; CLOCK           ;
;  B_BUS[24] ; CLOCK      ; 6.174 ;      ; Fall       ; CLOCK           ;
;  B_BUS[25] ; CLOCK      ; 5.301 ;      ; Fall       ; CLOCK           ;
;  B_BUS[26] ; CLOCK      ; 5.424 ;      ; Fall       ; CLOCK           ;
;  B_BUS[27] ; CLOCK      ; 5.424 ;      ; Fall       ; CLOCK           ;
;  B_BUS[28] ; CLOCK      ; 5.302 ;      ; Fall       ; CLOCK           ;
;  B_BUS[29] ; CLOCK      ; 5.298 ;      ; Fall       ; CLOCK           ;
;  B_BUS[30] ; CLOCK      ; 5.273 ;      ; Fall       ; CLOCK           ;
;  B_BUS[31] ; CLOCK      ; 6.174 ;      ; Fall       ; CLOCK           ;
+------------+------------+-------+------+------------+-----------------+


+-----------------------------------------------------------------------+
; Minimum Output Enable Times                                           ;
+------------+------------+-------+------+------------+-----------------+
; Data Port  ; Clock Port ; Rise  ; Fall ; Clock Edge ; Clock Reference ;
+------------+------------+-------+------+------------+-----------------+
; B_BUS[*]   ; CLOCK      ; 5.155 ;      ; Fall       ; CLOCK           ;
;  B_BUS[0]  ; CLOCK      ; 5.470 ;      ; Fall       ; CLOCK           ;
;  B_BUS[1]  ; CLOCK      ; 5.460 ;      ; Fall       ; CLOCK           ;
;  B_BUS[2]  ; CLOCK      ; 5.265 ;      ; Fall       ; CLOCK           ;
;  B_BUS[3]  ; CLOCK      ; 5.265 ;      ; Fall       ; CLOCK           ;
;  B_BUS[4]  ; CLOCK      ; 5.274 ;      ; Fall       ; CLOCK           ;
;  B_BUS[5]  ; CLOCK      ; 5.454 ;      ; Fall       ; CLOCK           ;
;  B_BUS[6]  ; CLOCK      ; 5.190 ;      ; Fall       ; CLOCK           ;
;  B_BUS[7]  ; CLOCK      ; 5.460 ;      ; Fall       ; CLOCK           ;
;  B_BUS[8]  ; CLOCK      ; 5.183 ;      ; Fall       ; CLOCK           ;
;  B_BUS[9]  ; CLOCK      ; 5.193 ;      ; Fall       ; CLOCK           ;
;  B_BUS[10] ; CLOCK      ; 5.185 ;      ; Fall       ; CLOCK           ;
;  B_BUS[11] ; CLOCK      ; 5.180 ;      ; Fall       ; CLOCK           ;
;  B_BUS[12] ; CLOCK      ; 5.316 ;      ; Fall       ; CLOCK           ;
;  B_BUS[13] ; CLOCK      ; 5.336 ;      ; Fall       ; CLOCK           ;
;  B_BUS[14] ; CLOCK      ; 5.287 ;      ; Fall       ; CLOCK           ;
;  B_BUS[15] ; CLOCK      ; 5.274 ;      ; Fall       ; CLOCK           ;
;  B_BUS[16] ; CLOCK      ; 5.165 ;      ; Fall       ; CLOCK           ;
;  B_BUS[17] ; CLOCK      ; 5.480 ;      ; Fall       ; CLOCK           ;
;  B_BUS[18] ; CLOCK      ; 6.066 ;      ; Fall       ; CLOCK           ;
;  B_BUS[19] ; CLOCK      ; 5.173 ;      ; Fall       ; CLOCK           ;
;  B_BUS[20] ; CLOCK      ; 5.155 ;      ; Fall       ; CLOCK           ;
;  B_BUS[21] ; CLOCK      ; 5.851 ;      ; Fall       ; CLOCK           ;
;  B_BUS[22] ; CLOCK      ; 5.247 ;      ; Fall       ; CLOCK           ;
;  B_BUS[23] ; CLOCK      ; 5.851 ;      ; Fall       ; CLOCK           ;
;  B_BUS[24] ; CLOCK      ; 6.066 ;      ; Fall       ; CLOCK           ;
;  B_BUS[25] ; CLOCK      ; 5.193 ;      ; Fall       ; CLOCK           ;
;  B_BUS[26] ; CLOCK      ; 5.316 ;      ; Fall       ; CLOCK           ;
;  B_BUS[27] ; CLOCK      ; 5.316 ;      ; Fall       ; CLOCK           ;
;  B_BUS[28] ; CLOCK      ; 5.194 ;      ; Fall       ; CLOCK           ;
;  B_BUS[29] ; CLOCK      ; 5.190 ;      ; Fall       ; CLOCK           ;
;  B_BUS[30] ; CLOCK      ; 5.165 ;      ; Fall       ; CLOCK           ;
;  B_BUS[31] ; CLOCK      ; 6.066 ;      ; Fall       ; CLOCK           ;
+------------+------------+-------+------+------------+-----------------+


+--------------------------------------------------------------------------------+
; Output Disable Times                                                           ;
+------------+------------+-----------+-----------+------------+-----------------+
; Data Port  ; Clock Port ; 0 to Hi-Z ; 1 to Hi-Z ; Clock Edge ; Clock Reference ;
+------------+------------+-----------+-----------+------------+-----------------+
; B_BUS[*]   ; CLOCK      ; 5.263     ;           ; Fall       ; CLOCK           ;
;  B_BUS[0]  ; CLOCK      ; 5.578     ;           ; Fall       ; CLOCK           ;
;  B_BUS[1]  ; CLOCK      ; 5.568     ;           ; Fall       ; CLOCK           ;
;  B_BUS[2]  ; CLOCK      ; 5.373     ;           ; Fall       ; CLOCK           ;
;  B_BUS[3]  ; CLOCK      ; 5.373     ;           ; Fall       ; CLOCK           ;
;  B_BUS[4]  ; CLOCK      ; 5.382     ;           ; Fall       ; CLOCK           ;
;  B_BUS[5]  ; CLOCK      ; 5.562     ;           ; Fall       ; CLOCK           ;
;  B_BUS[6]  ; CLOCK      ; 5.298     ;           ; Fall       ; CLOCK           ;
;  B_BUS[7]  ; CLOCK      ; 5.568     ;           ; Fall       ; CLOCK           ;
;  B_BUS[8]  ; CLOCK      ; 5.291     ;           ; Fall       ; CLOCK           ;
;  B_BUS[9]  ; CLOCK      ; 5.301     ;           ; Fall       ; CLOCK           ;
;  B_BUS[10] ; CLOCK      ; 5.293     ;           ; Fall       ; CLOCK           ;
;  B_BUS[11] ; CLOCK      ; 5.288     ;           ; Fall       ; CLOCK           ;
;  B_BUS[12] ; CLOCK      ; 5.424     ;           ; Fall       ; CLOCK           ;
;  B_BUS[13] ; CLOCK      ; 5.444     ;           ; Fall       ; CLOCK           ;
;  B_BUS[14] ; CLOCK      ; 5.395     ;           ; Fall       ; CLOCK           ;
;  B_BUS[15] ; CLOCK      ; 5.382     ;           ; Fall       ; CLOCK           ;
;  B_BUS[16] ; CLOCK      ; 5.273     ;           ; Fall       ; CLOCK           ;
;  B_BUS[17] ; CLOCK      ; 5.588     ;           ; Fall       ; CLOCK           ;
;  B_BUS[18] ; CLOCK      ; 6.174     ;           ; Fall       ; CLOCK           ;
;  B_BUS[19] ; CLOCK      ; 5.281     ;           ; Fall       ; CLOCK           ;
;  B_BUS[20] ; CLOCK      ; 5.263     ;           ; Fall       ; CLOCK           ;
;  B_BUS[21] ; CLOCK      ; 5.959     ;           ; Fall       ; CLOCK           ;
;  B_BUS[22] ; CLOCK      ; 5.355     ;           ; Fall       ; CLOCK           ;
;  B_BUS[23] ; CLOCK      ; 5.959     ;           ; Fall       ; CLOCK           ;
;  B_BUS[24] ; CLOCK      ; 6.174     ;           ; Fall       ; CLOCK           ;
;  B_BUS[25] ; CLOCK      ; 5.301     ;           ; Fall       ; CLOCK           ;
;  B_BUS[26] ; CLOCK      ; 5.424     ;           ; Fall       ; CLOCK           ;
;  B_BUS[27] ; CLOCK      ; 5.424     ;           ; Fall       ; CLOCK           ;
;  B_BUS[28] ; CLOCK      ; 5.302     ;           ; Fall       ; CLOCK           ;
;  B_BUS[29] ; CLOCK      ; 5.298     ;           ; Fall       ; CLOCK           ;
;  B_BUS[30] ; CLOCK      ; 5.273     ;           ; Fall       ; CLOCK           ;
;  B_BUS[31] ; CLOCK      ; 6.174     ;           ; Fall       ; CLOCK           ;
+------------+------------+-----------+-----------+------------+-----------------+


+--------------------------------------------------------------------------------+
; Minimum Output Disable Times                                                   ;
+------------+------------+-----------+-----------+------------+-----------------+
; Data Port  ; Clock Port ; 0 to Hi-Z ; 1 to Hi-Z ; Clock Edge ; Clock Reference ;
+------------+------------+-----------+-----------+------------+-----------------+
; B_BUS[*]   ; CLOCK      ; 5.155     ;           ; Fall       ; CLOCK           ;
;  B_BUS[0]  ; CLOCK      ; 5.470     ;           ; Fall       ; CLOCK           ;
;  B_BUS[1]  ; CLOCK      ; 5.460     ;           ; Fall       ; CLOCK           ;
;  B_BUS[2]  ; CLOCK      ; 5.265     ;           ; Fall       ; CLOCK           ;
;  B_BUS[3]  ; CLOCK      ; 5.265     ;           ; Fall       ; CLOCK           ;
;  B_BUS[4]  ; CLOCK      ; 5.274     ;           ; Fall       ; CLOCK           ;
;  B_BUS[5]  ; CLOCK      ; 5.454     ;           ; Fall       ; CLOCK           ;
;  B_BUS[6]  ; CLOCK      ; 5.190     ;           ; Fall       ; CLOCK           ;
;  B_BUS[7]  ; CLOCK      ; 5.460     ;           ; Fall       ; CLOCK           ;
;  B_BUS[8]  ; CLOCK      ; 5.183     ;           ; Fall       ; CLOCK           ;
;  B_BUS[9]  ; CLOCK      ; 5.193     ;           ; Fall       ; CLOCK           ;
;  B_BUS[10] ; CLOCK      ; 5.185     ;           ; Fall       ; CLOCK           ;
;  B_BUS[11] ; CLOCK      ; 5.180     ;           ; Fall       ; CLOCK           ;
;  B_BUS[12] ; CLOCK      ; 5.316     ;           ; Fall       ; CLOCK           ;
;  B_BUS[13] ; CLOCK      ; 5.336     ;           ; Fall       ; CLOCK           ;
;  B_BUS[14] ; CLOCK      ; 5.287     ;           ; Fall       ; CLOCK           ;
;  B_BUS[15] ; CLOCK      ; 5.274     ;           ; Fall       ; CLOCK           ;
;  B_BUS[16] ; CLOCK      ; 5.165     ;           ; Fall       ; CLOCK           ;
;  B_BUS[17] ; CLOCK      ; 5.480     ;           ; Fall       ; CLOCK           ;
;  B_BUS[18] ; CLOCK      ; 6.066     ;           ; Fall       ; CLOCK           ;
;  B_BUS[19] ; CLOCK      ; 5.173     ;           ; Fall       ; CLOCK           ;
;  B_BUS[20] ; CLOCK      ; 5.155     ;           ; Fall       ; CLOCK           ;
;  B_BUS[21] ; CLOCK      ; 5.851     ;           ; Fall       ; CLOCK           ;
;  B_BUS[22] ; CLOCK      ; 5.247     ;           ; Fall       ; CLOCK           ;
;  B_BUS[23] ; CLOCK      ; 5.851     ;           ; Fall       ; CLOCK           ;
;  B_BUS[24] ; CLOCK      ; 6.066     ;           ; Fall       ; CLOCK           ;
;  B_BUS[25] ; CLOCK      ; 5.193     ;           ; Fall       ; CLOCK           ;
;  B_BUS[26] ; CLOCK      ; 5.316     ;           ; Fall       ; CLOCK           ;
;  B_BUS[27] ; CLOCK      ; 5.316     ;           ; Fall       ; CLOCK           ;
;  B_BUS[28] ; CLOCK      ; 5.194     ;           ; Fall       ; CLOCK           ;
;  B_BUS[29] ; CLOCK      ; 5.190     ;           ; Fall       ; CLOCK           ;
;  B_BUS[30] ; CLOCK      ; 5.165     ;           ; Fall       ; CLOCK           ;
;  B_BUS[31] ; CLOCK      ; 6.066     ;           ; Fall       ; CLOCK           ;
+------------+------------+-----------+-----------+------------+-----------------+


+-----------------------------------------------------------------------------------+
; Multicorner Timing Analysis Summary                                               ;
+------------------+-----------+---------+----------+---------+---------------------+
; Clock            ; Setup     ; Hold    ; Recovery ; Removal ; Minimum Pulse Width ;
+------------------+-----------+---------+----------+---------+---------------------+
; Worst-case Slack ; -21.646   ; -2.349  ; N/A      ; N/A     ; -1.423              ;
;  CLOCK           ; -21.646   ; -2.349  ; N/A      ; N/A     ; -1.423              ;
; Design-wide TNS  ; -4086.032 ; -77.21  ; 0.0      ; 0.0     ; -515.292            ;
;  CLOCK           ; -4086.032 ; -77.210 ; N/A      ; N/A     ; -515.292            ;
+------------------+-----------+---------+----------+---------+---------------------+


+------------------------------------------------------------------------------+
; Setup Times                                                                  ;
+------------------+------------+-------+-------+------------+-----------------+
; Data Port        ; Clock Port ; Rise  ; Fall  ; Clock Edge ; Clock Reference ;
+------------------+------------+-------+-------+------------+-----------------+
; DATA_MEM_IN[*]   ; CLOCK      ; 2.255 ; 2.255 ; Rise       ; CLOCK           ;
;  DATA_MEM_IN[0]  ; CLOCK      ; 1.198 ; 1.198 ; Rise       ; CLOCK           ;
;  DATA_MEM_IN[1]  ; CLOCK      ; 0.933 ; 0.933 ; Rise       ; CLOCK           ;
;  DATA_MEM_IN[2]  ; CLOCK      ; 1.194 ; 1.194 ; Rise       ; CLOCK           ;
;  DATA_MEM_IN[3]  ; CLOCK      ; 1.072 ; 1.072 ; Rise       ; CLOCK           ;
;  DATA_MEM_IN[4]  ; CLOCK      ; 1.207 ; 1.207 ; Rise       ; CLOCK           ;
;  DATA_MEM_IN[5]  ; CLOCK      ; 1.408 ; 1.408 ; Rise       ; CLOCK           ;
;  DATA_MEM_IN[6]  ; CLOCK      ; 2.255 ; 2.255 ; Rise       ; CLOCK           ;
;  DATA_MEM_IN[7]  ; CLOCK      ; 1.598 ; 1.598 ; Rise       ; CLOCK           ;
;  DATA_MEM_IN[8]  ; CLOCK      ; 0.759 ; 0.759 ; Rise       ; CLOCK           ;
;  DATA_MEM_IN[9]  ; CLOCK      ; 1.130 ; 1.130 ; Rise       ; CLOCK           ;
;  DATA_MEM_IN[10] ; CLOCK      ; 1.197 ; 1.197 ; Rise       ; CLOCK           ;
;  DATA_MEM_IN[11] ; CLOCK      ; 0.674 ; 0.674 ; Rise       ; CLOCK           ;
;  DATA_MEM_IN[12] ; CLOCK      ; 1.318 ; 1.318 ; Rise       ; CLOCK           ;
;  DATA_MEM_IN[13] ; CLOCK      ; 1.178 ; 1.178 ; Rise       ; CLOCK           ;
;  DATA_MEM_IN[14] ; CLOCK      ; 1.713 ; 1.713 ; Rise       ; CLOCK           ;
;  DATA_MEM_IN[15] ; CLOCK      ; 0.958 ; 0.958 ; Rise       ; CLOCK           ;
;  DATA_MEM_IN[16] ; CLOCK      ; 1.411 ; 1.411 ; Rise       ; CLOCK           ;
;  DATA_MEM_IN[17] ; CLOCK      ; 1.154 ; 1.154 ; Rise       ; CLOCK           ;
;  DATA_MEM_IN[18] ; CLOCK      ; 1.576 ; 1.576 ; Rise       ; CLOCK           ;
;  DATA_MEM_IN[19] ; CLOCK      ; 1.705 ; 1.705 ; Rise       ; CLOCK           ;
;  DATA_MEM_IN[20] ; CLOCK      ; 1.657 ; 1.657 ; Rise       ; CLOCK           ;
;  DATA_MEM_IN[21] ; CLOCK      ; 1.817 ; 1.817 ; Rise       ; CLOCK           ;
;  DATA_MEM_IN[22] ; CLOCK      ; 1.167 ; 1.167 ; Rise       ; CLOCK           ;
;  DATA_MEM_IN[23] ; CLOCK      ; 1.279 ; 1.279 ; Rise       ; CLOCK           ;
;  DATA_MEM_IN[24] ; CLOCK      ; 1.557 ; 1.557 ; Rise       ; CLOCK           ;
;  DATA_MEM_IN[25] ; CLOCK      ; 1.457 ; 1.457 ; Rise       ; CLOCK           ;
;  DATA_MEM_IN[26] ; CLOCK      ; 1.788 ; 1.788 ; Rise       ; CLOCK           ;
;  DATA_MEM_IN[27] ; CLOCK      ; 1.544 ; 1.544 ; Rise       ; CLOCK           ;
;  DATA_MEM_IN[28] ; CLOCK      ; 1.225 ; 1.225 ; Rise       ; CLOCK           ;
;  DATA_MEM_IN[29] ; CLOCK      ; 1.304 ; 1.304 ; Rise       ; CLOCK           ;
;  DATA_MEM_IN[30] ; CLOCK      ; 1.211 ; 1.211 ; Rise       ; CLOCK           ;
;  DATA_MEM_IN[31] ; CLOCK      ; 1.239 ; 1.239 ; Rise       ; CLOCK           ;
; PROG_MEM_IN[*]   ; CLOCK      ; 3.773 ; 3.773 ; Rise       ; CLOCK           ;
;  PROG_MEM_IN[0]  ; CLOCK      ; 3.335 ; 3.335 ; Rise       ; CLOCK           ;
;  PROG_MEM_IN[1]  ; CLOCK      ; 3.330 ; 3.330 ; Rise       ; CLOCK           ;
;  PROG_MEM_IN[2]  ; CLOCK      ; 2.792 ; 2.792 ; Rise       ; CLOCK           ;
;  PROG_MEM_IN[3]  ; CLOCK      ; 3.773 ; 3.773 ; Rise       ; CLOCK           ;
;  PROG_MEM_IN[4]  ; CLOCK      ; 3.481 ; 3.481 ; Rise       ; CLOCK           ;
;  PROG_MEM_IN[5]  ; CLOCK      ; 3.539 ; 3.539 ; Rise       ; CLOCK           ;
;  PROG_MEM_IN[6]  ; CLOCK      ; 3.626 ; 3.626 ; Rise       ; CLOCK           ;
;  PROG_MEM_IN[7]  ; CLOCK      ; 3.649 ; 3.649 ; Rise       ; CLOCK           ;
+------------------+------------+-------+-------+------------+-----------------+


+--------------------------------------------------------------------------------+
; Hold Times                                                                     ;
+------------------+------------+--------+--------+------------+-----------------+
; Data Port        ; Clock Port ; Rise   ; Fall   ; Clock Edge ; Clock Reference ;
+------------------+------------+--------+--------+------------+-----------------+
; DATA_MEM_IN[*]   ; CLOCK      ; -0.407 ; -0.407 ; Rise       ; CLOCK           ;
;  DATA_MEM_IN[0]  ; CLOCK      ; -0.610 ; -0.610 ; Rise       ; CLOCK           ;
;  DATA_MEM_IN[1]  ; CLOCK      ; -0.492 ; -0.492 ; Rise       ; CLOCK           ;
;  DATA_MEM_IN[2]  ; CLOCK      ; -0.648 ; -0.648 ; Rise       ; CLOCK           ;
;  DATA_MEM_IN[3]  ; CLOCK      ; -0.620 ; -0.620 ; Rise       ; CLOCK           ;
;  DATA_MEM_IN[4]  ; CLOCK      ; -0.639 ; -0.639 ; Rise       ; CLOCK           ;
;  DATA_MEM_IN[5]  ; CLOCK      ; -0.769 ; -0.769 ; Rise       ; CLOCK           ;
;  DATA_MEM_IN[6]  ; CLOCK      ; -1.146 ; -1.146 ; Rise       ; CLOCK           ;
;  DATA_MEM_IN[7]  ; CLOCK      ; -0.838 ; -0.838 ; Rise       ; CLOCK           ;
;  DATA_MEM_IN[8]  ; CLOCK      ; -0.418 ; -0.418 ; Rise       ; CLOCK           ;
;  DATA_MEM_IN[9]  ; CLOCK      ; -0.598 ; -0.598 ; Rise       ; CLOCK           ;
;  DATA_MEM_IN[10] ; CLOCK      ; -0.664 ; -0.664 ; Rise       ; CLOCK           ;
;  DATA_MEM_IN[11] ; CLOCK      ; -0.407 ; -0.407 ; Rise       ; CLOCK           ;
;  DATA_MEM_IN[12] ; CLOCK      ; -0.715 ; -0.715 ; Rise       ; CLOCK           ;
;  DATA_MEM_IN[13] ; CLOCK      ; -0.626 ; -0.626 ; Rise       ; CLOCK           ;
;  DATA_MEM_IN[14] ; CLOCK      ; -0.909 ; -0.909 ; Rise       ; CLOCK           ;
;  DATA_MEM_IN[15] ; CLOCK      ; -0.523 ; -0.523 ; Rise       ; CLOCK           ;
;  DATA_MEM_IN[16] ; CLOCK      ; -0.811 ; -0.811 ; Rise       ; CLOCK           ;
;  DATA_MEM_IN[17] ; CLOCK      ; -0.610 ; -0.610 ; Rise       ; CLOCK           ;
;  DATA_MEM_IN[18] ; CLOCK      ; -0.848 ; -0.848 ; Rise       ; CLOCK           ;
;  DATA_MEM_IN[19] ; CLOCK      ; -0.893 ; -0.893 ; Rise       ; CLOCK           ;
;  DATA_MEM_IN[20] ; CLOCK      ; -0.859 ; -0.859 ; Rise       ; CLOCK           ;
;  DATA_MEM_IN[21] ; CLOCK      ; -0.965 ; -0.965 ; Rise       ; CLOCK           ;
;  DATA_MEM_IN[22] ; CLOCK      ; -0.634 ; -0.634 ; Rise       ; CLOCK           ;
;  DATA_MEM_IN[23] ; CLOCK      ; -0.681 ; -0.681 ; Rise       ; CLOCK           ;
;  DATA_MEM_IN[24] ; CLOCK      ; -0.855 ; -0.855 ; Rise       ; CLOCK           ;
;  DATA_MEM_IN[25] ; CLOCK      ; -0.790 ; -0.790 ; Rise       ; CLOCK           ;
;  DATA_MEM_IN[26] ; CLOCK      ; -0.950 ; -0.950 ; Rise       ; CLOCK           ;
;  DATA_MEM_IN[27] ; CLOCK      ; -0.818 ; -0.818 ; Rise       ; CLOCK           ;
;  DATA_MEM_IN[28] ; CLOCK      ; -0.672 ; -0.672 ; Rise       ; CLOCK           ;
;  DATA_MEM_IN[29] ; CLOCK      ; -0.696 ; -0.696 ; Rise       ; CLOCK           ;
;  DATA_MEM_IN[30] ; CLOCK      ; -0.692 ; -0.692 ; Rise       ; CLOCK           ;
;  DATA_MEM_IN[31] ; CLOCK      ; -0.690 ; -0.690 ; Rise       ; CLOCK           ;
; PROG_MEM_IN[*]   ; CLOCK      ; -0.644 ; -0.644 ; Rise       ; CLOCK           ;
;  PROG_MEM_IN[0]  ; CLOCK      ; -0.910 ; -0.910 ; Rise       ; CLOCK           ;
;  PROG_MEM_IN[1]  ; CLOCK      ; -0.644 ; -0.644 ; Rise       ; CLOCK           ;
;  PROG_MEM_IN[2]  ; CLOCK      ; -0.786 ; -0.786 ; Rise       ; CLOCK           ;
;  PROG_MEM_IN[3]  ; CLOCK      ; -0.808 ; -0.808 ; Rise       ; CLOCK           ;
;  PROG_MEM_IN[4]  ; CLOCK      ; -0.704 ; -0.704 ; Rise       ; CLOCK           ;
;  PROG_MEM_IN[5]  ; CLOCK      ; -0.791 ; -0.791 ; Rise       ; CLOCK           ;
;  PROG_MEM_IN[6]  ; CLOCK      ; -0.808 ; -0.808 ; Rise       ; CLOCK           ;
;  PROG_MEM_IN[7]  ; CLOCK      ; -0.881 ; -0.881 ; Rise       ; CLOCK           ;
+------------------+------------+--------+--------+------------+-----------------+


+-------------------------------------------------------------------------------------+
; Clock to Output Times                                                               ;
+-----------------------+------------+--------+--------+------------+-----------------+
; Data Port             ; Clock Port ; Rise   ; Fall   ; Clock Edge ; Clock Reference ;
+-----------------------+------------+--------+--------+------------+-----------------+
; A_BUS[*]              ; CLOCK      ; 29.203 ; 29.203 ; Rise       ; CLOCK           ;
;  A_BUS[0]             ; CLOCK      ; 18.227 ; 18.227 ; Rise       ; CLOCK           ;
;  A_BUS[1]             ; CLOCK      ; 17.340 ; 17.340 ; Rise       ; CLOCK           ;
;  A_BUS[2]             ; CLOCK      ; 18.881 ; 18.881 ; Rise       ; CLOCK           ;
;  A_BUS[3]             ; CLOCK      ; 18.047 ; 18.047 ; Rise       ; CLOCK           ;
;  A_BUS[4]             ; CLOCK      ; 20.212 ; 20.212 ; Rise       ; CLOCK           ;
;  A_BUS[5]             ; CLOCK      ; 20.421 ; 20.421 ; Rise       ; CLOCK           ;
;  A_BUS[6]             ; CLOCK      ; 20.289 ; 20.289 ; Rise       ; CLOCK           ;
;  A_BUS[7]             ; CLOCK      ; 19.709 ; 19.709 ; Rise       ; CLOCK           ;
;  A_BUS[8]             ; CLOCK      ; 20.396 ; 20.396 ; Rise       ; CLOCK           ;
;  A_BUS[9]             ; CLOCK      ; 20.645 ; 20.645 ; Rise       ; CLOCK           ;
;  A_BUS[10]            ; CLOCK      ; 22.313 ; 22.313 ; Rise       ; CLOCK           ;
;  A_BUS[11]            ; CLOCK      ; 22.343 ; 22.343 ; Rise       ; CLOCK           ;
;  A_BUS[12]            ; CLOCK      ; 22.975 ; 22.975 ; Rise       ; CLOCK           ;
;  A_BUS[13]            ; CLOCK      ; 22.887 ; 22.887 ; Rise       ; CLOCK           ;
;  A_BUS[14]            ; CLOCK      ; 22.828 ; 22.828 ; Rise       ; CLOCK           ;
;  A_BUS[15]            ; CLOCK      ; 23.820 ; 23.820 ; Rise       ; CLOCK           ;
;  A_BUS[16]            ; CLOCK      ; 24.616 ; 24.616 ; Rise       ; CLOCK           ;
;  A_BUS[17]            ; CLOCK      ; 24.602 ; 24.602 ; Rise       ; CLOCK           ;
;  A_BUS[18]            ; CLOCK      ; 24.906 ; 24.906 ; Rise       ; CLOCK           ;
;  A_BUS[19]            ; CLOCK      ; 26.791 ; 26.791 ; Rise       ; CLOCK           ;
;  A_BUS[20]            ; CLOCK      ; 25.121 ; 25.121 ; Rise       ; CLOCK           ;
;  A_BUS[21]            ; CLOCK      ; 24.815 ; 24.815 ; Rise       ; CLOCK           ;
;  A_BUS[22]            ; CLOCK      ; 26.208 ; 26.208 ; Rise       ; CLOCK           ;
;  A_BUS[23]            ; CLOCK      ; 26.707 ; 26.707 ; Rise       ; CLOCK           ;
;  A_BUS[24]            ; CLOCK      ; 26.952 ; 26.952 ; Rise       ; CLOCK           ;
;  A_BUS[25]            ; CLOCK      ; 26.876 ; 26.876 ; Rise       ; CLOCK           ;
;  A_BUS[26]            ; CLOCK      ; 27.844 ; 27.844 ; Rise       ; CLOCK           ;
;  A_BUS[27]            ; CLOCK      ; 27.930 ; 27.930 ; Rise       ; CLOCK           ;
;  A_BUS[28]            ; CLOCK      ; 28.380 ; 28.380 ; Rise       ; CLOCK           ;
;  A_BUS[29]            ; CLOCK      ; 28.872 ; 28.872 ; Rise       ; CLOCK           ;
;  A_BUS[30]            ; CLOCK      ; 29.172 ; 29.172 ; Rise       ; CLOCK           ;
;  A_BUS[31]            ; CLOCK      ; 29.203 ; 29.203 ; Rise       ; CLOCK           ;
; B_BUS[*]              ; CLOCK      ; 16.222 ; 16.222 ; Rise       ; CLOCK           ;
;  B_BUS[0]             ; CLOCK      ; 15.288 ; 15.288 ; Rise       ; CLOCK           ;
;  B_BUS[1]             ; CLOCK      ; 15.591 ; 15.591 ; Rise       ; CLOCK           ;
;  B_BUS[2]             ; CLOCK      ; 15.306 ; 15.306 ; Rise       ; CLOCK           ;
;  B_BUS[3]             ; CLOCK      ; 14.761 ; 14.761 ; Rise       ; CLOCK           ;
;  B_BUS[4]             ; CLOCK      ; 15.669 ; 15.669 ; Rise       ; CLOCK           ;
;  B_BUS[5]             ; CLOCK      ; 14.638 ; 14.638 ; Rise       ; CLOCK           ;
;  B_BUS[6]             ; CLOCK      ; 14.949 ; 14.949 ; Rise       ; CLOCK           ;
;  B_BUS[7]             ; CLOCK      ; 13.757 ; 13.757 ; Rise       ; CLOCK           ;
;  B_BUS[8]             ; CLOCK      ; 13.683 ; 13.683 ; Rise       ; CLOCK           ;
;  B_BUS[9]             ; CLOCK      ; 14.949 ; 14.949 ; Rise       ; CLOCK           ;
;  B_BUS[10]            ; CLOCK      ; 14.501 ; 14.501 ; Rise       ; CLOCK           ;
;  B_BUS[11]            ; CLOCK      ; 14.199 ; 14.199 ; Rise       ; CLOCK           ;
;  B_BUS[12]            ; CLOCK      ; 13.960 ; 13.960 ; Rise       ; CLOCK           ;
;  B_BUS[13]            ; CLOCK      ; 15.167 ; 15.167 ; Rise       ; CLOCK           ;
;  B_BUS[14]            ; CLOCK      ; 14.537 ; 14.537 ; Rise       ; CLOCK           ;
;  B_BUS[15]            ; CLOCK      ; 14.893 ; 14.893 ; Rise       ; CLOCK           ;
;  B_BUS[16]            ; CLOCK      ; 15.865 ; 15.865 ; Rise       ; CLOCK           ;
;  B_BUS[17]            ; CLOCK      ; 14.345 ; 14.345 ; Rise       ; CLOCK           ;
;  B_BUS[18]            ; CLOCK      ; 13.876 ; 13.876 ; Rise       ; CLOCK           ;
;  B_BUS[19]            ; CLOCK      ; 15.079 ; 15.079 ; Rise       ; CLOCK           ;
;  B_BUS[20]            ; CLOCK      ; 14.541 ; 14.541 ; Rise       ; CLOCK           ;
;  B_BUS[21]            ; CLOCK      ; 14.720 ; 14.720 ; Rise       ; CLOCK           ;
;  B_BUS[22]            ; CLOCK      ; 14.827 ; 14.827 ; Rise       ; CLOCK           ;
;  B_BUS[23]            ; CLOCK      ; 14.503 ; 14.503 ; Rise       ; CLOCK           ;
;  B_BUS[24]            ; CLOCK      ; 14.326 ; 14.326 ; Rise       ; CLOCK           ;
;  B_BUS[25]            ; CLOCK      ; 14.554 ; 14.554 ; Rise       ; CLOCK           ;
;  B_BUS[26]            ; CLOCK      ; 14.483 ; 14.483 ; Rise       ; CLOCK           ;
;  B_BUS[27]            ; CLOCK      ; 14.459 ; 14.459 ; Rise       ; CLOCK           ;
;  B_BUS[28]            ; CLOCK      ; 15.525 ; 15.525 ; Rise       ; CLOCK           ;
;  B_BUS[29]            ; CLOCK      ; 14.791 ; 14.791 ; Rise       ; CLOCK           ;
;  B_BUS[30]            ; CLOCK      ; 16.222 ; 16.222 ; Rise       ; CLOCK           ;
;  B_BUS[31]            ; CLOCK      ; 13.582 ; 13.582 ; Rise       ; CLOCK           ;
; C_BUS[*]              ; CLOCK      ; 12.733 ; 12.733 ; Rise       ; CLOCK           ;
;  C_BUS[0]             ; CLOCK      ; 12.733 ; 12.733 ; Rise       ; CLOCK           ;
;  C_BUS[1]             ; CLOCK      ; 11.738 ; 11.738 ; Rise       ; CLOCK           ;
;  C_BUS[2]             ; CLOCK      ; 11.813 ; 11.813 ; Rise       ; CLOCK           ;
;  C_BUS[3]             ; CLOCK      ; 12.264 ; 12.264 ; Rise       ; CLOCK           ;
;  C_BUS[4]             ; CLOCK      ; 10.989 ; 10.989 ; Rise       ; CLOCK           ;
;  C_BUS[5]             ; CLOCK      ; 11.848 ; 11.848 ; Rise       ; CLOCK           ;
;  C_BUS[6]             ; CLOCK      ; 11.268 ; 11.268 ; Rise       ; CLOCK           ;
;  C_BUS[7]             ; CLOCK      ; 11.720 ; 11.720 ; Rise       ; CLOCK           ;
;  C_BUS[8]             ; CLOCK      ; 11.500 ; 11.500 ; Rise       ; CLOCK           ;
;  C_BUS[9]             ; CLOCK      ; 12.395 ; 12.395 ; Rise       ; CLOCK           ;
;  C_BUS[10]            ; CLOCK      ; 11.268 ; 11.268 ; Rise       ; CLOCK           ;
;  C_BUS[11]            ; CLOCK      ; 11.486 ; 11.486 ; Rise       ; CLOCK           ;
;  C_BUS[12]            ; CLOCK      ; 12.166 ; 12.166 ; Rise       ; CLOCK           ;
;  C_BUS[13]            ; CLOCK      ; 11.281 ; 11.281 ; Rise       ; CLOCK           ;
;  C_BUS[14]            ; CLOCK      ; 12.432 ; 12.432 ; Rise       ; CLOCK           ;
;  C_BUS[15]            ; CLOCK      ; 11.536 ; 11.536 ; Rise       ; CLOCK           ;
;  C_BUS[16]            ; CLOCK      ; 11.748 ; 11.748 ; Rise       ; CLOCK           ;
;  C_BUS[17]            ; CLOCK      ; 12.114 ; 12.114 ; Rise       ; CLOCK           ;
;  C_BUS[18]            ; CLOCK      ; 11.682 ; 11.682 ; Rise       ; CLOCK           ;
;  C_BUS[19]            ; CLOCK      ; 11.121 ; 11.121 ; Rise       ; CLOCK           ;
;  C_BUS[20]            ; CLOCK      ; 11.541 ; 11.541 ; Rise       ; CLOCK           ;
;  C_BUS[21]            ; CLOCK      ; 11.719 ; 11.719 ; Rise       ; CLOCK           ;
;  C_BUS[22]            ; CLOCK      ; 11.231 ; 11.231 ; Rise       ; CLOCK           ;
;  C_BUS[23]            ; CLOCK      ; 11.782 ; 11.782 ; Rise       ; CLOCK           ;
;  C_BUS[24]            ; CLOCK      ; 11.623 ; 11.623 ; Rise       ; CLOCK           ;
;  C_BUS[25]            ; CLOCK      ; 11.132 ; 11.132 ; Rise       ; CLOCK           ;
;  C_BUS[26]            ; CLOCK      ; 11.636 ; 11.636 ; Rise       ; CLOCK           ;
;  C_BUS[27]            ; CLOCK      ; 10.681 ; 10.681 ; Rise       ; CLOCK           ;
;  C_BUS[28]            ; CLOCK      ; 11.002 ; 11.002 ; Rise       ; CLOCK           ;
;  C_BUS[29]            ; CLOCK      ; 12.505 ; 12.505 ; Rise       ; CLOCK           ;
;  C_BUS[30]            ; CLOCK      ; 12.417 ; 12.417 ; Rise       ; CLOCK           ;
;  C_BUS[31]            ; CLOCK      ; 11.023 ; 11.023 ; Rise       ; CLOCK           ;
; DATA_MEM_write_enable ; CLOCK      ; 7.396  ; 7.396  ; Rise       ; CLOCK           ;
; DATA_MEN_ADDR[*]      ; CLOCK      ; 13.340 ; 13.340 ; Rise       ; CLOCK           ;
;  DATA_MEN_ADDR[0]     ; CLOCK      ; 10.539 ; 10.539 ; Rise       ; CLOCK           ;
;  DATA_MEN_ADDR[1]     ; CLOCK      ; 12.413 ; 12.413 ; Rise       ; CLOCK           ;
;  DATA_MEN_ADDR[2]     ; CLOCK      ; 10.863 ; 10.863 ; Rise       ; CLOCK           ;
;  DATA_MEN_ADDR[3]     ; CLOCK      ; 12.599 ; 12.599 ; Rise       ; CLOCK           ;
;  DATA_MEN_ADDR[4]     ; CLOCK      ; 10.885 ; 10.885 ; Rise       ; CLOCK           ;
;  DATA_MEN_ADDR[5]     ; CLOCK      ; 11.080 ; 11.080 ; Rise       ; CLOCK           ;
;  DATA_MEN_ADDR[6]     ; CLOCK      ; 10.865 ; 10.865 ; Rise       ; CLOCK           ;
;  DATA_MEN_ADDR[7]     ; CLOCK      ; 12.598 ; 12.598 ; Rise       ; CLOCK           ;
;  DATA_MEN_ADDR[8]     ; CLOCK      ; 11.217 ; 11.217 ; Rise       ; CLOCK           ;
;  DATA_MEN_ADDR[9]     ; CLOCK      ; 12.627 ; 12.627 ; Rise       ; CLOCK           ;
;  DATA_MEN_ADDR[10]    ; CLOCK      ; 11.039 ; 11.039 ; Rise       ; CLOCK           ;
;  DATA_MEN_ADDR[11]    ; CLOCK      ; 10.921 ; 10.921 ; Rise       ; CLOCK           ;
;  DATA_MEN_ADDR[12]    ; CLOCK      ; 10.891 ; 10.891 ; Rise       ; CLOCK           ;
;  DATA_MEN_ADDR[13]    ; CLOCK      ; 11.975 ; 11.975 ; Rise       ; CLOCK           ;
;  DATA_MEN_ADDR[14]    ; CLOCK      ; 12.176 ; 12.176 ; Rise       ; CLOCK           ;
;  DATA_MEN_ADDR[15]    ; CLOCK      ; 11.902 ; 11.902 ; Rise       ; CLOCK           ;
;  DATA_MEN_ADDR[16]    ; CLOCK      ; 10.854 ; 10.854 ; Rise       ; CLOCK           ;
;  DATA_MEN_ADDR[17]    ; CLOCK      ; 10.589 ; 10.589 ; Rise       ; CLOCK           ;
;  DATA_MEN_ADDR[18]    ; CLOCK      ; 10.955 ; 10.955 ; Rise       ; CLOCK           ;
;  DATA_MEN_ADDR[19]    ; CLOCK      ; 10.866 ; 10.866 ; Rise       ; CLOCK           ;
;  DATA_MEN_ADDR[20]    ; CLOCK      ; 13.147 ; 13.147 ; Rise       ; CLOCK           ;
;  DATA_MEN_ADDR[21]    ; CLOCK      ; 12.638 ; 12.638 ; Rise       ; CLOCK           ;
;  DATA_MEN_ADDR[22]    ; CLOCK      ; 11.965 ; 11.965 ; Rise       ; CLOCK           ;
;  DATA_MEN_ADDR[23]    ; CLOCK      ; 12.246 ; 12.246 ; Rise       ; CLOCK           ;
;  DATA_MEN_ADDR[24]    ; CLOCK      ; 13.340 ; 13.340 ; Rise       ; CLOCK           ;
;  DATA_MEN_ADDR[25]    ; CLOCK      ; 11.723 ; 11.723 ; Rise       ; CLOCK           ;
;  DATA_MEN_ADDR[26]    ; CLOCK      ; 12.374 ; 12.374 ; Rise       ; CLOCK           ;
;  DATA_MEN_ADDR[27]    ; CLOCK      ; 13.109 ; 13.109 ; Rise       ; CLOCK           ;
;  DATA_MEN_ADDR[28]    ; CLOCK      ; 11.913 ; 11.913 ; Rise       ; CLOCK           ;
;  DATA_MEN_ADDR[29]    ; CLOCK      ; 12.129 ; 12.129 ; Rise       ; CLOCK           ;
;  DATA_MEN_ADDR[30]    ; CLOCK      ; 12.363 ; 12.363 ; Rise       ; CLOCK           ;
;  DATA_MEN_ADDR[31]    ; CLOCK      ; 13.159 ; 13.159 ; Rise       ; CLOCK           ;
; DATA_MEN_OUT[*]       ; CLOCK      ; 12.306 ; 12.306 ; Rise       ; CLOCK           ;
;  DATA_MEN_OUT[0]      ; CLOCK      ; 11.020 ; 11.020 ; Rise       ; CLOCK           ;
;  DATA_MEN_OUT[1]      ; CLOCK      ; 10.267 ; 10.267 ; Rise       ; CLOCK           ;
;  DATA_MEN_OUT[2]      ; CLOCK      ; 12.306 ; 12.306 ; Rise       ; CLOCK           ;
;  DATA_MEN_OUT[3]      ; CLOCK      ; 10.732 ; 10.732 ; Rise       ; CLOCK           ;
;  DATA_MEN_OUT[4]      ; CLOCK      ; 10.487 ; 10.487 ; Rise       ; CLOCK           ;
;  DATA_MEN_OUT[5]      ; CLOCK      ; 10.798 ; 10.798 ; Rise       ; CLOCK           ;
;  DATA_MEN_OUT[6]      ; CLOCK      ; 10.884 ; 10.884 ; Rise       ; CLOCK           ;
;  DATA_MEN_OUT[7]      ; CLOCK      ; 10.762 ; 10.762 ; Rise       ; CLOCK           ;
;  DATA_MEN_OUT[8]      ; CLOCK      ; 10.799 ; 10.799 ; Rise       ; CLOCK           ;
;  DATA_MEN_OUT[9]      ; CLOCK      ; 11.865 ; 11.865 ; Rise       ; CLOCK           ;
;  DATA_MEN_OUT[10]     ; CLOCK      ; 10.324 ; 10.324 ; Rise       ; CLOCK           ;
;  DATA_MEN_OUT[11]     ; CLOCK      ; 11.374 ; 11.374 ; Rise       ; CLOCK           ;
;  DATA_MEN_OUT[12]     ; CLOCK      ; 10.656 ; 10.656 ; Rise       ; CLOCK           ;
;  DATA_MEN_OUT[13]     ; CLOCK      ; 10.190 ; 10.190 ; Rise       ; CLOCK           ;
;  DATA_MEN_OUT[14]     ; CLOCK      ; 11.183 ; 11.183 ; Rise       ; CLOCK           ;
;  DATA_MEN_OUT[15]     ; CLOCK      ; 10.989 ; 10.989 ; Rise       ; CLOCK           ;
;  DATA_MEN_OUT[16]     ; CLOCK      ; 11.141 ; 11.141 ; Rise       ; CLOCK           ;
;  DATA_MEN_OUT[17]     ; CLOCK      ; 11.161 ; 11.161 ; Rise       ; CLOCK           ;
;  DATA_MEN_OUT[18]     ; CLOCK      ; 11.330 ; 11.330 ; Rise       ; CLOCK           ;
;  DATA_MEN_OUT[19]     ; CLOCK      ; 11.980 ; 11.980 ; Rise       ; CLOCK           ;
;  DATA_MEN_OUT[20]     ; CLOCK      ; 11.611 ; 11.611 ; Rise       ; CLOCK           ;
;  DATA_MEN_OUT[21]     ; CLOCK      ; 10.756 ; 10.756 ; Rise       ; CLOCK           ;
;  DATA_MEN_OUT[22]     ; CLOCK      ; 10.529 ; 10.529 ; Rise       ; CLOCK           ;
;  DATA_MEN_OUT[23]     ; CLOCK      ; 10.716 ; 10.716 ; Rise       ; CLOCK           ;
;  DATA_MEN_OUT[24]     ; CLOCK      ; 10.738 ; 10.738 ; Rise       ; CLOCK           ;
;  DATA_MEN_OUT[25]     ; CLOCK      ; 10.551 ; 10.551 ; Rise       ; CLOCK           ;
;  DATA_MEN_OUT[26]     ; CLOCK      ; 10.750 ; 10.750 ; Rise       ; CLOCK           ;
;  DATA_MEN_OUT[27]     ; CLOCK      ; 10.173 ; 10.173 ; Rise       ; CLOCK           ;
;  DATA_MEN_OUT[28]     ; CLOCK      ; 10.265 ; 10.265 ; Rise       ; CLOCK           ;
;  DATA_MEN_OUT[29]     ; CLOCK      ; 10.665 ; 10.665 ; Rise       ; CLOCK           ;
;  DATA_MEN_OUT[30]     ; CLOCK      ; 11.319 ; 11.319 ; Rise       ; CLOCK           ;
;  DATA_MEN_OUT[31]     ; CLOCK      ; 10.686 ; 10.686 ; Rise       ; CLOCK           ;
; MBR_OUT[*]            ; CLOCK      ; 12.214 ; 12.214 ; Rise       ; CLOCK           ;
;  MBR_OUT[0]           ; CLOCK      ; 11.744 ; 11.744 ; Rise       ; CLOCK           ;
;  MBR_OUT[1]           ; CLOCK      ; 11.329 ; 11.329 ; Rise       ; CLOCK           ;
;  MBR_OUT[2]           ; CLOCK      ; 11.317 ; 11.317 ; Rise       ; CLOCK           ;
;  MBR_OUT[3]           ; CLOCK      ; 10.977 ; 10.977 ; Rise       ; CLOCK           ;
;  MBR_OUT[4]           ; CLOCK      ; 11.326 ; 11.326 ; Rise       ; CLOCK           ;
;  MBR_OUT[5]           ; CLOCK      ; 12.214 ; 12.214 ; Rise       ; CLOCK           ;
;  MBR_OUT[6]           ; CLOCK      ; 11.472 ; 11.472 ; Rise       ; CLOCK           ;
;  MBR_OUT[7]           ; CLOCK      ; 11.382 ; 11.382 ; Rise       ; CLOCK           ;
; MPC[*]                ; CLOCK      ; 13.027 ; 13.027 ; Rise       ; CLOCK           ;
;  MPC[0]               ; CLOCK      ; 12.359 ; 12.359 ; Rise       ; CLOCK           ;
;  MPC[1]               ; CLOCK      ; 12.198 ; 12.198 ; Rise       ; CLOCK           ;
;  MPC[2]               ; CLOCK      ; 13.027 ; 13.027 ; Rise       ; CLOCK           ;
;  MPC[3]               ; CLOCK      ; 12.152 ; 12.152 ; Rise       ; CLOCK           ;
;  MPC[4]               ; CLOCK      ; 11.703 ; 11.703 ; Rise       ; CLOCK           ;
;  MPC[5]               ; CLOCK      ; 12.317 ; 12.317 ; Rise       ; CLOCK           ;
;  MPC[6]               ; CLOCK      ; 11.827 ; 11.827 ; Rise       ; CLOCK           ;
;  MPC[7]               ; CLOCK      ; 11.719 ; 11.719 ; Rise       ; CLOCK           ;
;  MPC[8]               ; CLOCK      ; 10.447 ; 10.447 ; Rise       ; CLOCK           ;
; PC[*]                 ; CLOCK      ; 12.333 ; 12.333 ; Rise       ; CLOCK           ;
;  PC[0]                ; CLOCK      ; 11.211 ; 11.211 ; Rise       ; CLOCK           ;
;  PC[1]                ; CLOCK      ; 11.814 ; 11.814 ; Rise       ; CLOCK           ;
;  PC[2]                ; CLOCK      ; 12.018 ; 12.018 ; Rise       ; CLOCK           ;
;  PC[3]                ; CLOCK      ; 11.232 ; 11.232 ; Rise       ; CLOCK           ;
;  PC[4]                ; CLOCK      ; 11.517 ; 11.517 ; Rise       ; CLOCK           ;
;  PC[5]                ; CLOCK      ; 11.844 ; 11.844 ; Rise       ; CLOCK           ;
;  PC[6]                ; CLOCK      ; 11.684 ; 11.684 ; Rise       ; CLOCK           ;
;  PC[7]                ; CLOCK      ; 12.155 ; 12.155 ; Rise       ; CLOCK           ;
;  PC[8]                ; CLOCK      ; 12.109 ; 12.109 ; Rise       ; CLOCK           ;
;  PC[9]                ; CLOCK      ; 11.513 ; 11.513 ; Rise       ; CLOCK           ;
;  PC[10]               ; CLOCK      ; 11.011 ; 11.011 ; Rise       ; CLOCK           ;
;  PC[11]               ; CLOCK      ; 11.105 ; 11.105 ; Rise       ; CLOCK           ;
;  PC[12]               ; CLOCK      ; 12.322 ; 12.322 ; Rise       ; CLOCK           ;
;  PC[13]               ; CLOCK      ; 11.706 ; 11.706 ; Rise       ; CLOCK           ;
;  PC[14]               ; CLOCK      ; 11.880 ; 11.880 ; Rise       ; CLOCK           ;
;  PC[15]               ; CLOCK      ; 10.980 ; 10.980 ; Rise       ; CLOCK           ;
;  PC[16]               ; CLOCK      ; 11.680 ; 11.680 ; Rise       ; CLOCK           ;
;  PC[17]               ; CLOCK      ; 12.298 ; 12.298 ; Rise       ; CLOCK           ;
;  PC[18]               ; CLOCK      ; 11.926 ; 11.926 ; Rise       ; CLOCK           ;
;  PC[19]               ; CLOCK      ; 11.679 ; 11.679 ; Rise       ; CLOCK           ;
;  PC[20]               ; CLOCK      ; 11.680 ; 11.680 ; Rise       ; CLOCK           ;
;  PC[21]               ; CLOCK      ; 11.921 ; 11.921 ; Rise       ; CLOCK           ;
;  PC[22]               ; CLOCK      ; 11.862 ; 11.862 ; Rise       ; CLOCK           ;
;  PC[23]               ; CLOCK      ; 11.440 ; 11.440 ; Rise       ; CLOCK           ;
;  PC[24]               ; CLOCK      ; 12.314 ; 12.314 ; Rise       ; CLOCK           ;
;  PC[25]               ; CLOCK      ; 11.699 ; 11.699 ; Rise       ; CLOCK           ;
;  PC[26]               ; CLOCK      ; 11.168 ; 11.168 ; Rise       ; CLOCK           ;
;  PC[27]               ; CLOCK      ; 11.445 ; 11.445 ; Rise       ; CLOCK           ;
;  PC[28]               ; CLOCK      ; 11.810 ; 11.810 ; Rise       ; CLOCK           ;
;  PC[29]               ; CLOCK      ; 12.075 ; 12.075 ; Rise       ; CLOCK           ;
;  PC[30]               ; CLOCK      ; 12.133 ; 12.133 ; Rise       ; CLOCK           ;
;  PC[31]               ; CLOCK      ; 12.333 ; 12.333 ; Rise       ; CLOCK           ;
; A_BUS[*]              ; CLOCK      ; 26.473 ; 26.473 ; Fall       ; CLOCK           ;
;  A_BUS[0]             ; CLOCK      ; 15.024 ; 15.024 ; Fall       ; CLOCK           ;
;  A_BUS[1]             ; CLOCK      ; 14.137 ; 14.137 ; Fall       ; CLOCK           ;
;  A_BUS[2]             ; CLOCK      ; 16.151 ; 16.151 ; Fall       ; CLOCK           ;
;  A_BUS[3]             ; CLOCK      ; 15.317 ; 15.317 ; Fall       ; CLOCK           ;
;  A_BUS[4]             ; CLOCK      ; 17.482 ; 17.482 ; Fall       ; CLOCK           ;
;  A_BUS[5]             ; CLOCK      ; 17.691 ; 17.691 ; Fall       ; CLOCK           ;
;  A_BUS[6]             ; CLOCK      ; 17.559 ; 17.559 ; Fall       ; CLOCK           ;
;  A_BUS[7]             ; CLOCK      ; 16.979 ; 16.979 ; Fall       ; CLOCK           ;
;  A_BUS[8]             ; CLOCK      ; 17.666 ; 17.666 ; Fall       ; CLOCK           ;
;  A_BUS[9]             ; CLOCK      ; 17.915 ; 17.915 ; Fall       ; CLOCK           ;
;  A_BUS[10]            ; CLOCK      ; 19.583 ; 19.583 ; Fall       ; CLOCK           ;
;  A_BUS[11]            ; CLOCK      ; 19.613 ; 19.613 ; Fall       ; CLOCK           ;
;  A_BUS[12]            ; CLOCK      ; 20.245 ; 20.245 ; Fall       ; CLOCK           ;
;  A_BUS[13]            ; CLOCK      ; 20.157 ; 20.157 ; Fall       ; CLOCK           ;
;  A_BUS[14]            ; CLOCK      ; 20.098 ; 20.098 ; Fall       ; CLOCK           ;
;  A_BUS[15]            ; CLOCK      ; 21.090 ; 21.090 ; Fall       ; CLOCK           ;
;  A_BUS[16]            ; CLOCK      ; 21.886 ; 21.886 ; Fall       ; CLOCK           ;
;  A_BUS[17]            ; CLOCK      ; 21.872 ; 21.872 ; Fall       ; CLOCK           ;
;  A_BUS[18]            ; CLOCK      ; 22.176 ; 22.176 ; Fall       ; CLOCK           ;
;  A_BUS[19]            ; CLOCK      ; 24.061 ; 24.061 ; Fall       ; CLOCK           ;
;  A_BUS[20]            ; CLOCK      ; 22.391 ; 22.391 ; Fall       ; CLOCK           ;
;  A_BUS[21]            ; CLOCK      ; 22.085 ; 22.085 ; Fall       ; CLOCK           ;
;  A_BUS[22]            ; CLOCK      ; 23.478 ; 23.478 ; Fall       ; CLOCK           ;
;  A_BUS[23]            ; CLOCK      ; 23.977 ; 23.977 ; Fall       ; CLOCK           ;
;  A_BUS[24]            ; CLOCK      ; 24.222 ; 24.222 ; Fall       ; CLOCK           ;
;  A_BUS[25]            ; CLOCK      ; 24.146 ; 24.146 ; Fall       ; CLOCK           ;
;  A_BUS[26]            ; CLOCK      ; 25.114 ; 25.114 ; Fall       ; CLOCK           ;
;  A_BUS[27]            ; CLOCK      ; 25.200 ; 25.200 ; Fall       ; CLOCK           ;
;  A_BUS[28]            ; CLOCK      ; 25.650 ; 25.650 ; Fall       ; CLOCK           ;
;  A_BUS[29]            ; CLOCK      ; 26.142 ; 26.142 ; Fall       ; CLOCK           ;
;  A_BUS[30]            ; CLOCK      ; 26.442 ; 26.442 ; Fall       ; CLOCK           ;
;  A_BUS[31]            ; CLOCK      ; 26.473 ; 26.473 ; Fall       ; CLOCK           ;
; B_BUS[*]              ; CLOCK      ; 13.770 ; 13.770 ; Fall       ; CLOCK           ;
;  B_BUS[0]             ; CLOCK      ; 13.009 ; 13.009 ; Fall       ; CLOCK           ;
;  B_BUS[1]             ; CLOCK      ; 12.388 ; 12.388 ; Fall       ; CLOCK           ;
;  B_BUS[2]             ; CLOCK      ; 12.346 ; 12.346 ; Fall       ; CLOCK           ;
;  B_BUS[3]             ; CLOCK      ; 11.913 ; 11.913 ; Fall       ; CLOCK           ;
;  B_BUS[4]             ; CLOCK      ; 12.481 ; 12.481 ; Fall       ; CLOCK           ;
;  B_BUS[5]             ; CLOCK      ; 11.902 ; 11.902 ; Fall       ; CLOCK           ;
;  B_BUS[6]             ; CLOCK      ; 11.981 ; 11.981 ; Fall       ; CLOCK           ;
;  B_BUS[7]             ; CLOCK      ; 11.840 ; 11.840 ; Fall       ; CLOCK           ;
;  B_BUS[8]             ; CLOCK      ; 12.142 ; 12.142 ; Fall       ; CLOCK           ;
;  B_BUS[9]             ; CLOCK      ; 13.304 ; 13.304 ; Fall       ; CLOCK           ;
;  B_BUS[10]            ; CLOCK      ; 12.277 ; 12.277 ; Fall       ; CLOCK           ;
;  B_BUS[11]            ; CLOCK      ; 11.738 ; 11.738 ; Fall       ; CLOCK           ;
;  B_BUS[12]            ; CLOCK      ; 11.708 ; 11.708 ; Fall       ; CLOCK           ;
;  B_BUS[13]            ; CLOCK      ; 12.199 ; 12.199 ; Fall       ; CLOCK           ;
;  B_BUS[14]            ; CLOCK      ; 12.740 ; 12.740 ; Fall       ; CLOCK           ;
;  B_BUS[15]            ; CLOCK      ; 12.373 ; 12.373 ; Fall       ; CLOCK           ;
;  B_BUS[16]            ; CLOCK      ; 13.490 ; 13.490 ; Fall       ; CLOCK           ;
;  B_BUS[17]            ; CLOCK      ; 13.037 ; 13.037 ; Fall       ; CLOCK           ;
;  B_BUS[18]            ; CLOCK      ; 12.603 ; 12.603 ; Fall       ; CLOCK           ;
;  B_BUS[19]            ; CLOCK      ; 13.069 ; 13.069 ; Fall       ; CLOCK           ;
;  B_BUS[20]            ; CLOCK      ; 13.408 ; 13.408 ; Fall       ; CLOCK           ;
;  B_BUS[21]            ; CLOCK      ; 12.784 ; 12.784 ; Fall       ; CLOCK           ;
;  B_BUS[22]            ; CLOCK      ; 12.200 ; 12.200 ; Fall       ; CLOCK           ;
;  B_BUS[23]            ; CLOCK      ; 12.502 ; 12.502 ; Fall       ; CLOCK           ;
;  B_BUS[24]            ; CLOCK      ; 12.930 ; 12.930 ; Fall       ; CLOCK           ;
;  B_BUS[25]            ; CLOCK      ; 12.724 ; 12.724 ; Fall       ; CLOCK           ;
;  B_BUS[26]            ; CLOCK      ; 12.825 ; 12.825 ; Fall       ; CLOCK           ;
;  B_BUS[27]            ; CLOCK      ; 13.177 ; 13.177 ; Fall       ; CLOCK           ;
;  B_BUS[28]            ; CLOCK      ; 13.282 ; 13.282 ; Fall       ; CLOCK           ;
;  B_BUS[29]            ; CLOCK      ; 13.258 ; 13.258 ; Fall       ; CLOCK           ;
;  B_BUS[30]            ; CLOCK      ; 13.770 ; 13.770 ; Fall       ; CLOCK           ;
;  B_BUS[31]            ; CLOCK      ; 12.687 ; 12.687 ; Fall       ; CLOCK           ;
; MIR[*]                ; CLOCK      ; 9.005  ; 9.005  ; Fall       ; CLOCK           ;
;  MIR[0]               ; CLOCK      ; 7.537  ; 7.537  ; Fall       ; CLOCK           ;
;  MIR[1]               ; CLOCK      ; 7.672  ; 7.672  ; Fall       ; CLOCK           ;
;  MIR[2]               ; CLOCK      ; 7.821  ; 7.821  ; Fall       ; CLOCK           ;
;  MIR[3]               ; CLOCK      ; 7.551  ; 7.551  ; Fall       ; CLOCK           ;
;  MIR[4]               ; CLOCK      ; 7.701  ; 7.701  ; Fall       ; CLOCK           ;
;  MIR[5]               ; CLOCK      ; 7.166  ; 7.166  ; Fall       ; CLOCK           ;
;  MIR[6]               ; CLOCK      ; 8.338  ; 8.338  ; Fall       ; CLOCK           ;
;  MIR[7]               ; CLOCK      ; 8.359  ; 8.359  ; Fall       ; CLOCK           ;
;  MIR[8]               ; CLOCK      ; 8.024  ; 8.024  ; Fall       ; CLOCK           ;
;  MIR[9]               ; CLOCK      ; 8.016  ; 8.016  ; Fall       ; CLOCK           ;
;  MIR[10]              ; CLOCK      ; 8.553  ; 8.553  ; Fall       ; CLOCK           ;
;  MIR[11]              ; CLOCK      ; 9.005  ; 9.005  ; Fall       ; CLOCK           ;
;  MIR[12]              ; CLOCK      ; 7.994  ; 7.994  ; Fall       ; CLOCK           ;
;  MIR[13]              ; CLOCK      ; 8.164  ; 8.164  ; Fall       ; CLOCK           ;
;  MIR[14]              ; CLOCK      ; 8.317  ; 8.317  ; Fall       ; CLOCK           ;
;  MIR[15]              ; CLOCK      ; 7.763  ; 7.763  ; Fall       ; CLOCK           ;
;  MIR[16]              ; CLOCK      ; 7.509  ; 7.509  ; Fall       ; CLOCK           ;
;  MIR[17]              ; CLOCK      ; 8.417  ; 8.417  ; Fall       ; CLOCK           ;
;  MIR[18]              ; CLOCK      ; 7.290  ; 7.290  ; Fall       ; CLOCK           ;
;  MIR[19]              ; CLOCK      ; 8.164  ; 8.164  ; Fall       ; CLOCK           ;
;  MIR[20]              ; CLOCK      ; 8.076  ; 8.076  ; Fall       ; CLOCK           ;
;  MIR[21]              ; CLOCK      ; 7.631  ; 7.631  ; Fall       ; CLOCK           ;
;  MIR[22]              ; CLOCK      ; 8.166  ; 8.166  ; Fall       ; CLOCK           ;
;  MIR[23]              ; CLOCK      ; 7.543  ; 7.543  ; Fall       ; CLOCK           ;
;  MIR[24]              ; CLOCK      ; 7.662  ; 7.662  ; Fall       ; CLOCK           ;
;  MIR[25]              ; CLOCK      ; 7.599  ; 7.599  ; Fall       ; CLOCK           ;
;  MIR[26]              ; CLOCK      ; 7.674  ; 7.674  ; Fall       ; CLOCK           ;
;  MIR[27]              ; CLOCK      ; 7.851  ; 7.851  ; Fall       ; CLOCK           ;
;  MIR[28]              ; CLOCK      ; 7.796  ; 7.796  ; Fall       ; CLOCK           ;
;  MIR[29]              ; CLOCK      ; 8.088  ; 8.088  ; Fall       ; CLOCK           ;
;  MIR[30]              ; CLOCK      ; 7.896  ; 7.896  ; Fall       ; CLOCK           ;
;  MIR[31]              ; CLOCK      ; 7.527  ; 7.527  ; Fall       ; CLOCK           ;
;  MIR[32]              ; CLOCK      ; 7.917  ; 7.917  ; Fall       ; CLOCK           ;
;  MIR[33]              ; CLOCK      ; 8.329  ; 8.329  ; Fall       ; CLOCK           ;
;  MIR[34]              ; CLOCK      ; 7.966  ; 7.966  ; Fall       ; CLOCK           ;
;  MIR[35]              ; CLOCK      ; 8.081  ; 8.081  ; Fall       ; CLOCK           ;
; MPC[*]                ; CLOCK      ; 10.804 ; 10.804 ; Fall       ; CLOCK           ;
;  MPC[0]               ; CLOCK      ; 9.385  ; 9.385  ; Fall       ; CLOCK           ;
;  MPC[1]               ; CLOCK      ; 9.523  ; 9.523  ; Fall       ; CLOCK           ;
;  MPC[2]               ; CLOCK      ; 9.725  ; 9.725  ; Fall       ; CLOCK           ;
;  MPC[3]               ; CLOCK      ; 9.003  ; 9.003  ; Fall       ; CLOCK           ;
;  MPC[4]               ; CLOCK      ; 8.679  ; 8.679  ; Fall       ; CLOCK           ;
;  MPC[5]               ; CLOCK      ; 9.243  ; 9.243  ; Fall       ; CLOCK           ;
;  MPC[6]               ; CLOCK      ; 9.173  ; 9.173  ; Fall       ; CLOCK           ;
;  MPC[7]               ; CLOCK      ; 9.063  ; 9.063  ; Fall       ; CLOCK           ;
;  MPC[8]               ; CLOCK      ; 10.804 ; 10.804 ; Fall       ; CLOCK           ;
+-----------------------+------------+--------+--------+------------+-----------------+


+-----------------------------------------------------------------------------------+
; Minimum Clock to Output Times                                                     ;
+-----------------------+------------+-------+-------+------------+-----------------+
; Data Port             ; Clock Port ; Rise  ; Fall  ; Clock Edge ; Clock Reference ;
+-----------------------+------------+-------+-------+------------+-----------------+
; A_BUS[*]              ; CLOCK      ; 6.501 ; 6.501 ; Rise       ; CLOCK           ;
;  A_BUS[0]             ; CLOCK      ; 6.517 ; 6.517 ; Rise       ; CLOCK           ;
;  A_BUS[1]             ; CLOCK      ; 6.501 ; 6.501 ; Rise       ; CLOCK           ;
;  A_BUS[2]             ; CLOCK      ; 7.445 ; 7.445 ; Rise       ; CLOCK           ;
;  A_BUS[3]             ; CLOCK      ; 6.616 ; 6.616 ; Rise       ; CLOCK           ;
;  A_BUS[4]             ; CLOCK      ; 6.978 ; 6.978 ; Rise       ; CLOCK           ;
;  A_BUS[5]             ; CLOCK      ; 7.024 ; 7.024 ; Rise       ; CLOCK           ;
;  A_BUS[6]             ; CLOCK      ; 6.779 ; 6.779 ; Rise       ; CLOCK           ;
;  A_BUS[7]             ; CLOCK      ; 6.953 ; 6.953 ; Rise       ; CLOCK           ;
;  A_BUS[8]             ; CLOCK      ; 6.836 ; 6.836 ; Rise       ; CLOCK           ;
;  A_BUS[9]             ; CLOCK      ; 7.343 ; 7.343 ; Rise       ; CLOCK           ;
;  A_BUS[10]            ; CLOCK      ; 7.774 ; 7.774 ; Rise       ; CLOCK           ;
;  A_BUS[11]            ; CLOCK      ; 7.344 ; 7.344 ; Rise       ; CLOCK           ;
;  A_BUS[12]            ; CLOCK      ; 7.597 ; 7.597 ; Rise       ; CLOCK           ;
;  A_BUS[13]            ; CLOCK      ; 7.259 ; 7.259 ; Rise       ; CLOCK           ;
;  A_BUS[14]            ; CLOCK      ; 6.800 ; 6.800 ; Rise       ; CLOCK           ;
;  A_BUS[15]            ; CLOCK      ; 7.531 ; 7.531 ; Rise       ; CLOCK           ;
;  A_BUS[16]            ; CLOCK      ; 7.797 ; 7.797 ; Rise       ; CLOCK           ;
;  A_BUS[17]            ; CLOCK      ; 7.321 ; 7.321 ; Rise       ; CLOCK           ;
;  A_BUS[18]            ; CLOCK      ; 7.387 ; 7.387 ; Rise       ; CLOCK           ;
;  A_BUS[19]            ; CLOCK      ; 7.776 ; 7.776 ; Rise       ; CLOCK           ;
;  A_BUS[20]            ; CLOCK      ; 6.986 ; 6.986 ; Rise       ; CLOCK           ;
;  A_BUS[21]            ; CLOCK      ; 7.031 ; 7.031 ; Rise       ; CLOCK           ;
;  A_BUS[22]            ; CLOCK      ; 6.753 ; 6.753 ; Rise       ; CLOCK           ;
;  A_BUS[23]            ; CLOCK      ; 7.013 ; 7.013 ; Rise       ; CLOCK           ;
;  A_BUS[24]            ; CLOCK      ; 7.380 ; 7.380 ; Rise       ; CLOCK           ;
;  A_BUS[25]            ; CLOCK      ; 7.050 ; 7.050 ; Rise       ; CLOCK           ;
;  A_BUS[26]            ; CLOCK      ; 7.293 ; 7.293 ; Rise       ; CLOCK           ;
;  A_BUS[27]            ; CLOCK      ; 7.135 ; 7.135 ; Rise       ; CLOCK           ;
;  A_BUS[28]            ; CLOCK      ; 7.069 ; 7.069 ; Rise       ; CLOCK           ;
;  A_BUS[29]            ; CLOCK      ; 7.175 ; 7.175 ; Rise       ; CLOCK           ;
;  A_BUS[30]            ; CLOCK      ; 7.097 ; 7.097 ; Rise       ; CLOCK           ;
;  A_BUS[31]            ; CLOCK      ; 6.920 ; 6.920 ; Rise       ; CLOCK           ;
; B_BUS[*]              ; CLOCK      ; 5.682 ; 5.682 ; Rise       ; CLOCK           ;
;  B_BUS[0]             ; CLOCK      ; 6.336 ; 6.336 ; Rise       ; CLOCK           ;
;  B_BUS[1]             ; CLOCK      ; 6.055 ; 6.055 ; Rise       ; CLOCK           ;
;  B_BUS[2]             ; CLOCK      ; 5.971 ; 5.971 ; Rise       ; CLOCK           ;
;  B_BUS[3]             ; CLOCK      ; 6.174 ; 6.174 ; Rise       ; CLOCK           ;
;  B_BUS[4]             ; CLOCK      ; 6.012 ; 6.012 ; Rise       ; CLOCK           ;
;  B_BUS[5]             ; CLOCK      ; 5.682 ; 5.682 ; Rise       ; CLOCK           ;
;  B_BUS[6]             ; CLOCK      ; 5.771 ; 5.771 ; Rise       ; CLOCK           ;
;  B_BUS[7]             ; CLOCK      ; 5.941 ; 5.941 ; Rise       ; CLOCK           ;
;  B_BUS[8]             ; CLOCK      ; 6.090 ; 6.090 ; Rise       ; CLOCK           ;
;  B_BUS[9]             ; CLOCK      ; 6.826 ; 6.826 ; Rise       ; CLOCK           ;
;  B_BUS[10]            ; CLOCK      ; 6.009 ; 6.009 ; Rise       ; CLOCK           ;
;  B_BUS[11]            ; CLOCK      ; 5.687 ; 5.687 ; Rise       ; CLOCK           ;
;  B_BUS[12]            ; CLOCK      ; 5.857 ; 5.857 ; Rise       ; CLOCK           ;
;  B_BUS[13]            ; CLOCK      ; 6.134 ; 6.134 ; Rise       ; CLOCK           ;
;  B_BUS[14]            ; CLOCK      ; 6.476 ; 6.476 ; Rise       ; CLOCK           ;
;  B_BUS[15]            ; CLOCK      ; 6.411 ; 6.411 ; Rise       ; CLOCK           ;
;  B_BUS[16]            ; CLOCK      ; 6.222 ; 6.222 ; Rise       ; CLOCK           ;
;  B_BUS[17]            ; CLOCK      ; 6.274 ; 6.274 ; Rise       ; CLOCK           ;
;  B_BUS[18]            ; CLOCK      ; 6.359 ; 6.359 ; Rise       ; CLOCK           ;
;  B_BUS[19]            ; CLOCK      ; 6.080 ; 6.080 ; Rise       ; CLOCK           ;
;  B_BUS[20]            ; CLOCK      ; 6.449 ; 6.449 ; Rise       ; CLOCK           ;
;  B_BUS[21]            ; CLOCK      ; 6.084 ; 6.084 ; Rise       ; CLOCK           ;
;  B_BUS[22]            ; CLOCK      ; 5.828 ; 5.828 ; Rise       ; CLOCK           ;
;  B_BUS[23]            ; CLOCK      ; 6.078 ; 6.078 ; Rise       ; CLOCK           ;
;  B_BUS[24]            ; CLOCK      ; 6.105 ; 6.105 ; Rise       ; CLOCK           ;
;  B_BUS[25]            ; CLOCK      ; 5.846 ; 5.846 ; Rise       ; CLOCK           ;
;  B_BUS[26]            ; CLOCK      ; 6.330 ; 6.330 ; Rise       ; CLOCK           ;
;  B_BUS[27]            ; CLOCK      ; 6.087 ; 6.087 ; Rise       ; CLOCK           ;
;  B_BUS[28]            ; CLOCK      ; 6.206 ; 6.206 ; Rise       ; CLOCK           ;
;  B_BUS[29]            ; CLOCK      ; 6.085 ; 6.085 ; Rise       ; CLOCK           ;
;  B_BUS[30]            ; CLOCK      ; 6.440 ; 6.440 ; Rise       ; CLOCK           ;
;  B_BUS[31]            ; CLOCK      ; 6.211 ; 6.211 ; Rise       ; CLOCK           ;
; C_BUS[*]              ; CLOCK      ; 5.778 ; 5.778 ; Rise       ; CLOCK           ;
;  C_BUS[0]             ; CLOCK      ; 6.804 ; 6.804 ; Rise       ; CLOCK           ;
;  C_BUS[1]             ; CLOCK      ; 6.269 ; 6.269 ; Rise       ; CLOCK           ;
;  C_BUS[2]             ; CLOCK      ; 6.236 ; 6.236 ; Rise       ; CLOCK           ;
;  C_BUS[3]             ; CLOCK      ; 6.518 ; 6.518 ; Rise       ; CLOCK           ;
;  C_BUS[4]             ; CLOCK      ; 5.914 ; 5.914 ; Rise       ; CLOCK           ;
;  C_BUS[5]             ; CLOCK      ; 6.337 ; 6.337 ; Rise       ; CLOCK           ;
;  C_BUS[6]             ; CLOCK      ; 6.059 ; 6.059 ; Rise       ; CLOCK           ;
;  C_BUS[7]             ; CLOCK      ; 6.216 ; 6.216 ; Rise       ; CLOCK           ;
;  C_BUS[8]             ; CLOCK      ; 6.203 ; 6.203 ; Rise       ; CLOCK           ;
;  C_BUS[9]             ; CLOCK      ; 6.691 ; 6.691 ; Rise       ; CLOCK           ;
;  C_BUS[10]            ; CLOCK      ; 6.101 ; 6.101 ; Rise       ; CLOCK           ;
;  C_BUS[11]            ; CLOCK      ; 6.198 ; 6.198 ; Rise       ; CLOCK           ;
;  C_BUS[12]            ; CLOCK      ; 6.454 ; 6.454 ; Rise       ; CLOCK           ;
;  C_BUS[13]            ; CLOCK      ; 6.038 ; 6.038 ; Rise       ; CLOCK           ;
;  C_BUS[14]            ; CLOCK      ; 6.645 ; 6.645 ; Rise       ; CLOCK           ;
;  C_BUS[15]            ; CLOCK      ; 6.182 ; 6.182 ; Rise       ; CLOCK           ;
;  C_BUS[16]            ; CLOCK      ; 6.280 ; 6.280 ; Rise       ; CLOCK           ;
;  C_BUS[17]            ; CLOCK      ; 6.454 ; 6.454 ; Rise       ; CLOCK           ;
;  C_BUS[18]            ; CLOCK      ; 6.308 ; 6.308 ; Rise       ; CLOCK           ;
;  C_BUS[19]            ; CLOCK      ; 5.965 ; 5.965 ; Rise       ; CLOCK           ;
;  C_BUS[20]            ; CLOCK      ; 6.126 ; 6.126 ; Rise       ; CLOCK           ;
;  C_BUS[21]            ; CLOCK      ; 6.295 ; 6.295 ; Rise       ; CLOCK           ;
;  C_BUS[22]            ; CLOCK      ; 6.028 ; 6.028 ; Rise       ; CLOCK           ;
;  C_BUS[23]            ; CLOCK      ; 6.230 ; 6.230 ; Rise       ; CLOCK           ;
;  C_BUS[24]            ; CLOCK      ; 6.125 ; 6.125 ; Rise       ; CLOCK           ;
;  C_BUS[25]            ; CLOCK      ; 6.066 ; 6.066 ; Rise       ; CLOCK           ;
;  C_BUS[26]            ; CLOCK      ; 6.135 ; 6.135 ; Rise       ; CLOCK           ;
;  C_BUS[27]            ; CLOCK      ; 5.778 ; 5.778 ; Rise       ; CLOCK           ;
;  C_BUS[28]            ; CLOCK      ; 5.964 ; 5.964 ; Rise       ; CLOCK           ;
;  C_BUS[29]            ; CLOCK      ; 6.631 ; 6.631 ; Rise       ; CLOCK           ;
;  C_BUS[30]            ; CLOCK      ; 6.575 ; 6.575 ; Rise       ; CLOCK           ;
;  C_BUS[31]            ; CLOCK      ; 5.947 ; 5.947 ; Rise       ; CLOCK           ;
; DATA_MEM_write_enable ; CLOCK      ; 4.115 ; 4.115 ; Rise       ; CLOCK           ;
; DATA_MEN_ADDR[*]      ; CLOCK      ; 5.733 ; 5.733 ; Rise       ; CLOCK           ;
;  DATA_MEN_ADDR[0]     ; CLOCK      ; 5.733 ; 5.733 ; Rise       ; CLOCK           ;
;  DATA_MEN_ADDR[1]     ; CLOCK      ; 6.708 ; 6.708 ; Rise       ; CLOCK           ;
;  DATA_MEN_ADDR[2]     ; CLOCK      ; 5.934 ; 5.934 ; Rise       ; CLOCK           ;
;  DATA_MEN_ADDR[3]     ; CLOCK      ; 6.653 ; 6.653 ; Rise       ; CLOCK           ;
;  DATA_MEN_ADDR[4]     ; CLOCK      ; 5.893 ; 5.893 ; Rise       ; CLOCK           ;
;  DATA_MEN_ADDR[5]     ; CLOCK      ; 6.032 ; 6.032 ; Rise       ; CLOCK           ;
;  DATA_MEN_ADDR[6]     ; CLOCK      ; 5.932 ; 5.932 ; Rise       ; CLOCK           ;
;  DATA_MEN_ADDR[7]     ; CLOCK      ; 6.652 ; 6.652 ; Rise       ; CLOCK           ;
;  DATA_MEN_ADDR[8]     ; CLOCK      ; 6.062 ; 6.062 ; Rise       ; CLOCK           ;
;  DATA_MEN_ADDR[9]     ; CLOCK      ; 6.673 ; 6.673 ; Rise       ; CLOCK           ;
;  DATA_MEN_ADDR[10]    ; CLOCK      ; 6.012 ; 6.012 ; Rise       ; CLOCK           ;
;  DATA_MEN_ADDR[11]    ; CLOCK      ; 5.926 ; 5.926 ; Rise       ; CLOCK           ;
;  DATA_MEN_ADDR[12]    ; CLOCK      ; 5.962 ; 5.962 ; Rise       ; CLOCK           ;
;  DATA_MEN_ADDR[13]    ; CLOCK      ; 6.487 ; 6.487 ; Rise       ; CLOCK           ;
;  DATA_MEN_ADDR[14]    ; CLOCK      ; 6.537 ; 6.537 ; Rise       ; CLOCK           ;
;  DATA_MEN_ADDR[15]    ; CLOCK      ; 6.390 ; 6.390 ; Rise       ; CLOCK           ;
;  DATA_MEN_ADDR[16]    ; CLOCK      ; 5.921 ; 5.921 ; Rise       ; CLOCK           ;
;  DATA_MEN_ADDR[17]    ; CLOCK      ; 5.766 ; 5.766 ; Rise       ; CLOCK           ;
;  DATA_MEN_ADDR[18]    ; CLOCK      ; 5.915 ; 5.915 ; Rise       ; CLOCK           ;
;  DATA_MEN_ADDR[19]    ; CLOCK      ; 5.939 ; 5.939 ; Rise       ; CLOCK           ;
;  DATA_MEN_ADDR[20]    ; CLOCK      ; 6.992 ; 6.992 ; Rise       ; CLOCK           ;
;  DATA_MEN_ADDR[21]    ; CLOCK      ; 6.680 ; 6.680 ; Rise       ; CLOCK           ;
;  DATA_MEN_ADDR[22]    ; CLOCK      ; 6.446 ; 6.446 ; Rise       ; CLOCK           ;
;  DATA_MEN_ADDR[23]    ; CLOCK      ; 6.571 ; 6.571 ; Rise       ; CLOCK           ;
;  DATA_MEN_ADDR[24]    ; CLOCK      ; 7.067 ; 7.067 ; Rise       ; CLOCK           ;
;  DATA_MEN_ADDR[25]    ; CLOCK      ; 6.321 ; 6.321 ; Rise       ; CLOCK           ;
;  DATA_MEN_ADDR[26]    ; CLOCK      ; 6.585 ; 6.585 ; Rise       ; CLOCK           ;
;  DATA_MEN_ADDR[27]    ; CLOCK      ; 7.001 ; 7.001 ; Rise       ; CLOCK           ;
;  DATA_MEN_ADDR[28]    ; CLOCK      ; 6.385 ; 6.385 ; Rise       ; CLOCK           ;
;  DATA_MEN_ADDR[29]    ; CLOCK      ; 6.475 ; 6.475 ; Rise       ; CLOCK           ;
;  DATA_MEN_ADDR[30]    ; CLOCK      ; 6.545 ; 6.545 ; Rise       ; CLOCK           ;
;  DATA_MEN_ADDR[31]    ; CLOCK      ; 7.007 ; 7.007 ; Rise       ; CLOCK           ;
; DATA_MEN_OUT[*]       ; CLOCK      ; 5.510 ; 5.510 ; Rise       ; CLOCK           ;
;  DATA_MEN_OUT[0]      ; CLOCK      ; 5.902 ; 5.902 ; Rise       ; CLOCK           ;
;  DATA_MEN_OUT[1]      ; CLOCK      ; 5.554 ; 5.554 ; Rise       ; CLOCK           ;
;  DATA_MEN_OUT[2]      ; CLOCK      ; 6.578 ; 6.578 ; Rise       ; CLOCK           ;
;  DATA_MEN_OUT[3]      ; CLOCK      ; 5.764 ; 5.764 ; Rise       ; CLOCK           ;
;  DATA_MEN_OUT[4]      ; CLOCK      ; 5.651 ; 5.651 ; Rise       ; CLOCK           ;
;  DATA_MEN_OUT[5]      ; CLOCK      ; 5.823 ; 5.823 ; Rise       ; CLOCK           ;
;  DATA_MEN_OUT[6]      ; CLOCK      ; 5.841 ; 5.841 ; Rise       ; CLOCK           ;
;  DATA_MEN_OUT[7]      ; CLOCK      ; 5.814 ; 5.814 ; Rise       ; CLOCK           ;
;  DATA_MEN_OUT[8]      ; CLOCK      ; 5.751 ; 5.751 ; Rise       ; CLOCK           ;
;  DATA_MEN_OUT[9]      ; CLOCK      ; 6.334 ; 6.334 ; Rise       ; CLOCK           ;
;  DATA_MEN_OUT[10]     ; CLOCK      ; 5.602 ; 5.602 ; Rise       ; CLOCK           ;
;  DATA_MEN_OUT[11]     ; CLOCK      ; 6.086 ; 6.086 ; Rise       ; CLOCK           ;
;  DATA_MEN_OUT[12]     ; CLOCK      ; 5.767 ; 5.767 ; Rise       ; CLOCK           ;
;  DATA_MEN_OUT[13]     ; CLOCK      ; 5.525 ; 5.525 ; Rise       ; CLOCK           ;
;  DATA_MEN_OUT[14]     ; CLOCK      ; 6.053 ; 6.053 ; Rise       ; CLOCK           ;
;  DATA_MEN_OUT[15]     ; CLOCK      ; 5.887 ; 5.887 ; Rise       ; CLOCK           ;
;  DATA_MEN_OUT[16]     ; CLOCK      ; 5.931 ; 5.931 ; Rise       ; CLOCK           ;
;  DATA_MEN_OUT[17]     ; CLOCK      ; 5.999 ; 5.999 ; Rise       ; CLOCK           ;
;  DATA_MEN_OUT[18]     ; CLOCK      ; 6.058 ; 6.058 ; Rise       ; CLOCK           ;
;  DATA_MEN_OUT[19]     ; CLOCK      ; 6.398 ; 6.398 ; Rise       ; CLOCK           ;
;  DATA_MEN_OUT[20]     ; CLOCK      ; 6.286 ; 6.286 ; Rise       ; CLOCK           ;
;  DATA_MEN_OUT[21]     ; CLOCK      ; 5.806 ; 5.806 ; Rise       ; CLOCK           ;
;  DATA_MEN_OUT[22]     ; CLOCK      ; 5.689 ; 5.689 ; Rise       ; CLOCK           ;
;  DATA_MEN_OUT[23]     ; CLOCK      ; 5.846 ; 5.846 ; Rise       ; CLOCK           ;
;  DATA_MEN_OUT[24]     ; CLOCK      ; 5.804 ; 5.804 ; Rise       ; CLOCK           ;
;  DATA_MEN_OUT[25]     ; CLOCK      ; 5.663 ; 5.663 ; Rise       ; CLOCK           ;
;  DATA_MEN_OUT[26]     ; CLOCK      ; 5.744 ; 5.744 ; Rise       ; CLOCK           ;
;  DATA_MEN_OUT[27]     ; CLOCK      ; 5.510 ; 5.510 ; Rise       ; CLOCK           ;
;  DATA_MEN_OUT[28]     ; CLOCK      ; 5.536 ; 5.536 ; Rise       ; CLOCK           ;
;  DATA_MEN_OUT[29]     ; CLOCK      ; 5.700 ; 5.700 ; Rise       ; CLOCK           ;
;  DATA_MEN_OUT[30]     ; CLOCK      ; 5.987 ; 5.987 ; Rise       ; CLOCK           ;
;  DATA_MEN_OUT[31]     ; CLOCK      ; 5.741 ; 5.741 ; Rise       ; CLOCK           ;
; MBR_OUT[*]            ; CLOCK      ; 5.871 ; 5.871 ; Rise       ; CLOCK           ;
;  MBR_OUT[0]           ; CLOCK      ; 6.280 ; 6.280 ; Rise       ; CLOCK           ;
;  MBR_OUT[1]           ; CLOCK      ; 6.083 ; 6.083 ; Rise       ; CLOCK           ;
;  MBR_OUT[2]           ; CLOCK      ; 6.038 ; 6.038 ; Rise       ; CLOCK           ;
;  MBR_OUT[3]           ; CLOCK      ; 5.871 ; 5.871 ; Rise       ; CLOCK           ;
;  MBR_OUT[4]           ; CLOCK      ; 6.024 ; 6.024 ; Rise       ; CLOCK           ;
;  MBR_OUT[5]           ; CLOCK      ; 6.619 ; 6.619 ; Rise       ; CLOCK           ;
;  MBR_OUT[6]           ; CLOCK      ; 6.162 ; 6.162 ; Rise       ; CLOCK           ;
;  MBR_OUT[7]           ; CLOCK      ; 6.105 ; 6.105 ; Rise       ; CLOCK           ;
; MPC[*]                ; CLOCK      ; 5.039 ; 5.039 ; Rise       ; CLOCK           ;
;  MPC[0]               ; CLOCK      ; 6.559 ; 6.559 ; Rise       ; CLOCK           ;
;  MPC[1]               ; CLOCK      ; 6.395 ; 6.395 ; Rise       ; CLOCK           ;
;  MPC[2]               ; CLOCK      ; 6.858 ; 6.858 ; Rise       ; CLOCK           ;
;  MPC[3]               ; CLOCK      ; 6.447 ; 6.447 ; Rise       ; CLOCK           ;
;  MPC[4]               ; CLOCK      ; 6.184 ; 6.184 ; Rise       ; CLOCK           ;
;  MPC[5]               ; CLOCK      ; 6.495 ; 6.495 ; Rise       ; CLOCK           ;
;  MPC[6]               ; CLOCK      ; 6.278 ; 6.278 ; Rise       ; CLOCK           ;
;  MPC[7]               ; CLOCK      ; 6.229 ; 6.229 ; Rise       ; CLOCK           ;
;  MPC[8]               ; CLOCK      ; 5.039 ; 5.039 ; Rise       ; CLOCK           ;
; PC[*]                 ; CLOCK      ; 5.924 ; 5.924 ; Rise       ; CLOCK           ;
;  PC[0]                ; CLOCK      ; 6.063 ; 6.063 ; Rise       ; CLOCK           ;
;  PC[1]                ; CLOCK      ; 6.294 ; 6.294 ; Rise       ; CLOCK           ;
;  PC[2]                ; CLOCK      ; 6.440 ; 6.440 ; Rise       ; CLOCK           ;
;  PC[3]                ; CLOCK      ; 6.076 ; 6.076 ; Rise       ; CLOCK           ;
;  PC[4]                ; CLOCK      ; 6.223 ; 6.223 ; Rise       ; CLOCK           ;
;  PC[5]                ; CLOCK      ; 6.291 ; 6.291 ; Rise       ; CLOCK           ;
;  PC[6]                ; CLOCK      ; 6.280 ; 6.280 ; Rise       ; CLOCK           ;
;  PC[7]                ; CLOCK      ; 6.495 ; 6.495 ; Rise       ; CLOCK           ;
;  PC[8]                ; CLOCK      ; 6.504 ; 6.504 ; Rise       ; CLOCK           ;
;  PC[9]                ; CLOCK      ; 6.226 ; 6.226 ; Rise       ; CLOCK           ;
;  PC[10]               ; CLOCK      ; 5.953 ; 5.953 ; Rise       ; CLOCK           ;
;  PC[11]               ; CLOCK      ; 5.992 ; 5.992 ; Rise       ; CLOCK           ;
;  PC[12]               ; CLOCK      ; 6.660 ; 6.660 ; Rise       ; CLOCK           ;
;  PC[13]               ; CLOCK      ; 6.334 ; 6.334 ; Rise       ; CLOCK           ;
;  PC[14]               ; CLOCK      ; 6.334 ; 6.334 ; Rise       ; CLOCK           ;
;  PC[15]               ; CLOCK      ; 5.924 ; 5.924 ; Rise       ; CLOCK           ;
;  PC[16]               ; CLOCK      ; 6.274 ; 6.274 ; Rise       ; CLOCK           ;
;  PC[17]               ; CLOCK      ; 6.578 ; 6.578 ; Rise       ; CLOCK           ;
;  PC[18]               ; CLOCK      ; 6.421 ; 6.421 ; Rise       ; CLOCK           ;
;  PC[19]               ; CLOCK      ; 6.338 ; 6.338 ; Rise       ; CLOCK           ;
;  PC[20]               ; CLOCK      ; 6.220 ; 6.220 ; Rise       ; CLOCK           ;
;  PC[21]               ; CLOCK      ; 6.419 ; 6.419 ; Rise       ; CLOCK           ;
;  PC[22]               ; CLOCK      ; 6.320 ; 6.320 ; Rise       ; CLOCK           ;
;  PC[23]               ; CLOCK      ; 6.126 ; 6.126 ; Rise       ; CLOCK           ;
;  PC[24]               ; CLOCK      ; 6.577 ; 6.577 ; Rise       ; CLOCK           ;
;  PC[25]               ; CLOCK      ; 6.326 ; 6.326 ; Rise       ; CLOCK           ;
;  PC[26]               ; CLOCK      ; 6.006 ; 6.006 ; Rise       ; CLOCK           ;
;  PC[27]               ; CLOCK      ; 6.150 ; 6.150 ; Rise       ; CLOCK           ;
;  PC[28]               ; CLOCK      ; 6.341 ; 6.341 ; Rise       ; CLOCK           ;
;  PC[29]               ; CLOCK      ; 6.472 ; 6.472 ; Rise       ; CLOCK           ;
;  PC[30]               ; CLOCK      ; 6.511 ; 6.511 ; Rise       ; CLOCK           ;
;  PC[31]               ; CLOCK      ; 6.595 ; 6.595 ; Rise       ; CLOCK           ;
; A_BUS[*]              ; CLOCK      ; 4.623 ; 4.623 ; Fall       ; CLOCK           ;
;  A_BUS[0]             ; CLOCK      ; 5.119 ; 5.119 ; Fall       ; CLOCK           ;
;  A_BUS[1]             ; CLOCK      ; 4.905 ; 4.905 ; Fall       ; CLOCK           ;
;  A_BUS[2]             ; CLOCK      ; 5.531 ; 5.531 ; Fall       ; CLOCK           ;
;  A_BUS[3]             ; CLOCK      ; 5.301 ; 5.301 ; Fall       ; CLOCK           ;
;  A_BUS[4]             ; CLOCK      ; 5.298 ; 5.298 ; Fall       ; CLOCK           ;
;  A_BUS[5]             ; CLOCK      ; 5.684 ; 5.684 ; Fall       ; CLOCK           ;
;  A_BUS[6]             ; CLOCK      ; 5.359 ; 5.359 ; Fall       ; CLOCK           ;
;  A_BUS[7]             ; CLOCK      ; 4.623 ; 4.623 ; Fall       ; CLOCK           ;
;  A_BUS[8]             ; CLOCK      ; 5.339 ; 5.339 ; Fall       ; CLOCK           ;
;  A_BUS[9]             ; CLOCK      ; 5.217 ; 5.217 ; Fall       ; CLOCK           ;
;  A_BUS[10]            ; CLOCK      ; 5.437 ; 5.437 ; Fall       ; CLOCK           ;
;  A_BUS[11]            ; CLOCK      ; 5.353 ; 5.353 ; Fall       ; CLOCK           ;
;  A_BUS[12]            ; CLOCK      ; 5.613 ; 5.613 ; Fall       ; CLOCK           ;
;  A_BUS[13]            ; CLOCK      ; 5.266 ; 5.266 ; Fall       ; CLOCK           ;
;  A_BUS[14]            ; CLOCK      ; 5.010 ; 5.010 ; Fall       ; CLOCK           ;
;  A_BUS[15]            ; CLOCK      ; 5.174 ; 5.174 ; Fall       ; CLOCK           ;
;  A_BUS[16]            ; CLOCK      ; 5.583 ; 5.583 ; Fall       ; CLOCK           ;
;  A_BUS[17]            ; CLOCK      ; 5.270 ; 5.270 ; Fall       ; CLOCK           ;
;  A_BUS[18]            ; CLOCK      ; 5.156 ; 5.156 ; Fall       ; CLOCK           ;
;  A_BUS[19]            ; CLOCK      ; 5.564 ; 5.564 ; Fall       ; CLOCK           ;
;  A_BUS[20]            ; CLOCK      ; 4.881 ; 4.881 ; Fall       ; CLOCK           ;
;  A_BUS[21]            ; CLOCK      ; 4.873 ; 4.873 ; Fall       ; CLOCK           ;
;  A_BUS[22]            ; CLOCK      ; 4.872 ; 4.872 ; Fall       ; CLOCK           ;
;  A_BUS[23]            ; CLOCK      ; 5.004 ; 5.004 ; Fall       ; CLOCK           ;
;  A_BUS[24]            ; CLOCK      ; 5.127 ; 5.127 ; Fall       ; CLOCK           ;
;  A_BUS[25]            ; CLOCK      ; 5.011 ; 5.011 ; Fall       ; CLOCK           ;
;  A_BUS[26]            ; CLOCK      ; 5.032 ; 5.032 ; Fall       ; CLOCK           ;
;  A_BUS[27]            ; CLOCK      ; 5.076 ; 5.076 ; Fall       ; CLOCK           ;
;  A_BUS[28]            ; CLOCK      ; 5.085 ; 5.085 ; Fall       ; CLOCK           ;
;  A_BUS[29]            ; CLOCK      ; 5.072 ; 5.072 ; Fall       ; CLOCK           ;
;  A_BUS[30]            ; CLOCK      ; 5.320 ; 5.320 ; Fall       ; CLOCK           ;
;  A_BUS[31]            ; CLOCK      ; 5.128 ; 5.128 ; Fall       ; CLOCK           ;
; B_BUS[*]              ; CLOCK      ; 5.186 ; 5.186 ; Fall       ; CLOCK           ;
;  B_BUS[0]             ; CLOCK      ; 5.512 ; 5.512 ; Fall       ; CLOCK           ;
;  B_BUS[1]             ; CLOCK      ; 5.579 ; 5.579 ; Fall       ; CLOCK           ;
;  B_BUS[2]             ; CLOCK      ; 5.780 ; 5.780 ; Fall       ; CLOCK           ;
;  B_BUS[3]             ; CLOCK      ; 5.630 ; 5.630 ; Fall       ; CLOCK           ;
;  B_BUS[4]             ; CLOCK      ; 5.983 ; 5.983 ; Fall       ; CLOCK           ;
;  B_BUS[5]             ; CLOCK      ; 5.639 ; 5.639 ; Fall       ; CLOCK           ;
;  B_BUS[6]             ; CLOCK      ; 5.676 ; 5.676 ; Fall       ; CLOCK           ;
;  B_BUS[7]             ; CLOCK      ; 5.186 ; 5.186 ; Fall       ; CLOCK           ;
;  B_BUS[8]             ; CLOCK      ; 5.208 ; 5.208 ; Fall       ; CLOCK           ;
;  B_BUS[9]             ; CLOCK      ; 5.926 ; 5.926 ; Fall       ; CLOCK           ;
;  B_BUS[10]            ; CLOCK      ; 5.611 ; 5.611 ; Fall       ; CLOCK           ;
;  B_BUS[11]            ; CLOCK      ; 5.305 ; 5.305 ; Fall       ; CLOCK           ;
;  B_BUS[12]            ; CLOCK      ; 5.365 ; 5.365 ; Fall       ; CLOCK           ;
;  B_BUS[13]            ; CLOCK      ; 5.431 ; 5.431 ; Fall       ; CLOCK           ;
;  B_BUS[14]            ; CLOCK      ; 5.811 ; 5.811 ; Fall       ; CLOCK           ;
;  B_BUS[15]            ; CLOCK      ; 5.869 ; 5.869 ; Fall       ; CLOCK           ;
;  B_BUS[16]            ; CLOCK      ; 5.743 ; 5.743 ; Fall       ; CLOCK           ;
;  B_BUS[17]            ; CLOCK      ; 5.552 ; 5.552 ; Fall       ; CLOCK           ;
;  B_BUS[18]            ; CLOCK      ; 5.586 ; 5.586 ; Fall       ; CLOCK           ;
;  B_BUS[19]            ; CLOCK      ; 5.679 ; 5.679 ; Fall       ; CLOCK           ;
;  B_BUS[20]            ; CLOCK      ; 5.718 ; 5.718 ; Fall       ; CLOCK           ;
;  B_BUS[21]            ; CLOCK      ; 5.229 ; 5.229 ; Fall       ; CLOCK           ;
;  B_BUS[22]            ; CLOCK      ; 5.630 ; 5.630 ; Fall       ; CLOCK           ;
;  B_BUS[23]            ; CLOCK      ; 5.222 ; 5.222 ; Fall       ; CLOCK           ;
;  B_BUS[24]            ; CLOCK      ; 5.295 ; 5.295 ; Fall       ; CLOCK           ;
;  B_BUS[25]            ; CLOCK      ; 5.368 ; 5.368 ; Fall       ; CLOCK           ;
;  B_BUS[26]            ; CLOCK      ; 5.847 ; 5.847 ; Fall       ; CLOCK           ;
;  B_BUS[27]            ; CLOCK      ; 5.448 ; 5.448 ; Fall       ; CLOCK           ;
;  B_BUS[28]            ; CLOCK      ; 5.931 ; 5.931 ; Fall       ; CLOCK           ;
;  B_BUS[29]            ; CLOCK      ; 5.678 ; 5.678 ; Fall       ; CLOCK           ;
;  B_BUS[30]            ; CLOCK      ; 6.038 ; 6.038 ; Fall       ; CLOCK           ;
;  B_BUS[31]            ; CLOCK      ; 5.748 ; 5.748 ; Fall       ; CLOCK           ;
; MIR[*]                ; CLOCK      ; 4.084 ; 4.084 ; Fall       ; CLOCK           ;
;  MIR[0]               ; CLOCK      ; 4.232 ; 4.232 ; Fall       ; CLOCK           ;
;  MIR[1]               ; CLOCK      ; 4.229 ; 4.229 ; Fall       ; CLOCK           ;
;  MIR[2]               ; CLOCK      ; 4.384 ; 4.384 ; Fall       ; CLOCK           ;
;  MIR[3]               ; CLOCK      ; 4.243 ; 4.243 ; Fall       ; CLOCK           ;
;  MIR[4]               ; CLOCK      ; 4.247 ; 4.247 ; Fall       ; CLOCK           ;
;  MIR[5]               ; CLOCK      ; 4.106 ; 4.106 ; Fall       ; CLOCK           ;
;  MIR[6]               ; CLOCK      ; 4.635 ; 4.635 ; Fall       ; CLOCK           ;
;  MIR[7]               ; CLOCK      ; 4.361 ; 4.361 ; Fall       ; CLOCK           ;
;  MIR[8]               ; CLOCK      ; 4.176 ; 4.176 ; Fall       ; CLOCK           ;
;  MIR[9]               ; CLOCK      ; 4.170 ; 4.170 ; Fall       ; CLOCK           ;
;  MIR[10]              ; CLOCK      ; 4.504 ; 4.504 ; Fall       ; CLOCK           ;
;  MIR[11]              ; CLOCK      ; 4.732 ; 4.732 ; Fall       ; CLOCK           ;
;  MIR[12]              ; CLOCK      ; 4.159 ; 4.159 ; Fall       ; CLOCK           ;
;  MIR[13]              ; CLOCK      ; 4.361 ; 4.361 ; Fall       ; CLOCK           ;
;  MIR[14]              ; CLOCK      ; 4.390 ; 4.390 ; Fall       ; CLOCK           ;
;  MIR[15]              ; CLOCK      ; 4.084 ; 4.084 ; Fall       ; CLOCK           ;
;  MIR[16]              ; CLOCK      ; 4.233 ; 4.233 ; Fall       ; CLOCK           ;
;  MIR[17]              ; CLOCK      ; 4.666 ; 4.666 ; Fall       ; CLOCK           ;
;  MIR[18]              ; CLOCK      ; 4.120 ; 4.120 ; Fall       ; CLOCK           ;
;  MIR[19]              ; CLOCK      ; 4.556 ; 4.556 ; Fall       ; CLOCK           ;
;  MIR[20]              ; CLOCK      ; 4.497 ; 4.497 ; Fall       ; CLOCK           ;
;  MIR[21]              ; CLOCK      ; 4.299 ; 4.299 ; Fall       ; CLOCK           ;
;  MIR[22]              ; CLOCK      ; 4.533 ; 4.533 ; Fall       ; CLOCK           ;
;  MIR[23]              ; CLOCK      ; 4.245 ; 4.245 ; Fall       ; CLOCK           ;
;  MIR[24]              ; CLOCK      ; 4.323 ; 4.323 ; Fall       ; CLOCK           ;
;  MIR[25]              ; CLOCK      ; 4.256 ; 4.256 ; Fall       ; CLOCK           ;
;  MIR[26]              ; CLOCK      ; 4.235 ; 4.235 ; Fall       ; CLOCK           ;
;  MIR[27]              ; CLOCK      ; 4.408 ; 4.408 ; Fall       ; CLOCK           ;
;  MIR[28]              ; CLOCK      ; 4.376 ; 4.376 ; Fall       ; CLOCK           ;
;  MIR[29]              ; CLOCK      ; 4.509 ; 4.509 ; Fall       ; CLOCK           ;
;  MIR[30]              ; CLOCK      ; 4.348 ; 4.348 ; Fall       ; CLOCK           ;
;  MIR[31]              ; CLOCK      ; 4.230 ; 4.230 ; Fall       ; CLOCK           ;
;  MIR[32]              ; CLOCK      ; 4.374 ; 4.374 ; Fall       ; CLOCK           ;
;  MIR[33]              ; CLOCK      ; 4.551 ; 4.551 ; Fall       ; CLOCK           ;
;  MIR[34]              ; CLOCK      ; 4.407 ; 4.407 ; Fall       ; CLOCK           ;
;  MIR[35]              ; CLOCK      ; 4.535 ; 4.535 ; Fall       ; CLOCK           ;
; MPC[*]                ; CLOCK      ; 4.511 ; 4.511 ; Fall       ; CLOCK           ;
;  MPC[0]               ; CLOCK      ; 4.889 ; 4.889 ; Fall       ; CLOCK           ;
;  MPC[1]               ; CLOCK      ; 4.973 ; 4.973 ; Fall       ; CLOCK           ;
;  MPC[2]               ; CLOCK      ; 5.187 ; 5.187 ; Fall       ; CLOCK           ;
;  MPC[3]               ; CLOCK      ; 4.836 ; 4.836 ; Fall       ; CLOCK           ;
;  MPC[4]               ; CLOCK      ; 4.511 ; 4.511 ; Fall       ; CLOCK           ;
;  MPC[5]               ; CLOCK      ; 4.940 ; 4.940 ; Fall       ; CLOCK           ;
;  MPC[6]               ; CLOCK      ; 4.755 ; 4.755 ; Fall       ; CLOCK           ;
;  MPC[7]               ; CLOCK      ; 4.729 ; 4.729 ; Fall       ; CLOCK           ;
;  MPC[8]               ; CLOCK      ; 5.460 ; 5.460 ; Fall       ; CLOCK           ;
+-----------------------+------------+-------+-------+------------+-----------------+


+-------------------------------------------------------------------+
; Setup Transfers                                                   ;
+------------+----------+----------+----------+----------+----------+
; From Clock ; To Clock ; RR Paths ; FR Paths ; RF Paths ; FF Paths ;
+------------+----------+----------+----------+----------+----------+
; CLOCK      ; CLOCK    ; 136558   ; 652717   ; 40       ; 402      ;
+------------+----------+----------+----------+----------+----------+
Entries labeled "false path" only account for clock-to-clock false paths and not path-based false paths. As a result, actual path counts may be lower than reported.


+-------------------------------------------------------------------+
; Hold Transfers                                                    ;
+------------+----------+----------+----------+----------+----------+
; From Clock ; To Clock ; RR Paths ; FR Paths ; RF Paths ; FF Paths ;
+------------+----------+----------+----------+----------+----------+
; CLOCK      ; CLOCK    ; 136558   ; 652717   ; 40       ; 402      ;
+------------+----------+----------+----------+----------+----------+
Entries labeled "false path" only account for clock-to-clock false paths and not path-based false paths. As a result, actual path counts may be lower than reported.


---------------
; Report TCCS ;
---------------
No dedicated SERDES Transmitter circuitry present in device or used in design


---------------
; Report RSKM ;
---------------
No dedicated SERDES Receiver circuitry present in device or used in design


+------------------------------------------------+
; Unconstrained Paths                            ;
+---------------------------------+-------+------+
; Property                        ; Setup ; Hold ;
+---------------------------------+-------+------+
; Illegal Clocks                  ; 0     ; 0    ;
; Unconstrained Clocks            ; 0     ; 0    ;
; Unconstrained Input Ports       ; 41    ; 41   ;
; Unconstrained Input Port Paths  ; 352   ; 352  ;
; Unconstrained Output Ports      ; 246   ; 246  ;
; Unconstrained Output Port Paths ; 5920  ; 5920 ;
+---------------------------------+-------+------+


+------------------------------------+
; TimeQuest Timing Analyzer Messages ;
+------------------------------------+
Info: *******************************************************************
Info: Running Quartus II 64-Bit TimeQuest Timing Analyzer
    Info: Version 13.0.1 Build 232 06/12/2013 Service Pack 1 SJ Web Edition
    Info: Processing started: Thu Dec 12 18:02:18 2024
Info: Command: quartus_sta mic1 -c mic1
Info: qsta_default_script.tcl version: #1
Warning (20028): Parallel compilation is not licensed and has been disabled
Critical Warning (332012): Synopsys Design Constraints File file not found: 'mic1.sdc'. A Synopsys Design Constraints File is required by the TimeQuest Timing Analyzer to get proper timing constraints. Without it, the Compiler will not properly optimize the design.
Info (332142): No user constrained base clocks found in the design. Calling "derive_clocks -period 1.0"
Info (332105): Deriving Clocks
    Info (332105): create_clock -period 1.000 -name CLOCK CLOCK
Info: Found TIMEQUEST_REPORT_SCRIPT_INCLUDE_DEFAULT_ANALYSIS = ON
Info: Analyzing Slow Model
Critical Warning (332148): Timing requirements not met
Info (332146): Worst-case setup slack is -21.646
    Info (332119):     Slack End Point TNS Clock 
    Info (332119): ========= ============= =====================
    Info (332119):   -21.646     -4086.032 CLOCK 
Info (332146): Worst-case hold slack is -2.349
    Info (332119):     Slack End Point TNS Clock 
    Info (332119): ========= ============= =====================
    Info (332119):    -2.349       -77.210 CLOCK 
Info (332140): No Recovery paths to report
Info (332140): No Removal paths to report
Info (332146): Worst-case minimum pulse width slack is -1.423
    Info (332119):     Slack End Point TNS Clock 
    Info (332119): ========= ============= =====================
    Info (332119):    -1.423      -515.292 CLOCK 
Info (332001): The selected device family is not supported by the report_metastability command.
Info: Analyzing Fast Model
Critical Warning (332148): Timing requirements not met
Info (332146): Worst-case setup slack is -8.932
    Info (332119):     Slack End Point TNS Clock 
    Info (332119): ========= ============= =====================
    Info (332119):    -8.932     -1616.191 CLOCK 
Info (332146): Worst-case hold slack is -1.009
    Info (332119):     Slack End Point TNS Clock 
    Info (332119): ========= ============= =====================
    Info (332119):    -1.009       -26.835 CLOCK 
Info (332140): No Recovery paths to report
Info (332140): No Removal paths to report
Info (332146): Worst-case minimum pulse width slack is -1.423
    Info (332119):     Slack End Point TNS Clock 
    Info (332119): ========= ============= =====================
    Info (332119):    -1.423      -515.292 CLOCK 
Info (332001): The selected device family is not supported by the report_metastability command.
Info (332102): Design is not fully constrained for setup requirements
Info (332102): Design is not fully constrained for hold requirements
Info: Quartus II 64-Bit TimeQuest Timing Analyzer was successful. 0 errors, 4 warnings
    Info: Peak virtual memory: 4561 megabytes
    Info: Processing ended: Thu Dec 12 18:02:20 2024
    Info: Elapsed time: 00:00:02
    Info: Total CPU time (on all processors): 00:00:02


