Fitter report for mic1
Thu Dec 12 18:02:13 2024
Quartus II 64-Bit Version 13.0.1 Build 232 06/12/2013 Service Pack 1 SJ Web Edition


---------------------
; Table of Contents ;
---------------------
  1. Legal Notice
  2. Fitter Summary
  3. Fitter Settings
  4. Parallel Compilation
  5. Incremental Compilation Preservation Summary
  6. Incremental Compilation Partition Settings
  7. Incremental Compilation Placement Preservation
  8. Pin-Out File
  9. Fitter Resource Usage Summary
 10. Fitter Partition Statistics
 11. Input Pins
 12. Output Pins
 13. I/O Bank Usage
 14. All Package Pins
 15. Output Pin Default Load For Reported TCO
 16. Fitter Resource Utilization by Entity
 17. Delay Chain Summary
 18. Pad To Core Delay Chain Fanout
 19. Control Signals
 20. Global & Other Fast Signals
 21. Non-Global High Fan-Out Signals
 22. Fitter RAM Summary
 23. Other Routing Usage Summary
 24. LAB Logic Elements
 25. LAB-wide Signals
 26. LAB Signals Sourced
 27. LAB Signals Sourced Out
 28. LAB Distinct Inputs
 29. Fitter Device Options
 30. Operating Settings and Conditions
 31. Estimated Delay Added for Hold Timing Summary
 32. Estimated Delay Added for Hold Timing Details
 33. Fitter Messages
 34. Fitter Suppressed Messages



----------------
; Legal Notice ;
----------------
Copyright (C) 1991-2013 Altera Corporation
Your use of Altera Corporation's design tools, logic functions 
and other software and tools, and its AMPP partner logic 
functions, and any output files from any of the foregoing 
(including device programming or simulation files), and any 
associated documentation or information are expressly subject 
to the terms and conditions of the Altera Program License 
Subscription Agreement, Altera MegaCore Function License 
Agreement, or other applicable license agreement, including, 
without limitation, that your use is for the sole purpose of 
programming logic devices manufactured by Altera and sold by 
Altera or its authorized distributors.  Please refer to the 
applicable agreement for further details.



+--------------------------------------------------------------------------------------+
; Fitter Summary                                                                       ;
+------------------------------------+-------------------------------------------------+
; Fitter Status                      ; Successful - Thu Dec 12 18:02:13 2024           ;
; Quartus II 64-Bit Version          ; 13.0.1 Build 232 06/12/2013 SP 1 SJ Web Edition ;
; Revision Name                      ; mic1                                            ;
; Top-level Entity Name              ; ULA                                             ;
; Family                             ; Cyclone II                                      ;
; Device                             ; EP2C35F672C6                                    ;
; Timing Models                      ; Final                                           ;
; Total logic elements               ; 607 / 33,216 ( 2 % )                            ;
;     Total combinational functions  ; 502 / 33,216 ( 2 % )                            ;
;     Dedicated logic registers      ; 309 / 33,216 ( < 1 % )                          ;
; Total registers                    ; 309                                             ;
; Total pins                         ; 288 / 475 ( 61 % )                              ;
; Total virtual pins                 ; 0                                               ;
; Total memory bits                  ; 18,432 / 483,840 ( 4 % )                        ;
; Embedded Multiplier 9-bit elements ; 0 / 70 ( 0 % )                                  ;
; Total PLLs                         ; 0 / 4 ( 0 % )                                   ;
+------------------------------------+-------------------------------------------------+


+----------------------------------------------------------------------------------------------------------------------------------------------+
; Fitter Settings                                                                                                                              ;
+----------------------------------------------------------------------------+--------------------------------+--------------------------------+
; Option                                                                     ; Setting                        ; Default Value                  ;
+----------------------------------------------------------------------------+--------------------------------+--------------------------------+
; Device                                                                     ; AUTO                           ;                                ;
; Fit Attempts to Skip                                                       ; 0                              ; 0.0                            ;
; Use smart compilation                                                      ; Off                            ; Off                            ;
; Enable parallel Assembler and TimeQuest Timing Analyzer during compilation ; On                             ; On                             ;
; Enable compact report table                                                ; Off                            ; Off                            ;
; Auto Merge PLLs                                                            ; On                             ; On                             ;
; Ignore PLL Mode When Merging PLLs                                          ; Off                            ; Off                            ;
; Router Timing Optimization Level                                           ; Normal                         ; Normal                         ;
; Placement Effort Multiplier                                                ; 1.0                            ; 1.0                            ;
; Router Effort Multiplier                                                   ; 1.0                            ; 1.0                            ;
; Always Enable Input Buffers                                                ; Off                            ; Off                            ;
; Optimize Hold Timing                                                       ; IO Paths and Minimum TPD Paths ; IO Paths and Minimum TPD Paths ;
; Optimize Multi-Corner Timing                                               ; On                             ; On                             ;
; PowerPlay Power Optimization                                               ; Normal compilation             ; Normal compilation             ;
; Optimize Timing                                                            ; Normal compilation             ; Normal compilation             ;
; Optimize Timing for ECOs                                                   ; Off                            ; Off                            ;
; Regenerate full fit report during ECO compiles                             ; Off                            ; Off                            ;
; Optimize IOC Register Placement for Timing                                 ; Normal                         ; Normal                         ;
; Limit to One Fitting Attempt                                               ; Off                            ; Off                            ;
; Final Placement Optimizations                                              ; Automatically                  ; Automatically                  ;
; Fitter Aggressive Routability Optimizations                                ; Automatically                  ; Automatically                  ;
; Fitter Initial Placement Seed                                              ; 1                              ; 1                              ;
; PCI I/O                                                                    ; Off                            ; Off                            ;
; Weak Pull-Up Resistor                                                      ; Off                            ; Off                            ;
; Enable Bus-Hold Circuitry                                                  ; Off                            ; Off                            ;
; Auto Global Memory Control Signals                                         ; Off                            ; Off                            ;
; Auto Packed Registers                                                      ; Auto                           ; Auto                           ;
; Auto Delay Chains                                                          ; On                             ; On                             ;
; Auto Delay Chains for High Fanout Input Pins                               ; Off                            ; Off                            ;
; Perform Physical Synthesis for Combinational Logic for Fitting             ; Off                            ; Off                            ;
; Perform Physical Synthesis for Combinational Logic for Performance         ; Off                            ; Off                            ;
; Perform Register Duplication for Performance                               ; Off                            ; Off                            ;
; Perform Logic to Memory Mapping for Fitting                                ; Off                            ; Off                            ;
; Perform Register Retiming for Performance                                  ; Off                            ; Off                            ;
; Perform Asynchronous Signal Pipelining                                     ; Off                            ; Off                            ;
; Fitter Effort                                                              ; Auto Fit                       ; Auto Fit                       ;
; Physical Synthesis Effort Level                                            ; Normal                         ; Normal                         ;
; Auto Global Clock                                                          ; On                             ; On                             ;
; Auto Global Register Control Signals                                       ; On                             ; On                             ;
; Force Fitter to Avoid Periphery Placement Warnings                         ; Off                            ; Off                            ;
+----------------------------------------------------------------------------+--------------------------------+--------------------------------+


Parallel compilation was disabled, but you have multiple processors available. Enable parallel compilation to reduce compilation time.
+-------------------------------------+
; Parallel Compilation                ;
+----------------------------+--------+
; Processors                 ; Number ;
+----------------------------+--------+
; Number detected on machine ; 4      ;
; Maximum allowed            ; 1      ;
+----------------------------+--------+


+----------------------------------------------+
; Incremental Compilation Preservation Summary ;
+---------------------+------------------------+
; Type                ; Value                  ;
+---------------------+------------------------+
; Placement (by node) ;                        ;
;     -- Requested    ; 0 / 1152 ( 0.00 % )    ;
;     -- Achieved     ; 0 / 1152 ( 0.00 % )    ;
;                     ;                        ;
; Routing (by net)    ;                        ;
;     -- Requested    ; 0 / 0 ( 0.00 % )       ;
;     -- Achieved     ; 0 / 0 ( 0.00 % )       ;
+---------------------+------------------------+


+----------------------------------------------------------------------------------------------------------------------------------------------------------------------------------------+
; Incremental Compilation Partition Settings                                                                                                                                             ;
+--------------------------------+----------------+-------------------+-------------------------+------------------------+------------------------------+--------------------------------+
; Partition Name                 ; Partition Type ; Netlist Type Used ; Preservation Level Used ; Netlist Type Requested ; Preservation Level Requested ; Contents                       ;
+--------------------------------+----------------+-------------------+-------------------------+------------------------+------------------------------+--------------------------------+
; Top                            ; User-created   ; Source File       ; N/A                     ; Source File            ; N/A                          ;                                ;
; hard_block:auto_generated_inst ; Auto-generated ; Source File       ; N/A                     ; Source File            ; N/A                          ; hard_block:auto_generated_inst ;
+--------------------------------+----------------+-------------------+-------------------------+------------------------+------------------------------+--------------------------------+


+------------------------------------------------------------------------------------------------------------+
; Incremental Compilation Placement Preservation                                                             ;
+--------------------------------+---------+-------------------+-------------------------+-------------------+
; Partition Name                 ; # Nodes ; # Preserved Nodes ; Preservation Level Used ; Netlist Type Used ;
+--------------------------------+---------+-------------------+-------------------------+-------------------+
; Top                            ; 1149    ; 0                 ; N/A                     ; Source File       ;
; hard_block:auto_generated_inst ; 3       ; 0                 ; N/A                     ; Source File       ;
+--------------------------------+---------+-------------------+-------------------------+-------------------+


+--------------+
; Pin-Out File ;
+--------------+
The pin-out file can be found in C:/Users/grego/Desktop/anderson/MIC-1/output_files/mic1.pin.


+------------------------------------------------------------------------+
; Fitter Resource Usage Summary                                          ;
+---------------------------------------------+--------------------------+
; Resource                                    ; Usage                    ;
+---------------------------------------------+--------------------------+
; Total logic elements                        ; 607 / 33,216 ( 2 % )     ;
;     -- Combinational with no register       ; 298                      ;
;     -- Register only                        ; 105                      ;
;     -- Combinational with a register        ; 204                      ;
;                                             ;                          ;
; Logic element usage by number of LUT inputs ;                          ;
;     -- 4 input functions                    ; 344                      ;
;     -- 3 input functions                    ; 136                      ;
;     -- <=2 input functions                  ; 22                       ;
;     -- Register only                        ; 105                      ;
;                                             ;                          ;
; Logic elements by mode                      ;                          ;
;     -- normal mode                          ; 502                      ;
;     -- arithmetic mode                      ; 0                        ;
;                                             ;                          ;
; Total registers*                            ; 309 / 34,593 ( < 1 % )   ;
;     -- Dedicated logic registers            ; 309 / 33,216 ( < 1 % )   ;
;     -- I/O registers                        ; 0 / 1,377 ( 0 % )        ;
;                                             ;                          ;
; Total LABs:  partially or completely used   ; 62 / 2,076 ( 3 % )       ;
; Virtual pins                                ; 0                        ;
; I/O pins                                    ; 288 / 475 ( 61 % )       ;
;     -- Clock pins                           ; 2 / 8 ( 25 % )           ;
;                                             ;                          ;
; Global signals                              ; 13                       ;
; M4Ks                                        ; 4 / 105 ( 4 % )          ;
; Total block memory bits                     ; 18,432 / 483,840 ( 4 % ) ;
; Total block memory implementation bits      ; 18,432 / 483,840 ( 4 % ) ;
; Embedded Multiplier 9-bit elements          ; 0 / 70 ( 0 % )           ;
; PLLs                                        ; 0 / 4 ( 0 % )            ;
; Global clocks                               ; 13 / 16 ( 81 % )         ;
; JTAGs                                       ; 0 / 1 ( 0 % )            ;
; ASMI blocks                                 ; 0 / 1 ( 0 % )            ;
; CRC blocks                                  ; 0 / 1 ( 0 % )            ;
; Average interconnect usage (total/H/V)      ; 2% / 2% / 2%             ;
; Peak interconnect usage (total/H/V)         ; 12% / 10% / 15%          ;
; Maximum fan-out                             ; 316                      ;
; Highest non-global fan-out                  ; 95                       ;
; Total fan-out                               ; 3028                     ;
; Average fan-out                             ; 2.56                     ;
+---------------------------------------------+--------------------------+
*  Register count does not include registers inside RAM blocks or DSP blocks.



+------------------------------------------------------------------------------------------------------+
; Fitter Partition Statistics                                                                          ;
+---------------------------------------------+-----------------------+--------------------------------+
; Statistic                                   ; Top                   ; hard_block:auto_generated_inst ;
+---------------------------------------------+-----------------------+--------------------------------+
; Difficulty Clustering Region                ; Low                   ; Low                            ;
;                                             ;                       ;                                ;
; Total logic elements                        ; 607 / 33216 ( 2 % )   ; 0 / 33216 ( 0 % )              ;
;     -- Combinational with no register       ; 298                   ; 0                              ;
;     -- Register only                        ; 105                   ; 0                              ;
;     -- Combinational with a register        ; 204                   ; 0                              ;
;                                             ;                       ;                                ;
; Logic element usage by number of LUT inputs ;                       ;                                ;
;     -- 4 input functions                    ; 344                   ; 0                              ;
;     -- 3 input functions                    ; 136                   ; 0                              ;
;     -- <=2 input functions                  ; 22                    ; 0                              ;
;     -- Register only                        ; 105                   ; 0                              ;
;                                             ;                       ;                                ;
; Logic elements by mode                      ;                       ;                                ;
;     -- normal mode                          ; 502                   ; 0                              ;
;     -- arithmetic mode                      ; 0                     ; 0                              ;
;                                             ;                       ;                                ;
; Total registers                             ; 309                   ; 0                              ;
;     -- Dedicated logic registers            ; 309 / 33216 ( < 1 % ) ; 0 / 33216 ( 0 % )              ;
;                                             ;                       ;                                ;
; Total LABs:  partially or completely used   ; 62 / 2076 ( 3 % )     ; 0 / 2076 ( 0 % )               ;
;                                             ;                       ;                                ;
; Virtual pins                                ; 0                     ; 0                              ;
; I/O pins                                    ; 288                   ; 0                              ;
; Embedded Multiplier 9-bit elements          ; 0 / 70 ( 0 % )        ; 0 / 70 ( 0 % )                 ;
; Total memory bits                           ; 18432                 ; 0                              ;
; Total RAM block bits                        ; 18432                 ; 0                              ;
; M4K                                         ; 4 / 105 ( 3 % )       ; 0 / 105 ( 0 % )                ;
; Clock control block                         ; 13 / 20 ( 65 % )      ; 0 / 20 ( 0 % )                 ;
;                                             ;                       ;                                ;
; Connections                                 ;                       ;                                ;
;     -- Input Connections                    ; 0                     ; 0                              ;
;     -- Registered Input Connections         ; 0                     ; 0                              ;
;     -- Output Connections                   ; 0                     ; 0                              ;
;     -- Registered Output Connections        ; 0                     ; 0                              ;
;                                             ;                       ;                                ;
; Internal Connections                        ;                       ;                                ;
;     -- Total Connections                    ; 3142                  ; 0                              ;
;     -- Registered Connections               ; 879                   ; 0                              ;
;                                             ;                       ;                                ;
; External Connections                        ;                       ;                                ;
;     -- Top                                  ; 0                     ; 0                              ;
;     -- hard_block:auto_generated_inst       ; 0                     ; 0                              ;
;                                             ;                       ;                                ;
; Partition Interface                         ;                       ;                                ;
;     -- Input Ports                          ; 42                    ; 0                              ;
;     -- Output Ports                         ; 246                   ; 0                              ;
;     -- Bidir Ports                          ; 0                     ; 0                              ;
;                                             ;                       ;                                ;
; Registered Ports                            ;                       ;                                ;
;     -- Registered Input Ports               ; 0                     ; 0                              ;
;     -- Registered Output Ports              ; 0                     ; 0                              ;
;                                             ;                       ;                                ;
; Port Connectivity                           ;                       ;                                ;
;     -- Input Ports driven by GND            ; 0                     ; 0                              ;
;     -- Output Ports driven by GND           ; 0                     ; 0                              ;
;     -- Input Ports driven by VCC            ; 0                     ; 0                              ;
;     -- Output Ports driven by VCC           ; 0                     ; 0                              ;
;     -- Input Ports with no Source           ; 0                     ; 0                              ;
;     -- Output Ports with no Source          ; 0                     ; 0                              ;
;     -- Input Ports with no Fanout           ; 0                     ; 0                              ;
;     -- Output Ports with no Fanout          ; 0                     ; 0                              ;
+---------------------------------------------+-----------------------+--------------------------------+


+-----------------------------------------------------------------------------------------------------------------------------------------------------------------------------------------------------------------------------------------------------------------------+
; Input Pins                                                                                                                                                                                                                                                            ;
+-----------------+-------+----------+--------------+--------------+-------------+-----------------------+--------------------+--------+----------------+---------------+-----------------+----------+--------------+--------------+-------------+----------------------+
; Name            ; Pin # ; I/O Bank ; X coordinate ; Y coordinate ; Cell number ; Combinational Fan-Out ; Registered Fan-Out ; Global ; Input Register ; Power Up High ; PCI I/O Enabled ; Bus Hold ; Weak Pull Up ; I/O Standard ; Termination ; Location assigned by ;
+-----------------+-------+----------+--------------+--------------+-------------+-----------------------+--------------------+--------+----------------+---------------+-----------------+----------+--------------+--------------+-------------+----------------------+
; CLOCK           ; P2    ; 1        ; 0            ; 18           ; 2           ; 15                    ; 0                  ; yes    ; no             ; no            ; no              ; no       ; Off          ; 3.3-V LVTTL  ; Off         ; Fitter               ;
; DATA_MEM_IN[0]  ; H12   ; 3        ; 18           ; 36           ; 2           ; 1                     ; 0                  ; no     ; no             ; no            ; no              ; no       ; Off          ; 3.3-V LVTTL  ; Off         ; Fitter               ;
; DATA_MEM_IN[10] ; D5    ; 3        ; 5            ; 36           ; 2           ; 1                     ; 0                  ; no     ; no             ; no            ; no              ; no       ; Off          ; 3.3-V LVTTL  ; Off         ; Fitter               ;
; DATA_MEM_IN[11] ; L3    ; 2        ; 0            ; 24           ; 4           ; 1                     ; 0                  ; no     ; no             ; no            ; no              ; no       ; Off          ; 3.3-V LVTTL  ; Off         ; Fitter               ;
; DATA_MEM_IN[12] ; J5    ; 2        ; 0            ; 31           ; 0           ; 1                     ; 0                  ; no     ; no             ; no            ; no              ; no       ; Off          ; 3.3-V LVTTL  ; Off         ; Fitter               ;
; DATA_MEM_IN[13] ; M21   ; 5        ; 65           ; 21           ; 3           ; 1                     ; 0                  ; no     ; no             ; no            ; no              ; no       ; Off          ; 3.3-V LVTTL  ; Off         ; Fitter               ;
; DATA_MEM_IN[14] ; AC14  ; 7        ; 35           ; 0            ; 1           ; 1                     ; 0                  ; no     ; no             ; no            ; no              ; no       ; Off          ; 3.3-V LVTTL  ; Off         ; Fitter               ;
; DATA_MEM_IN[15] ; L6    ; 2        ; 0            ; 24           ; 1           ; 1                     ; 0                  ; no     ; no             ; no            ; no              ; no       ; Off          ; 3.3-V LVTTL  ; Off         ; Fitter               ;
; DATA_MEM_IN[16] ; D1    ; 2        ; 0            ; 32           ; 3           ; 1                     ; 0                  ; no     ; no             ; no            ; no              ; no       ; Off          ; 3.3-V LVTTL  ; Off         ; Fitter               ;
; DATA_MEM_IN[17] ; Y15   ; 7        ; 37           ; 0            ; 0           ; 1                     ; 0                  ; no     ; no             ; no            ; no              ; no       ; Off          ; 3.3-V LVTTL  ; Off         ; Fitter               ;
; DATA_MEM_IN[18] ; AF18  ; 7        ; 46           ; 0            ; 1           ; 1                     ; 0                  ; no     ; no             ; no            ; no              ; no       ; Off          ; 3.3-V LVTTL  ; Off         ; Fitter               ;
; DATA_MEM_IN[19] ; AE16  ; 7        ; 40           ; 0            ; 0           ; 1                     ; 0                  ; no     ; no             ; no            ; no              ; no       ; Off          ; 3.3-V LVTTL  ; Off         ; Fitter               ;
; DATA_MEM_IN[1]  ; L7    ; 2        ; 0            ; 24           ; 0           ; 1                     ; 0                  ; no     ; no             ; no            ; no              ; no       ; Off          ; 3.3-V LVTTL  ; Off         ; Fitter               ;
; DATA_MEM_IN[20] ; AA13  ; 7        ; 35           ; 0            ; 0           ; 1                     ; 0                  ; no     ; no             ; no            ; no              ; no       ; Off          ; 3.3-V LVTTL  ; Off         ; Fitter               ;
; DATA_MEM_IN[21] ; AC17  ; 7        ; 44           ; 0            ; 1           ; 1                     ; 0                  ; no     ; no             ; no            ; no              ; no       ; Off          ; 3.3-V LVTTL  ; Off         ; Fitter               ;
; DATA_MEM_IN[22] ; C8    ; 3        ; 14           ; 36           ; 2           ; 1                     ; 0                  ; no     ; no             ; no            ; no              ; no       ; Off          ; 3.3-V LVTTL  ; Off         ; Fitter               ;
; DATA_MEM_IN[23] ; V11   ; 8        ; 29           ; 0            ; 3           ; 1                     ; 0                  ; no     ; no             ; no            ; no              ; no       ; Off          ; 3.3-V LVTTL  ; Off         ; Fitter               ;
; DATA_MEM_IN[24] ; W15   ; 7        ; 42           ; 0            ; 1           ; 1                     ; 0                  ; no     ; no             ; no            ; no              ; no       ; Off          ; 3.3-V LVTTL  ; Off         ; Fitter               ;
; DATA_MEM_IN[25] ; G5    ; 2        ; 0            ; 33           ; 3           ; 1                     ; 0                  ; no     ; no             ; no            ; no              ; no       ; Off          ; 3.3-V LVTTL  ; Off         ; Fitter               ;
; DATA_MEM_IN[26] ; A21   ; 4        ; 59           ; 36           ; 1           ; 1                     ; 0                  ; no     ; no             ; no            ; no              ; no       ; Off          ; 3.3-V LVTTL  ; Off         ; Fitter               ;
; DATA_MEM_IN[27] ; B21   ; 4        ; 59           ; 36           ; 0           ; 1                     ; 0                  ; no     ; no             ; no            ; no              ; no       ; Off          ; 3.3-V LVTTL  ; Off         ; Fitter               ;
; DATA_MEM_IN[28] ; K5    ; 2        ; 0            ; 30           ; 3           ; 1                     ; 0                  ; no     ; no             ; no            ; no              ; no       ; Off          ; 3.3-V LVTTL  ; Off         ; Fitter               ;
; DATA_MEM_IN[29] ; A17   ; 4        ; 42           ; 36           ; 1           ; 1                     ; 0                  ; no     ; no             ; no            ; no              ; no       ; Off          ; 3.3-V LVTTL  ; Off         ; Fitter               ;
; DATA_MEM_IN[2]  ; E18   ; 4        ; 50           ; 36           ; 0           ; 1                     ; 0                  ; no     ; no             ; no            ; no              ; no       ; Off          ; 3.3-V LVTTL  ; Off         ; Fitter               ;
; DATA_MEM_IN[30] ; H19   ; 5        ; 65           ; 26           ; 4           ; 1                     ; 0                  ; no     ; no             ; no            ; no              ; no       ; Off          ; 3.3-V LVTTL  ; Off         ; Fitter               ;
; DATA_MEM_IN[31] ; H25   ; 5        ; 65           ; 26           ; 2           ; 1                     ; 0                  ; no     ; no             ; no            ; no              ; no       ; Off          ; 3.3-V LVTTL  ; Off         ; Fitter               ;
; DATA_MEM_IN[3]  ; G2    ; 2        ; 0            ; 28           ; 3           ; 1                     ; 0                  ; no     ; no             ; no            ; no              ; no       ; Off          ; 3.3-V LVTTL  ; Off         ; Fitter               ;
; DATA_MEM_IN[4]  ; J8    ; 2        ; 0            ; 31           ; 1           ; 1                     ; 0                  ; no     ; no             ; no            ; no              ; no       ; Off          ; 3.3-V LVTTL  ; Off         ; Fitter               ;
; DATA_MEM_IN[5]  ; D8    ; 3        ; 14           ; 36           ; 3           ; 1                     ; 0                  ; no     ; no             ; no            ; no              ; no       ; Off          ; 3.3-V LVTTL  ; Off         ; Fitter               ;
; DATA_MEM_IN[6]  ; M20   ; 5        ; 65           ; 21           ; 1           ; 1                     ; 0                  ; no     ; no             ; no            ; no              ; no       ; Off          ; 3.3-V LVTTL  ; Off         ; Fitter               ;
; DATA_MEM_IN[7]  ; U4    ; 1        ; 0            ; 12           ; 1           ; 1                     ; 0                  ; no     ; no             ; no            ; no              ; no       ; Off          ; 3.3-V LVTTL  ; Off         ; Fitter               ;
; DATA_MEM_IN[8]  ; L9    ; 2        ; 0            ; 24           ; 2           ; 1                     ; 0                  ; no     ; no             ; no            ; no              ; no       ; Off          ; 3.3-V LVTTL  ; Off         ; Fitter               ;
; DATA_MEM_IN[9]  ; Y14   ; 7        ; 37           ; 0            ; 1           ; 1                     ; 0                  ; no     ; no             ; no            ; no              ; no       ; Off          ; 3.3-V LVTTL  ; Off         ; Fitter               ;
; LOADN           ; N25   ; 5        ; 65           ; 19           ; 0           ; 1                     ; 0                  ; yes    ; no             ; no            ; no              ; no       ; Off          ; 3.3-V LVTTL  ; Off         ; Fitter               ;
; PROG_MEM_IN[0]  ; R7    ; 1        ; 0            ; 14           ; 1           ; 2                     ; 0                  ; no     ; no             ; no            ; no              ; no       ; Off          ; 3.3-V LVTTL  ; Off         ; Fitter               ;
; PROG_MEM_IN[1]  ; U2    ; 1        ; 0            ; 13           ; 0           ; 2                     ; 0                  ; no     ; no             ; no            ; no              ; no       ; Off          ; 3.3-V LVTTL  ; Off         ; Fitter               ;
; PROG_MEM_IN[2]  ; AE11  ; 8        ; 27           ; 0            ; 2           ; 2                     ; 0                  ; no     ; no             ; no            ; no              ; no       ; Off          ; 3.3-V LVTTL  ; Off         ; Fitter               ;
; PROG_MEM_IN[3]  ; L2    ; 2        ; 0            ; 24           ; 3           ; 2                     ; 0                  ; no     ; no             ; no            ; no              ; no       ; Off          ; 3.3-V LVTTL  ; Off         ; Fitter               ;
; PROG_MEM_IN[4]  ; Y11   ; 8        ; 16           ; 0            ; 2           ; 2                     ; 0                  ; no     ; no             ; no            ; no              ; no       ; Off          ; 3.3-V LVTTL  ; Off         ; Fitter               ;
; PROG_MEM_IN[5]  ; AA1   ; 1        ; 0            ; 8            ; 3           ; 2                     ; 0                  ; no     ; no             ; no            ; no              ; no       ; Off          ; 3.3-V LVTTL  ; Off         ; Fitter               ;
; PROG_MEM_IN[6]  ; Y1    ; 1        ; 0            ; 9            ; 3           ; 2                     ; 0                  ; no     ; no             ; no            ; no              ; no       ; Off          ; 3.3-V LVTTL  ; Off         ; Fitter               ;
; PROG_MEM_IN[7]  ; U7    ; 1        ; 0            ; 10           ; 3           ; 2                     ; 0                  ; no     ; no             ; no            ; no              ; no       ; Off          ; 3.3-V LVTTL  ; Off         ; Fitter               ;
+-----------------+-------+----------+--------------+--------------+-------------+-----------------------+--------------------+--------+----------------+---------------+-----------------+----------+--------------+--------------+-------------+----------------------+


+-----------------------------------------------------------------------------------------------------------------------------------------------------------------------------------------------------------------------------------------------------------------------------------------------------------------------------------------------------+
; Output Pins                                                                                                                                                                                                                                                                                                                                         ;
+-----------------------+-------+----------+--------------+--------------+-------------+-----------------+------------------------+---------------+-----------------+------------+---------------+----------+--------------+--------------+------------------+-------------+----------------------+------+----------------------+---------------------+
; Name                  ; Pin # ; I/O Bank ; X coordinate ; Y coordinate ; Cell number ; Output Register ; Output Enable Register ; Power Up High ; PCI I/O Enabled ; Open Drain ; TRI Primitive ; Bus Hold ; Weak Pull Up ; I/O Standard ; Current Strength ; Termination ; Location assigned by ; Load ; Output Enable Source ; Output Enable Group ;
+-----------------------+-------+----------+--------------+--------------+-------------+-----------------+------------------------+---------------+-----------------+------------+---------------+----------+--------------+--------------+------------------+-------------+----------------------+------+----------------------+---------------------+
; A_BUS[0]              ; L19   ; 5        ; 65           ; 23           ; 3           ; no              ; no                     ; no            ; no              ; no         ; no            ; no       ; Off          ; 3.3-V LVTTL  ; 24mA             ; Off         ; Fitter               ; 0 pF ; -                    ; -                   ;
; A_BUS[10]             ; E1    ; 2        ; 0            ; 30           ; 1           ; no              ; no                     ; no            ; no              ; no         ; no            ; no       ; Off          ; 3.3-V LVTTL  ; 24mA             ; Off         ; Fitter               ; 0 pF ; -                    ; -                   ;
; A_BUS[11]             ; K8    ; 2        ; 0            ; 29           ; 2           ; no              ; no                     ; no            ; no              ; no         ; no            ; no       ; Off          ; 3.3-V LVTTL  ; 24mA             ; Off         ; Fitter               ; 0 pF ; -                    ; -                   ;
; A_BUS[12]             ; B23   ; 4        ; 61           ; 36           ; 0           ; no              ; no                     ; no            ; no              ; no         ; no            ; no       ; Off          ; 3.3-V LVTTL  ; 24mA             ; Off         ; Fitter               ; 0 pF ; -                    ; -                   ;
; A_BUS[13]             ; G11   ; 3        ; 22           ; 36           ; 1           ; no              ; no                     ; no            ; no              ; no         ; no            ; no       ; Off          ; 3.3-V LVTTL  ; 24mA             ; Off         ; Fitter               ; 0 pF ; -                    ; -                   ;
; A_BUS[14]             ; D11   ; 3        ; 22           ; 36           ; 0           ; no              ; no                     ; no            ; no              ; no         ; no            ; no       ; Off          ; 3.3-V LVTTL  ; 24mA             ; Off         ; Fitter               ; 0 pF ; -                    ; -                   ;
; A_BUS[15]             ; D10   ; 3        ; 20           ; 36           ; 0           ; no              ; no                     ; no            ; no              ; no         ; no            ; no       ; Off          ; 3.3-V LVTTL  ; 24mA             ; Off         ; Fitter               ; 0 pF ; -                    ; -                   ;
; A_BUS[16]             ; F18   ; 4        ; 50           ; 36           ; 3           ; no              ; no                     ; no            ; no              ; no         ; no            ; no       ; Off          ; 3.3-V LVTTL  ; 24mA             ; Off         ; Fitter               ; 0 pF ; -                    ; -                   ;
; A_BUS[17]             ; K23   ; 5        ; 65           ; 25           ; 3           ; no              ; no                     ; no            ; no              ; no         ; no            ; no       ; Off          ; 3.3-V LVTTL  ; 24mA             ; Off         ; Fitter               ; 0 pF ; -                    ; -                   ;
; A_BUS[18]             ; L25   ; 5        ; 65           ; 23           ; 2           ; no              ; no                     ; no            ; no              ; no         ; no            ; no       ; Off          ; 3.3-V LVTTL  ; 24mA             ; Off         ; Fitter               ; 0 pF ; -                    ; -                   ;
; A_BUS[19]             ; AD17  ; 7        ; 44           ; 0            ; 0           ; no              ; no                     ; no            ; no              ; no         ; no            ; no       ; Off          ; 3.3-V LVTTL  ; 24mA             ; Off         ; Fitter               ; 0 pF ; -                    ; -                   ;
; A_BUS[1]              ; D12   ; 3        ; 24           ; 36           ; 2           ; no              ; no                     ; no            ; no              ; no         ; no            ; no       ; Off          ; 3.3-V LVTTL  ; 24mA             ; Off         ; Fitter               ; 0 pF ; -                    ; -                   ;
; A_BUS[20]             ; C10   ; 3        ; 20           ; 36           ; 1           ; no              ; no                     ; no            ; no              ; no         ; no            ; no       ; Off          ; 3.3-V LVTTL  ; 24mA             ; Off         ; Fitter               ; 0 pF ; -                    ; -                   ;
; A_BUS[21]             ; C11   ; 3        ; 29           ; 36           ; 3           ; no              ; no                     ; no            ; no              ; no         ; no            ; no       ; Off          ; 3.3-V LVTTL  ; 24mA             ; Off         ; Fitter               ; 0 pF ; -                    ; -                   ;
; A_BUS[22]             ; F14   ; 4        ; 35           ; 36           ; 3           ; no              ; no                     ; no            ; no              ; no         ; no            ; no       ; Off          ; 3.3-V LVTTL  ; 24mA             ; Off         ; Fitter               ; 0 pF ; -                    ; -                   ;
; A_BUS[23]             ; G13   ; 4        ; 35           ; 36           ; 0           ; no              ; no                     ; no            ; no              ; no         ; no            ; no       ; Off          ; 3.3-V LVTTL  ; 24mA             ; Off         ; Fitter               ; 0 pF ; -                    ; -                   ;
; A_BUS[24]             ; F13   ; 4        ; 35           ; 36           ; 1           ; no              ; no                     ; no            ; no              ; no         ; no            ; no       ; Off          ; 3.3-V LVTTL  ; 24mA             ; Off         ; Fitter               ; 0 pF ; -                    ; -                   ;
; A_BUS[25]             ; J11   ; 3        ; 27           ; 36           ; 0           ; no              ; no                     ; no            ; no              ; no         ; no            ; no       ; Off          ; 3.3-V LVTTL  ; 24mA             ; Off         ; Fitter               ; 0 pF ; -                    ; -                   ;
; A_BUS[26]             ; G14   ; 4        ; 35           ; 36           ; 2           ; no              ; no                     ; no            ; no              ; no         ; no            ; no       ; Off          ; 3.3-V LVTTL  ; 24mA             ; Off         ; Fitter               ; 0 pF ; -                    ; -                   ;
; A_BUS[27]             ; C15   ; 4        ; 37           ; 36           ; 3           ; no              ; no                     ; no            ; no              ; no         ; no            ; no       ; Off          ; 3.3-V LVTTL  ; 24mA             ; Off         ; Fitter               ; 0 pF ; -                    ; -                   ;
; A_BUS[28]             ; B14   ; 4        ; 33           ; 36           ; 2           ; no              ; no                     ; no            ; no              ; no         ; no            ; no       ; Off          ; 3.3-V LVTTL  ; 24mA             ; Off         ; Fitter               ; 0 pF ; -                    ; -                   ;
; A_BUS[29]             ; A14   ; 4        ; 33           ; 36           ; 1           ; no              ; no                     ; no            ; no              ; no         ; no            ; no       ; Off          ; 3.3-V LVTTL  ; 24mA             ; Off         ; Fitter               ; 0 pF ; -                    ; -                   ;
; A_BUS[2]              ; AF6   ; 8        ; 11           ; 0            ; 1           ; no              ; no                     ; no            ; no              ; no         ; no            ; no       ; Off          ; 3.3-V LVTTL  ; 24mA             ; Off         ; Fitter               ; 0 pF ; -                    ; -                   ;
; A_BUS[30]             ; B16   ; 4        ; 37           ; 36           ; 1           ; no              ; no                     ; no            ; no              ; no         ; no            ; no       ; Off          ; 3.3-V LVTTL  ; 24mA             ; Off         ; Fitter               ; 0 pF ; -                    ; -                   ;
; A_BUS[31]             ; B15   ; 4        ; 37           ; 36           ; 2           ; no              ; no                     ; no            ; no              ; no         ; no            ; no       ; Off          ; 3.3-V LVTTL  ; 24mA             ; Off         ; Fitter               ; 0 pF ; -                    ; -                   ;
; A_BUS[3]              ; D15   ; 4        ; 40           ; 36           ; 2           ; no              ; no                     ; no            ; no              ; no         ; no            ; no       ; Off          ; 3.3-V LVTTL  ; 24mA             ; Off         ; Fitter               ; 0 pF ; -                    ; -                   ;
; A_BUS[4]              ; G3    ; 2        ; 0            ; 29           ; 0           ; no              ; no                     ; no            ; no              ; no         ; no            ; no       ; Off          ; 3.3-V LVTTL  ; 24mA             ; Off         ; Fitter               ; 0 pF ; -                    ; -                   ;
; A_BUS[5]              ; AC15  ; 7        ; 40           ; 0            ; 1           ; no              ; no                     ; no            ; no              ; no         ; no            ; no       ; Off          ; 3.3-V LVTTL  ; 24mA             ; Off         ; Fitter               ; 0 pF ; -                    ; -                   ;
; A_BUS[6]              ; J17   ; 4        ; 48           ; 36           ; 0           ; no              ; no                     ; no            ; no              ; no         ; no            ; no       ; Off          ; 3.3-V LVTTL  ; 24mA             ; Off         ; Fitter               ; 0 pF ; -                    ; -                   ;
; A_BUS[7]              ; B12   ; 3        ; 29           ; 36           ; 0           ; no              ; no                     ; no            ; no              ; no         ; no            ; no       ; Off          ; 3.3-V LVTTL  ; 24mA             ; Off         ; Fitter               ; 0 pF ; -                    ; -                   ;
; A_BUS[8]              ; B10   ; 3        ; 22           ; 36           ; 3           ; no              ; no                     ; no            ; no              ; no         ; no            ; no       ; Off          ; 3.3-V LVTTL  ; 24mA             ; Off         ; Fitter               ; 0 pF ; -                    ; -                   ;
; A_BUS[9]              ; A10   ; 3        ; 22           ; 36           ; 2           ; no              ; no                     ; no            ; no              ; no         ; no            ; no       ; Off          ; 3.3-V LVTTL  ; 24mA             ; Off         ; Fitter               ; 0 pF ; -                    ; -                   ;
; B_BUS[0]              ; V4    ; 1        ; 0            ; 11           ; 2           ; no              ; no                     ; no            ; no              ; no         ; yes           ; no       ; Off          ; 3.3-V LVTTL  ; 24mA             ; Off         ; Fitter               ; 0 pF ; -                    ; -                   ;
; B_BUS[10]             ; D2    ; 2        ; 0            ; 32           ; 2           ; no              ; no                     ; no            ; no              ; no         ; yes           ; no       ; Off          ; 3.3-V LVTTL  ; 24mA             ; Off         ; Fitter               ; 0 pF ; -                    ; -                   ;
; B_BUS[11]             ; K4    ; 2        ; 0            ; 26           ; 2           ; no              ; no                     ; no            ; no              ; no         ; yes           ; no       ; Off          ; 3.3-V LVTTL  ; 24mA             ; Off         ; Fitter               ; 0 pF ; -                    ; -                   ;
; B_BUS[12]             ; M4    ; 2        ; 0            ; 23           ; 1           ; no              ; no                     ; no            ; no              ; no         ; yes           ; no       ; Off          ; 3.3-V LVTTL  ; 24mA             ; Off         ; Fitter               ; 0 pF ; -                    ; -                   ;
; B_BUS[13]             ; M2    ; 2        ; 0            ; 23           ; 4           ; no              ; no                     ; no            ; no              ; no         ; yes           ; no       ; Off          ; 3.3-V LVTTL  ; 24mA             ; Off         ; Fitter               ; 0 pF ; -                    ; -                   ;
; B_BUS[14]             ; H8    ; 3        ; 7            ; 36           ; 2           ; no              ; no                     ; no            ; no              ; no         ; yes           ; no       ; Off          ; 3.3-V LVTTL  ; 24mA             ; Off         ; Fitter               ; 0 pF ; -                    ; -                   ;
; B_BUS[15]             ; J9    ; 3        ; 5            ; 36           ; 0           ; no              ; no                     ; no            ; no              ; no         ; yes           ; no       ; Off          ; 3.3-V LVTTL  ; 24mA             ; Off         ; Fitter               ; 0 pF ; -                    ; -                   ;
; B_BUS[16]             ; F3    ; 2        ; 0            ; 32           ; 0           ; no              ; no                     ; no            ; no              ; no         ; yes           ; no       ; Off          ; 3.3-V LVTTL  ; 24mA             ; Off         ; Fitter               ; 0 pF ; -                    ; -                   ;
; B_BUS[17]             ; V3    ; 1        ; 0            ; 11           ; 3           ; no              ; no                     ; no            ; no              ; no         ; yes           ; no       ; Off          ; 3.3-V LVTTL  ; 24mA             ; Off         ; Fitter               ; 0 pF ; -                    ; -                   ;
; B_BUS[18]             ; AF13  ; 8        ; 31           ; 0            ; 0           ; no              ; no                     ; no            ; no              ; no         ; yes           ; no       ; Off          ; 3.3-V LVTTL  ; 24mA             ; Off         ; Fitter               ; 0 pF ; -                    ; -                   ;
; B_BUS[19]             ; J4    ; 2        ; 0            ; 27           ; 2           ; no              ; no                     ; no            ; no              ; no         ; yes           ; no       ; Off          ; 3.3-V LVTTL  ; 24mA             ; Off         ; Fitter               ; 0 pF ; -                    ; -                   ;
; B_BUS[1]              ; T7    ; 1        ; 0            ; 11           ; 0           ; no              ; no                     ; no            ; no              ; no         ; yes           ; no       ; Off          ; 3.3-V LVTTL  ; 24mA             ; Off         ; Fitter               ; 0 pF ; -                    ; -                   ;
; B_BUS[20]             ; F7    ; 2        ; 0            ; 32           ; 4           ; no              ; no                     ; no            ; no              ; no         ; yes           ; no       ; Off          ; 3.3-V LVTTL  ; 24mA             ; Off         ; Fitter               ; 0 pF ; -                    ; -                   ;
; B_BUS[21]             ; V13   ; 8        ; 27           ; 0            ; 0           ; no              ; no                     ; no            ; no              ; no         ; yes           ; no       ; Off          ; 3.3-V LVTTL  ; 24mA             ; Off         ; Fitter               ; 0 pF ; -                    ; -                   ;
; B_BUS[22]             ; E8    ; 3        ; 7            ; 36           ; 3           ; no              ; no                     ; no            ; no              ; no         ; yes           ; no       ; Off          ; 3.3-V LVTTL  ; 24mA             ; Off         ; Fitter               ; 0 pF ; -                    ; -                   ;
; B_BUS[23]             ; V14   ; 8        ; 27           ; 0            ; 1           ; no              ; no                     ; no            ; no              ; no         ; yes           ; no       ; Off          ; 3.3-V LVTTL  ; 24mA             ; Off         ; Fitter               ; 0 pF ; -                    ; -                   ;
; B_BUS[24]             ; AD12  ; 8        ; 31           ; 0            ; 3           ; no              ; no                     ; no            ; no              ; no         ; yes           ; no       ; Off          ; 3.3-V LVTTL  ; 24mA             ; Off         ; Fitter               ; 0 pF ; -                    ; -                   ;
; B_BUS[25]             ; H4    ; 2        ; 0            ; 27           ; 0           ; no              ; no                     ; no            ; no              ; no         ; yes           ; no       ; Off          ; 3.3-V LVTTL  ; 24mA             ; Off         ; Fitter               ; 0 pF ; -                    ; -                   ;
; B_BUS[26]             ; M5    ; 2        ; 0            ; 23           ; 2           ; no              ; no                     ; no            ; no              ; no         ; yes           ; no       ; Off          ; 3.3-V LVTTL  ; 24mA             ; Off         ; Fitter               ; 0 pF ; -                    ; -                   ;
; B_BUS[27]             ; L10   ; 2        ; 0            ; 23           ; 0           ; no              ; no                     ; no            ; no              ; no         ; yes           ; no       ; Off          ; 3.3-V LVTTL  ; 24mA             ; Off         ; Fitter               ; 0 pF ; -                    ; -                   ;
; B_BUS[28]             ; C3    ; 2        ; 0            ; 33           ; 2           ; no              ; no                     ; no            ; no              ; no         ; yes           ; no       ; Off          ; 3.3-V LVTTL  ; 24mA             ; Off         ; Fitter               ; 0 pF ; -                    ; -                   ;
; B_BUS[29]             ; J1    ; 2        ; 0            ; 26           ; 1           ; no              ; no                     ; no            ; no              ; no         ; yes           ; no       ; Off          ; 3.3-V LVTTL  ; 24mA             ; Off         ; Fitter               ; 0 pF ; -                    ; -                   ;
; B_BUS[2]              ; C7    ; 3        ; 9            ; 36           ; 0           ; no              ; no                     ; no            ; no              ; no         ; yes           ; no       ; Off          ; 3.3-V LVTTL  ; 24mA             ; Off         ; Fitter               ; 0 pF ; -                    ; -                   ;
; B_BUS[30]             ; F4    ; 2        ; 0            ; 32           ; 1           ; no              ; no                     ; no            ; no              ; no         ; yes           ; no       ; Off          ; 3.3-V LVTTL  ; 24mA             ; Off         ; Fitter               ; 0 pF ; -                    ; -                   ;
; B_BUS[31]             ; AE13  ; 8        ; 31           ; 0            ; 1           ; no              ; no                     ; no            ; no              ; no         ; yes           ; no       ; Off          ; 3.3-V LVTTL  ; 24mA             ; Off         ; Fitter               ; 0 pF ; -                    ; -                   ;
; B_BUS[3]              ; D7    ; 3        ; 9            ; 36           ; 1           ; no              ; no                     ; no            ; no              ; no         ; yes           ; no       ; Off          ; 3.3-V LVTTL  ; 24mA             ; Off         ; Fitter               ; 0 pF ; -                    ; -                   ;
; B_BUS[4]              ; K9    ; 3        ; 5            ; 36           ; 1           ; no              ; no                     ; no            ; no              ; no         ; yes           ; no       ; Off          ; 3.3-V LVTTL  ; 24mA             ; Off         ; Fitter               ; 0 pF ; -                    ; -                   ;
; B_BUS[5]              ; T3    ; 1        ; 0            ; 15           ; 3           ; no              ; no                     ; no            ; no              ; no         ; yes           ; no       ; Off          ; 3.3-V LVTTL  ; 24mA             ; Off         ; Fitter               ; 0 pF ; -                    ; -                   ;
; B_BUS[6]              ; J2    ; 2        ; 0            ; 26           ; 0           ; no              ; no                     ; no            ; no              ; no         ; yes           ; no       ; Off          ; 3.3-V LVTTL  ; 24mA             ; Off         ; Fitter               ; 0 pF ; -                    ; -                   ;
; B_BUS[7]              ; T6    ; 1        ; 0            ; 11           ; 1           ; no              ; no                     ; no            ; no              ; no         ; yes           ; no       ; Off          ; 3.3-V LVTTL  ; 24mA             ; Off         ; Fitter               ; 0 pF ; -                    ; -                   ;
; B_BUS[8]              ; J3    ; 2        ; 0            ; 27           ; 1           ; no              ; no                     ; no            ; no              ; no         ; yes           ; no       ; Off          ; 3.3-V LVTTL  ; 24mA             ; Off         ; Fitter               ; 0 pF ; -                    ; -                   ;
; B_BUS[9]              ; H2    ; 2        ; 0            ; 27           ; 3           ; no              ; no                     ; no            ; no              ; no         ; yes           ; no       ; Off          ; 3.3-V LVTTL  ; 24mA             ; Off         ; Fitter               ; 0 pF ; -                    ; -                   ;
; C_BUS[0]              ; L23   ; 5        ; 65           ; 23           ; 0           ; no              ; no                     ; no            ; no              ; no         ; no            ; no       ; Off          ; 3.3-V LVTTL  ; 24mA             ; Off         ; Fitter               ; 0 pF ; -                    ; -                   ;
; C_BUS[10]             ; B20   ; 4        ; 55           ; 36           ; 1           ; no              ; no                     ; no            ; no              ; no         ; no            ; no       ; Off          ; 3.3-V LVTTL  ; 24mA             ; Off         ; Fitter               ; 0 pF ; -                    ; -                   ;
; C_BUS[11]             ; A20   ; 4        ; 55           ; 36           ; 2           ; no              ; no                     ; no            ; no              ; no         ; no            ; no       ; Off          ; 3.3-V LVTTL  ; 24mA             ; Off         ; Fitter               ; 0 pF ; -                    ; -                   ;
; C_BUS[12]             ; D19   ; 4        ; 53           ; 36           ; 1           ; no              ; no                     ; no            ; no              ; no         ; no            ; no       ; Off          ; 3.3-V LVTTL  ; 24mA             ; Off         ; Fitter               ; 0 pF ; -                    ; -                   ;
; C_BUS[13]             ; G25   ; 5        ; 65           ; 27           ; 0           ; no              ; no                     ; no            ; no              ; no         ; no            ; no       ; Off          ; 3.3-V LVTTL  ; 24mA             ; Off         ; Fitter               ; 0 pF ; -                    ; -                   ;
; C_BUS[14]             ; A4    ; 3        ; 1            ; 36           ; 1           ; no              ; no                     ; no            ; no              ; no         ; no            ; no       ; Off          ; 3.3-V LVTTL  ; 24mA             ; Off         ; Fitter               ; 0 pF ; -                    ; -                   ;
; C_BUS[15]             ; F15   ; 4        ; 44           ; 36           ; 2           ; no              ; no                     ; no            ; no              ; no         ; no            ; no       ; Off          ; 3.3-V LVTTL  ; 24mA             ; Off         ; Fitter               ; 0 pF ; -                    ; -                   ;
; C_BUS[16]             ; E2    ; 2        ; 0            ; 30           ; 0           ; no              ; no                     ; no            ; no              ; no         ; no            ; no       ; Off          ; 3.3-V LVTTL  ; 24mA             ; Off         ; Fitter               ; 0 pF ; -                    ; -                   ;
; C_BUS[17]             ; D20   ; 4        ; 57           ; 36           ; 2           ; no              ; no                     ; no            ; no              ; no         ; no            ; no       ; Off          ; 3.3-V LVTTL  ; 24mA             ; Off         ; Fitter               ; 0 pF ; -                    ; -                   ;
; C_BUS[18]             ; J25   ; 5        ; 65           ; 24           ; 2           ; no              ; no                     ; no            ; no              ; no         ; no            ; no       ; Off          ; 3.3-V LVTTL  ; 24mA             ; Off         ; Fitter               ; 0 pF ; -                    ; -                   ;
; C_BUS[19]             ; H6    ; 2        ; 0            ; 31           ; 3           ; no              ; no                     ; no            ; no              ; no         ; no            ; no       ; Off          ; 3.3-V LVTTL  ; 24mA             ; Off         ; Fitter               ; 0 pF ; -                    ; -                   ;
; C_BUS[1]              ; B18   ; 4        ; 46           ; 36           ; 2           ; no              ; no                     ; no            ; no              ; no         ; no            ; no       ; Off          ; 3.3-V LVTTL  ; 24mA             ; Off         ; Fitter               ; 0 pF ; -                    ; -                   ;
; C_BUS[20]             ; G1    ; 2        ; 0            ; 28           ; 2           ; no              ; no                     ; no            ; no              ; no         ; no            ; no       ; Off          ; 3.3-V LVTTL  ; 24mA             ; Off         ; Fitter               ; 0 pF ; -                    ; -                   ;
; C_BUS[21]             ; C19   ; 4        ; 53           ; 36           ; 0           ; no              ; no                     ; no            ; no              ; no         ; no            ; no       ; Off          ; 3.3-V LVTTL  ; 24mA             ; Off         ; Fitter               ; 0 pF ; -                    ; -                   ;
; C_BUS[22]             ; E15   ; 4        ; 40           ; 36           ; 1           ; no              ; no                     ; no            ; no              ; no         ; no            ; no       ; Off          ; 3.3-V LVTTL  ; 24mA             ; Off         ; Fitter               ; 0 pF ; -                    ; -                   ;
; C_BUS[23]             ; H3    ; 2        ; 0            ; 28           ; 4           ; no              ; no                     ; no            ; no              ; no         ; no            ; no       ; Off          ; 3.3-V LVTTL  ; 24mA             ; Off         ; Fitter               ; 0 pF ; -                    ; -                   ;
; C_BUS[24]             ; L20   ; 5        ; 65           ; 24           ; 1           ; no              ; no                     ; no            ; no              ; no         ; no            ; no       ; Off          ; 3.3-V LVTTL  ; 24mA             ; Off         ; Fitter               ; 0 pF ; -                    ; -                   ;
; C_BUS[25]             ; A6    ; 3        ; 3            ; 36           ; 0           ; no              ; no                     ; no            ; no              ; no         ; no            ; no       ; Off          ; 3.3-V LVTTL  ; 24mA             ; Off         ; Fitter               ; 0 pF ; -                    ; -                   ;
; C_BUS[26]             ; L21   ; 5        ; 65           ; 24           ; 0           ; no              ; no                     ; no            ; no              ; no         ; no            ; no       ; Off          ; 3.3-V LVTTL  ; 24mA             ; Off         ; Fitter               ; 0 pF ; -                    ; -                   ;
; C_BUS[27]             ; J26   ; 5        ; 65           ; 24           ; 3           ; no              ; no                     ; no            ; no              ; no         ; no            ; no       ; Off          ; 3.3-V LVTTL  ; 24mA             ; Off         ; Fitter               ; 0 pF ; -                    ; -                   ;
; C_BUS[28]             ; H16   ; 4        ; 42           ; 36           ; 2           ; no              ; no                     ; no            ; no              ; no         ; no            ; no       ; Off          ; 3.3-V LVTTL  ; 24mA             ; Off         ; Fitter               ; 0 pF ; -                    ; -                   ;
; C_BUS[29]             ; K17   ; 4        ; 59           ; 36           ; 3           ; no              ; no                     ; no            ; no              ; no         ; no            ; no       ; Off          ; 3.3-V LVTTL  ; 24mA             ; Off         ; Fitter               ; 0 pF ; -                    ; -                   ;
; C_BUS[2]              ; J7    ; 2        ; 0            ; 31           ; 2           ; no              ; no                     ; no            ; no              ; no         ; no            ; no       ; Off          ; 3.3-V LVTTL  ; 24mA             ; Off         ; Fitter               ; 0 pF ; -                    ; -                   ;
; C_BUS[30]             ; J16   ; 4        ; 57           ; 36           ; 0           ; no              ; no                     ; no            ; no              ; no         ; no            ; no       ; Off          ; 3.3-V LVTTL  ; 24mA             ; Off         ; Fitter               ; 0 pF ; -                    ; -                   ;
; C_BUS[31]             ; C16   ; 4        ; 37           ; 36           ; 0           ; no              ; no                     ; no            ; no              ; no         ; no            ; no       ; Off          ; 3.3-V LVTTL  ; 24mA             ; Off         ; Fitter               ; 0 pF ; -                    ; -                   ;
; C_BUS[3]              ; B19   ; 4        ; 53           ; 36           ; 2           ; no              ; no                     ; no            ; no              ; no         ; no            ; no       ; Off          ; 3.3-V LVTTL  ; 24mA             ; Off         ; Fitter               ; 0 pF ; -                    ; -                   ;
; C_BUS[4]              ; H11   ; 3        ; 18           ; 36           ; 3           ; no              ; no                     ; no            ; no              ; no         ; no            ; no       ; Off          ; 3.3-V LVTTL  ; 24mA             ; Off         ; Fitter               ; 0 pF ; -                    ; -                   ;
; C_BUS[5]              ; G17   ; 4        ; 48           ; 36           ; 3           ; no              ; no                     ; no            ; no              ; no         ; no            ; no       ; Off          ; 3.3-V LVTTL  ; 24mA             ; Off         ; Fitter               ; 0 pF ; -                    ; -                   ;
; C_BUS[6]              ; D9    ; 3        ; 16           ; 36           ; 3           ; no              ; no                     ; no            ; no              ; no         ; no            ; no       ; Off          ; 3.3-V LVTTL  ; 24mA             ; Off         ; Fitter               ; 0 pF ; -                    ; -                   ;
; C_BUS[7]              ; H23   ; 5        ; 65           ; 27           ; 2           ; no              ; no                     ; no            ; no              ; no         ; no            ; no       ; Off          ; 3.3-V LVTTL  ; 24mA             ; Off         ; Fitter               ; 0 pF ; -                    ; -                   ;
; C_BUS[8]              ; A19   ; 4        ; 53           ; 36           ; 3           ; no              ; no                     ; no            ; no              ; no         ; no            ; no       ; Off          ; 3.3-V LVTTL  ; 24mA             ; Off         ; Fitter               ; 0 pF ; -                    ; -                   ;
; C_BUS[9]              ; E20   ; 4        ; 55           ; 36           ; 0           ; no              ; no                     ; no            ; no              ; no         ; no            ; no       ; Off          ; 3.3-V LVTTL  ; 24mA             ; Off         ; Fitter               ; 0 pF ; -                    ; -                   ;
; DATA_MEM_write_enable ; V6    ; 1        ; 0            ; 8            ; 1           ; no              ; no                     ; no            ; no              ; no         ; no            ; no       ; Off          ; 3.3-V LVTTL  ; 24mA             ; Off         ; Fitter               ; 0 pF ; -                    ; -                   ;
; DATA_MEN_ADDR[0]      ; N23   ; 5        ; 65           ; 20           ; 2           ; no              ; no                     ; no            ; no              ; no         ; no            ; no       ; Off          ; 3.3-V LVTTL  ; 24mA             ; Off         ; Fitter               ; 0 pF ; -                    ; -                   ;
; DATA_MEN_ADDR[10]     ; F6    ; 2        ; 0            ; 33           ; 0           ; no              ; no                     ; no            ; no              ; no         ; no            ; no       ; Off          ; 3.3-V LVTTL  ; 24mA             ; Off         ; Fitter               ; 0 pF ; -                    ; -                   ;
; DATA_MEN_ADDR[11]     ; C2    ; 2        ; 0            ; 33           ; 1           ; no              ; no                     ; no            ; no              ; no         ; no            ; no       ; Off          ; 3.3-V LVTTL  ; 24mA             ; Off         ; Fitter               ; 0 pF ; -                    ; -                   ;
; DATA_MEN_ADDR[12]     ; A22   ; 4        ; 61           ; 36           ; 2           ; no              ; no                     ; no            ; no              ; no         ; no            ; no       ; Off          ; 3.3-V LVTTL  ; 24mA             ; Off         ; Fitter               ; 0 pF ; -                    ; -                   ;
; DATA_MEN_ADDR[13]     ; D6    ; 3        ; 11           ; 36           ; 2           ; no              ; no                     ; no            ; no              ; no         ; no            ; no       ; Off          ; 3.3-V LVTTL  ; 24mA             ; Off         ; Fitter               ; 0 pF ; -                    ; -                   ;
; DATA_MEN_ADDR[14]     ; H15   ; 4        ; 42           ; 36           ; 3           ; no              ; no                     ; no            ; no              ; no         ; no            ; no       ; Off          ; 3.3-V LVTTL  ; 24mA             ; Off         ; Fitter               ; 0 pF ; -                    ; -                   ;
; DATA_MEN_ADDR[15]     ; K21   ; 5        ; 65           ; 25           ; 2           ; no              ; no                     ; no            ; no              ; no         ; no            ; no       ; Off          ; 3.3-V LVTTL  ; 24mA             ; Off         ; Fitter               ; 0 pF ; -                    ; -                   ;
; DATA_MEN_ADDR[16]     ; G18   ; 4        ; 50           ; 36           ; 2           ; no              ; no                     ; no            ; no              ; no         ; no            ; no       ; Off          ; 3.3-V LVTTL  ; 24mA             ; Off         ; Fitter               ; 0 pF ; -                    ; -                   ;
; DATA_MEN_ADDR[17]     ; M25   ; 5        ; 65           ; 20           ; 1           ; no              ; no                     ; no            ; no              ; no         ; no            ; no       ; Off          ; 3.3-V LVTTL  ; 24mA             ; Off         ; Fitter               ; 0 pF ; -                    ; -                   ;
; DATA_MEN_ADDR[18]     ; N24   ; 5        ; 65           ; 20           ; 3           ; no              ; no                     ; no            ; no              ; no         ; no            ; no       ; Off          ; 3.3-V LVTTL  ; 24mA             ; Off         ; Fitter               ; 0 pF ; -                    ; -                   ;
; DATA_MEN_ADDR[19]     ; AF17  ; 7        ; 44           ; 0            ; 3           ; no              ; no                     ; no            ; no              ; no         ; no            ; no       ; Off          ; 3.3-V LVTTL  ; 24mA             ; Off         ; Fitter               ; 0 pF ; -                    ; -                   ;
; DATA_MEN_ADDR[1]      ; AF7   ; 8        ; 16           ; 0            ; 0           ; no              ; no                     ; no            ; no              ; no         ; no            ; no       ; Off          ; 3.3-V LVTTL  ; 24mA             ; Off         ; Fitter               ; 0 pF ; -                    ; -                   ;
; DATA_MEN_ADDR[20]     ; K16   ; 4        ; 57           ; 36           ; 1           ; no              ; no                     ; no            ; no              ; no         ; no            ; no       ; Off          ; 3.3-V LVTTL  ; 24mA             ; Off         ; Fitter               ; 0 pF ; -                    ; -                   ;
; DATA_MEN_ADDR[21]     ; K19   ; 5        ; 65           ; 25           ; 1           ; no              ; no                     ; no            ; no              ; no         ; no            ; no       ; Off          ; 3.3-V LVTTL  ; 24mA             ; Off         ; Fitter               ; 0 pF ; -                    ; -                   ;
; DATA_MEN_ADDR[22]     ; B17   ; 4        ; 42           ; 36           ; 0           ; no              ; no                     ; no            ; no              ; no         ; no            ; no       ; Off          ; 3.3-V LVTTL  ; 24mA             ; Off         ; Fitter               ; 0 pF ; -                    ; -                   ;
; DATA_MEN_ADDR[23]     ; F16   ; 4        ; 44           ; 36           ; 1           ; no              ; no                     ; no            ; no              ; no         ; no            ; no       ; Off          ; 3.3-V LVTTL  ; 24mA             ; Off         ; Fitter               ; 0 pF ; -                    ; -                   ;
; DATA_MEN_ADDR[24]     ; J18   ; 4        ; 59           ; 36           ; 2           ; no              ; no                     ; no            ; no              ; no         ; no            ; no       ; Off          ; 3.3-V LVTTL  ; 24mA             ; Off         ; Fitter               ; 0 pF ; -                    ; -                   ;
; DATA_MEN_ADDR[25]     ; K25   ; 5        ; 65           ; 22           ; 0           ; no              ; no                     ; no            ; no              ; no         ; no            ; no       ; Off          ; 3.3-V LVTTL  ; 24mA             ; Off         ; Fitter               ; 0 pF ; -                    ; -                   ;
; DATA_MEN_ADDR[26]     ; R24   ; 6        ; 65           ; 17           ; 1           ; no              ; no                     ; no            ; no              ; no         ; no            ; no       ; Off          ; 3.3-V LVTTL  ; 24mA             ; Off         ; Fitter               ; 0 pF ; -                    ; -                   ;
; DATA_MEN_ADDR[27]     ; B5    ; 3        ; 3            ; 36           ; 2           ; no              ; no                     ; no            ; no              ; no         ; no            ; no       ; Off          ; 3.3-V LVTTL  ; 24mA             ; Off         ; Fitter               ; 0 pF ; -                    ; -                   ;
; DATA_MEN_ADDR[28]     ; J24   ; 5        ; 65           ; 26           ; 1           ; no              ; no                     ; no            ; no              ; no         ; no            ; no       ; Off          ; 3.3-V LVTTL  ; 24mA             ; Off         ; Fitter               ; 0 pF ; -                    ; -                   ;
; DATA_MEN_ADDR[29]     ; K24   ; 5        ; 65           ; 25           ; 4           ; no              ; no                     ; no            ; no              ; no         ; no            ; no       ; Off          ; 3.3-V LVTTL  ; 24mA             ; Off         ; Fitter               ; 0 pF ; -                    ; -                   ;
; DATA_MEN_ADDR[2]      ; AA9   ; 8        ; 11           ; 0            ; 0           ; no              ; no                     ; no            ; no              ; no         ; no            ; no       ; Off          ; 3.3-V LVTTL  ; 24mA             ; Off         ; Fitter               ; 0 pF ; -                    ; -                   ;
; DATA_MEN_ADDR[30]     ; L24   ; 5        ; 65           ; 23           ; 1           ; no              ; no                     ; no            ; no              ; no         ; no            ; no       ; Off          ; 3.3-V LVTTL  ; 24mA             ; Off         ; Fitter               ; 0 pF ; -                    ; -                   ;
; DATA_MEN_ADDR[31]     ; A5    ; 3        ; 3            ; 36           ; 3           ; no              ; no                     ; no            ; no              ; no         ; no            ; no       ; Off          ; 3.3-V LVTTL  ; 24mA             ; Off         ; Fitter               ; 0 pF ; -                    ; -                   ;
; DATA_MEN_ADDR[3]      ; M23   ; 5        ; 65           ; 22           ; 3           ; no              ; no                     ; no            ; no              ; no         ; no            ; no       ; Off          ; 3.3-V LVTTL  ; 24mA             ; Off         ; Fitter               ; 0 pF ; -                    ; -                   ;
; DATA_MEN_ADDR[4]      ; G6    ; 2        ; 0            ; 33           ; 4           ; no              ; no                     ; no            ; no              ; no         ; no            ; no       ; Off          ; 3.3-V LVTTL  ; 24mA             ; Off         ; Fitter               ; 0 pF ; -                    ; -                   ;
; DATA_MEN_ADDR[5]      ; AE17  ; 7        ; 44           ; 0            ; 2           ; no              ; no                     ; no            ; no              ; no         ; no            ; no       ; Off          ; 3.3-V LVTTL  ; 24mA             ; Off         ; Fitter               ; 0 pF ; -                    ; -                   ;
; DATA_MEN_ADDR[6]      ; D18   ; 4        ; 50           ; 36           ; 1           ; no              ; no                     ; no            ; no              ; no         ; no            ; no       ; Off          ; 3.3-V LVTTL  ; 24mA             ; Off         ; Fitter               ; 0 pF ; -                    ; -                   ;
; DATA_MEN_ADDR[7]      ; K18   ; 5        ; 65           ; 25           ; 0           ; no              ; no                     ; no            ; no              ; no         ; no            ; no       ; Off          ; 3.3-V LVTTL  ; 24mA             ; Off         ; Fitter               ; 0 pF ; -                    ; -                   ;
; DATA_MEN_ADDR[8]      ; K3    ; 2        ; 0            ; 26           ; 3           ; no              ; no                     ; no            ; no              ; no         ; no            ; no       ; Off          ; 3.3-V LVTTL  ; 24mA             ; Off         ; Fitter               ; 0 pF ; -                    ; -                   ;
; DATA_MEN_ADDR[9]      ; M22   ; 5        ; 65           ; 22           ; 2           ; no              ; no                     ; no            ; no              ; no         ; no            ; no       ; Off          ; 3.3-V LVTTL  ; 24mA             ; Off         ; Fitter               ; 0 pF ; -                    ; -                   ;
; DATA_MEN_OUT[0]       ; F9    ; 3        ; 9            ; 36           ; 2           ; no              ; no                     ; no            ; no              ; no         ; no            ; no       ; Off          ; 3.3-V LVTTL  ; 24mA             ; Off         ; Fitter               ; 0 pF ; -                    ; -                   ;
; DATA_MEN_OUT[10]      ; A9    ; 3        ; 20           ; 36           ; 2           ; no              ; no                     ; no            ; no              ; no         ; no            ; no       ; Off          ; 3.3-V LVTTL  ; 24mA             ; Off         ; Fitter               ; 0 pF ; -                    ; -                   ;
; DATA_MEN_OUT[11]      ; B6    ; 3        ; 3            ; 36           ; 1           ; no              ; no                     ; no            ; no              ; no         ; no            ; no       ; Off          ; 3.3-V LVTTL  ; 24mA             ; Off         ; Fitter               ; 0 pF ; -                    ; -                   ;
; DATA_MEN_OUT[12]      ; A8    ; 3        ; 16           ; 36           ; 0           ; no              ; no                     ; no            ; no              ; no         ; no            ; no       ; Off          ; 3.3-V LVTTL  ; 24mA             ; Off         ; Fitter               ; 0 pF ; -                    ; -                   ;
; DATA_MEN_OUT[13]      ; M19   ; 5        ; 65           ; 21           ; 0           ; no              ; no                     ; no            ; no              ; no         ; no            ; no       ; Off          ; 3.3-V LVTTL  ; 24mA             ; Off         ; Fitter               ; 0 pF ; -                    ; -                   ;
; DATA_MEN_OUT[14]      ; AC9   ; 8        ; 20           ; 0            ; 2           ; no              ; no                     ; no            ; no              ; no         ; no            ; no       ; Off          ; 3.3-V LVTTL  ; 24mA             ; Off         ; Fitter               ; 0 pF ; -                    ; -                   ;
; DATA_MEN_OUT[15]      ; G9    ; 3        ; 7            ; 36           ; 0           ; no              ; no                     ; no            ; no              ; no         ; no            ; no       ; Off          ; 3.3-V LVTTL  ; 24mA             ; Off         ; Fitter               ; 0 pF ; -                    ; -                   ;
; DATA_MEN_OUT[16]      ; F2    ; 2        ; 0            ; 28           ; 0           ; no              ; no                     ; no            ; no              ; no         ; no            ; no       ; Off          ; 3.3-V LVTTL  ; 24mA             ; Off         ; Fitter               ; 0 pF ; -                    ; -                   ;
; DATA_MEN_OUT[17]      ; AD15  ; 7        ; 35           ; 0            ; 2           ; no              ; no                     ; no            ; no              ; no         ; no            ; no       ; Off          ; 3.3-V LVTTL  ; 24mA             ; Off         ; Fitter               ; 0 pF ; -                    ; -                   ;
; DATA_MEN_OUT[18]      ; G16   ; 4        ; 44           ; 36           ; 0           ; no              ; no                     ; no            ; no              ; no         ; no            ; no       ; Off          ; 3.3-V LVTTL  ; 24mA             ; Off         ; Fitter               ; 0 pF ; -                    ; -                   ;
; DATA_MEN_OUT[19]      ; H10   ; 3        ; 7            ; 36           ; 1           ; no              ; no                     ; no            ; no              ; no         ; no            ; no       ; Off          ; 3.3-V LVTTL  ; 24mA             ; Off         ; Fitter               ; 0 pF ; -                    ; -                   ;
; DATA_MEN_OUT[1]       ; F11   ; 3        ; 18           ; 36           ; 1           ; no              ; no                     ; no            ; no              ; no         ; no            ; no       ; Off          ; 3.3-V LVTTL  ; 24mA             ; Off         ; Fitter               ; 0 pF ; -                    ; -                   ;
; DATA_MEN_OUT[20]      ; AB15  ; 7        ; 40           ; 0            ; 2           ; no              ; no                     ; no            ; no              ; no         ; no            ; no       ; Off          ; 3.3-V LVTTL  ; 24mA             ; Off         ; Fitter               ; 0 pF ; -                    ; -                   ;
; DATA_MEN_OUT[21]      ; U12   ; 8        ; 29           ; 0            ; 2           ; no              ; no                     ; no            ; no              ; no         ; no            ; no       ; Off          ; 3.3-V LVTTL  ; 24mA             ; Off         ; Fitter               ; 0 pF ; -                    ; -                   ;
; DATA_MEN_OUT[22]      ; B8    ; 3        ; 16           ; 36           ; 1           ; no              ; no                     ; no            ; no              ; no         ; no            ; no       ; Off          ; 3.3-V LVTTL  ; 24mA             ; Off         ; Fitter               ; 0 pF ; -                    ; -                   ;
; DATA_MEN_OUT[23]      ; AE9   ; 8        ; 20           ; 0            ; 0           ; no              ; no                     ; no            ; no              ; no         ; no            ; no       ; Off          ; 3.3-V LVTTL  ; 24mA             ; Off         ; Fitter               ; 0 pF ; -                    ; -                   ;
; DATA_MEN_OUT[24]      ; AE12  ; 8        ; 31           ; 0            ; 2           ; no              ; no                     ; no            ; no              ; no         ; no            ; no       ; Off          ; 3.3-V LVTTL  ; 24mA             ; Off         ; Fitter               ; 0 pF ; -                    ; -                   ;
; DATA_MEN_OUT[25]      ; K6    ; 2        ; 0            ; 30           ; 2           ; no              ; no                     ; no            ; no              ; no         ; no            ; no       ; Off          ; 3.3-V LVTTL  ; 24mA             ; Off         ; Fitter               ; 0 pF ; -                    ; -                   ;
; DATA_MEN_OUT[26]      ; H24   ; 5        ; 65           ; 27           ; 3           ; no              ; no                     ; no            ; no              ; no         ; no            ; no       ; Off          ; 3.3-V LVTTL  ; 24mA             ; Off         ; Fitter               ; 0 pF ; -                    ; -                   ;
; DATA_MEN_OUT[27]      ; G26   ; 5        ; 65           ; 27           ; 1           ; no              ; no                     ; no            ; no              ; no         ; no            ; no       ; Off          ; 3.3-V LVTTL  ; 24mA             ; Off         ; Fitter               ; 0 pF ; -                    ; -                   ;
; DATA_MEN_OUT[28]      ; J23   ; 5        ; 65           ; 26           ; 0           ; no              ; no                     ; no            ; no              ; no         ; no            ; no       ; Off          ; 3.3-V LVTTL  ; 24mA             ; Off         ; Fitter               ; 0 pF ; -                    ; -                   ;
; DATA_MEN_OUT[29]      ; H26   ; 5        ; 65           ; 26           ; 3           ; no              ; no                     ; no            ; no              ; no         ; no            ; no       ; Off          ; 3.3-V LVTTL  ; 24mA             ; Off         ; Fitter               ; 0 pF ; -                    ; -                   ;
; DATA_MEN_OUT[2]       ; M24   ; 5        ; 65           ; 20           ; 0           ; no              ; no                     ; no            ; no              ; no         ; no            ; no       ; Off          ; 3.3-V LVTTL  ; 24mA             ; Off         ; Fitter               ; 0 pF ; -                    ; -                   ;
; DATA_MEN_OUT[30]      ; G4    ; 2        ; 0            ; 30           ; 4           ; no              ; no                     ; no            ; no              ; no         ; no            ; no       ; Off          ; 3.3-V LVTTL  ; 24mA             ; Off         ; Fitter               ; 0 pF ; -                    ; -                   ;
; DATA_MEN_OUT[31]      ; D16   ; 4        ; 40           ; 36           ; 0           ; no              ; no                     ; no            ; no              ; no         ; no            ; no       ; Off          ; 3.3-V LVTTL  ; 24mA             ; Off         ; Fitter               ; 0 pF ; -                    ; -                   ;
; DATA_MEN_OUT[3]       ; G10   ; 3        ; 14           ; 36           ; 0           ; no              ; no                     ; no            ; no              ; no         ; no            ; no       ; Off          ; 3.3-V LVTTL  ; 24mA             ; Off         ; Fitter               ; 0 pF ; -                    ; -                   ;
; DATA_MEN_OUT[4]       ; E10   ; 3        ; 18           ; 36           ; 0           ; no              ; no                     ; no            ; no              ; no         ; no            ; no       ; Off          ; 3.3-V LVTTL  ; 24mA             ; Off         ; Fitter               ; 0 pF ; -                    ; -                   ;
; DATA_MEN_OUT[5]       ; A7    ; 3        ; 11           ; 36           ; 0           ; no              ; no                     ; no            ; no              ; no         ; no            ; no       ; Off          ; 3.3-V LVTTL  ; 24mA             ; Off         ; Fitter               ; 0 pF ; -                    ; -                   ;
; DATA_MEN_OUT[6]       ; V1    ; 1        ; 0            ; 12           ; 2           ; no              ; no                     ; no            ; no              ; no         ; no            ; no       ; Off          ; 3.3-V LVTTL  ; 24mA             ; Off         ; Fitter               ; 0 pF ; -                    ; -                   ;
; DATA_MEN_OUT[7]       ; AD11  ; 8        ; 27           ; 0            ; 3           ; no              ; no                     ; no            ; no              ; no         ; no            ; no       ; Off          ; 3.3-V LVTTL  ; 24mA             ; Off         ; Fitter               ; 0 pF ; -                    ; -                   ;
; DATA_MEN_OUT[8]       ; H1    ; 2        ; 0            ; 27           ; 4           ; no              ; no                     ; no            ; no              ; no         ; no            ; no       ; Off          ; 3.3-V LVTTL  ; 24mA             ; Off         ; Fitter               ; 0 pF ; -                    ; -                   ;
; DATA_MEN_OUT[9]       ; C4    ; 3        ; 5            ; 36           ; 3           ; no              ; no                     ; no            ; no              ; no         ; no            ; no       ; Off          ; 3.3-V LVTTL  ; 24mA             ; Off         ; Fitter               ; 0 pF ; -                    ; -                   ;
; MBR_OUT[0]            ; F10   ; 3        ; 14           ; 36           ; 1           ; no              ; no                     ; no            ; no              ; no         ; no            ; no       ; Off          ; 3.3-V LVTTL  ; 24mA             ; Off         ; Fitter               ; 0 pF ; -                    ; -                   ;
; MBR_OUT[1]            ; AD10  ; 8        ; 22           ; 0            ; 1           ; no              ; no                     ; no            ; no              ; no         ; no            ; no       ; Off          ; 3.3-V LVTTL  ; 24mA             ; Off         ; Fitter               ; 0 pF ; -                    ; -                   ;
; MBR_OUT[2]            ; P23   ; 6        ; 65           ; 18           ; 0           ; no              ; no                     ; no            ; no              ; no         ; no            ; no       ; Off          ; 3.3-V LVTTL  ; 24mA             ; Off         ; Fitter               ; 0 pF ; -                    ; -                   ;
; MBR_OUT[3]            ; K26   ; 5        ; 65           ; 22           ; 1           ; no              ; no                     ; no            ; no              ; no         ; no            ; no       ; Off          ; 3.3-V LVTTL  ; 24mA             ; Off         ; Fitter               ; 0 pF ; -                    ; -                   ;
; MBR_OUT[4]            ; R5    ; 1        ; 0            ; 16           ; 1           ; no              ; no                     ; no            ; no              ; no         ; no            ; no       ; Off          ; 3.3-V LVTTL  ; 24mA             ; Off         ; Fitter               ; 0 pF ; -                    ; -                   ;
; MBR_OUT[5]            ; AA2   ; 1        ; 0            ; 8            ; 2           ; no              ; no                     ; no            ; no              ; no         ; no            ; no       ; Off          ; 3.3-V LVTTL  ; 24mA             ; Off         ; Fitter               ; 0 pF ; -                    ; -                   ;
; MBR_OUT[6]            ; W11   ; 8        ; 18           ; 0            ; 1           ; no              ; no                     ; no            ; no              ; no         ; no            ; no       ; Off          ; 3.3-V LVTTL  ; 24mA             ; Off         ; Fitter               ; 0 pF ; -                    ; -                   ;
; MBR_OUT[7]            ; W12   ; 8        ; 18           ; 0            ; 0           ; no              ; no                     ; no            ; no              ; no         ; no            ; no       ; Off          ; 3.3-V LVTTL  ; 24mA             ; Off         ; Fitter               ; 0 pF ; -                    ; -                   ;
; MIR[0]                ; G12   ; 3        ; 27           ; 36           ; 2           ; no              ; no                     ; no            ; no              ; no         ; no            ; no       ; Off          ; 3.3-V LVTTL  ; 24mA             ; Off         ; Fitter               ; 0 pF ; -                    ; -                   ;
; MIR[10]               ; W1    ; 1        ; 0            ; 10           ; 1           ; no              ; no                     ; no            ; no              ; no         ; no            ; no       ; Off          ; 3.3-V LVTTL  ; 24mA             ; Off         ; Fitter               ; 0 pF ; -                    ; -                   ;
; MIR[11]               ; AA11  ; 8        ; 14           ; 0            ; 0           ; no              ; no                     ; no            ; no              ; no         ; no            ; no       ; Off          ; 3.3-V LVTTL  ; 24mA             ; Off         ; Fitter               ; 0 pF ; -                    ; -                   ;
; MIR[12]               ; P4    ; 1        ; 0            ; 17           ; 1           ; no              ; no                     ; no            ; no              ; no         ; no            ; no       ; Off          ; 3.3-V LVTTL  ; 24mA             ; Off         ; Fitter               ; 0 pF ; -                    ; -                   ;
; MIR[13]               ; AA10  ; 8        ; 14           ; 0            ; 2           ; no              ; no                     ; no            ; no              ; no         ; no            ; no       ; Off          ; 3.3-V LVTTL  ; 24mA             ; Off         ; Fitter               ; 0 pF ; -                    ; -                   ;
; MIR[14]               ; W2    ; 1        ; 0            ; 10           ; 0           ; no              ; no                     ; no            ; no              ; no         ; no            ; no       ; Off          ; 3.3-V LVTTL  ; 24mA             ; Off         ; Fitter               ; 0 pF ; -                    ; -                   ;
; MIR[15]               ; P3    ; 1        ; 0            ; 17           ; 0           ; no              ; no                     ; no            ; no              ; no         ; no            ; no       ; Off          ; 3.3-V LVTTL  ; 24mA             ; Off         ; Fitter               ; 0 pF ; -                    ; -                   ;
; MIR[16]               ; P24   ; 6        ; 65           ; 18           ; 1           ; no              ; no                     ; no            ; no              ; no         ; no            ; no       ; Off          ; 3.3-V LVTTL  ; 24mA             ; Off         ; Fitter               ; 0 pF ; -                    ; -                   ;
; MIR[17]               ; D14   ; 4        ; 33           ; 36           ; 0           ; no              ; no                     ; no            ; no              ; no         ; no            ; no       ; Off          ; 3.3-V LVTTL  ; 24mA             ; Off         ; Fitter               ; 0 pF ; -                    ; -                   ;
; MIR[18]               ; J14   ; 3        ; 24           ; 36           ; 0           ; no              ; no                     ; no            ; no              ; no         ; no            ; no       ; Off          ; 3.3-V LVTTL  ; 24mA             ; Off         ; Fitter               ; 0 pF ; -                    ; -                   ;
; MIR[19]               ; J10   ; 3        ; 27           ; 36           ; 1           ; no              ; no                     ; no            ; no              ; no         ; no            ; no       ; Off          ; 3.3-V LVTTL  ; 24mA             ; Off         ; Fitter               ; 0 pF ; -                    ; -                   ;
; MIR[1]                ; M3    ; 2        ; 0            ; 23           ; 3           ; no              ; no                     ; no            ; no              ; no         ; no            ; no       ; Off          ; 3.3-V LVTTL  ; 24mA             ; Off         ; Fitter               ; 0 pF ; -                    ; -                   ;
; MIR[20]               ; C12   ; 3        ; 29           ; 36           ; 1           ; no              ; no                     ; no            ; no              ; no         ; no            ; no       ; Off          ; 3.3-V LVTTL  ; 24mA             ; Off         ; Fitter               ; 0 pF ; -                    ; -                   ;
; MIR[21]               ; E12   ; 3        ; 24           ; 36           ; 3           ; no              ; no                     ; no            ; no              ; no         ; no            ; no       ; Off          ; 3.3-V LVTTL  ; 24mA             ; Off         ; Fitter               ; 0 pF ; -                    ; -                   ;
; MIR[22]               ; B11   ; 3        ; 29           ; 36           ; 2           ; no              ; no                     ; no            ; no              ; no         ; no            ; no       ; Off          ; 3.3-V LVTTL  ; 24mA             ; Off         ; Fitter               ; 0 pF ; -                    ; -                   ;
; MIR[23]               ; J13   ; 3        ; 24           ; 36           ; 1           ; no              ; no                     ; no            ; no              ; no         ; no            ; no       ; Off          ; 3.3-V LVTTL  ; 24mA             ; Off         ; Fitter               ; 0 pF ; -                    ; -                   ;
; MIR[24]               ; AA12  ; 8        ; 29           ; 0            ; 1           ; no              ; no                     ; no            ; no              ; no         ; no            ; no       ; Off          ; 3.3-V LVTTL  ; 24mA             ; Off         ; Fitter               ; 0 pF ; -                    ; -                   ;
; MIR[25]               ; W3    ; 1        ; 0            ; 9            ; 2           ; no              ; no                     ; no            ; no              ; no         ; no            ; no       ; Off          ; 3.3-V LVTTL  ; 24mA             ; Off         ; Fitter               ; 0 pF ; -                    ; -                   ;
; MIR[26]               ; P6    ; 1        ; 0            ; 15           ; 1           ; no              ; no                     ; no            ; no              ; no         ; no            ; no       ; Off          ; 3.3-V LVTTL  ; 24mA             ; Off         ; Fitter               ; 0 pF ; -                    ; -                   ;
; MIR[27]               ; AF8   ; 8        ; 18           ; 0            ; 2           ; no              ; no                     ; no            ; no              ; no         ; no            ; no       ; Off          ; 3.3-V LVTTL  ; 24mA             ; Off         ; Fitter               ; 0 pF ; -                    ; -                   ;
; MIR[28]               ; AE8   ; 8        ; 18           ; 0            ; 3           ; no              ; no                     ; no            ; no              ; no         ; no            ; no       ; Off          ; 3.3-V LVTTL  ; 24mA             ; Off         ; Fitter               ; 0 pF ; -                    ; -                   ;
; MIR[29]               ; AB10  ; 8        ; 14           ; 0            ; 1           ; no              ; no                     ; no            ; no              ; no         ; no            ; no       ; Off          ; 3.3-V LVTTL  ; 24mA             ; Off         ; Fitter               ; 0 pF ; -                    ; -                   ;
; MIR[2]                ; B9    ; 3        ; 20           ; 36           ; 3           ; no              ; no                     ; no            ; no              ; no         ; no            ; no       ; Off          ; 3.3-V LVTTL  ; 24mA             ; Off         ; Fitter               ; 0 pF ; -                    ; -                   ;
; MIR[30]               ; R4    ; 1        ; 0            ; 16           ; 0           ; no              ; no                     ; no            ; no              ; no         ; no            ; no       ; Off          ; 3.3-V LVTTL  ; 24mA             ; Off         ; Fitter               ; 0 pF ; -                    ; -                   ;
; MIR[31]               ; T4    ; 1        ; 0            ; 14           ; 2           ; no              ; no                     ; no            ; no              ; no         ; no            ; no       ; Off          ; 3.3-V LVTTL  ; 24mA             ; Off         ; Fitter               ; 0 pF ; -                    ; -                   ;
; MIR[32]               ; T10   ; 1        ; 0            ; 16           ; 2           ; no              ; no                     ; no            ; no              ; no         ; no            ; no       ; Off          ; 3.3-V LVTTL  ; 24mA             ; Off         ; Fitter               ; 0 pF ; -                    ; -                   ;
; MIR[33]               ; U3    ; 1        ; 0            ; 12           ; 0           ; no              ; no                     ; no            ; no              ; no         ; no            ; no       ; Off          ; 3.3-V LVTTL  ; 24mA             ; Off         ; Fitter               ; 0 pF ; -                    ; -                   ;
; MIR[34]               ; T22   ; 6        ; 65           ; 16           ; 2           ; no              ; no                     ; no            ; no              ; no         ; no            ; no       ; Off          ; 3.3-V LVTTL  ; 24mA             ; Off         ; Fitter               ; 0 pF ; -                    ; -                   ;
; MIR[35]               ; F17   ; 4        ; 48           ; 36           ; 2           ; no              ; no                     ; no            ; no              ; no         ; no            ; no       ; Off          ; 3.3-V LVTTL  ; 24mA             ; Off         ; Fitter               ; 0 pF ; -                    ; -                   ;
; MIR[3]                ; F12   ; 3        ; 27           ; 36           ; 3           ; no              ; no                     ; no            ; no              ; no         ; no            ; no       ; Off          ; 3.3-V LVTTL  ; 24mA             ; Off         ; Fitter               ; 0 pF ; -                    ; -                   ;
; MIR[4]                ; T9    ; 1        ; 0            ; 16           ; 3           ; no              ; no                     ; no            ; no              ; no         ; no            ; no       ; Off          ; 3.3-V LVTTL  ; 24mA             ; Off         ; Fitter               ; 0 pF ; -                    ; -                   ;
; MIR[5]                ; AC10  ; 8        ; 20           ; 0            ; 1           ; no              ; no                     ; no            ; no              ; no         ; no            ; no       ; Off          ; 3.3-V LVTTL  ; 24mA             ; Off         ; Fitter               ; 0 pF ; -                    ; -                   ;
; MIR[6]                ; AE6   ; 8        ; 11           ; 0            ; 2           ; no              ; no                     ; no            ; no              ; no         ; no            ; no       ; Off          ; 3.3-V LVTTL  ; 24mA             ; Off         ; Fitter               ; 0 pF ; -                    ; -                   ;
; MIR[7]                ; U6    ; 1        ; 0            ; 10           ; 2           ; no              ; no                     ; no            ; no              ; no         ; no            ; no       ; Off          ; 3.3-V LVTTL  ; 24mA             ; Off         ; Fitter               ; 0 pF ; -                    ; -                   ;
; MIR[8]                ; R2    ; 1        ; 0            ; 17           ; 2           ; no              ; no                     ; no            ; no              ; no         ; no            ; no       ; Off          ; 3.3-V LVTTL  ; 24mA             ; Off         ; Fitter               ; 0 pF ; -                    ; -                   ;
; MIR[9]                ; R3    ; 1        ; 0            ; 17           ; 3           ; no              ; no                     ; no            ; no              ; no         ; no            ; no       ; Off          ; 3.3-V LVTTL  ; 24mA             ; Off         ; Fitter               ; 0 pF ; -                    ; -                   ;
; MPC[0]                ; AF9   ; 8        ; 22           ; 0            ; 2           ; no              ; no                     ; no            ; no              ; no         ; no            ; no       ; Off          ; 3.3-V LVTTL  ; 24mA             ; Off         ; Fitter               ; 0 pF ; -                    ; -                   ;
; MPC[1]                ; T2    ; 1        ; 0            ; 15           ; 2           ; no              ; no                     ; no            ; no              ; no         ; no            ; no       ; Off          ; 3.3-V LVTTL  ; 24mA             ; Off         ; Fitter               ; 0 pF ; -                    ; -                   ;
; MPC[2]                ; AC11  ; 8        ; 22           ; 0            ; 0           ; no              ; no                     ; no            ; no              ; no         ; no            ; no       ; Off          ; 3.3-V LVTTL  ; 24mA             ; Off         ; Fitter               ; 0 pF ; -                    ; -                   ;
; MPC[3]                ; AF10  ; 8        ; 24           ; 0            ; 2           ; no              ; no                     ; no            ; no              ; no         ; no            ; no       ; Off          ; 3.3-V LVTTL  ; 24mA             ; Off         ; Fitter               ; 0 pF ; -                    ; -                   ;
; MPC[4]                ; P7    ; 1        ; 0            ; 15           ; 0           ; no              ; no                     ; no            ; no              ; no         ; no            ; no       ; Off          ; 3.3-V LVTTL  ; 24mA             ; Off         ; Fitter               ; 0 pF ; -                    ; -                   ;
; MPC[5]                ; AB12  ; 8        ; 24           ; 0            ; 1           ; no              ; no                     ; no            ; no              ; no         ; no            ; no       ; Off          ; 3.3-V LVTTL  ; 24mA             ; Off         ; Fitter               ; 0 pF ; -                    ; -                   ;
; MPC[6]                ; AC12  ; 8        ; 24           ; 0            ; 0           ; no              ; no                     ; no            ; no              ; no         ; no            ; no       ; Off          ; 3.3-V LVTTL  ; 24mA             ; Off         ; Fitter               ; 0 pF ; -                    ; -                   ;
; MPC[7]                ; AE10  ; 8        ; 24           ; 0            ; 3           ; no              ; no                     ; no            ; no              ; no         ; no            ; no       ; Off          ; 3.3-V LVTTL  ; 24mA             ; Off         ; Fitter               ; 0 pF ; -                    ; -                   ;
; MPC[8]                ; Y12   ; 8        ; 29           ; 0            ; 0           ; no              ; no                     ; no            ; no              ; no         ; no            ; no       ; Off          ; 3.3-V LVTTL  ; 24mA             ; Off         ; Fitter               ; 0 pF ; -                    ; -                   ;
; PC[0]                 ; U10   ; 1        ; 0            ; 13           ; 3           ; no              ; no                     ; no            ; no              ; no         ; no            ; no       ; Off          ; 3.3-V LVTTL  ; 24mA             ; Off         ; Fitter               ; 0 pF ; -                    ; -                   ;
; PC[10]                ; F1    ; 2        ; 0            ; 28           ; 1           ; no              ; no                     ; no            ; no              ; no         ; no            ; no       ; Off          ; 3.3-V LVTTL  ; 24mA             ; Off         ; Fitter               ; 0 pF ; -                    ; -                   ;
; PC[11]                ; P9    ; 2        ; 0            ; 25           ; 4           ; no              ; no                     ; no            ; no              ; no         ; no            ; no       ; Off          ; 3.3-V LVTTL  ; 24mA             ; Off         ; Fitter               ; 0 pF ; -                    ; -                   ;
; PC[12]                ; K7    ; 2        ; 0            ; 29           ; 3           ; no              ; no                     ; no            ; no              ; no         ; no            ; no       ; Off          ; 3.3-V LVTTL  ; 24mA             ; Off         ; Fitter               ; 0 pF ; -                    ; -                   ;
; PC[13]                ; D17   ; 4        ; 46           ; 36           ; 0           ; no              ; no                     ; no            ; no              ; no         ; no            ; no       ; Off          ; 3.3-V LVTTL  ; 24mA             ; Off         ; Fitter               ; 0 pF ; -                    ; -                   ;
; PC[14]                ; J6    ; 2        ; 0            ; 29           ; 1           ; no              ; no                     ; no            ; no              ; no         ; no            ; no       ; Off          ; 3.3-V LVTTL  ; 24mA             ; Off         ; Fitter               ; 0 pF ; -                    ; -                   ;
; PC[15]                ; K2    ; 2        ; 0            ; 25           ; 1           ; no              ; no                     ; no            ; no              ; no         ; no            ; no       ; Off          ; 3.3-V LVTTL  ; 24mA             ; Off         ; Fitter               ; 0 pF ; -                    ; -                   ;
; PC[16]                ; G15   ; 4        ; 44           ; 36           ; 3           ; no              ; no                     ; no            ; no              ; no         ; no            ; no       ; Off          ; 3.3-V LVTTL  ; 24mA             ; Off         ; Fitter               ; 0 pF ; -                    ; -                   ;
; PC[17]                ; W16   ; 7        ; 42           ; 0            ; 0           ; no              ; no                     ; no            ; no              ; no         ; no            ; no       ; Off          ; 3.3-V LVTTL  ; 24mA             ; Off         ; Fitter               ; 0 pF ; -                    ; -                   ;
; PC[18]                ; AE15  ; 7        ; 35           ; 0            ; 3           ; no              ; no                     ; no            ; no              ; no         ; no            ; no       ; Off          ; 3.3-V LVTTL  ; 24mA             ; Off         ; Fitter               ; 0 pF ; -                    ; -                   ;
; PC[19]                ; AD16  ; 7        ; 42           ; 0            ; 3           ; no              ; no                     ; no            ; no              ; no         ; no            ; no       ; Off          ; 3.3-V LVTTL  ; 24mA             ; Off         ; Fitter               ; 0 pF ; -                    ; -                   ;
; PC[1]                 ; R6    ; 1        ; 0            ; 14           ; 0           ; no              ; no                     ; no            ; no              ; no         ; no            ; no       ; Off          ; 3.3-V LVTTL  ; 24mA             ; Off         ; Fitter               ; 0 pF ; -                    ; -                   ;
; PC[20]                ; N9    ; 2        ; 0            ; 25           ; 3           ; no              ; no                     ; no            ; no              ; no         ; no            ; no       ; Off          ; 3.3-V LVTTL  ; 24mA             ; Off         ; Fitter               ; 0 pF ; -                    ; -                   ;
; PC[21]                ; U1    ; 1        ; 0            ; 13           ; 1           ; no              ; no                     ; no            ; no              ; no         ; no            ; no       ; Off          ; 3.3-V LVTTL  ; 24mA             ; Off         ; Fitter               ; 0 pF ; -                    ; -                   ;
; PC[22]                ; U9    ; 1        ; 0            ; 13           ; 2           ; no              ; no                     ; no            ; no              ; no         ; no            ; no       ; Off          ; 3.3-V LVTTL  ; 24mA             ; Off         ; Fitter               ; 0 pF ; -                    ; -                   ;
; PC[23]                ; K1    ; 2        ; 0            ; 25           ; 0           ; no              ; no                     ; no            ; no              ; no         ; no            ; no       ; Off          ; 3.3-V LVTTL  ; 24mA             ; Off         ; Fitter               ; 0 pF ; -                    ; -                   ;
; PC[24]                ; AA15  ; 7        ; 40           ; 0            ; 3           ; no              ; no                     ; no            ; no              ; no         ; no            ; no       ; Off          ; 3.3-V LVTTL  ; 24mA             ; Off         ; Fitter               ; 0 pF ; -                    ; -                   ;
; PC[25]                ; A18   ; 4        ; 46           ; 36           ; 3           ; no              ; no                     ; no            ; no              ; no         ; no            ; no       ; Off          ; 3.3-V LVTTL  ; 24mA             ; Off         ; Fitter               ; 0 pF ; -                    ; -                   ;
; PC[26]                ; N20   ; 5        ; 65           ; 21           ; 2           ; no              ; no                     ; no            ; no              ; no         ; no            ; no       ; Off          ; 3.3-V LVTTL  ; 24mA             ; Off         ; Fitter               ; 0 pF ; -                    ; -                   ;
; PC[27]                ; R25   ; 6        ; 65           ; 17           ; 0           ; no              ; no                     ; no            ; no              ; no         ; no            ; no       ; Off          ; 3.3-V LVTTL  ; 24mA             ; Off         ; Fitter               ; 0 pF ; -                    ; -                   ;
; PC[28]                ; H17   ; 4        ; 48           ; 36           ; 1           ; no              ; no                     ; no            ; no              ; no         ; no            ; no       ; Off          ; 3.3-V LVTTL  ; 24mA             ; Off         ; Fitter               ; 0 pF ; -                    ; -                   ;
; PC[29]                ; AA14  ; 7        ; 37           ; 0            ; 2           ; no              ; no                     ; no            ; no              ; no         ; no            ; no       ; Off          ; 3.3-V LVTTL  ; 24mA             ; Off         ; Fitter               ; 0 pF ; -                    ; -                   ;
; PC[2]                 ; U5    ; 1        ; 0            ; 9            ; 0           ; no              ; no                     ; no            ; no              ; no         ; no            ; no       ; Off          ; 3.3-V LVTTL  ; 24mA             ; Off         ; Fitter               ; 0 pF ; -                    ; -                   ;
; PC[30]                ; Y13   ; 7        ; 37           ; 0            ; 3           ; no              ; no                     ; no            ; no              ; no         ; no            ; no       ; Off          ; 3.3-V LVTTL  ; 24mA             ; Off         ; Fitter               ; 0 pF ; -                    ; -                   ;
; PC[31]                ; AC16  ; 7        ; 42           ; 0            ; 2           ; no              ; no                     ; no            ; no              ; no         ; no            ; no       ; Off          ; 3.3-V LVTTL  ; 24mA             ; Off         ; Fitter               ; 0 pF ; -                    ; -                   ;
; PC[3]                 ; C9    ; 3        ; 16           ; 36           ; 2           ; no              ; no                     ; no            ; no              ; no         ; no            ; no       ; Off          ; 3.3-V LVTTL  ; 24mA             ; Off         ; Fitter               ; 0 pF ; -                    ; -                   ;
; PC[4]                 ; B7    ; 3        ; 11           ; 36           ; 1           ; no              ; no                     ; no            ; no              ; no         ; no            ; no       ; Off          ; 3.3-V LVTTL  ; 24mA             ; Off         ; Fitter               ; 0 pF ; -                    ; -                   ;
; PC[5]                 ; L4    ; 2        ; 0            ; 25           ; 2           ; no              ; no                     ; no            ; no              ; no         ; no            ; no       ; Off          ; 3.3-V LVTTL  ; 24mA             ; Off         ; Fitter               ; 0 pF ; -                    ; -                   ;
; PC[6]                 ; C17   ; 4        ; 46           ; 36           ; 1           ; no              ; no                     ; no            ; no              ; no         ; no            ; no       ; Off          ; 3.3-V LVTTL  ; 24mA             ; Off         ; Fitter               ; 0 pF ; -                    ; -                   ;
; PC[7]                 ; V2    ; 1        ; 0            ; 12           ; 3           ; no              ; no                     ; no            ; no              ; no         ; no            ; no       ; Off          ; 3.3-V LVTTL  ; 24mA             ; Off         ; Fitter               ; 0 pF ; -                    ; -                   ;
; PC[8]                 ; AE7   ; 8        ; 16           ; 0            ; 1           ; no              ; no                     ; no            ; no              ; no         ; no            ; no       ; Off          ; 3.3-V LVTTL  ; 24mA             ; Off         ; Fitter               ; 0 pF ; -                    ; -                   ;
; PC[9]                 ; W4    ; 1        ; 0            ; 9            ; 1           ; no              ; no                     ; no            ; no              ; no         ; no            ; no       ; Off          ; 3.3-V LVTTL  ; 24mA             ; Off         ; Fitter               ; 0 pF ; -                    ; -                   ;
+-----------------------+-------+----------+--------------+--------------+-------------+-----------------+------------------------+---------------+-----------------+------------+---------------+----------+--------------+--------------+------------------+-------------+----------------------+------+----------------------+---------------------+


+------------------------------------------------------------+
; I/O Bank Usage                                             ;
+----------+------------------+---------------+--------------+
; I/O Bank ; Usage            ; VCCIO Voltage ; VREF Voltage ;
+----------+------------------+---------------+--------------+
; 1        ; 39 / 64 ( 61 % ) ; 3.3V          ; --           ;
; 2        ; 54 / 59 ( 92 % ) ; 3.3V          ; --           ;
; 3        ; 51 / 56 ( 91 % ) ; 3.3V          ; --           ;
; 4        ; 50 / 58 ( 86 % ) ; 3.3V          ; --           ;
; 5        ; 35 / 65 ( 54 % ) ; 3.3V          ; --           ;
; 6        ; 6 / 59 ( 10 % )  ; 3.3V          ; --           ;
; 7        ; 21 / 58 ( 36 % ) ; 3.3V          ; --           ;
; 8        ; 35 / 56 ( 63 % ) ; 3.3V          ; --           ;
+----------+------------------+---------------+--------------+


+------------------------------------------------------------------------------------------------------------------------------------------------------------------------+
; All Package Pins                                                                                                                                                       ;
+----------+------------+----------+------------------------------------------+--------+--------------+---------+------------+-----------------+----------+--------------+
; Location ; Pad Number ; I/O Bank ; Pin Name/Usage                           ; Dir.   ; I/O Standard ; Voltage ; I/O Type   ; User Assignment ; Bus Hold ; Weak Pull Up ;
+----------+------------+----------+------------------------------------------+--------+--------------+---------+------------+-----------------+----------+--------------+
; A2       ;            ;          ; GND                                      ; gnd    ;              ;         ; --         ;                 ; --       ; --           ;
; A3       ;            ; 3        ; VCCIO3                                   ; power  ;              ; 3.3V    ; --         ;                 ; --       ; --           ;
; A4       ; 484        ; 3        ; C_BUS[14]                                ; output ; 3.3-V LVTTL  ;         ; Column I/O ; N               ; no       ; Off          ;
; A5       ; 482        ; 3        ; DATA_MEN_ADDR[31]                        ; output ; 3.3-V LVTTL  ;         ; Column I/O ; N               ; no       ; Off          ;
; A6       ; 479        ; 3        ; C_BUS[25]                                ; output ; 3.3-V LVTTL  ;         ; Column I/O ; N               ; no       ; Off          ;
; A7       ; 465        ; 3        ; DATA_MEN_OUT[5]                          ; output ; 3.3-V LVTTL  ;         ; Column I/O ; N               ; no       ; Off          ;
; A8       ; 457        ; 3        ; DATA_MEN_OUT[12]                         ; output ; 3.3-V LVTTL  ;         ; Column I/O ; N               ; no       ; Off          ;
; A9       ; 451        ; 3        ; DATA_MEN_OUT[10]                         ; output ; 3.3-V LVTTL  ;         ; Column I/O ; N               ; no       ; Off          ;
; A10      ; 447        ; 3        ; A_BUS[9]                                 ; output ; 3.3-V LVTTL  ;         ; Column I/O ; N               ; no       ; Off          ;
; A11      ;            ; 3        ; VCCIO3                                   ; power  ;              ; 3.3V    ; --         ;                 ; --       ; --           ;
; A12      ;            ;          ; GND                                      ; gnd    ;              ;         ; --         ;                 ; --       ; --           ;
; A13      ; 430        ; 4        ; GND+                                     ;        ;              ;         ; Column I/O ;                 ; --       ; --           ;
; A14      ; 427        ; 4        ; A_BUS[29]                                ; output ; 3.3-V LVTTL  ;         ; Column I/O ; N               ; no       ; Off          ;
; A15      ;            ;          ; GND                                      ; gnd    ;              ;         ; --         ;                 ; --       ; --           ;
; A16      ;            ; 4        ; VCCIO4                                   ; power  ;              ; 3.3V    ; --         ;                 ; --       ; --           ;
; A17      ; 412        ; 4        ; DATA_MEM_IN[29]                          ; input  ; 3.3-V LVTTL  ;         ; Column I/O ; N               ; no       ; Off          ;
; A18      ; 406        ; 4        ; PC[25]                                   ; output ; 3.3-V LVTTL  ;         ; Column I/O ; N               ; no       ; Off          ;
; A19      ; 394        ; 4        ; C_BUS[8]                                 ; output ; 3.3-V LVTTL  ;         ; Column I/O ; N               ; no       ; Off          ;
; A20      ; 390        ; 4        ; C_BUS[11]                                ; output ; 3.3-V LVTTL  ;         ; Column I/O ; N               ; no       ; Off          ;
; A21      ; 382        ; 4        ; DATA_MEM_IN[26]                          ; input  ; 3.3-V LVTTL  ;         ; Column I/O ; N               ; no       ; Off          ;
; A22      ; 379        ; 4        ; DATA_MEN_ADDR[12]                        ; output ; 3.3-V LVTTL  ;         ; Column I/O ; N               ; no       ; Off          ;
; A23      ; 378        ; 4        ; GND*                                     ;        ;              ;         ; Column I/O ;                 ; no       ; Off          ;
; A24      ;            ; 4        ; VCCIO4                                   ; power  ;              ; 3.3V    ; --         ;                 ; --       ; --           ;
; A25      ;            ;          ; GND                                      ; gnd    ;              ;         ; --         ;                 ; --       ; --           ;
; AA1      ; 107        ; 1        ; PROG_MEM_IN[5]                           ; input  ; 3.3-V LVTTL  ;         ; Row I/O    ; N               ; no       ; Off          ;
; AA2      ; 106        ; 1        ; MBR_OUT[5]                               ; output ; 3.3-V LVTTL  ;         ; Row I/O    ; N               ; no       ; Off          ;
; AA3      ; 117        ; 1        ; GND*                                     ;        ;              ;         ; Row I/O    ;                 ; no       ; Off          ;
; AA4      ; 116        ; 1        ; GND*                                     ;        ;              ;         ; Row I/O    ;                 ; no       ; Off          ;
; AA5      ; 120        ; 1        ; GND*                                     ;        ;              ;         ; Row I/O    ;                 ; no       ; Off          ;
; AA6      ; 130        ; 1        ; GND*                                     ;        ;              ;         ; Row I/O    ;                 ; no       ; Off          ;
; AA7      ; 129        ; 1        ; GND*                                     ;        ;              ;         ; Row I/O    ;                 ; no       ; Off          ;
; AA8      ;            ;          ; VCCA_PLL1                                ; power  ;              ; 1.2V    ; --         ;                 ; --       ; --           ;
; AA9      ; 152        ; 8        ; DATA_MEN_ADDR[2]                         ; output ; 3.3-V LVTTL  ;         ; Column I/O ; N               ; no       ; Off          ;
; AA10     ; 153        ; 8        ; MIR[13]                                  ; output ; 3.3-V LVTTL  ;         ; Column I/O ; N               ; no       ; Off          ;
; AA11     ; 155        ; 8        ; MIR[11]                                  ; output ; 3.3-V LVTTL  ;         ; Column I/O ; N               ; no       ; Off          ;
; AA12     ; 179        ; 8        ; MIR[24]                                  ; output ; 3.3-V LVTTL  ;         ; Column I/O ; N               ; no       ; Off          ;
; AA13     ; 192        ; 7        ; DATA_MEM_IN[20]                          ; input  ; 3.3-V LVTTL  ;         ; Column I/O ; N               ; no       ; Off          ;
; AA14     ; 194        ; 7        ; PC[29]                                   ; output ; 3.3-V LVTTL  ;         ; Column I/O ; N               ; no       ; Off          ;
; AA15     ; 197        ; 7        ; PC[24]                                   ; output ; 3.3-V LVTTL  ;         ; Column I/O ; N               ; no       ; Off          ;
; AA16     ; 209        ; 7        ; GND*                                     ;        ;              ;         ; Column I/O ;                 ; no       ; Off          ;
; AA17     ; 219        ; 7        ; GND*                                     ;        ;              ;         ; Column I/O ;                 ; no       ; Off          ;
; AA18     ; 220        ; 7        ; GND*                                     ;        ;              ;         ; Column I/O ;                 ; no       ; Off          ;
; AA19     ;            ;          ; VCCA_PLL4                                ; power  ;              ; 1.2V    ; --         ;                 ; --       ; --           ;
; AA20     ; 230        ; 7        ; GND*                                     ;        ;              ;         ; Column I/O ;                 ; no       ; Off          ;
; AA21     ;            ;          ; GND_PLL4                                 ; gnd    ;              ;         ; --         ;                 ; --       ; --           ;
; AA22     ;            ; 6        ; VCCIO6                                   ; power  ;              ; 3.3V    ; --         ;                 ; --       ; --           ;
; AA23     ; 256        ; 6        ; GND*                                     ;        ;              ;         ; Row I/O    ;                 ; no       ; Off          ;
; AA24     ; 255        ; 6        ; GND*                                     ;        ;              ;         ; Row I/O    ;                 ; no       ; Off          ;
; AA25     ; 266        ; 6        ; GND*                                     ;        ;              ;         ; Row I/O    ;                 ; no       ; Off          ;
; AA26     ; 267        ; 6        ; GND*                                     ;        ;              ;         ; Row I/O    ;                 ; no       ; Off          ;
; AB1      ; 115        ; 1        ; GND*                                     ;        ;              ;         ; Row I/O    ;                 ; no       ; Off          ;
; AB2      ; 114        ; 1        ; GND*                                     ;        ;              ;         ; Row I/O    ;                 ; no       ; Off          ;
; AB3      ; 126        ; 1        ; GND*                                     ;        ;              ;         ; Row I/O    ;                 ; no       ; Off          ;
; AB4      ; 127        ; 1        ; GND*                                     ;        ;              ;         ; Row I/O    ;                 ; no       ; Off          ;
; AB5      ;            ; 1        ; VCCIO1                                   ; power  ;              ; 3.3V    ; --         ;                 ; --       ; --           ;
; AB6      ;            ; 8        ; VCCIO8                                   ; power  ;              ; 3.3V    ; --         ;                 ; --       ; --           ;
; AB7      ;            ;          ; GND                                      ; gnd    ;              ;         ; --         ;                 ; --       ; --           ;
; AB8      ; 147        ; 8        ; GND*                                     ;        ;              ;         ; Column I/O ;                 ; no       ; Off          ;
; AB9      ;            ; 8        ; VCCIO8                                   ; power  ;              ; 3.3V    ; --         ;                 ; --       ; --           ;
; AB10     ; 154        ; 8        ; MIR[29]                                  ; output ; 3.3-V LVTTL  ;         ; Column I/O ; N               ; no       ; Off          ;
; AB11     ;            ;          ; GND                                      ; gnd    ;              ;         ; --         ;                 ; --       ; --           ;
; AB12     ; 171        ; 8        ; MPC[5]                                   ; output ; 3.3-V LVTTL  ;         ; Column I/O ; N               ; no       ; Off          ;
; AB13     ;            ; 8        ; VCCIO8                                   ; power  ;              ; 3.3V    ; --         ;                 ; --       ; --           ;
; AB14     ;            ; 7        ; VCCIO7                                   ; power  ;              ; 3.3V    ; --         ;                 ; --       ; --           ;
; AB15     ; 198        ; 7        ; DATA_MEN_OUT[20]                         ; output ; 3.3-V LVTTL  ;         ; Column I/O ; N               ; no       ; Off          ;
; AB16     ;            ;          ; GND                                      ; gnd    ;              ;         ; --         ;                 ; --       ; --           ;
; AB17     ;            ; 7        ; VCCIO7                                   ; power  ;              ; 3.3V    ; --         ;                 ; --       ; --           ;
; AB18     ; 215        ; 7        ; GND*                                     ;        ;              ;         ; Column I/O ;                 ; no       ; Off          ;
; AB19     ;            ;          ; GND                                      ; gnd    ;              ;         ; --         ;                 ; --       ; --           ;
; AB20     ; 225        ; 7        ; GND*                                     ;        ;              ;         ; Column I/O ;                 ; no       ; Off          ;
; AB21     ; 242        ; 7        ; GND*                                     ;        ;              ;         ; Column I/O ;                 ; no       ; Off          ;
; AB22     ;            ; 7        ; VCCIO7                                   ; power  ;              ; 3.3V    ; --         ;                 ; --       ; --           ;
; AB23     ; 258        ; 6        ; GND*                                     ;        ;              ;         ; Row I/O    ;                 ; no       ; Off          ;
; AB24     ; 257        ; 6        ; GND*                                     ;        ;              ;         ; Row I/O    ;                 ; no       ; Off          ;
; AB25     ; 263        ; 6        ; GND*                                     ;        ;              ;         ; Row I/O    ;                 ; no       ; Off          ;
; AB26     ; 262        ; 6        ; GND*                                     ;        ;              ;         ; Row I/O    ;                 ; no       ; Off          ;
; AC1      ; 119        ; 1        ; GND*                                     ;        ;              ;         ; Row I/O    ;                 ; no       ; Off          ;
; AC2      ; 118        ; 1        ; GND*                                     ;        ;              ;         ; Row I/O    ;                 ; no       ; Off          ;
; AC3      ; 128        ; 1        ; GND*                                     ;        ;              ;         ; Row I/O    ;                 ; no       ; Off          ;
; AC4      ;            ;          ; GND                                      ; gnd    ;              ;         ; --         ;                 ; --       ; --           ;
; AC5      ; 133        ; 8        ; GND*                                     ;        ;              ;         ; Column I/O ;                 ; no       ; Off          ;
; AC6      ; 134        ; 8        ; GND*                                     ;        ;              ;         ; Column I/O ;                 ; no       ; Off          ;
; AC7      ; 143        ; 8        ; GND*                                     ;        ;              ;         ; Column I/O ;                 ; --       ; --           ;
; AC8      ; 148        ; 8        ; GND*                                     ;        ;              ;         ; Column I/O ;                 ; no       ; Off          ;
; AC9      ; 163        ; 8        ; DATA_MEN_OUT[14]                         ; output ; 3.3-V LVTTL  ;         ; Column I/O ; N               ; no       ; Off          ;
; AC10     ; 164        ; 8        ; MIR[5]                                   ; output ; 3.3-V LVTTL  ;         ; Column I/O ; N               ; no       ; Off          ;
; AC11     ; 168        ; 8        ; MPC[2]                                   ; output ; 3.3-V LVTTL  ;         ; Column I/O ; N               ; no       ; Off          ;
; AC12     ; 172        ; 8        ; MPC[6]                                   ; output ; 3.3-V LVTTL  ;         ; Column I/O ; N               ; no       ; Off          ;
; AC13     ; 185        ; 8        ; GND+                                     ;        ;              ;         ; Column I/O ;                 ; --       ; --           ;
; AC14     ; 191        ; 7        ; DATA_MEM_IN[14]                          ; input  ; 3.3-V LVTTL  ;         ; Column I/O ; N               ; no       ; Off          ;
; AC15     ; 199        ; 7        ; A_BUS[5]                                 ; output ; 3.3-V LVTTL  ;         ; Column I/O ; N               ; no       ; Off          ;
; AC16     ; 202        ; 7        ; PC[31]                                   ; output ; 3.3-V LVTTL  ;         ; Column I/O ; N               ; no       ; Off          ;
; AC17     ; 207        ; 7        ; DATA_MEM_IN[21]                          ; input  ; 3.3-V LVTTL  ;         ; Column I/O ; N               ; no       ; Off          ;
; AC18     ; 216        ; 7        ; GND*                                     ;        ;              ;         ; Column I/O ;                 ; no       ; Off          ;
; AC19     ; 222        ; 7        ; GND*                                     ;        ;              ;         ; Column I/O ;                 ; no       ; Off          ;
; AC20     ; 226        ; 7        ; GND*                                     ;        ;              ;         ; Column I/O ;                 ; no       ; Off          ;
; AC21     ; 237        ; 7        ; GND*                                     ;        ;              ;         ; Column I/O ;                 ; no       ; Off          ;
; AC22     ; 241        ; 7        ; GND*                                     ;        ;              ;         ; Column I/O ;                 ; no       ; Off          ;
; AC23     ; 245        ; 6        ; GND*                                     ;        ;              ;         ; Row I/O    ;                 ; no       ; Off          ;
; AC24     ;            ;          ; NC                                       ;        ;              ;         ; --         ;                 ; --       ; --           ;
; AC25     ; 260        ; 6        ; GND*                                     ;        ;              ;         ; Row I/O    ;                 ; no       ; Off          ;
; AC26     ; 261        ; 6        ; GND*                                     ;        ;              ;         ; Row I/O    ;                 ; no       ; Off          ;
; AD1      ;            ; 1        ; VCCIO1                                   ; power  ;              ; 3.3V    ; --         ;                 ; --       ; --           ;
; AD2      ; 122        ; 1        ; GND*                                     ;        ;              ;         ; Row I/O    ;                 ; no       ; Off          ;
; AD3      ; 123        ; 1        ; GND*                                     ;        ;              ;         ; Row I/O    ;                 ; no       ; Off          ;
; AD4      ; 135        ; 8        ; GND*                                     ;        ;              ;         ; Column I/O ;                 ; no       ; Off          ;
; AD5      ; 136        ; 8        ; GND*                                     ;        ;              ;         ; Column I/O ;                 ; no       ; Off          ;
; AD6      ; 139        ; 8        ; GND*                                     ;        ;              ;         ; Column I/O ;                 ; no       ; Off          ;
; AD7      ; 140        ; 8        ; GND*                                     ;        ;              ;         ; Column I/O ;                 ; no       ; Off          ;
; AD8      ; 149        ; 8        ; GND*                                     ;        ;              ;         ; Column I/O ;                 ; no       ; Off          ;
; AD9      ;            ;          ; GND                                      ; gnd    ;              ;         ; --         ;                 ; --       ; --           ;
; AD10     ; 167        ; 8        ; MBR_OUT[1]                               ; output ; 3.3-V LVTTL  ;         ; Column I/O ; N               ; no       ; Off          ;
; AD11     ; 173        ; 8        ; DATA_MEN_OUT[7]                          ; output ; 3.3-V LVTTL  ;         ; Column I/O ; N               ; no       ; Off          ;
; AD12     ; 181        ; 8        ; B_BUS[24]                                ; output ; 3.3-V LVTTL  ;         ; Column I/O ; N               ; no       ; Off          ;
; AD13     ; 186        ; 8        ; GND+                                     ;        ;              ;         ; Column I/O ;                 ; --       ; --           ;
; AD14     ;            ;          ; GND                                      ; gnd    ;              ;         ; --         ;                 ; --       ; --           ;
; AD15     ; 190        ; 7        ; DATA_MEN_OUT[17]                         ; output ; 3.3-V LVTTL  ;         ; Column I/O ; N               ; no       ; Off          ;
; AD16     ; 201        ; 7        ; PC[19]                                   ; output ; 3.3-V LVTTL  ;         ; Column I/O ; N               ; no       ; Off          ;
; AD17     ; 208        ; 7        ; A_BUS[19]                                ; output ; 3.3-V LVTTL  ;         ; Column I/O ; N               ; no       ; Off          ;
; AD18     ;            ;          ; GND                                      ; gnd    ;              ;         ; --         ;                 ; --       ; --           ;
; AD19     ; 221        ; 7        ; GND*                                     ;        ;              ;         ; Column I/O ;                 ; no       ; Off          ;
; AD20     ;            ; 7        ; VCCIO7                                   ; power  ;              ; 3.3V    ; --         ;                 ; --       ; --           ;
; AD21     ; 238        ; 7        ; GND*                                     ;        ;              ;         ; Column I/O ;                 ; no       ; Off          ;
; AD22     ; 240        ; 7        ; GND*                                     ;        ;              ;         ; Column I/O ;                 ; no       ; Off          ;
; AD23     ; 239        ; 7        ; GND*                                     ;        ;              ;         ; Column I/O ;                 ; no       ; Off          ;
; AD24     ; 249        ; 6        ; GND*                                     ;        ;              ;         ; Row I/O    ;                 ; no       ; Off          ;
; AD25     ; 248        ; 6        ; GND*                                     ;        ;              ;         ; Row I/O    ;                 ; no       ; Off          ;
; AD26     ;            ; 6        ; VCCIO6                                   ; power  ;              ; 3.3V    ; --         ;                 ; --       ; --           ;
; AE1      ;            ;          ; GND                                      ; gnd    ;              ;         ; --         ;                 ; --       ; --           ;
; AE2      ; 124        ; 1        ; GND*                                     ;        ;              ;         ; Row I/O    ;                 ; no       ; Off          ;
; AE3      ; 125        ; 1        ; GND*                                     ;        ;              ;         ; Row I/O    ;                 ; no       ; Off          ;
; AE4      ; 131        ; 8        ; GND*                                     ;        ;              ;         ; Column I/O ;                 ; no       ; Off          ;
; AE5      ; 137        ; 8        ; GND*                                     ;        ;              ;         ; Column I/O ;                 ; no       ; Off          ;
; AE6      ; 150        ; 8        ; MIR[6]                                   ; output ; 3.3-V LVTTL  ;         ; Column I/O ; N               ; no       ; Off          ;
; AE7      ; 157        ; 8        ; PC[8]                                    ; output ; 3.3-V LVTTL  ;         ; Column I/O ; N               ; no       ; Off          ;
; AE8      ; 159        ; 8        ; MIR[28]                                  ; output ; 3.3-V LVTTL  ;         ; Column I/O ; N               ; no       ; Off          ;
; AE9      ; 165        ; 8        ; DATA_MEN_OUT[23]                         ; output ; 3.3-V LVTTL  ;         ; Column I/O ; N               ; no       ; Off          ;
; AE10     ; 169        ; 8        ; MPC[7]                                   ; output ; 3.3-V LVTTL  ;         ; Column I/O ; N               ; no       ; Off          ;
; AE11     ; 174        ; 8        ; PROG_MEM_IN[2]                           ; input  ; 3.3-V LVTTL  ;         ; Column I/O ; N               ; no       ; Off          ;
; AE12     ; 182        ; 8        ; DATA_MEN_OUT[24]                         ; output ; 3.3-V LVTTL  ;         ; Column I/O ; N               ; no       ; Off          ;
; AE13     ; 183        ; 8        ; B_BUS[31]                                ; output ; 3.3-V LVTTL  ;         ; Column I/O ; N               ; no       ; Off          ;
; AE14     ; 188        ; 7        ; GND+                                     ;        ;              ;         ; Column I/O ;                 ; --       ; --           ;
; AE15     ; 189        ; 7        ; PC[18]                                   ; output ; 3.3-V LVTTL  ;         ; Column I/O ; N               ; no       ; Off          ;
; AE16     ; 200        ; 7        ; DATA_MEM_IN[19]                          ; input  ; 3.3-V LVTTL  ;         ; Column I/O ; N               ; no       ; Off          ;
; AE17     ; 206        ; 7        ; DATA_MEN_ADDR[5]                         ; output ; 3.3-V LVTTL  ;         ; Column I/O ; N               ; no       ; Off          ;
; AE18     ; 212        ; 7        ; GND*                                     ;        ;              ;         ; Column I/O ;                 ; no       ; Off          ;
; AE19     ; 214        ; 7        ; GND*                                     ;        ;              ;         ; Column I/O ;                 ; no       ; Off          ;
; AE20     ; 224        ; 7        ; GND*                                     ;        ;              ;         ; Column I/O ;                 ; no       ; Off          ;
; AE21     ; 228        ; 7        ; GND*                                     ;        ;              ;         ; Column I/O ;                 ; no       ; Off          ;
; AE22     ; 236        ; 7        ; GND*                                     ;        ;              ;         ; Column I/O ;                 ; no       ; Off          ;
; AE23     ; 244        ; 7        ; GND*                                     ;        ;              ;         ; Column I/O ;                 ; no       ; Off          ;
; AE24     ; 247        ; 6        ; ~LVDS150p/nCEO~                          ; output ; 3.3-V LVTTL  ;         ; Row I/O    ; N               ; no       ; Off          ;
; AE25     ; 246        ; 6        ; GND*                                     ;        ;              ;         ; Row I/O    ;                 ; no       ; Off          ;
; AE26     ;            ;          ; GND                                      ; gnd    ;              ;         ; --         ;                 ; --       ; --           ;
; AF2      ;            ;          ; GND                                      ; gnd    ;              ;         ; --         ;                 ; --       ; --           ;
; AF3      ;            ; 8        ; VCCIO8                                   ; power  ;              ; 3.3V    ; --         ;                 ; --       ; --           ;
; AF4      ; 132        ; 8        ; GND*                                     ;        ;              ;         ; Column I/O ;                 ; no       ; Off          ;
; AF5      ; 138        ; 8        ; GND*                                     ;        ;              ;         ; Column I/O ;                 ; no       ; Off          ;
; AF6      ; 151        ; 8        ; A_BUS[2]                                 ; output ; 3.3-V LVTTL  ;         ; Column I/O ; N               ; no       ; Off          ;
; AF7      ; 158        ; 8        ; DATA_MEN_ADDR[1]                         ; output ; 3.3-V LVTTL  ;         ; Column I/O ; N               ; no       ; Off          ;
; AF8      ; 160        ; 8        ; MIR[27]                                  ; output ; 3.3-V LVTTL  ;         ; Column I/O ; N               ; no       ; Off          ;
; AF9      ; 166        ; 8        ; MPC[0]                                   ; output ; 3.3-V LVTTL  ;         ; Column I/O ; N               ; no       ; Off          ;
; AF10     ; 170        ; 8        ; MPC[3]                                   ; output ; 3.3-V LVTTL  ;         ; Column I/O ; N               ; no       ; Off          ;
; AF11     ;            ; 8        ; VCCIO8                                   ; power  ;              ; 3.3V    ; --         ;                 ; --       ; --           ;
; AF12     ;            ;          ; GND                                      ; gnd    ;              ;         ; --         ;                 ; --       ; --           ;
; AF13     ; 184        ; 8        ; B_BUS[18]                                ; output ; 3.3-V LVTTL  ;         ; Column I/O ; N               ; no       ; Off          ;
; AF14     ; 187        ; 7        ; GND+                                     ;        ;              ;         ; Column I/O ;                 ; --       ; --           ;
; AF15     ;            ;          ; GND                                      ; gnd    ;              ;         ; --         ;                 ; --       ; --           ;
; AF16     ;            ; 7        ; VCCIO7                                   ; power  ;              ; 3.3V    ; --         ;                 ; --       ; --           ;
; AF17     ; 205        ; 7        ; DATA_MEN_ADDR[19]                        ; output ; 3.3-V LVTTL  ;         ; Column I/O ; N               ; no       ; Off          ;
; AF18     ; 211        ; 7        ; DATA_MEM_IN[18]                          ; input  ; 3.3-V LVTTL  ;         ; Column I/O ; N               ; no       ; Off          ;
; AF19     ; 213        ; 7        ; GND*                                     ;        ;              ;         ; Column I/O ;                 ; no       ; Off          ;
; AF20     ; 223        ; 7        ; GND*                                     ;        ;              ;         ; Column I/O ;                 ; no       ; Off          ;
; AF21     ; 227        ; 7        ; GND*                                     ;        ;              ;         ; Column I/O ;                 ; no       ; Off          ;
; AF22     ; 235        ; 7        ; GND*                                     ;        ;              ;         ; Column I/O ;                 ; no       ; Off          ;
; AF23     ; 243        ; 7        ; GND*                                     ;        ;              ;         ; Column I/O ;                 ; no       ; Off          ;
; AF24     ;            ; 7        ; VCCIO7                                   ; power  ;              ; 3.3V    ; --         ;                 ; --       ; --           ;
; AF25     ;            ;          ; GND                                      ; gnd    ;              ;         ; --         ;                 ; --       ; --           ;
; B1       ;            ;          ; GND                                      ; gnd    ;              ;         ; --         ;                 ; --       ; --           ;
; B2       ; 2          ; 2        ; GND*                                     ;        ;              ;         ; Row I/O    ;                 ; no       ; Off          ;
; B3       ; 3          ; 2        ; GND*                                     ;        ;              ;         ; Row I/O    ;                 ; no       ; Off          ;
; B4       ; 483        ; 3        ; GND*                                     ;        ;              ;         ; Column I/O ;                 ; no       ; Off          ;
; B5       ; 481        ; 3        ; DATA_MEN_ADDR[27]                        ; output ; 3.3-V LVTTL  ;         ; Column I/O ; N               ; no       ; Off          ;
; B6       ; 480        ; 3        ; DATA_MEN_OUT[11]                         ; output ; 3.3-V LVTTL  ;         ; Column I/O ; N               ; no       ; Off          ;
; B7       ; 466        ; 3        ; PC[4]                                    ; output ; 3.3-V LVTTL  ;         ; Column I/O ; N               ; no       ; Off          ;
; B8       ; 458        ; 3        ; DATA_MEN_OUT[22]                         ; output ; 3.3-V LVTTL  ;         ; Column I/O ; N               ; no       ; Off          ;
; B9       ; 452        ; 3        ; MIR[2]                                   ; output ; 3.3-V LVTTL  ;         ; Column I/O ; N               ; no       ; Off          ;
; B10      ; 448        ; 3        ; A_BUS[8]                                 ; output ; 3.3-V LVTTL  ;         ; Column I/O ; N               ; no       ; Off          ;
; B11      ; 435        ; 3        ; MIR[22]                                  ; output ; 3.3-V LVTTL  ;         ; Column I/O ; N               ; no       ; Off          ;
; B12      ; 433        ; 3        ; A_BUS[7]                                 ; output ; 3.3-V LVTTL  ;         ; Column I/O ; N               ; no       ; Off          ;
; B13      ; 429        ; 4        ; GND+                                     ;        ;              ;         ; Column I/O ;                 ; --       ; --           ;
; B14      ; 428        ; 4        ; A_BUS[28]                                ; output ; 3.3-V LVTTL  ;         ; Column I/O ; N               ; no       ; Off          ;
; B15      ; 420        ; 4        ; A_BUS[31]                                ; output ; 3.3-V LVTTL  ;         ; Column I/O ; N               ; no       ; Off          ;
; B16      ; 419        ; 4        ; A_BUS[30]                                ; output ; 3.3-V LVTTL  ;         ; Column I/O ; N               ; no       ; Off          ;
; B17      ; 411        ; 4        ; DATA_MEN_ADDR[22]                        ; output ; 3.3-V LVTTL  ;         ; Column I/O ; N               ; no       ; Off          ;
; B18      ; 405        ; 4        ; C_BUS[1]                                 ; output ; 3.3-V LVTTL  ;         ; Column I/O ; N               ; no       ; Off          ;
; B19      ; 393        ; 4        ; C_BUS[3]                                 ; output ; 3.3-V LVTTL  ;         ; Column I/O ; N               ; no       ; Off          ;
; B20      ; 389        ; 4        ; C_BUS[10]                                ; output ; 3.3-V LVTTL  ;         ; Column I/O ; N               ; no       ; Off          ;
; B21      ; 381        ; 4        ; DATA_MEM_IN[27]                          ; input  ; 3.3-V LVTTL  ;         ; Column I/O ; N               ; no       ; Off          ;
; B22      ; 380        ; 4        ; GND*                                     ;        ;              ;         ; Column I/O ;                 ; no       ; Off          ;
; B23      ; 377        ; 4        ; A_BUS[12]                                ; output ; 3.3-V LVTTL  ;         ; Column I/O ; N               ; no       ; Off          ;
; B24      ; 363        ; 5        ; GND*                                     ;        ;              ;         ; Row I/O    ;                 ; no       ; Off          ;
; B25      ; 362        ; 5        ; GND*                                     ;        ;              ;         ; Row I/O    ;                 ; no       ; Off          ;
; B26      ;            ;          ; GND                                      ; gnd    ;              ;         ; --         ;                 ; --       ; --           ;
; C1       ;            ; 2        ; VCCIO2                                   ; power  ;              ; 3.3V    ; --         ;                 ; --       ; --           ;
; C2       ; 6          ; 2        ; DATA_MEN_ADDR[11]                        ; output ; 3.3-V LVTTL  ;         ; Row I/O    ; N               ; no       ; Off          ;
; C3       ; 7          ; 2        ; B_BUS[28]                                ; output ; 3.3-V LVTTL  ;         ; Row I/O    ; N               ; no       ; Off          ;
; C4       ; 478        ; 3        ; DATA_MEN_OUT[9]                          ; output ; 3.3-V LVTTL  ;         ; Column I/O ; N               ; no       ; Off          ;
; C5       ; 486        ; 3        ; GND*                                     ;        ;              ;         ; Column I/O ;                 ; no       ; Off          ;
; C6       ; 485        ; 3        ; GND*                                     ;        ;              ;         ; Column I/O ;                 ; no       ; Off          ;
; C7       ; 468        ; 3        ; B_BUS[2]                                 ; output ; 3.3-V LVTTL  ;         ; Column I/O ; N               ; no       ; Off          ;
; C8       ; 463        ; 3        ; DATA_MEM_IN[22]                          ; input  ; 3.3-V LVTTL  ;         ; Column I/O ; N               ; no       ; Off          ;
; C9       ; 459        ; 3        ; PC[3]                                    ; output ; 3.3-V LVTTL  ;         ; Column I/O ; N               ; no       ; Off          ;
; C10      ; 450        ; 3        ; A_BUS[20]                                ; output ; 3.3-V LVTTL  ;         ; Column I/O ; N               ; no       ; Off          ;
; C11      ; 436        ; 3        ; A_BUS[21]                                ; output ; 3.3-V LVTTL  ;         ; Column I/O ; N               ; no       ; Off          ;
; C12      ; 434        ; 3        ; MIR[20]                                  ; output ; 3.3-V LVTTL  ;         ; Column I/O ; N               ; no       ; Off          ;
; C13      ; 431        ; 3        ; GND+                                     ;        ;              ;         ; Column I/O ;                 ; --       ; --           ;
; C14      ;            ;          ; GND                                      ; gnd    ;              ;         ; --         ;                 ; --       ; --           ;
; C15      ; 421        ; 4        ; A_BUS[27]                                ; output ; 3.3-V LVTTL  ;         ; Column I/O ; N               ; no       ; Off          ;
; C16      ; 418        ; 4        ; C_BUS[31]                                ; output ; 3.3-V LVTTL  ;         ; Column I/O ; N               ; no       ; Off          ;
; C17      ; 404        ; 4        ; PC[6]                                    ; output ; 3.3-V LVTTL  ;         ; Column I/O ; N               ; no       ; Off          ;
; C18      ;            ;          ; GND                                      ; gnd    ;              ;         ; --         ;                 ; --       ; --           ;
; C19      ; 391        ; 4        ; C_BUS[21]                                ; output ; 3.3-V LVTTL  ;         ; Column I/O ; N               ; no       ; Off          ;
; C20      ;            ; 4        ; VCCIO4                                   ; power  ;              ; 3.3V    ; --         ;                 ; --       ; --           ;
; C21      ; 375        ; 4        ; GND*                                     ;        ;              ;         ; Column I/O ;                 ; no       ; Off          ;
; C22      ; 374        ; 4        ; GND*                                     ;        ;              ;         ; Column I/O ;                 ; no       ; Off          ;
; C23      ; 373        ; 4        ; GND*                                     ;        ;              ;         ; Column I/O ;                 ; no       ; Off          ;
; C24      ; 360        ; 5        ; GND*                                     ;        ;              ;         ; Row I/O    ;                 ; no       ; Off          ;
; C25      ; 361        ; 5        ; GND*                                     ;        ;              ;         ; Row I/O    ;                 ; no       ; Off          ;
; C26      ;            ; 5        ; VCCIO5                                   ; power  ;              ; 3.3V    ; --         ;                 ; --       ; --           ;
; D1       ; 13         ; 2        ; DATA_MEM_IN[16]                          ; input  ; 3.3-V LVTTL  ;         ; Row I/O    ; N               ; no       ; Off          ;
; D2       ; 12         ; 2        ; B_BUS[10]                                ; output ; 3.3-V LVTTL  ;         ; Row I/O    ; N               ; no       ; Off          ;
; D3       ; 1          ; 2        ; ~nCSO~ / RESERVED_INPUT_WITH_WEAK_PULLUP ; input  ; 3.3-V LVTTL  ;         ; Row I/O    ; N               ; no       ; On           ;
; D4       ;            ;          ; GND                                      ; gnd    ;              ;         ; --         ;                 ; --       ; --           ;
; D5       ; 477        ; 3        ; DATA_MEM_IN[10]                          ; input  ; 3.3-V LVTTL  ;         ; Column I/O ; N               ; no       ; Off          ;
; D6       ; 467        ; 3        ; DATA_MEN_ADDR[13]                        ; output ; 3.3-V LVTTL  ;         ; Column I/O ; N               ; no       ; Off          ;
; D7       ; 469        ; 3        ; B_BUS[3]                                 ; output ; 3.3-V LVTTL  ;         ; Column I/O ; N               ; no       ; Off          ;
; D8       ; 464        ; 3        ; DATA_MEM_IN[5]                           ; input  ; 3.3-V LVTTL  ;         ; Column I/O ; N               ; no       ; Off          ;
; D9       ; 460        ; 3        ; C_BUS[6]                                 ; output ; 3.3-V LVTTL  ;         ; Column I/O ; N               ; no       ; Off          ;
; D10      ; 449        ; 3        ; A_BUS[15]                                ; output ; 3.3-V LVTTL  ;         ; Column I/O ; N               ; no       ; Off          ;
; D11      ; 445        ; 3        ; A_BUS[14]                                ; output ; 3.3-V LVTTL  ;         ; Column I/O ; N               ; no       ; Off          ;
; D12      ; 443        ; 3        ; A_BUS[1]                                 ; output ; 3.3-V LVTTL  ;         ; Column I/O ; N               ; no       ; Off          ;
; D13      ; 432        ; 3        ; GND+                                     ;        ;              ;         ; Column I/O ;                 ; --       ; --           ;
; D14      ; 426        ; 4        ; MIR[17]                                  ; output ; 3.3-V LVTTL  ;         ; Column I/O ; N               ; no       ; Off          ;
; D15      ; 417        ; 4        ; A_BUS[3]                                 ; output ; 3.3-V LVTTL  ;         ; Column I/O ; N               ; no       ; Off          ;
; D16      ; 415        ; 4        ; DATA_MEN_OUT[31]                         ; output ; 3.3-V LVTTL  ;         ; Column I/O ; N               ; no       ; Off          ;
; D17      ; 403        ; 4        ; PC[13]                                   ; output ; 3.3-V LVTTL  ;         ; Column I/O ; N               ; no       ; Off          ;
; D18      ; 396        ; 4        ; DATA_MEN_ADDR[6]                         ; output ; 3.3-V LVTTL  ;         ; Column I/O ; N               ; no       ; Off          ;
; D19      ; 392        ; 4        ; C_BUS[12]                                ; output ; 3.3-V LVTTL  ;         ; Column I/O ; N               ; no       ; Off          ;
; D20      ; 387        ; 4        ; C_BUS[17]                                ; output ; 3.3-V LVTTL  ;         ; Column I/O ; N               ; no       ; Off          ;
; D21      ; 376        ; 4        ; GND*                                     ;        ;              ;         ; Column I/O ;                 ; no       ; Off          ;
; D22      ;            ; 4        ; VCCIO4                                   ; power  ;              ; 3.3V    ; --         ;                 ; --       ; --           ;
; D23      ; 369        ; 5        ; GND*                                     ;        ;              ;         ; Row I/O    ;                 ; no       ; Off          ;
; D24      ;            ;          ; GND                                      ; gnd    ;              ;         ; --         ;                 ; --       ; --           ;
; D25      ; 358        ; 5        ; GND*                                     ;        ;              ;         ; Row I/O    ;                 ; no       ; Off          ;
; D26      ; 359        ; 5        ; GND*                                     ;        ;              ;         ; Row I/O    ;                 ; no       ; Off          ;
; E1       ; 20         ; 2        ; A_BUS[10]                                ; output ; 3.3-V LVTTL  ;         ; Row I/O    ; N               ; no       ; Off          ;
; E2       ; 19         ; 2        ; C_BUS[16]                                ; output ; 3.3-V LVTTL  ;         ; Row I/O    ; N               ; no       ; Off          ;
; E3       ; 0          ; 2        ; ~ASDO~ / RESERVED_INPUT_WITH_WEAK_PULLUP ; input  ; 3.3-V LVTTL  ;         ; Row I/O    ; N               ; no       ; On           ;
; E4       ;            ;          ; GND_PLL3                                 ; gnd    ;              ;         ; --         ;                 ; --       ; --           ;
; E5       ; 4          ; 2        ; GND*                                     ;        ;              ;         ; Row I/O    ;                 ; no       ; Off          ;
; E6       ;            ; 3        ; VCCIO3                                   ; power  ;              ; 3.3V    ; --         ;                 ; --       ; --           ;
; E7       ;            ;          ; GND                                      ; gnd    ;              ;         ; --         ;                 ; --       ; --           ;
; E8       ; 474        ; 3        ; B_BUS[22]                                ; output ; 3.3-V LVTTL  ;         ; Column I/O ; N               ; no       ; Off          ;
; E9       ;            ; 3        ; VCCIO3                                   ; power  ;              ; 3.3V    ; --         ;                 ; --       ; --           ;
; E10      ; 453        ; 3        ; DATA_MEN_OUT[4]                          ; output ; 3.3-V LVTTL  ;         ; Column I/O ; N               ; no       ; Off          ;
; E11      ;            ;          ; GND                                      ; gnd    ;              ;         ; --         ;                 ; --       ; --           ;
; E12      ; 444        ; 3        ; MIR[21]                                  ; output ; 3.3-V LVTTL  ;         ; Column I/O ; N               ; no       ; Off          ;
; E13      ;            ; 3        ; VCCIO3                                   ; power  ;              ; 3.3V    ; --         ;                 ; --       ; --           ;
; E14      ;            ; 4        ; VCCIO4                                   ; power  ;              ; 3.3V    ; --         ;                 ; --       ; --           ;
; E15      ; 416        ; 4        ; C_BUS[22]                                ; output ; 3.3-V LVTTL  ;         ; Column I/O ; N               ; no       ; Off          ;
; E16      ;            ;          ; GND                                      ; gnd    ;              ;         ; --         ;                 ; --       ; --           ;
; E17      ;            ; 4        ; VCCIO4                                   ; power  ;              ; 3.3V    ; --         ;                 ; --       ; --           ;
; E18      ; 395        ; 4        ; DATA_MEM_IN[2]                           ; input  ; 3.3-V LVTTL  ;         ; Column I/O ; N               ; no       ; Off          ;
; E19      ;            ;          ; GND                                      ; gnd    ;              ;         ; --         ;                 ; --       ; --           ;
; E20      ; 388        ; 4        ; C_BUS[9]                                 ; output ; 3.3-V LVTTL  ;         ; Column I/O ; N               ; no       ; Off          ;
; E21      ;            ;          ; GND_PLL2                                 ; gnd    ;              ;         ; --         ;                 ; --       ; --           ;
; E22      ; 370        ; 5        ; GND*                                     ;        ;              ;         ; Row I/O    ;                 ; no       ; Off          ;
; E23      ; 365        ; 5        ; GND*                                     ;        ;              ;         ; Row I/O    ;                 ; no       ; Off          ;
; E24      ; 364        ; 5        ; GND*                                     ;        ;              ;         ; Row I/O    ;                 ; no       ; Off          ;
; E25      ; 355        ; 5        ; GND*                                     ;        ;              ;         ; Row I/O    ;                 ; no       ; Off          ;
; E26      ; 356        ; 5        ; GND*                                     ;        ;              ;         ; Row I/O    ;                 ; no       ; Off          ;
; F1       ; 29         ; 2        ; PC[10]                                   ; output ; 3.3-V LVTTL  ;         ; Row I/O    ; N               ; no       ; Off          ;
; F2       ; 28         ; 2        ; DATA_MEN_OUT[16]                         ; output ; 3.3-V LVTTL  ;         ; Row I/O    ; N               ; no       ; Off          ;
; F3       ; 10         ; 2        ; B_BUS[16]                                ; output ; 3.3-V LVTTL  ;         ; Row I/O    ; N               ; no       ; Off          ;
; F4       ; 11         ; 2        ; B_BUS[30]                                ; output ; 3.3-V LVTTL  ;         ; Row I/O    ; N               ; no       ; Off          ;
; F5       ;            ; 2        ; VCCIO2                                   ; power  ;              ; 3.3V    ; --         ;                 ; --       ; --           ;
; F6       ; 5          ; 2        ; DATA_MEN_ADDR[10]                        ; output ; 3.3-V LVTTL  ;         ; Row I/O    ; N               ; no       ; Off          ;
; F7       ; 14         ; 2        ; B_BUS[20]                                ; output ; 3.3-V LVTTL  ;         ; Row I/O    ; N               ; no       ; Off          ;
; F8       ;            ;          ; GNDA_PLL3                                ; gnd    ;              ;         ; --         ;                 ; --       ; --           ;
; F9       ; 470        ; 3        ; DATA_MEN_OUT[0]                          ; output ; 3.3-V LVTTL  ;         ; Column I/O ; N               ; no       ; Off          ;
; F10      ; 462        ; 3        ; MBR_OUT[0]                               ; output ; 3.3-V LVTTL  ;         ; Column I/O ; N               ; no       ; Off          ;
; F11      ; 454        ; 3        ; DATA_MEN_OUT[1]                          ; output ; 3.3-V LVTTL  ;         ; Column I/O ; N               ; no       ; Off          ;
; F12      ; 440        ; 3        ; MIR[3]                                   ; output ; 3.3-V LVTTL  ;         ; Column I/O ; N               ; no       ; Off          ;
; F13      ; 423        ; 4        ; A_BUS[24]                                ; output ; 3.3-V LVTTL  ;         ; Column I/O ; N               ; no       ; Off          ;
; F14      ; 425        ; 4        ; A_BUS[22]                                ; output ; 3.3-V LVTTL  ;         ; Column I/O ; N               ; no       ; Off          ;
; F15      ; 409        ; 4        ; C_BUS[15]                                ; output ; 3.3-V LVTTL  ;         ; Column I/O ; N               ; no       ; Off          ;
; F16      ; 408        ; 4        ; DATA_MEN_ADDR[23]                        ; output ; 3.3-V LVTTL  ;         ; Column I/O ; N               ; no       ; Off          ;
; F17      ; 401        ; 4        ; MIR[35]                                  ; output ; 3.3-V LVTTL  ;         ; Column I/O ; N               ; no       ; Off          ;
; F18      ; 398        ; 4        ; A_BUS[16]                                ; output ; 3.3-V LVTTL  ;         ; Column I/O ; N               ; no       ; Off          ;
; F19      ;            ;          ; GNDA_PLL2                                ; gnd    ;              ;         ; --         ;                 ; --       ; --           ;
; F20      ; 372        ; 5        ; GND*                                     ;        ;              ;         ; Row I/O    ;                 ; no       ; Off          ;
; F21      ; 371        ; 5        ; GND*                                     ;        ;              ;         ; Row I/O    ;                 ; no       ; Off          ;
; F22      ;            ; 5        ; VCCIO5                                   ; power  ;              ; 3.3V    ; --         ;                 ; --       ; --           ;
; F23      ; 353        ; 5        ; GND*                                     ;        ;              ;         ; Row I/O    ;                 ; no       ; Off          ;
; F24      ; 354        ; 5        ; GND*                                     ;        ;              ;         ; Row I/O    ;                 ; no       ; Off          ;
; F25      ; 350        ; 5        ; GND*                                     ;        ;              ;         ; Row I/O    ;                 ; no       ; Off          ;
; F26      ; 349        ; 5        ; GND*                                     ;        ;              ;         ; Row I/O    ;                 ; no       ; Off          ;
; G1       ; 30         ; 2        ; C_BUS[20]                                ; output ; 3.3-V LVTTL  ;         ; Row I/O    ; N               ; no       ; Off          ;
; G2       ; 31         ; 2        ; DATA_MEM_IN[3]                           ; input  ; 3.3-V LVTTL  ;         ; Row I/O    ; N               ; no       ; Off          ;
; G3       ; 24         ; 2        ; A_BUS[4]                                 ; output ; 3.3-V LVTTL  ;         ; Row I/O    ; N               ; no       ; Off          ;
; G4       ; 23         ; 2        ; DATA_MEN_OUT[30]                         ; output ; 3.3-V LVTTL  ;         ; Row I/O    ; N               ; no       ; Off          ;
; G5       ; 8          ; 2        ; DATA_MEM_IN[25]                          ; input  ; 3.3-V LVTTL  ;         ; Row I/O    ; N               ; no       ; Off          ;
; G6       ; 9          ; 2        ; DATA_MEN_ADDR[4]                         ; output ; 3.3-V LVTTL  ;         ; Row I/O    ; N               ; no       ; Off          ;
; G7       ;            ;          ; GND_PLL3                                 ; gnd    ;              ;         ; --         ;                 ; --       ; --           ;
; G8       ;            ;          ; VCCA_PLL3                                ; power  ;              ; 1.2V    ; --         ;                 ; --       ; --           ;
; G9       ; 471        ; 3        ; DATA_MEN_OUT[15]                         ; output ; 3.3-V LVTTL  ;         ; Column I/O ; N               ; no       ; Off          ;
; G10      ; 461        ; 3        ; DATA_MEN_OUT[3]                          ; output ; 3.3-V LVTTL  ;         ; Column I/O ; N               ; no       ; Off          ;
; G11      ; 446        ; 3        ; A_BUS[13]                                ; output ; 3.3-V LVTTL  ;         ; Column I/O ; N               ; no       ; Off          ;
; G12      ; 439        ; 3        ; MIR[0]                                   ; output ; 3.3-V LVTTL  ;         ; Column I/O ; N               ; no       ; Off          ;
; G13      ; 422        ; 4        ; A_BUS[23]                                ; output ; 3.3-V LVTTL  ;         ; Column I/O ; N               ; no       ; Off          ;
; G14      ; 424        ; 4        ; A_BUS[26]                                ; output ; 3.3-V LVTTL  ;         ; Column I/O ; N               ; no       ; Off          ;
; G15      ; 410        ; 4        ; PC[16]                                   ; output ; 3.3-V LVTTL  ;         ; Column I/O ; N               ; no       ; Off          ;
; G16      ; 407        ; 4        ; DATA_MEN_OUT[18]                         ; output ; 3.3-V LVTTL  ;         ; Column I/O ; N               ; no       ; Off          ;
; G17      ; 402        ; 4        ; C_BUS[5]                                 ; output ; 3.3-V LVTTL  ;         ; Column I/O ; N               ; no       ; Off          ;
; G18      ; 397        ; 4        ; DATA_MEN_ADDR[16]                        ; output ; 3.3-V LVTTL  ;         ; Column I/O ; N               ; no       ; Off          ;
; G19      ;            ;          ; VCCA_PLL2                                ; power  ;              ; 1.2V    ; --         ;                 ; --       ; --           ;
; G20      ;            ;          ; GND_PLL2                                 ; gnd    ;              ;         ; --         ;                 ; --       ; --           ;
; G21      ; 368        ; 5        ; GND*                                     ;        ;              ;         ; Row I/O    ;                 ; no       ; Off          ;
; G22      ; 367        ; 5        ; GND*                                     ;        ;              ;         ; Row I/O    ;                 ; no       ; Off          ;
; G23      ; 346        ; 5        ; GND*                                     ;        ;              ;         ; Row I/O    ;                 ; no       ; Off          ;
; G24      ; 345        ; 5        ; GND*                                     ;        ;              ;         ; Row I/O    ;                 ; no       ; Off          ;
; G25      ; 343        ; 5        ; C_BUS[13]                                ; output ; 3.3-V LVTTL  ;         ; Row I/O    ; N               ; no       ; Off          ;
; G26      ; 342        ; 5        ; DATA_MEN_OUT[27]                         ; output ; 3.3-V LVTTL  ;         ; Row I/O    ; N               ; no       ; Off          ;
; H1       ; 37         ; 2        ; DATA_MEN_OUT[8]                          ; output ; 3.3-V LVTTL  ;         ; Row I/O    ; N               ; no       ; Off          ;
; H2       ; 36         ; 2        ; B_BUS[9]                                 ; output ; 3.3-V LVTTL  ;         ; Row I/O    ; N               ; no       ; Off          ;
; H3       ; 32         ; 2        ; C_BUS[23]                                ; output ; 3.3-V LVTTL  ;         ; Row I/O    ; N               ; no       ; Off          ;
; H4       ; 33         ; 2        ; B_BUS[25]                                ; output ; 3.3-V LVTTL  ;         ; Row I/O    ; N               ; no       ; Off          ;
; H5       ;            ;          ; GND                                      ; gnd    ;              ;         ; --         ;                 ; --       ; --           ;
; H6       ; 18         ; 2        ; C_BUS[19]                                ; output ; 3.3-V LVTTL  ;         ; Row I/O    ; N               ; no       ; Off          ;
; H7       ;            ;          ; VCCD_PLL3                                ; power  ;              ; 1.2V    ; --         ;                 ; --       ; --           ;
; H8       ; 473        ; 3        ; B_BUS[14]                                ; output ; 3.3-V LVTTL  ;         ; Column I/O ; N               ; no       ; Off          ;
; H9       ;            ; 3        ; VCCIO3                                   ; power  ;              ; 3.3V    ; --         ;                 ; --       ; --           ;
; H10      ; 472        ; 3        ; DATA_MEN_OUT[19]                         ; output ; 3.3-V LVTTL  ;         ; Column I/O ; N               ; no       ; Off          ;
; H11      ; 456        ; 3        ; C_BUS[4]                                 ; output ; 3.3-V LVTTL  ;         ; Column I/O ; N               ; no       ; Off          ;
; H12      ; 455        ; 3        ; DATA_MEM_IN[0]                           ; input  ; 3.3-V LVTTL  ;         ; Column I/O ; N               ; no       ; Off          ;
; H13      ;            ;          ; GND                                      ; gnd    ;              ;         ; --         ;                 ; --       ; --           ;
; H14      ;            ;          ; GND                                      ; gnd    ;              ;         ; --         ;                 ; --       ; --           ;
; H15      ; 414        ; 4        ; DATA_MEN_ADDR[14]                        ; output ; 3.3-V LVTTL  ;         ; Column I/O ; N               ; no       ; Off          ;
; H16      ; 413        ; 4        ; C_BUS[28]                                ; output ; 3.3-V LVTTL  ;         ; Column I/O ; N               ; no       ; Off          ;
; H17      ; 400        ; 4        ; PC[28]                                   ; output ; 3.3-V LVTTL  ;         ; Column I/O ; N               ; no       ; Off          ;
; H18      ;            ; 4        ; VCCIO4                                   ; power  ;              ; 3.3V    ; --         ;                 ; --       ; --           ;
; H19      ; 335        ; 5        ; DATA_MEM_IN[30]                          ; input  ; 3.3-V LVTTL  ;         ; Row I/O    ; N               ; no       ; Off          ;
; H20      ;            ;          ; VCCD_PLL2                                ; power  ;              ; 1.2V    ; --         ;                 ; --       ; --           ;
; H21      ; 366        ; 5        ; GND*                                     ;        ;              ;         ; Row I/O    ;                 ; no       ; Off          ;
; H22      ;            ;          ; GND                                      ; gnd    ;              ;         ; --         ;                 ; --       ; --           ;
; H23      ; 341        ; 5        ; C_BUS[7]                                 ; output ; 3.3-V LVTTL  ;         ; Row I/O    ; N               ; no       ; Off          ;
; H24      ; 340        ; 5        ; DATA_MEN_OUT[26]                         ; output ; 3.3-V LVTTL  ;         ; Row I/O    ; N               ; no       ; Off          ;
; H25      ; 337        ; 5        ; DATA_MEM_IN[31]                          ; input  ; 3.3-V LVTTL  ;         ; Row I/O    ; N               ; no       ; Off          ;
; H26      ; 336        ; 5        ; DATA_MEN_OUT[29]                         ; output ; 3.3-V LVTTL  ;         ; Row I/O    ; N               ; no       ; Off          ;
; J1       ; 39         ; 2        ; B_BUS[29]                                ; output ; 3.3-V LVTTL  ;         ; Row I/O    ; N               ; no       ; Off          ;
; J2       ; 38         ; 2        ; B_BUS[6]                                 ; output ; 3.3-V LVTTL  ;         ; Row I/O    ; N               ; no       ; Off          ;
; J3       ; 34         ; 2        ; B_BUS[8]                                 ; output ; 3.3-V LVTTL  ;         ; Row I/O    ; N               ; no       ; Off          ;
; J4       ; 35         ; 2        ; B_BUS[19]                                ; output ; 3.3-V LVTTL  ;         ; Row I/O    ; N               ; no       ; Off          ;
; J5       ; 15         ; 2        ; DATA_MEM_IN[12]                          ; input  ; 3.3-V LVTTL  ;         ; Row I/O    ; N               ; no       ; Off          ;
; J6       ; 25         ; 2        ; PC[14]                                   ; output ; 3.3-V LVTTL  ;         ; Row I/O    ; N               ; no       ; Off          ;
; J7       ; 17         ; 2        ; C_BUS[2]                                 ; output ; 3.3-V LVTTL  ;         ; Row I/O    ; N               ; no       ; Off          ;
; J8       ; 16         ; 2        ; DATA_MEM_IN[4]                           ; input  ; 3.3-V LVTTL  ;         ; Row I/O    ; N               ; no       ; Off          ;
; J9       ; 475        ; 3        ; B_BUS[15]                                ; output ; 3.3-V LVTTL  ;         ; Column I/O ; N               ; no       ; Off          ;
; J10      ; 438        ; 3        ; MIR[19]                                  ; output ; 3.3-V LVTTL  ;         ; Column I/O ; N               ; no       ; Off          ;
; J11      ; 437        ; 3        ; A_BUS[25]                                ; output ; 3.3-V LVTTL  ;         ; Column I/O ; N               ; no       ; Off          ;
; J12      ;            ; 3        ; VCCIO3                                   ; power  ;              ; 3.3V    ; --         ;                 ; --       ; --           ;
; J13      ; 442        ; 3        ; MIR[23]                                  ; output ; 3.3-V LVTTL  ;         ; Column I/O ; N               ; no       ; Off          ;
; J14      ; 441        ; 3        ; MIR[18]                                  ; output ; 3.3-V LVTTL  ;         ; Column I/O ; N               ; no       ; Off          ;
; J15      ;            ; 4        ; VCCIO4                                   ; power  ;              ; 3.3V    ; --         ;                 ; --       ; --           ;
; J16      ; 385        ; 4        ; C_BUS[30]                                ; output ; 3.3-V LVTTL  ;         ; Column I/O ; N               ; no       ; Off          ;
; J17      ; 399        ; 4        ; A_BUS[6]                                 ; output ; 3.3-V LVTTL  ;         ; Column I/O ; N               ; no       ; Off          ;
; J18      ; 383        ; 4        ; DATA_MEN_ADDR[24]                        ; output ; 3.3-V LVTTL  ;         ; Column I/O ; N               ; no       ; Off          ;
; J19      ;            ; 5        ; VCCIO5                                   ; power  ;              ; 3.3V    ; --         ;                 ; --       ; --           ;
; J20      ; 351        ; 5        ; GND*                                     ;        ;              ;         ; Row I/O    ;                 ; no       ; Off          ;
; J21      ; 352        ; 5        ; GND*                                     ;        ;              ;         ; Row I/O    ;                 ; no       ; Off          ;
; J22      ; 357        ; 5        ; GND*                                     ;        ;              ;         ; Row I/O    ;                 ; --       ; --           ;
; J23      ; 339        ; 5        ; DATA_MEN_OUT[28]                         ; output ; 3.3-V LVTTL  ;         ; Row I/O    ; N               ; no       ; Off          ;
; J24      ; 338        ; 5        ; DATA_MEN_ADDR[28]                        ; output ; 3.3-V LVTTL  ;         ; Row I/O    ; N               ; no       ; Off          ;
; J25      ; 327        ; 5        ; C_BUS[18]                                ; output ; 3.3-V LVTTL  ;         ; Row I/O    ; N               ; no       ; Off          ;
; J26      ; 326        ; 5        ; C_BUS[27]                                ; output ; 3.3-V LVTTL  ;         ; Row I/O    ; N               ; no       ; Off          ;
; K1       ; 42         ; 2        ; PC[23]                                   ; output ; 3.3-V LVTTL  ;         ; Row I/O    ; N               ; no       ; Off          ;
; K2       ; 43         ; 2        ; PC[15]                                   ; output ; 3.3-V LVTTL  ;         ; Row I/O    ; N               ; no       ; Off          ;
; K3       ; 41         ; 2        ; DATA_MEN_ADDR[8]                         ; output ; 3.3-V LVTTL  ;         ; Row I/O    ; N               ; no       ; Off          ;
; K4       ; 40         ; 2        ; B_BUS[11]                                ; output ; 3.3-V LVTTL  ;         ; Row I/O    ; N               ; no       ; Off          ;
; K5       ; 22         ; 2        ; DATA_MEM_IN[28]                          ; input  ; 3.3-V LVTTL  ;         ; Row I/O    ; N               ; no       ; Off          ;
; K6       ; 21         ; 2        ; DATA_MEN_OUT[25]                         ; output ; 3.3-V LVTTL  ;         ; Row I/O    ; N               ; no       ; Off          ;
; K7       ; 27         ; 2        ; PC[12]                                   ; output ; 3.3-V LVTTL  ;         ; Row I/O    ; N               ; no       ; Off          ;
; K8       ; 26         ; 2        ; A_BUS[11]                                ; output ; 3.3-V LVTTL  ;         ; Row I/O    ; N               ; no       ; Off          ;
; K9       ; 476        ; 3        ; B_BUS[4]                                 ; output ; 3.3-V LVTTL  ;         ; Column I/O ; N               ; no       ; Off          ;
; K10      ;            ;          ; VCCINT                                   ; power  ;              ; 1.2V    ; --         ;                 ; --       ; --           ;
; K11      ;            ;          ; VCCINT                                   ; power  ;              ; 1.2V    ; --         ;                 ; --       ; --           ;
; K12      ;            ;          ; VCCINT                                   ; power  ;              ; 1.2V    ; --         ;                 ; --       ; --           ;
; K13      ;            ;          ; VCCINT                                   ; power  ;              ; 1.2V    ; --         ;                 ; --       ; --           ;
; K14      ;            ;          ; VCCINT                                   ; power  ;              ; 1.2V    ; --         ;                 ; --       ; --           ;
; K15      ;            ;          ; VCCINT                                   ; power  ;              ; 1.2V    ; --         ;                 ; --       ; --           ;
; K16      ; 386        ; 4        ; DATA_MEN_ADDR[20]                        ; output ; 3.3-V LVTTL  ;         ; Column I/O ; N               ; no       ; Off          ;
; K17      ; 384        ; 4        ; C_BUS[29]                                ; output ; 3.3-V LVTTL  ;         ; Column I/O ; N               ; no       ; Off          ;
; K18      ; 334        ; 5        ; DATA_MEN_ADDR[7]                         ; output ; 3.3-V LVTTL  ;         ; Row I/O    ; N               ; no       ; Off          ;
; K19      ; 333        ; 5        ; DATA_MEN_ADDR[21]                        ; output ; 3.3-V LVTTL  ;         ; Row I/O    ; N               ; no       ; Off          ;
; K20      ;            ;          ; GND                                      ; gnd    ;              ;         ; --         ;                 ; --       ; --           ;
; K21      ; 332        ; 5        ; DATA_MEN_ADDR[15]                        ; output ; 3.3-V LVTTL  ;         ; Row I/O    ; N               ; no       ; Off          ;
; K22      ; 344        ; 5        ; GND*                                     ;        ;              ;         ; Row I/O    ;                 ; no       ; Off          ;
; K23      ; 331        ; 5        ; A_BUS[17]                                ; output ; 3.3-V LVTTL  ;         ; Row I/O    ; N               ; no       ; Off          ;
; K24      ; 330        ; 5        ; DATA_MEN_ADDR[29]                        ; output ; 3.3-V LVTTL  ;         ; Row I/O    ; N               ; no       ; Off          ;
; K25      ; 321        ; 5        ; DATA_MEN_ADDR[25]                        ; output ; 3.3-V LVTTL  ;         ; Row I/O    ; N               ; no       ; Off          ;
; K26      ; 320        ; 5        ; MBR_OUT[3]                               ; output ; 3.3-V LVTTL  ;         ; Row I/O    ; N               ; no       ; Off          ;
; L1       ;            ; 2        ; VCCIO2                                   ; power  ;              ; 3.3V    ; --         ;                 ; --       ; --           ;
; L2       ; 50         ; 2        ; PROG_MEM_IN[3]                           ; input  ; 3.3-V LVTTL  ;         ; Row I/O    ; N               ; no       ; Off          ;
; L3       ; 51         ; 2        ; DATA_MEM_IN[11]                          ; input  ; 3.3-V LVTTL  ;         ; Row I/O    ; N               ; no       ; Off          ;
; L4       ; 44         ; 2        ; PC[5]                                    ; output ; 3.3-V LVTTL  ;         ; Row I/O    ; N               ; no       ; Off          ;
; L5       ;            ;          ; GND                                      ; gnd    ;              ;         ; --         ;                 ; --       ; --           ;
; L6       ; 48         ; 2        ; DATA_MEM_IN[15]                          ; input  ; 3.3-V LVTTL  ;         ; Row I/O    ; N               ; no       ; Off          ;
; L7       ; 47         ; 2        ; DATA_MEM_IN[1]                           ; input  ; 3.3-V LVTTL  ;         ; Row I/O    ; N               ; no       ; Off          ;
; L8       ; 59         ; 2        ; #TMS                                     ; input  ;              ;         ; --         ;                 ; --       ; --           ;
; L9       ; 49         ; 2        ; DATA_MEM_IN[8]                           ; input  ; 3.3-V LVTTL  ;         ; Row I/O    ; N               ; no       ; Off          ;
; L10      ; 52         ; 2        ; B_BUS[27]                                ; output ; 3.3-V LVTTL  ;         ; Row I/O    ; N               ; no       ; Off          ;
; L11      ;            ;          ; VCCINT                                   ; power  ;              ; 1.2V    ; --         ;                 ; --       ; --           ;
; L12      ;            ;          ; GND                                      ; gnd    ;              ;         ; --         ;                 ; --       ; --           ;
; L13      ;            ;          ; GND                                      ; gnd    ;              ;         ; --         ;                 ; --       ; --           ;
; L14      ;            ;          ; GND                                      ; gnd    ;              ;         ; --         ;                 ; --       ; --           ;
; L15      ;            ;          ; GND                                      ; gnd    ;              ;         ; --         ;                 ; --       ; --           ;
; L16      ;            ;          ; VCCINT                                   ; power  ;              ; 1.2V    ; --         ;                 ; --       ; --           ;
; L17      ;            ;          ; VCCINT                                   ; power  ;              ; 1.2V    ; --         ;                 ; --       ; --           ;
; L18      ;            ;          ; VCCINT                                   ; power  ;              ; 1.2V    ; --         ;                 ; --       ; --           ;
; L19      ; 322        ; 5        ; A_BUS[0]                                 ; output ; 3.3-V LVTTL  ;         ; Row I/O    ; N               ; no       ; Off          ;
; L20      ; 328        ; 5        ; C_BUS[24]                                ; output ; 3.3-V LVTTL  ;         ; Row I/O    ; N               ; no       ; Off          ;
; L21      ; 329        ; 5        ; C_BUS[26]                                ; output ; 3.3-V LVTTL  ;         ; Row I/O    ; N               ; no       ; Off          ;
; L22      ;            ;          ; GND                                      ; gnd    ;              ;         ; --         ;                 ; --       ; --           ;
; L23      ; 325        ; 5        ; C_BUS[0]                                 ; output ; 3.3-V LVTTL  ;         ; Row I/O    ; N               ; no       ; Off          ;
; L24      ; 324        ; 5        ; DATA_MEN_ADDR[30]                        ; output ; 3.3-V LVTTL  ;         ; Row I/O    ; N               ; no       ; Off          ;
; L25      ; 323        ; 5        ; A_BUS[18]                                ; output ; 3.3-V LVTTL  ;         ; Row I/O    ; N               ; no       ; Off          ;
; L26      ;            ; 5        ; VCCIO5                                   ; power  ;              ; 3.3V    ; --         ;                 ; --       ; --           ;
; M1       ;            ;          ; GND                                      ; gnd    ;              ;         ; --         ;                 ; --       ; --           ;
; M2       ; 56         ; 2        ; B_BUS[13]                                ; output ; 3.3-V LVTTL  ;         ; Row I/O    ; N               ; no       ; Off          ;
; M3       ; 55         ; 2        ; MIR[1]                                   ; output ; 3.3-V LVTTL  ;         ; Row I/O    ; N               ; no       ; Off          ;
; M4       ; 53         ; 2        ; B_BUS[12]                                ; output ; 3.3-V LVTTL  ;         ; Row I/O    ; N               ; no       ; Off          ;
; M5       ; 54         ; 2        ; B_BUS[26]                                ; output ; 3.3-V LVTTL  ;         ; Row I/O    ; N               ; no       ; Off          ;
; M6       ; 58         ; 2        ; #TCK                                     ; input  ;              ;         ; --         ;                 ; --       ; --           ;
; M7       ; 60         ; 2        ; #TDO                                     ; output ;              ;         ; --         ;                 ; --       ; --           ;
; M8       ; 57         ; 2        ; #TDI                                     ; input  ;              ;         ; --         ;                 ; --       ; --           ;
; M9       ;            ; 2        ; VCCIO2                                   ; power  ;              ; 3.3V    ; --         ;                 ; --       ; --           ;
; M10      ;            ;          ; VCCINT                                   ; power  ;              ; 1.2V    ; --         ;                 ; --       ; --           ;
; M11      ;            ;          ; VCCINT                                   ; power  ;              ; 1.2V    ; --         ;                 ; --       ; --           ;
; M12      ;            ;          ; GND                                      ; gnd    ;              ;         ; --         ;                 ; --       ; --           ;
; M13      ;            ;          ; GND                                      ; gnd    ;              ;         ; --         ;                 ; --       ; --           ;
; M14      ;            ;          ; GND                                      ; gnd    ;              ;         ; --         ;                 ; --       ; --           ;
; M15      ;            ;          ; GND                                      ; gnd    ;              ;         ; --         ;                 ; --       ; --           ;
; M16      ;            ;          ; VCCINT                                   ; power  ;              ; 1.2V    ; --         ;                 ; --       ; --           ;
; M17      ;            ;          ; VCCINT                                   ; power  ;              ; 1.2V    ; --         ;                 ; --       ; --           ;
; M18      ;            ; 5        ; VCCIO5                                   ; power  ;              ; 3.3V    ; --         ;                 ; --       ; --           ;
; M19      ; 317        ; 5        ; DATA_MEN_OUT[13]                         ; output ; 3.3-V LVTTL  ;         ; Row I/O    ; N               ; no       ; Off          ;
; M20      ; 316        ; 5        ; DATA_MEM_IN[6]                           ; input  ; 3.3-V LVTTL  ;         ; Row I/O    ; N               ; no       ; Off          ;
; M21      ; 314        ; 5        ; DATA_MEM_IN[13]                          ; input  ; 3.3-V LVTTL  ;         ; Row I/O    ; N               ; no       ; Off          ;
; M22      ; 319        ; 5        ; DATA_MEN_ADDR[9]                         ; output ; 3.3-V LVTTL  ;         ; Row I/O    ; N               ; no       ; Off          ;
; M23      ; 318        ; 5        ; DATA_MEN_ADDR[3]                         ; output ; 3.3-V LVTTL  ;         ; Row I/O    ; N               ; no       ; Off          ;
; M24      ; 313        ; 5        ; DATA_MEN_OUT[2]                          ; output ; 3.3-V LVTTL  ;         ; Row I/O    ; N               ; no       ; Off          ;
; M25      ; 312        ; 5        ; DATA_MEN_ADDR[17]                        ; output ; 3.3-V LVTTL  ;         ; Row I/O    ; N               ; no       ; Off          ;
; M26      ;            ;          ; GND                                      ; gnd    ;              ;         ; --         ;                 ; --       ; --           ;
; N1       ; 65         ; 2        ; GND+                                     ;        ;              ;         ; Row I/O    ;                 ; --       ; --           ;
; N2       ; 64         ; 2        ; GND+                                     ;        ;              ;         ; Row I/O    ;                 ; --       ; --           ;
; N3       ; 62         ; 2        ; ^DATA0                                   ; input  ;              ;         ; --         ;                 ; --       ; --           ;
; N4       ; 63         ; 2        ; ^nCE                                     ;        ;              ;         ; --         ;                 ; --       ; --           ;
; N5       ;            ; 2        ; VCCIO2                                   ; power  ;              ; 3.3V    ; --         ;                 ; --       ; --           ;
; N6       ; 61         ; 2        ; ^DCLK                                    ;        ;              ;         ; --         ;                 ; --       ; --           ;
; N7       ; 66         ; 2        ; ^nCONFIG                                 ;        ;              ;         ; --         ;                 ; --       ; --           ;
; N8       ;            ;          ; GND                                      ; gnd    ;              ;         ; --         ;                 ; --       ; --           ;
; N9       ; 45         ; 2        ; PC[20]                                   ; output ; 3.3-V LVTTL  ;         ; Row I/O    ; N               ; no       ; Off          ;
; N10      ;            ;          ; VCCINT                                   ; power  ;              ; 1.2V    ; --         ;                 ; --       ; --           ;
; N11      ;            ;          ; GND                                      ; gnd    ;              ;         ; --         ;                 ; --       ; --           ;
; N12      ;            ;          ; GND                                      ; gnd    ;              ;         ; --         ;                 ; --       ; --           ;
; N13      ;            ;          ; GND                                      ; gnd    ;              ;         ; --         ;                 ; --       ; --           ;
; N14      ;            ;          ; GND                                      ; gnd    ;              ;         ; --         ;                 ; --       ; --           ;
; N15      ;            ;          ; GND                                      ; gnd    ;              ;         ; --         ;                 ; --       ; --           ;
; N16      ;            ;          ; GND                                      ; gnd    ;              ;         ; --         ;                 ; --       ; --           ;
; N17      ;            ;          ; VCCINT                                   ; power  ;              ; 1.2V    ; --         ;                 ; --       ; --           ;
; N18      ; 348        ; 5        ; GND*                                     ;        ;              ;         ; Row I/O    ;                 ; no       ; Off          ;
; N19      ;            ;          ; GND                                      ; gnd    ;              ;         ; --         ;                 ; --       ; --           ;
; N20      ; 315        ; 5        ; PC[26]                                   ; output ; 3.3-V LVTTL  ;         ; Row I/O    ; N               ; no       ; Off          ;
; N21      ;            ;          ; NC                                       ;        ;              ;         ; --         ;                 ; --       ; --           ;
; N22      ;            ; 5        ; VCCIO5                                   ; power  ;              ; 3.3V    ; --         ;                 ; --       ; --           ;
; N23      ; 311        ; 5        ; DATA_MEN_ADDR[0]                         ; output ; 3.3-V LVTTL  ;         ; Row I/O    ; N               ; no       ; Off          ;
; N24      ; 310        ; 5        ; DATA_MEN_ADDR[18]                        ; output ; 3.3-V LVTTL  ;         ; Row I/O    ; N               ; no       ; Off          ;
; N25      ; 309        ; 5        ; LOADN                                    ; input  ; 3.3-V LVTTL  ;         ; Row I/O    ; N               ; no       ; Off          ;
; N26      ; 308        ; 5        ; GND+                                     ;        ;              ;         ; Row I/O    ;                 ; --       ; --           ;
; P1       ; 68         ; 1        ; GND+                                     ;        ;              ;         ; Row I/O    ;                 ; --       ; --           ;
; P2       ; 67         ; 1        ; CLOCK                                    ; input  ; 3.3-V LVTTL  ;         ; Row I/O    ; N               ; no       ; Off          ;
; P3       ; 69         ; 1        ; MIR[15]                                  ; output ; 3.3-V LVTTL  ;         ; Row I/O    ; N               ; no       ; Off          ;
; P4       ; 70         ; 1        ; MIR[12]                                  ; output ; 3.3-V LVTTL  ;         ; Row I/O    ; N               ; no       ; Off          ;
; P5       ;            ; 1        ; VCCIO1                                   ; power  ;              ; 3.3V    ; --         ;                 ; --       ; --           ;
; P6       ; 78         ; 1        ; MIR[26]                                  ; output ; 3.3-V LVTTL  ;         ; Row I/O    ; N               ; no       ; Off          ;
; P7       ; 77         ; 1        ; MPC[4]                                   ; output ; 3.3-V LVTTL  ;         ; Row I/O    ; N               ; no       ; Off          ;
; P8       ;            ;          ; GND                                      ; gnd    ;              ;         ; --         ;                 ; --       ; --           ;
; P9       ; 46         ; 2        ; PC[11]                                   ; output ; 3.3-V LVTTL  ;         ; Row I/O    ; N               ; no       ; Off          ;
; P10      ;            ;          ; VCCINT                                   ; power  ;              ; 1.2V    ; --         ;                 ; --       ; --           ;
; P11      ;            ;          ; GND                                      ; gnd    ;              ;         ; --         ;                 ; --       ; --           ;
; P12      ;            ;          ; GND                                      ; gnd    ;              ;         ; --         ;                 ; --       ; --           ;
; P13      ;            ;          ; GND                                      ; gnd    ;              ;         ; --         ;                 ; --       ; --           ;
; P14      ;            ;          ; GND                                      ; gnd    ;              ;         ; --         ;                 ; --       ; --           ;
; P15      ;            ;          ; GND                                      ; gnd    ;              ;         ; --         ;                 ; --       ; --           ;
; P16      ;            ;          ; GND                                      ; gnd    ;              ;         ; --         ;                 ; --       ; --           ;
; P17      ; 293        ; 6        ; GND*                                     ;        ;              ;         ; Row I/O    ;                 ; no       ; Off          ;
; P18      ; 347        ; 5        ; GND*                                     ;        ;              ;         ; Row I/O    ;                 ; no       ; Off          ;
; P19      ;            ;          ; GND                                      ; gnd    ;              ;         ; --         ;                 ; --       ; --           ;
; P20      ; 301        ; 6        ; ^MSEL0                                   ;        ;              ;         ; --         ;                 ; --       ; --           ;
; P21      ; 300        ; 6        ; ^MSEL1                                   ;        ;              ;         ; --         ;                 ; --       ; --           ;
; P22      ;            ; 6        ; VCCIO6                                   ; power  ;              ; 3.3V    ; --         ;                 ; --       ; --           ;
; P23      ; 305        ; 6        ; MBR_OUT[2]                               ; output ; 3.3-V LVTTL  ;         ; Row I/O    ; N               ; no       ; Off          ;
; P24      ; 304        ; 6        ; MIR[16]                                  ; output ; 3.3-V LVTTL  ;         ; Row I/O    ; N               ; no       ; Off          ;
; P25      ; 307        ; 6        ; GND+                                     ;        ;              ;         ; Row I/O    ;                 ; --       ; --           ;
; P26      ; 306        ; 6        ; GND+                                     ;        ;              ;         ; Row I/O    ;                 ; --       ; --           ;
; R1       ;            ;          ; GND                                      ; gnd    ;              ;         ; --         ;                 ; --       ; --           ;
; R2       ; 71         ; 1        ; MIR[8]                                   ; output ; 3.3-V LVTTL  ;         ; Row I/O    ; N               ; no       ; Off          ;
; R3       ; 72         ; 1        ; MIR[9]                                   ; output ; 3.3-V LVTTL  ;         ; Row I/O    ; N               ; no       ; Off          ;
; R4       ; 73         ; 1        ; MIR[30]                                  ; output ; 3.3-V LVTTL  ;         ; Row I/O    ; N               ; no       ; Off          ;
; R5       ; 74         ; 1        ; MBR_OUT[4]                               ; output ; 3.3-V LVTTL  ;         ; Row I/O    ; N               ; no       ; Off          ;
; R6       ; 81         ; 1        ; PC[1]                                    ; output ; 3.3-V LVTTL  ;         ; Row I/O    ; N               ; no       ; Off          ;
; R7       ; 82         ; 1        ; PROG_MEM_IN[0]                           ; input  ; 3.3-V LVTTL  ;         ; Row I/O    ; N               ; no       ; Off          ;
; R8       ; 110        ; 1        ; GND*                                     ;        ;              ;         ; Row I/O    ;                 ; no       ; Off          ;
; R9       ;            ; 1        ; VCCIO1                                   ; power  ;              ; 3.3V    ; --         ;                 ; --       ; --           ;
; R10      ;            ;          ; VCCINT                                   ; power  ;              ; 1.2V    ; --         ;                 ; --       ; --           ;
; R11      ;            ;          ; VCCINT                                   ; power  ;              ; 1.2V    ; --         ;                 ; --       ; --           ;
; R12      ;            ;          ; GND                                      ; gnd    ;              ;         ; --         ;                 ; --       ; --           ;
; R13      ;            ;          ; GND                                      ; gnd    ;              ;         ; --         ;                 ; --       ; --           ;
; R14      ;            ;          ; GND                                      ; gnd    ;              ;         ; --         ;                 ; --       ; --           ;
; R15      ;            ;          ; GND                                      ; gnd    ;              ;         ; --         ;                 ; --       ; --           ;
; R16      ;            ;          ; VCCINT                                   ; power  ;              ; 1.2V    ; --         ;                 ; --       ; --           ;
; R17      ; 294        ; 6        ; GND*                                     ;        ;              ;         ; Row I/O    ;                 ; no       ; Off          ;
; R18      ;            ; 6        ; VCCIO6                                   ; power  ;              ; 3.3V    ; --         ;                 ; --       ; --           ;
; R19      ; 282        ; 6        ; GND*                                     ;        ;              ;         ; Row I/O    ;                 ; no       ; Off          ;
; R20      ; 297        ; 6        ; GND*                                     ;        ;              ;         ; Row I/O    ;                 ; no       ; Off          ;
; R21      ;            ;          ; GND                                      ; gnd    ;              ;         ; --         ;                 ; --       ; --           ;
; R22      ; 298        ; 6        ; ^nSTATUS                                 ;        ;              ;         ; --         ;                 ; --       ; --           ;
; R23      ; 299        ; 6        ; ^CONF_DONE                               ;        ;              ;         ; --         ;                 ; --       ; --           ;
; R24      ; 302        ; 6        ; DATA_MEN_ADDR[26]                        ; output ; 3.3-V LVTTL  ;         ; Row I/O    ; N               ; no       ; Off          ;
; R25      ; 303        ; 6        ; PC[27]                                   ; output ; 3.3-V LVTTL  ;         ; Row I/O    ; N               ; no       ; Off          ;
; R26      ;            ;          ; GND                                      ; gnd    ;              ;         ; --         ;                 ; --       ; --           ;
; T1       ;            ; 1        ; VCCIO1                                   ; power  ;              ; 3.3V    ; --         ;                 ; --       ; --           ;
; T2       ; 79         ; 1        ; MPC[1]                                   ; output ; 3.3-V LVTTL  ;         ; Row I/O    ; N               ; no       ; Off          ;
; T3       ; 80         ; 1        ; B_BUS[5]                                 ; output ; 3.3-V LVTTL  ;         ; Row I/O    ; N               ; no       ; Off          ;
; T4       ; 83         ; 1        ; MIR[31]                                  ; output ; 3.3-V LVTTL  ;         ; Row I/O    ; N               ; no       ; Off          ;
; T5       ;            ;          ; GND                                      ; gnd    ;              ;         ; --         ;                 ; --       ; --           ;
; T6       ; 93         ; 1        ; B_BUS[7]                                 ; output ; 3.3-V LVTTL  ;         ; Row I/O    ; N               ; no       ; Off          ;
; T7       ; 92         ; 1        ; B_BUS[1]                                 ; output ; 3.3-V LVTTL  ;         ; Row I/O    ; N               ; no       ; Off          ;
; T8       ; 111        ; 1        ; GND*                                     ;        ;              ;         ; Row I/O    ;                 ; no       ; Off          ;
; T9       ; 76         ; 1        ; MIR[4]                                   ; output ; 3.3-V LVTTL  ;         ; Row I/O    ; N               ; no       ; Off          ;
; T10      ; 75         ; 1        ; MIR[32]                                  ; output ; 3.3-V LVTTL  ;         ; Row I/O    ; N               ; no       ; Off          ;
; T11      ;            ;          ; VCCINT                                   ; power  ;              ; 1.2V    ; --         ;                 ; --       ; --           ;
; T12      ;            ;          ; GND                                      ; gnd    ;              ;         ; --         ;                 ; --       ; --           ;
; T13      ;            ;          ; GND                                      ; gnd    ;              ;         ; --         ;                 ; --       ; --           ;
; T14      ;            ;          ; GND                                      ; gnd    ;              ;         ; --         ;                 ; --       ; --           ;
; T15      ;            ;          ; GND                                      ; gnd    ;              ;         ; --         ;                 ; --       ; --           ;
; T16      ;            ;          ; VCCINT                                   ; power  ;              ; 1.2V    ; --         ;                 ; --       ; --           ;
; T17      ; 289        ; 6        ; GND*                                     ;        ;              ;         ; Row I/O    ;                 ; no       ; Off          ;
; T18      ; 290        ; 6        ; GND*                                     ;        ;              ;         ; Row I/O    ;                 ; no       ; Off          ;
; T19      ; 281        ; 6        ; GND*                                     ;        ;              ;         ; Row I/O    ;                 ; no       ; Off          ;
; T20      ; 287        ; 6        ; GND*                                     ;        ;              ;         ; Row I/O    ;                 ; no       ; Off          ;
; T21      ; 288        ; 6        ; GND*                                     ;        ;              ;         ; Row I/O    ;                 ; --       ; --           ;
; T22      ; 296        ; 6        ; MIR[34]                                  ; output ; 3.3-V LVTTL  ;         ; Row I/O    ; N               ; no       ; Off          ;
; T23      ; 295        ; 6        ; GND*                                     ;        ;              ;         ; Row I/O    ;                 ; no       ; Off          ;
; T24      ; 292        ; 6        ; GND*                                     ;        ;              ;         ; Row I/O    ;                 ; no       ; Off          ;
; T25      ; 291        ; 6        ; GND*                                     ;        ;              ;         ; Row I/O    ;                 ; no       ; Off          ;
; T26      ;            ; 6        ; VCCIO6                                   ; power  ;              ; 3.3V    ; --         ;                 ; --       ; --           ;
; U1       ; 85         ; 1        ; PC[21]                                   ; output ; 3.3-V LVTTL  ;         ; Row I/O    ; N               ; no       ; Off          ;
; U2       ; 84         ; 1        ; PROG_MEM_IN[1]                           ; input  ; 3.3-V LVTTL  ;         ; Row I/O    ; N               ; no       ; Off          ;
; U3       ; 88         ; 1        ; MIR[33]                                  ; output ; 3.3-V LVTTL  ;         ; Row I/O    ; N               ; no       ; Off          ;
; U4       ; 89         ; 1        ; DATA_MEM_IN[7]                           ; input  ; 3.3-V LVTTL  ;         ; Row I/O    ; N               ; no       ; Off          ;
; U5       ; 100        ; 1        ; PC[2]                                    ; output ; 3.3-V LVTTL  ;         ; Row I/O    ; N               ; no       ; Off          ;
; U6       ; 98         ; 1        ; MIR[7]                                   ; output ; 3.3-V LVTTL  ;         ; Row I/O    ; N               ; no       ; Off          ;
; U7       ; 99         ; 1        ; PROG_MEM_IN[7]                           ; input  ; 3.3-V LVTTL  ;         ; Row I/O    ; N               ; no       ; Off          ;
; U8       ;            ;          ; GND                                      ; gnd    ;              ;         ; --         ;                 ; --       ; --           ;
; U9       ; 86         ; 1        ; PC[22]                                   ; output ; 3.3-V LVTTL  ;         ; Row I/O    ; N               ; no       ; Off          ;
; U10      ; 87         ; 1        ; PC[0]                                    ; output ; 3.3-V LVTTL  ;         ; Row I/O    ; N               ; no       ; Off          ;
; U11      ;            ;          ; VCCINT                                   ; power  ;              ; 1.2V    ; --         ;                 ; --       ; --           ;
; U12      ; 178        ; 8        ; DATA_MEN_OUT[21]                         ; output ; 3.3-V LVTTL  ;         ; Column I/O ; N               ; no       ; Off          ;
; U13      ;            ;          ; VCCINT                                   ; power  ;              ; 1.2V    ; --         ;                 ; --       ; --           ;
; U14      ;            ;          ; VCCINT                                   ; power  ;              ; 1.2V    ; --         ;                 ; --       ; --           ;
; U15      ;            ;          ; VCCINT                                   ; power  ;              ; 1.2V    ; --         ;                 ; --       ; --           ;
; U16      ;            ;          ; VCCINT                                   ; power  ;              ; 1.2V    ; --         ;                 ; --       ; --           ;
; U17      ; 231        ; 7        ; GND*                                     ;        ;              ;         ; Column I/O ;                 ; no       ; Off          ;
; U18      ; 232        ; 7        ; GND*                                     ;        ;              ;         ; Column I/O ;                 ; no       ; Off          ;
; U19      ;            ;          ; GND                                      ; gnd    ;              ;         ; --         ;                 ; --       ; --           ;
; U20      ; 280        ; 6        ; GND*                                     ;        ;              ;         ; Row I/O    ;                 ; no       ; Off          ;
; U21      ; 279        ; 6        ; GND*                                     ;        ;              ;         ; Row I/O    ;                 ; no       ; Off          ;
; U22      ; 270        ; 6        ; GND*                                     ;        ;              ;         ; Row I/O    ;                 ; no       ; Off          ;
; U23      ; 284        ; 6        ; GND*                                     ;        ;              ;         ; Row I/O    ;                 ; no       ; Off          ;
; U24      ; 283        ; 6        ; GND*                                     ;        ;              ;         ; Row I/O    ;                 ; no       ; Off          ;
; U25      ; 285        ; 6        ; GND*                                     ;        ;              ;         ; Row I/O    ;                 ; no       ; Off          ;
; U26      ; 286        ; 6        ; GND*                                     ;        ;              ;         ; Row I/O    ;                 ; no       ; Off          ;
; V1       ; 90         ; 1        ; DATA_MEN_OUT[6]                          ; output ; 3.3-V LVTTL  ;         ; Row I/O    ; N               ; no       ; Off          ;
; V2       ; 91         ; 1        ; PC[7]                                    ; output ; 3.3-V LVTTL  ;         ; Row I/O    ; N               ; no       ; Off          ;
; V3       ; 95         ; 1        ; B_BUS[17]                                ; output ; 3.3-V LVTTL  ;         ; Row I/O    ; N               ; no       ; Off          ;
; V4       ; 94         ; 1        ; B_BUS[0]                                 ; output ; 3.3-V LVTTL  ;         ; Row I/O    ; N               ; no       ; Off          ;
; V5       ; 104        ; 1        ; GND*                                     ;        ;              ;         ; Row I/O    ;                 ; no       ; Off          ;
; V6       ; 105        ; 1        ; DATA_MEM_write_enable                    ; output ; 3.3-V LVTTL  ;         ; Row I/O    ; N               ; no       ; Off          ;
; V7       ; 112        ; 1        ; GND*                                     ;        ;              ;         ; Row I/O    ;                 ; no       ; Off          ;
; V8       ;            ; 1        ; VCCIO1                                   ; power  ;              ; 3.3V    ; --         ;                 ; --       ; --           ;
; V9       ; 142        ; 8        ; GND*                                     ;        ;              ;         ; Column I/O ;                 ; no       ; Off          ;
; V10      ; 141        ; 8        ; GND*                                     ;        ;              ;         ; Column I/O ;                 ; no       ; Off          ;
; V11      ; 177        ; 8        ; DATA_MEM_IN[23]                          ; input  ; 3.3-V LVTTL  ;         ; Column I/O ; N               ; no       ; Off          ;
; V12      ;            ; 8        ; VCCIO8                                   ; power  ;              ; 3.3V    ; --         ;                 ; --       ; --           ;
; V13      ; 176        ; 8        ; B_BUS[21]                                ; output ; 3.3-V LVTTL  ;         ; Column I/O ; N               ; no       ; Off          ;
; V14      ; 175        ; 8        ; B_BUS[23]                                ; output ; 3.3-V LVTTL  ;         ; Column I/O ; N               ; no       ; Off          ;
; V15      ;            ; 7        ; VCCIO7                                   ; power  ;              ; 3.3V    ; --         ;                 ; --       ; --           ;
; V16      ;            ;          ; VCCINT                                   ; power  ;              ; 1.2V    ; --         ;                 ; --       ; --           ;
; V17      ; 218        ; 7        ; GND*                                     ;        ;              ;         ; Column I/O ;                 ; no       ; Off          ;
; V18      ; 233        ; 7        ; GND*                                     ;        ;              ;         ; Column I/O ;                 ; no       ; Off          ;
; V19      ;            ; 6        ; VCCIO6                                   ; power  ;              ; 3.3V    ; --         ;                 ; --       ; --           ;
; V20      ; 251        ; 6        ; GND*                                     ;        ;              ;         ; Row I/O    ;                 ; no       ; Off          ;
; V21      ; 252        ; 6        ; GND*                                     ;        ;              ;         ; Row I/O    ;                 ; no       ; Off          ;
; V22      ; 259        ; 6        ; GND*                                     ;        ;              ;         ; Row I/O    ;                 ; --       ; --           ;
; V23      ; 275        ; 6        ; GND*                                     ;        ;              ;         ; Row I/O    ;                 ; no       ; Off          ;
; V24      ; 276        ; 6        ; GND*                                     ;        ;              ;         ; Row I/O    ;                 ; no       ; Off          ;
; V25      ; 277        ; 6        ; GND*                                     ;        ;              ;         ; Row I/O    ;                 ; no       ; Off          ;
; V26      ; 278        ; 6        ; GND*                                     ;        ;              ;         ; Row I/O    ;                 ; no       ; Off          ;
; W1       ; 97         ; 1        ; MIR[10]                                  ; output ; 3.3-V LVTTL  ;         ; Row I/O    ; N               ; no       ; Off          ;
; W2       ; 96         ; 1        ; MIR[14]                                  ; output ; 3.3-V LVTTL  ;         ; Row I/O    ; N               ; no       ; Off          ;
; W3       ; 102        ; 1        ; MIR[25]                                  ; output ; 3.3-V LVTTL  ;         ; Row I/O    ; N               ; no       ; Off          ;
; W4       ; 101        ; 1        ; PC[9]                                    ; output ; 3.3-V LVTTL  ;         ; Row I/O    ; N               ; no       ; Off          ;
; W5       ;            ;          ; GND                                      ; gnd    ;              ;         ; --         ;                 ; --       ; --           ;
; W6       ; 113        ; 1        ; GND*                                     ;        ;              ;         ; Row I/O    ;                 ; --       ; --           ;
; W7       ;            ;          ; GND_PLL1                                 ; gnd    ;              ;         ; --         ;                 ; --       ; --           ;
; W8       ; 144        ; 8        ; GND*                                     ;        ;              ;         ; Column I/O ;                 ; no       ; Off          ;
; W9       ;            ; 8        ; VCCIO8                                   ; power  ;              ; 3.3V    ; --         ;                 ; --       ; --           ;
; W10      ; 145        ; 8        ; GND*                                     ;        ;              ;         ; Column I/O ;                 ; no       ; Off          ;
; W11      ; 161        ; 8        ; MBR_OUT[6]                               ; output ; 3.3-V LVTTL  ;         ; Column I/O ; N               ; no       ; Off          ;
; W12      ; 162        ; 8        ; MBR_OUT[7]                               ; output ; 3.3-V LVTTL  ;         ; Column I/O ; N               ; no       ; Off          ;
; W13      ;            ;          ; GND                                      ; gnd    ;              ;         ; --         ;                 ; --       ; --           ;
; W14      ;            ;          ; GND                                      ; gnd    ;              ;         ; --         ;                 ; --       ; --           ;
; W15      ; 203        ; 7        ; DATA_MEM_IN[24]                          ; input  ; 3.3-V LVTTL  ;         ; Column I/O ; N               ; no       ; Off          ;
; W16      ; 204        ; 7        ; PC[17]                                   ; output ; 3.3-V LVTTL  ;         ; Column I/O ; N               ; no       ; Off          ;
; W17      ; 217        ; 7        ; GND*                                     ;        ;              ;         ; Column I/O ;                 ; no       ; Off          ;
; W18      ;            ; 7        ; VCCIO7                                   ; power  ;              ; 3.3V    ; --         ;                 ; --       ; --           ;
; W19      ; 234        ; 7        ; GND*                                     ;        ;              ;         ; Column I/O ;                 ; no       ; Off          ;
; W20      ;            ;          ; GND_PLL4                                 ; gnd    ;              ;         ; --         ;                 ; --       ; --           ;
; W21      ; 253        ; 6        ; GND*                                     ;        ;              ;         ; Row I/O    ;                 ; no       ; Off          ;
; W22      ;            ;          ; GND                                      ; gnd    ;              ;         ; --         ;                 ; --       ; --           ;
; W23      ; 272        ; 6        ; GND*                                     ;        ;              ;         ; Row I/O    ;                 ; no       ; Off          ;
; W24      ; 271        ; 6        ; GND*                                     ;        ;              ;         ; Row I/O    ;                 ; no       ; Off          ;
; W25      ; 273        ; 6        ; GND*                                     ;        ;              ;         ; Row I/O    ;                 ; no       ; Off          ;
; W26      ; 274        ; 6        ; GND*                                     ;        ;              ;         ; Row I/O    ;                 ; no       ; Off          ;
; Y1       ; 103        ; 1        ; PROG_MEM_IN[6]                           ; input  ; 3.3-V LVTTL  ;         ; Row I/O    ; N               ; no       ; Off          ;
; Y2       ;            ;          ; NC                                       ;        ;              ;         ; --         ;                 ; --       ; --           ;
; Y3       ; 108        ; 1        ; GND*                                     ;        ;              ;         ; Row I/O    ;                 ; no       ; Off          ;
; Y4       ; 109        ; 1        ; GND*                                     ;        ;              ;         ; Row I/O    ;                 ; no       ; Off          ;
; Y5       ; 121        ; 1        ; GND*                                     ;        ;              ;         ; Row I/O    ;                 ; no       ; Off          ;
; Y6       ;            ;          ; GND_PLL1                                 ; gnd    ;              ;         ; --         ;                 ; --       ; --           ;
; Y7       ;            ;          ; VCCD_PLL1                                ; power  ;              ; 1.2V    ; --         ;                 ; --       ; --           ;
; Y8       ;            ;          ; GNDA_PLL1                                ; gnd    ;              ;         ; --         ;                 ; --       ; --           ;
; Y9       ;            ;          ; GND                                      ; gnd    ;              ;         ; --         ;                 ; --       ; --           ;
; Y10      ; 146        ; 8        ; GND*                                     ;        ;              ;         ; Column I/O ;                 ; no       ; Off          ;
; Y11      ; 156        ; 8        ; PROG_MEM_IN[4]                           ; input  ; 3.3-V LVTTL  ;         ; Column I/O ; N               ; no       ; Off          ;
; Y12      ; 180        ; 8        ; MPC[8]                                   ; output ; 3.3-V LVTTL  ;         ; Column I/O ; N               ; no       ; Off          ;
; Y13      ; 193        ; 7        ; PC[30]                                   ; output ; 3.3-V LVTTL  ;         ; Column I/O ; N               ; no       ; Off          ;
; Y14      ; 195        ; 7        ; DATA_MEM_IN[9]                           ; input  ; 3.3-V LVTTL  ;         ; Column I/O ; N               ; no       ; Off          ;
; Y15      ; 196        ; 7        ; DATA_MEM_IN[17]                          ; input  ; 3.3-V LVTTL  ;         ; Column I/O ; N               ; no       ; Off          ;
; Y16      ; 210        ; 7        ; GND*                                     ;        ;              ;         ; Column I/O ;                 ; no       ; Off          ;
; Y17      ;            ;          ; GND                                      ; gnd    ;              ;         ; --         ;                 ; --       ; --           ;
; Y18      ; 229        ; 7        ; GND*                                     ;        ;              ;         ; Column I/O ;                 ; --       ; --           ;
; Y19      ;            ;          ; GNDA_PLL4                                ; gnd    ;              ;         ; --         ;                 ; --       ; --           ;
; Y20      ;            ;          ; VCCD_PLL4                                ; power  ;              ; 1.2V    ; --         ;                 ; --       ; --           ;
; Y21      ; 250        ; 6        ; GND*                                     ;        ;              ;         ; Row I/O    ;                 ; no       ; Off          ;
; Y22      ; 254        ; 6        ; GND*                                     ;        ;              ;         ; Row I/O    ;                 ; no       ; Off          ;
; Y23      ; 265        ; 6        ; GND*                                     ;        ;              ;         ; Row I/O    ;                 ; no       ; Off          ;
; Y24      ; 264        ; 6        ; GND*                                     ;        ;              ;         ; Row I/O    ;                 ; no       ; Off          ;
; Y25      ; 269        ; 6        ; GND*                                     ;        ;              ;         ; Row I/O    ;                 ; no       ; Off          ;
; Y26      ; 268        ; 6        ; GND*                                     ;        ;              ;         ; Row I/O    ;                 ; no       ; Off          ;
+----------+------------+----------+------------------------------------------+--------+--------------+---------+------------+-----------------+----------+--------------+
Note: Pin directions (input, output or bidir) are based on device operating in user mode.


+-------------------------------------------------------------------------------+
; Output Pin Default Load For Reported TCO                                      ;
+----------------------------------+-------+------------------------------------+
; I/O Standard                     ; Load  ; Termination Resistance             ;
+----------------------------------+-------+------------------------------------+
; 3.3-V LVTTL                      ; 0 pF  ; Not Available                      ;
; 3.3-V LVCMOS                     ; 0 pF  ; Not Available                      ;
; 2.5 V                            ; 0 pF  ; Not Available                      ;
; 1.8 V                            ; 0 pF  ; Not Available                      ;
; 1.5 V                            ; 0 pF  ; Not Available                      ;
; 3.3-V PCI                        ; 10 pF ; 25 Ohm (Parallel)                  ;
; 3.3-V PCI-X                      ; 10 pF ; 25 Ohm (Parallel)                  ;
; SSTL-2 Class I                   ; 0 pF  ; 50 Ohm (Parallel), 25 Ohm (Serial) ;
; SSTL-2 Class II                  ; 0 pF  ; 25 Ohm (Parallel), 25 Ohm (Serial) ;
; SSTL-18 Class I                  ; 0 pF  ; 50 Ohm (Parallel), 25 Ohm (Serial) ;
; SSTL-18 Class II                 ; 0 pF  ; 25 Ohm (Parallel), 25 Ohm (Serial) ;
; 1.5-V HSTL Class I               ; 0 pF  ; 50 Ohm (Parallel)                  ;
; 1.5-V HSTL Class II              ; 0 pF  ; 25 Ohm (Parallel)                  ;
; 1.8-V HSTL Class I               ; 0 pF  ; 50 Ohm (Parallel)                  ;
; 1.8-V HSTL Class II              ; 0 pF  ; 25 Ohm (Parallel)                  ;
; Differential SSTL-2              ; 0 pF  ; (See SSTL-2)                       ;
; Differential 2.5-V SSTL Class II ; 0 pF  ; (See SSTL-2 Class II)              ;
; Differential 1.8-V SSTL Class I  ; 0 pF  ; (See 1.8-V SSTL Class I)           ;
; Differential 1.8-V SSTL Class II ; 0 pF  ; (See 1.8-V SSTL Class II)          ;
; Differential 1.5-V HSTL Class I  ; 0 pF  ; (See 1.5-V HSTL Class I)           ;
; Differential 1.5-V HSTL Class II ; 0 pF  ; (See 1.5-V HSTL Class II)          ;
; Differential 1.8-V HSTL Class I  ; 0 pF  ; (See 1.8-V HSTL Class I)           ;
; Differential 1.8-V HSTL Class II ; 0 pF  ; (See 1.8-V HSTL Class II)          ;
; LVDS                             ; 0 pF  ; 100 Ohm (Differential)             ;
; mini-LVDS                        ; 0 pF  ; 100 Ohm (Differential)             ;
; RSDS                             ; 0 pF  ; 100 Ohm (Differential)             ;
; Simple RSDS                      ; 0 pF  ; Not Available                      ;
; Differential LVPECL              ; 0 pF  ; 100 Ohm (Differential)             ;
+----------------------------------+-------+------------------------------------+
Note: User assignments will override these defaults. The user specified values are listed in the Output Pins and Bidir Pins tables.


+----------------------------------------------------------------------------------------------------------------------------------------------------------------------------------------------------------------------------------------------------------------------------------------------------------------------------------------------------------------------------+
; Fitter Resource Utilization by Entity                                                                                                                                                                                                                                                                                                                                      ;
+----------------------------------------------+-------------+---------------------------+---------------+-------------+------+--------------+---------+-----------+------+--------------+--------------+-------------------+------------------+--------------------------------------------------------------------------------------------------------------+--------------+
; Compilation Hierarchy Node                   ; Logic Cells ; Dedicated Logic Registers ; I/O Registers ; Memory Bits ; M4Ks ; DSP Elements ; DSP 9x9 ; DSP 18x18 ; Pins ; Virtual Pins ; LUT-Only LCs ; Register-Only LCs ; LUT/Register LCs ; Full Hierarchy Name                                                                                          ; Library Name ;
+----------------------------------------------+-------------+---------------------------+---------------+-------------+------+--------------+---------+-----------+------+--------------+--------------+-------------------+------------------+--------------------------------------------------------------------------------------------------------------+--------------+
; |ULA                                         ; 607 (0)     ; 309 (0)                   ; 0 (0)         ; 18432       ; 4    ; 0            ; 0       ; 0         ; 288  ; 0            ; 298 (0)      ; 105 (0)           ; 204 (0)          ; |ULA                                                                                                         ; work         ;
;    |UNIDADE_CONTROLE:inst|                   ; 13 (1)      ; 3 (1)                     ; 0 (0)         ; 18432       ; 4    ; 0            ; 0       ; 0         ; 0    ; 0            ; 10 (0)       ; 1 (1)             ; 2 (0)            ; |ULA|UNIDADE_CONTROLE:inst                                                                                   ; work         ;
;       |CONTROLSTORE:inst3|                   ; 0 (0)       ; 0 (0)                     ; 0 (0)         ; 18432       ; 4    ; 0            ; 0       ; 0         ; 0    ; 0            ; 0 (0)        ; 0 (0)             ; 0 (0)            ; |ULA|UNIDADE_CONTROLE:inst|CONTROLSTORE:inst3                                                                ; work         ;
;          |altsyncram:altsyncram_component|   ; 0 (0)       ; 0 (0)                     ; 0 (0)         ; 18432       ; 4    ; 0            ; 0       ; 0         ; 0    ; 0            ; 0 (0)        ; 0 (0)             ; 0 (0)            ; |ULA|UNIDADE_CONTROLE:inst|CONTROLSTORE:inst3|altsyncram:altsyncram_component                                ; work         ;
;             |altsyncram_ds61:auto_generated| ; 0 (0)       ; 0 (0)                     ; 0 (0)         ; 18432       ; 4    ; 0            ; 0       ; 0         ; 0    ; 0            ; 0 (0)        ; 0 (0)             ; 0 (0)            ; |ULA|UNIDADE_CONTROLE:inst|CONTROLSTORE:inst3|altsyncram:altsyncram_component|altsyncram_ds61:auto_generated ; work         ;
;       |MPC:inst2|                            ; 12 (12)     ; 2 (2)                     ; 0 (0)         ; 0           ; 0    ; 0            ; 0       ; 0         ; 0    ; 0            ; 10 (10)      ; 0 (0)             ; 2 (2)            ; |ULA|UNIDADE_CONTROLE:inst|MPC:inst2                                                                         ; work         ;
;    |data_path:inst2|                         ; 596 (0)     ; 306 (0)                   ; 0 (0)         ; 0           ; 0    ; 0            ; 0       ; 0         ; 0    ; 0            ; 288 (0)      ; 104 (0)           ; 204 (0)          ; |ULA|data_path:inst2                                                                                         ; work         ;
;       |BANK_REG:inst1|                       ; 393 (0)     ; 306 (0)                   ; 0 (0)         ; 0           ; 0    ; 0            ; 0       ; 0         ; 0    ; 0            ; 87 (0)       ; 104 (0)           ; 202 (0)          ; |ULA|data_path:inst2|BANK_REG:inst1                                                                          ; work         ;
;          |CPP:inst6|                         ; 34 (1)      ; 32 (0)                    ; 0 (0)         ; 0           ; 0    ; 0            ; 0       ; 0         ; 0    ; 0            ; 2 (1)        ; 5 (0)             ; 27 (0)           ; |ULA|data_path:inst2|BANK_REG:inst1|CPP:inst6                                                                ; work         ;
;             |REGISTER32bit:inst|             ; 33 (1)      ; 32 (0)                    ; 0 (0)         ; 0           ; 0    ; 0            ; 0       ; 0         ; 0    ; 0            ; 1 (1)        ; 5 (0)             ; 27 (0)           ; |ULA|data_path:inst2|BANK_REG:inst1|CPP:inst6|REGISTER32bit:inst                                             ; work         ;
;                |REGISTER4bit:inst11|         ; 4 (4)       ; 4 (4)                     ; 0 (0)         ; 0           ; 0    ; 0            ; 0       ; 0         ; 0    ; 0            ; 0 (0)        ; 1 (1)             ; 3 (3)            ; |ULA|data_path:inst2|BANK_REG:inst1|CPP:inst6|REGISTER32bit:inst|REGISTER4bit:inst11                         ; work         ;
;                |REGISTER4bit:inst14|         ; 4 (4)       ; 4 (4)                     ; 0 (0)         ; 0           ; 0    ; 0            ; 0       ; 0         ; 0    ; 0            ; 0 (0)        ; 2 (2)             ; 2 (2)            ; |ULA|data_path:inst2|BANK_REG:inst1|CPP:inst6|REGISTER32bit:inst|REGISTER4bit:inst14                         ; work         ;
;                |REGISTER4bit:inst15|         ; 4 (4)       ; 4 (4)                     ; 0 (0)         ; 0           ; 0    ; 0            ; 0       ; 0         ; 0    ; 0            ; 0 (0)        ; 1 (1)             ; 3 (3)            ; |ULA|data_path:inst2|BANK_REG:inst1|CPP:inst6|REGISTER32bit:inst|REGISTER4bit:inst15                         ; work         ;
;                |REGISTER4bit:inst16|         ; 4 (4)       ; 4 (4)                     ; 0 (0)         ; 0           ; 0    ; 0            ; 0       ; 0         ; 0    ; 0            ; 0 (0)        ; 0 (0)             ; 4 (4)            ; |ULA|data_path:inst2|BANK_REG:inst1|CPP:inst6|REGISTER32bit:inst|REGISTER4bit:inst16                         ; work         ;
;                |REGISTER4bit:inst1|          ; 4 (4)       ; 4 (4)                     ; 0 (0)         ; 0           ; 0    ; 0            ; 0       ; 0         ; 0    ; 0            ; 0 (0)        ; 0 (0)             ; 4 (4)            ; |ULA|data_path:inst2|BANK_REG:inst1|CPP:inst6|REGISTER32bit:inst|REGISTER4bit:inst1                          ; work         ;
;                |REGISTER4bit:inst2|          ; 4 (4)       ; 4 (4)                     ; 0 (0)         ; 0           ; 0    ; 0            ; 0       ; 0         ; 0    ; 0            ; 0 (0)        ; 0 (0)             ; 4 (4)            ; |ULA|data_path:inst2|BANK_REG:inst1|CPP:inst6|REGISTER32bit:inst|REGISTER4bit:inst2                          ; work         ;
;                |REGISTER4bit:inst3|          ; 4 (4)       ; 4 (4)                     ; 0 (0)         ; 0           ; 0    ; 0            ; 0       ; 0         ; 0    ; 0            ; 0 (0)        ; 0 (0)             ; 4 (4)            ; |ULA|data_path:inst2|BANK_REG:inst1|CPP:inst6|REGISTER32bit:inst|REGISTER4bit:inst3                          ; work         ;
;                |REGISTER4bit:inst|           ; 4 (4)       ; 4 (4)                     ; 0 (0)         ; 0           ; 0    ; 0            ; 0       ; 0         ; 0    ; 0            ; 0 (0)        ; 1 (1)             ; 3 (3)            ; |ULA|data_path:inst2|BANK_REG:inst1|CPP:inst6|REGISTER32bit:inst|REGISTER4bit:inst                           ; work         ;
;          |H:inst10|                          ; 33 (0)      ; 32 (0)                    ; 0 (0)         ; 0           ; 0    ; 0            ; 0       ; 0         ; 0    ; 0            ; 1 (0)        ; 10 (0)            ; 22 (0)           ; |ULA|data_path:inst2|BANK_REG:inst1|H:inst10                                                                 ; work         ;
;             |REGISTER32bit:inst|             ; 33 (1)      ; 32 (0)                    ; 0 (0)         ; 0           ; 0    ; 0            ; 0       ; 0         ; 0    ; 0            ; 1 (1)        ; 10 (0)            ; 22 (0)           ; |ULA|data_path:inst2|BANK_REG:inst1|H:inst10|REGISTER32bit:inst                                              ; work         ;
;                |REGISTER4bit:inst11|         ; 4 (4)       ; 4 (4)                     ; 0 (0)         ; 0           ; 0    ; 0            ; 0       ; 0         ; 0    ; 0            ; 0 (0)        ; 1 (1)             ; 3 (3)            ; |ULA|data_path:inst2|BANK_REG:inst1|H:inst10|REGISTER32bit:inst|REGISTER4bit:inst11                          ; work         ;
;                |REGISTER4bit:inst14|         ; 4 (4)       ; 4 (4)                     ; 0 (0)         ; 0           ; 0    ; 0            ; 0       ; 0         ; 0    ; 0            ; 0 (0)        ; 1 (1)             ; 3 (3)            ; |ULA|data_path:inst2|BANK_REG:inst1|H:inst10|REGISTER32bit:inst|REGISTER4bit:inst14                          ; work         ;
;                |REGISTER4bit:inst15|         ; 4 (4)       ; 4 (4)                     ; 0 (0)         ; 0           ; 0    ; 0            ; 0       ; 0         ; 0    ; 0            ; 0 (0)        ; 0 (0)             ; 4 (4)            ; |ULA|data_path:inst2|BANK_REG:inst1|H:inst10|REGISTER32bit:inst|REGISTER4bit:inst15                          ; work         ;
;                |REGISTER4bit:inst16|         ; 4 (4)       ; 4 (4)                     ; 0 (0)         ; 0           ; 0    ; 0            ; 0       ; 0         ; 0    ; 0            ; 0 (0)        ; 0 (0)             ; 4 (4)            ; |ULA|data_path:inst2|BANK_REG:inst1|H:inst10|REGISTER32bit:inst|REGISTER4bit:inst16                          ; work         ;
;                |REGISTER4bit:inst1|          ; 4 (4)       ; 4 (4)                     ; 0 (0)         ; 0           ; 0    ; 0            ; 0       ; 0         ; 0    ; 0            ; 0 (0)        ; 3 (3)             ; 1 (1)            ; |ULA|data_path:inst2|BANK_REG:inst1|H:inst10|REGISTER32bit:inst|REGISTER4bit:inst1                           ; work         ;
;                |REGISTER4bit:inst2|          ; 4 (4)       ; 4 (4)                     ; 0 (0)         ; 0           ; 0    ; 0            ; 0       ; 0         ; 0    ; 0            ; 0 (0)        ; 1 (1)             ; 3 (3)            ; |ULA|data_path:inst2|BANK_REG:inst1|H:inst10|REGISTER32bit:inst|REGISTER4bit:inst2                           ; work         ;
;                |REGISTER4bit:inst3|          ; 4 (4)       ; 4 (4)                     ; 0 (0)         ; 0           ; 0    ; 0            ; 0       ; 0         ; 0    ; 0            ; 0 (0)        ; 1 (1)             ; 3 (3)            ; |ULA|data_path:inst2|BANK_REG:inst1|H:inst10|REGISTER32bit:inst|REGISTER4bit:inst3                           ; work         ;
;                |REGISTER4bit:inst|           ; 4 (4)       ; 4 (4)                     ; 0 (0)         ; 0           ; 0    ; 0            ; 0       ; 0         ; 0    ; 0            ; 0 (0)        ; 3 (3)             ; 1 (1)            ; |ULA|data_path:inst2|BANK_REG:inst1|H:inst10|REGISTER32bit:inst|REGISTER4bit:inst                            ; work         ;
;          |LV:inst2|                          ; 34 (1)      ; 32 (0)                    ; 0 (0)         ; 0           ; 0    ; 0            ; 0       ; 0         ; 0    ; 0            ; 2 (1)        ; 8 (0)             ; 24 (0)           ; |ULA|data_path:inst2|BANK_REG:inst1|LV:inst2                                                                 ; work         ;
;             |REGISTER32bit:inst|             ; 33 (1)      ; 32 (0)                    ; 0 (0)         ; 0           ; 0    ; 0            ; 0       ; 0         ; 0    ; 0            ; 1 (1)        ; 8 (0)             ; 24 (0)           ; |ULA|data_path:inst2|BANK_REG:inst1|LV:inst2|REGISTER32bit:inst                                              ; work         ;
;                |REGISTER4bit:inst11|         ; 4 (4)       ; 4 (4)                     ; 0 (0)         ; 0           ; 0    ; 0            ; 0       ; 0         ; 0    ; 0            ; 0 (0)        ; 2 (2)             ; 2 (2)            ; |ULA|data_path:inst2|BANK_REG:inst1|LV:inst2|REGISTER32bit:inst|REGISTER4bit:inst11                          ; work         ;
;                |REGISTER4bit:inst14|         ; 4 (4)       ; 4 (4)                     ; 0 (0)         ; 0           ; 0    ; 0            ; 0       ; 0         ; 0    ; 0            ; 0 (0)        ; 0 (0)             ; 4 (4)            ; |ULA|data_path:inst2|BANK_REG:inst1|LV:inst2|REGISTER32bit:inst|REGISTER4bit:inst14                          ; work         ;
;                |REGISTER4bit:inst15|         ; 4 (4)       ; 4 (4)                     ; 0 (0)         ; 0           ; 0    ; 0            ; 0       ; 0         ; 0    ; 0            ; 0 (0)        ; 0 (0)             ; 4 (4)            ; |ULA|data_path:inst2|BANK_REG:inst1|LV:inst2|REGISTER32bit:inst|REGISTER4bit:inst15                          ; work         ;
;                |REGISTER4bit:inst16|         ; 4 (4)       ; 4 (4)                     ; 0 (0)         ; 0           ; 0    ; 0            ; 0       ; 0         ; 0    ; 0            ; 0 (0)        ; 2 (2)             ; 2 (2)            ; |ULA|data_path:inst2|BANK_REG:inst1|LV:inst2|REGISTER32bit:inst|REGISTER4bit:inst16                          ; work         ;
;                |REGISTER4bit:inst1|          ; 4 (4)       ; 4 (4)                     ; 0 (0)         ; 0           ; 0    ; 0            ; 0       ; 0         ; 0    ; 0            ; 0 (0)        ; 0 (0)             ; 4 (4)            ; |ULA|data_path:inst2|BANK_REG:inst1|LV:inst2|REGISTER32bit:inst|REGISTER4bit:inst1                           ; work         ;
;                |REGISTER4bit:inst2|          ; 4 (4)       ; 4 (4)                     ; 0 (0)         ; 0           ; 0    ; 0            ; 0       ; 0         ; 0    ; 0            ; 0 (0)        ; 2 (2)             ; 2 (2)            ; |ULA|data_path:inst2|BANK_REG:inst1|LV:inst2|REGISTER32bit:inst|REGISTER4bit:inst2                           ; work         ;
;                |REGISTER4bit:inst3|          ; 4 (4)       ; 4 (4)                     ; 0 (0)         ; 0           ; 0    ; 0            ; 0       ; 0         ; 0    ; 0            ; 0 (0)        ; 2 (2)             ; 2 (2)            ; |ULA|data_path:inst2|BANK_REG:inst1|LV:inst2|REGISTER32bit:inst|REGISTER4bit:inst3                           ; work         ;
;                |REGISTER4bit:inst|           ; 4 (4)       ; 4 (4)                     ; 0 (0)         ; 0           ; 0    ; 0            ; 0       ; 0         ; 0    ; 0            ; 0 (0)        ; 0 (0)             ; 4 (4)            ; |ULA|data_path:inst2|BANK_REG:inst1|LV:inst2|REGISTER32bit:inst|REGISTER4bit:inst                            ; work         ;
;          |MAR:inst|                          ; 33 (0)      ; 32 (0)                    ; 0 (0)         ; 0           ; 0    ; 0            ; 0       ; 0         ; 0    ; 0            ; 1 (0)        ; 30 (0)            ; 2 (0)            ; |ULA|data_path:inst2|BANK_REG:inst1|MAR:inst                                                                 ; work         ;
;             |REGISTER32bit:inst|             ; 33 (1)      ; 32 (0)                    ; 0 (0)         ; 0           ; 0    ; 0            ; 0       ; 0         ; 0    ; 0            ; 1 (1)        ; 30 (0)            ; 2 (0)            ; |ULA|data_path:inst2|BANK_REG:inst1|MAR:inst|REGISTER32bit:inst                                              ; work         ;
;                |REGISTER4bit:inst11|         ; 4 (4)       ; 4 (4)                     ; 0 (0)         ; 0           ; 0    ; 0            ; 0       ; 0         ; 0    ; 0            ; 0 (0)        ; 4 (4)             ; 0 (0)            ; |ULA|data_path:inst2|BANK_REG:inst1|MAR:inst|REGISTER32bit:inst|REGISTER4bit:inst11                          ; work         ;
;                |REGISTER4bit:inst14|         ; 4 (4)       ; 4 (4)                     ; 0 (0)         ; 0           ; 0    ; 0            ; 0       ; 0         ; 0    ; 0            ; 0 (0)        ; 4 (4)             ; 0 (0)            ; |ULA|data_path:inst2|BANK_REG:inst1|MAR:inst|REGISTER32bit:inst|REGISTER4bit:inst14                          ; work         ;
;                |REGISTER4bit:inst15|         ; 4 (4)       ; 4 (4)                     ; 0 (0)         ; 0           ; 0    ; 0            ; 0       ; 0         ; 0    ; 0            ; 0 (0)        ; 3 (3)             ; 1 (1)            ; |ULA|data_path:inst2|BANK_REG:inst1|MAR:inst|REGISTER32bit:inst|REGISTER4bit:inst15                          ; work         ;
;                |REGISTER4bit:inst16|         ; 4 (4)       ; 4 (4)                     ; 0 (0)         ; 0           ; 0    ; 0            ; 0       ; 0         ; 0    ; 0            ; 0 (0)        ; 4 (4)             ; 0 (0)            ; |ULA|data_path:inst2|BANK_REG:inst1|MAR:inst|REGISTER32bit:inst|REGISTER4bit:inst16                          ; work         ;
;                |REGISTER4bit:inst1|          ; 4 (4)       ; 4 (4)                     ; 0 (0)         ; 0           ; 0    ; 0            ; 0       ; 0         ; 0    ; 0            ; 0 (0)        ; 4 (4)             ; 0 (0)            ; |ULA|data_path:inst2|BANK_REG:inst1|MAR:inst|REGISTER32bit:inst|REGISTER4bit:inst1                           ; work         ;
;                |REGISTER4bit:inst2|          ; 4 (4)       ; 4 (4)                     ; 0 (0)         ; 0           ; 0    ; 0            ; 0       ; 0         ; 0    ; 0            ; 0 (0)        ; 4 (4)             ; 0 (0)            ; |ULA|data_path:inst2|BANK_REG:inst1|MAR:inst|REGISTER32bit:inst|REGISTER4bit:inst2                           ; work         ;
;                |REGISTER4bit:inst3|          ; 4 (4)       ; 4 (4)                     ; 0 (0)         ; 0           ; 0    ; 0            ; 0       ; 0         ; 0    ; 0            ; 0 (0)        ; 3 (3)             ; 1 (1)            ; |ULA|data_path:inst2|BANK_REG:inst1|MAR:inst|REGISTER32bit:inst|REGISTER4bit:inst3                           ; work         ;
;                |REGISTER4bit:inst|           ; 4 (4)       ; 4 (4)                     ; 0 (0)         ; 0           ; 0    ; 0            ; 0       ; 0         ; 0    ; 0            ; 0 (0)        ; 4 (4)             ; 0 (0)            ; |ULA|data_path:inst2|BANK_REG:inst1|MAR:inst|REGISTER32bit:inst|REGISTER4bit:inst                            ; work         ;
;          |MBR:inst5|                         ; 143 (3)     ; 17 (1)                    ; 0 (0)         ; 0           ; 0    ; 0            ; 0       ; 0         ; 0    ; 0            ; 55 (2)       ; 3 (1)             ; 85 (0)           ; |ULA|data_path:inst2|BANK_REG:inst1|MBR:inst5                                                                ; work         ;
;             |REGISTER32bit:inst3|            ; 131 (123)   ; 8 (0)                     ; 0 (0)         ; 0           ; 0    ; 0            ; 0       ; 0         ; 0    ; 0            ; 52 (52)      ; 2 (0)             ; 77 (72)          ; |ULA|data_path:inst2|BANK_REG:inst1|MBR:inst5|REGISTER32bit:inst3                                            ; work         ;
;                |REGISTER4bit:inst1|          ; 4 (4)       ; 4 (4)                     ; 0 (0)         ; 0           ; 0    ; 0            ; 0       ; 0         ; 0    ; 0            ; 0 (0)        ; 2 (2)             ; 2 (2)            ; |ULA|data_path:inst2|BANK_REG:inst1|MBR:inst5|REGISTER32bit:inst3|REGISTER4bit:inst1                         ; work         ;
;                |REGISTER4bit:inst|           ; 4 (4)       ; 4 (4)                     ; 0 (0)         ; 0           ; 0    ; 0            ; 0       ; 0         ; 0    ; 0            ; 0 (0)        ; 0 (0)             ; 4 (4)            ; |ULA|data_path:inst2|BANK_REG:inst1|MBR:inst5|REGISTER32bit:inst3|REGISTER4bit:inst                          ; work         ;
;             |REGISTER32bit:inst|             ; 9 (1)       ; 8 (0)                     ; 0 (0)         ; 0           ; 0    ; 0            ; 0       ; 0         ; 0    ; 0            ; 1 (1)        ; 0 (0)             ; 8 (0)            ; |ULA|data_path:inst2|BANK_REG:inst1|MBR:inst5|REGISTER32bit:inst                                             ; work         ;
;                |REGISTER4bit:inst15|         ; 1 (1)       ; 1 (1)                     ; 0 (0)         ; 0           ; 0    ; 0            ; 0       ; 0         ; 0    ; 0            ; 0 (0)        ; 0 (0)             ; 1 (1)            ; |ULA|data_path:inst2|BANK_REG:inst1|MBR:inst5|REGISTER32bit:inst|REGISTER4bit:inst15                         ; work         ;
;                |REGISTER4bit:inst1|          ; 3 (3)       ; 3 (3)                     ; 0 (0)         ; 0           ; 0    ; 0            ; 0       ; 0         ; 0    ; 0            ; 0 (0)        ; 0 (0)             ; 3 (3)            ; |ULA|data_path:inst2|BANK_REG:inst1|MBR:inst5|REGISTER32bit:inst|REGISTER4bit:inst1                          ; work         ;
;                |REGISTER4bit:inst|           ; 4 (4)       ; 4 (4)                     ; 0 (0)         ; 0           ; 0    ; 0            ; 0       ; 0         ; 0    ; 0            ; 0 (0)        ; 0 (0)             ; 4 (4)            ; |ULA|data_path:inst2|BANK_REG:inst1|MBR:inst5|REGISTER32bit:inst|REGISTER4bit:inst                           ; work         ;
;          |MDR:inst3|                         ; 36 (2)      ; 33 (1)                    ; 0 (0)         ; 0           ; 0    ; 0            ; 0       ; 0         ; 0    ; 0            ; 2 (1)        ; 2 (1)             ; 32 (0)           ; |ULA|data_path:inst2|BANK_REG:inst1|MDR:inst3                                                                ; work         ;
;             |REGISTER32bit:inst1|            ; 34 (2)      ; 32 (0)                    ; 0 (0)         ; 0           ; 0    ; 0            ; 0       ; 0         ; 0    ; 0            ; 1 (1)        ; 1 (0)             ; 32 (32)          ; |ULA|data_path:inst2|BANK_REG:inst1|MDR:inst3|REGISTER32bit:inst1                                            ; work         ;
;                |REGISTER4bit:inst11|         ; 4 (4)       ; 4 (4)                     ; 0 (0)         ; 0           ; 0    ; 0            ; 0       ; 0         ; 0    ; 0            ; 0 (0)        ; 0 (0)             ; 4 (4)            ; |ULA|data_path:inst2|BANK_REG:inst1|MDR:inst3|REGISTER32bit:inst1|REGISTER4bit:inst11                        ; work         ;
;                |REGISTER4bit:inst14|         ; 4 (4)       ; 4 (4)                     ; 0 (0)         ; 0           ; 0    ; 0            ; 0       ; 0         ; 0    ; 0            ; 0 (0)        ; 0 (0)             ; 4 (4)            ; |ULA|data_path:inst2|BANK_REG:inst1|MDR:inst3|REGISTER32bit:inst1|REGISTER4bit:inst14                        ; work         ;
;                |REGISTER4bit:inst15|         ; 4 (4)       ; 4 (4)                     ; 0 (0)         ; 0           ; 0    ; 0            ; 0       ; 0         ; 0    ; 0            ; 0 (0)        ; 0 (0)             ; 4 (4)            ; |ULA|data_path:inst2|BANK_REG:inst1|MDR:inst3|REGISTER32bit:inst1|REGISTER4bit:inst15                        ; work         ;
;                |REGISTER4bit:inst16|         ; 4 (4)       ; 4 (4)                     ; 0 (0)         ; 0           ; 0    ; 0            ; 0       ; 0         ; 0    ; 0            ; 0 (0)        ; 0 (0)             ; 4 (4)            ; |ULA|data_path:inst2|BANK_REG:inst1|MDR:inst3|REGISTER32bit:inst1|REGISTER4bit:inst16                        ; work         ;
;                |REGISTER4bit:inst1|          ; 4 (4)       ; 4 (4)                     ; 0 (0)         ; 0           ; 0    ; 0            ; 0       ; 0         ; 0    ; 0            ; 0 (0)        ; 1 (1)             ; 3 (3)            ; |ULA|data_path:inst2|BANK_REG:inst1|MDR:inst3|REGISTER32bit:inst1|REGISTER4bit:inst1                         ; work         ;
;                |REGISTER4bit:inst2|          ; 4 (4)       ; 4 (4)                     ; 0 (0)         ; 0           ; 0    ; 0            ; 0       ; 0         ; 0    ; 0            ; 0 (0)        ; 0 (0)             ; 4 (4)            ; |ULA|data_path:inst2|BANK_REG:inst1|MDR:inst3|REGISTER32bit:inst1|REGISTER4bit:inst2                         ; work         ;
;                |REGISTER4bit:inst3|          ; 4 (4)       ; 4 (4)                     ; 0 (0)         ; 0           ; 0    ; 0            ; 0       ; 0         ; 0    ; 0            ; 0 (0)        ; 0 (0)             ; 4 (4)            ; |ULA|data_path:inst2|BANK_REG:inst1|MDR:inst3|REGISTER32bit:inst1|REGISTER4bit:inst3                         ; work         ;
;                |REGISTER4bit:inst|           ; 4 (4)       ; 4 (4)                     ; 0 (0)         ; 0           ; 0    ; 0            ; 0       ; 0         ; 0    ; 0            ; 0 (0)        ; 0 (0)             ; 4 (4)            ; |ULA|data_path:inst2|BANK_REG:inst1|MDR:inst3|REGISTER32bit:inst1|REGISTER4bit:inst                          ; work         ;
;          |OPC:inst8|                         ; 34 (1)      ; 32 (0)                    ; 0 (0)         ; 0           ; 0    ; 0            ; 0       ; 0         ; 0    ; 0            ; 2 (1)        ; 9 (0)             ; 23 (0)           ; |ULA|data_path:inst2|BANK_REG:inst1|OPC:inst8                                                                ; work         ;
;             |REGISTER32bit:inst|             ; 33 (1)      ; 32 (0)                    ; 0 (0)         ; 0           ; 0    ; 0            ; 0       ; 0         ; 0    ; 0            ; 1 (1)        ; 9 (0)             ; 23 (0)           ; |ULA|data_path:inst2|BANK_REG:inst1|OPC:inst8|REGISTER32bit:inst                                             ; work         ;
;                |REGISTER4bit:inst11|         ; 4 (4)       ; 4 (4)                     ; 0 (0)         ; 0           ; 0    ; 0            ; 0       ; 0         ; 0    ; 0            ; 0 (0)        ; 0 (0)             ; 4 (4)            ; |ULA|data_path:inst2|BANK_REG:inst1|OPC:inst8|REGISTER32bit:inst|REGISTER4bit:inst11                         ; work         ;
;                |REGISTER4bit:inst14|         ; 4 (4)       ; 4 (4)                     ; 0 (0)         ; 0           ; 0    ; 0            ; 0       ; 0         ; 0    ; 0            ; 0 (0)        ; 1 (1)             ; 3 (3)            ; |ULA|data_path:inst2|BANK_REG:inst1|OPC:inst8|REGISTER32bit:inst|REGISTER4bit:inst14                         ; work         ;
;                |REGISTER4bit:inst15|         ; 4 (4)       ; 4 (4)                     ; 0 (0)         ; 0           ; 0    ; 0            ; 0       ; 0         ; 0    ; 0            ; 0 (0)        ; 2 (2)             ; 2 (2)            ; |ULA|data_path:inst2|BANK_REG:inst1|OPC:inst8|REGISTER32bit:inst|REGISTER4bit:inst15                         ; work         ;
;                |REGISTER4bit:inst16|         ; 4 (4)       ; 4 (4)                     ; 0 (0)         ; 0           ; 0    ; 0            ; 0       ; 0         ; 0    ; 0            ; 0 (0)        ; 1 (1)             ; 3 (3)            ; |ULA|data_path:inst2|BANK_REG:inst1|OPC:inst8|REGISTER32bit:inst|REGISTER4bit:inst16                         ; work         ;
;                |REGISTER4bit:inst1|          ; 4 (4)       ; 4 (4)                     ; 0 (0)         ; 0           ; 0    ; 0            ; 0       ; 0         ; 0    ; 0            ; 0 (0)        ; 2 (2)             ; 2 (2)            ; |ULA|data_path:inst2|BANK_REG:inst1|OPC:inst8|REGISTER32bit:inst|REGISTER4bit:inst1                          ; work         ;
;                |REGISTER4bit:inst2|          ; 4 (4)       ; 4 (4)                     ; 0 (0)         ; 0           ; 0    ; 0            ; 0       ; 0         ; 0    ; 0            ; 0 (0)        ; 1 (1)             ; 3 (3)            ; |ULA|data_path:inst2|BANK_REG:inst1|OPC:inst8|REGISTER32bit:inst|REGISTER4bit:inst2                          ; work         ;
;                |REGISTER4bit:inst3|          ; 4 (4)       ; 4 (4)                     ; 0 (0)         ; 0           ; 0    ; 0            ; 0       ; 0         ; 0    ; 0            ; 0 (0)        ; 1 (1)             ; 3 (3)            ; |ULA|data_path:inst2|BANK_REG:inst1|OPC:inst8|REGISTER32bit:inst|REGISTER4bit:inst3                          ; work         ;
;                |REGISTER4bit:inst|           ; 4 (4)       ; 4 (4)                     ; 0 (0)         ; 0           ; 0    ; 0            ; 0       ; 0         ; 0    ; 0            ; 0 (0)        ; 1 (1)             ; 3 (3)            ; |ULA|data_path:inst2|BANK_REG:inst1|OPC:inst8|REGISTER32bit:inst|REGISTER4bit:inst                           ; work         ;
;          |PC:inst4|                          ; 82 (1)      ; 32 (0)                    ; 0 (0)         ; 0           ; 0    ; 0            ; 0       ; 0         ; 0    ; 0            ; 18 (1)       ; 26 (0)            ; 38 (0)           ; |ULA|data_path:inst2|BANK_REG:inst1|PC:inst4                                                                 ; work         ;
;             |REGISTER32bit:inst|             ; 81 (49)     ; 32 (0)                    ; 0 (0)         ; 0           ; 0    ; 0            ; 0       ; 0         ; 0    ; 0            ; 17 (17)      ; 26 (0)            ; 38 (32)          ; |ULA|data_path:inst2|BANK_REG:inst1|PC:inst4|REGISTER32bit:inst                                              ; work         ;
;                |REGISTER4bit:inst11|         ; 4 (4)       ; 4 (4)                     ; 0 (0)         ; 0           ; 0    ; 0            ; 0       ; 0         ; 0    ; 0            ; 0 (0)        ; 2 (2)             ; 2 (2)            ; |ULA|data_path:inst2|BANK_REG:inst1|PC:inst4|REGISTER32bit:inst|REGISTER4bit:inst11                          ; work         ;
;                |REGISTER4bit:inst14|         ; 4 (4)       ; 4 (4)                     ; 0 (0)         ; 0           ; 0    ; 0            ; 0       ; 0         ; 0    ; 0            ; 0 (0)        ; 3 (3)             ; 1 (1)            ; |ULA|data_path:inst2|BANK_REG:inst1|PC:inst4|REGISTER32bit:inst|REGISTER4bit:inst14                          ; work         ;
;                |REGISTER4bit:inst15|         ; 4 (4)       ; 4 (4)                     ; 0 (0)         ; 0           ; 0    ; 0            ; 0       ; 0         ; 0    ; 0            ; 0 (0)        ; 4 (4)             ; 0 (0)            ; |ULA|data_path:inst2|BANK_REG:inst1|PC:inst4|REGISTER32bit:inst|REGISTER4bit:inst15                          ; work         ;
;                |REGISTER4bit:inst16|         ; 4 (4)       ; 4 (4)                     ; 0 (0)         ; 0           ; 0    ; 0            ; 0       ; 0         ; 0    ; 0            ; 0 (0)        ; 4 (4)             ; 0 (0)            ; |ULA|data_path:inst2|BANK_REG:inst1|PC:inst4|REGISTER32bit:inst|REGISTER4bit:inst16                          ; work         ;
;                |REGISTER4bit:inst1|          ; 4 (4)       ; 4 (4)                     ; 0 (0)         ; 0           ; 0    ; 0            ; 0       ; 0         ; 0    ; 0            ; 0 (0)        ; 3 (3)             ; 1 (1)            ; |ULA|data_path:inst2|BANK_REG:inst1|PC:inst4|REGISTER32bit:inst|REGISTER4bit:inst1                           ; work         ;
;                |REGISTER4bit:inst2|          ; 4 (4)       ; 4 (4)                     ; 0 (0)         ; 0           ; 0    ; 0            ; 0       ; 0         ; 0    ; 0            ; 0 (0)        ; 4 (4)             ; 0 (0)            ; |ULA|data_path:inst2|BANK_REG:inst1|PC:inst4|REGISTER32bit:inst|REGISTER4bit:inst2                           ; work         ;
;                |REGISTER4bit:inst3|          ; 4 (4)       ; 4 (4)                     ; 0 (0)         ; 0           ; 0    ; 0            ; 0       ; 0         ; 0    ; 0            ; 0 (0)        ; 3 (3)             ; 1 (1)            ; |ULA|data_path:inst2|BANK_REG:inst1|PC:inst4|REGISTER32bit:inst|REGISTER4bit:inst3                           ; work         ;
;                |REGISTER4bit:inst|           ; 4 (4)       ; 4 (4)                     ; 0 (0)         ; 0           ; 0    ; 0            ; 0       ; 0         ; 0    ; 0            ; 0 (0)        ; 3 (3)             ; 1 (1)            ; |ULA|data_path:inst2|BANK_REG:inst1|PC:inst4|REGISTER32bit:inst|REGISTER4bit:inst                            ; work         ;
;          |SP:inst1|                          ; 34 (1)      ; 32 (0)                    ; 0 (0)         ; 0           ; 0    ; 0            ; 0       ; 0         ; 0    ; 0            ; 2 (1)        ; 1 (0)             ; 31 (0)           ; |ULA|data_path:inst2|BANK_REG:inst1|SP:inst1                                                                 ; work         ;
;             |REGISTER32bit:inst|             ; 33 (1)      ; 32 (0)                    ; 0 (0)         ; 0           ; 0    ; 0            ; 0       ; 0         ; 0    ; 0            ; 1 (1)        ; 1 (0)             ; 31 (0)           ; |ULA|data_path:inst2|BANK_REG:inst1|SP:inst1|REGISTER32bit:inst                                              ; work         ;
;                |REGISTER4bit:inst11|         ; 4 (4)       ; 4 (4)                     ; 0 (0)         ; 0           ; 0    ; 0            ; 0       ; 0         ; 0    ; 0            ; 0 (0)        ; 0 (0)             ; 4 (4)            ; |ULA|data_path:inst2|BANK_REG:inst1|SP:inst1|REGISTER32bit:inst|REGISTER4bit:inst11                          ; work         ;
;                |REGISTER4bit:inst14|         ; 4 (4)       ; 4 (4)                     ; 0 (0)         ; 0           ; 0    ; 0            ; 0       ; 0         ; 0    ; 0            ; 0 (0)        ; 0 (0)             ; 4 (4)            ; |ULA|data_path:inst2|BANK_REG:inst1|SP:inst1|REGISTER32bit:inst|REGISTER4bit:inst14                          ; work         ;
;                |REGISTER4bit:inst15|         ; 4 (4)       ; 4 (4)                     ; 0 (0)         ; 0           ; 0    ; 0            ; 0       ; 0         ; 0    ; 0            ; 0 (0)        ; 1 (1)             ; 3 (3)            ; |ULA|data_path:inst2|BANK_REG:inst1|SP:inst1|REGISTER32bit:inst|REGISTER4bit:inst15                          ; work         ;
;                |REGISTER4bit:inst16|         ; 4 (4)       ; 4 (4)                     ; 0 (0)         ; 0           ; 0    ; 0            ; 0       ; 0         ; 0    ; 0            ; 0 (0)        ; 0 (0)             ; 4 (4)            ; |ULA|data_path:inst2|BANK_REG:inst1|SP:inst1|REGISTER32bit:inst|REGISTER4bit:inst16                          ; work         ;
;                |REGISTER4bit:inst1|          ; 4 (4)       ; 4 (4)                     ; 0 (0)         ; 0           ; 0    ; 0            ; 0       ; 0         ; 0    ; 0            ; 0 (0)        ; 0 (0)             ; 4 (4)            ; |ULA|data_path:inst2|BANK_REG:inst1|SP:inst1|REGISTER32bit:inst|REGISTER4bit:inst1                           ; work         ;
;                |REGISTER4bit:inst2|          ; 4 (4)       ; 4 (4)                     ; 0 (0)         ; 0           ; 0    ; 0            ; 0       ; 0         ; 0    ; 0            ; 0 (0)        ; 0 (0)             ; 4 (4)            ; |ULA|data_path:inst2|BANK_REG:inst1|SP:inst1|REGISTER32bit:inst|REGISTER4bit:inst2                           ; work         ;
;                |REGISTER4bit:inst3|          ; 4 (4)       ; 4 (4)                     ; 0 (0)         ; 0           ; 0    ; 0            ; 0       ; 0         ; 0    ; 0            ; 0 (0)        ; 0 (0)             ; 4 (4)            ; |ULA|data_path:inst2|BANK_REG:inst1|SP:inst1|REGISTER32bit:inst|REGISTER4bit:inst3                           ; work         ;
;                |REGISTER4bit:inst|           ; 4 (4)       ; 4 (4)                     ; 0 (0)         ; 0           ; 0    ; 0            ; 0       ; 0         ; 0    ; 0            ; 0 (0)        ; 0 (0)             ; 4 (4)            ; |ULA|data_path:inst2|BANK_REG:inst1|SP:inst1|REGISTER32bit:inst|REGISTER4bit:inst                            ; work         ;
;          |TOS:inst7|                         ; 34 (1)      ; 32 (0)                    ; 0 (0)         ; 0           ; 0    ; 0            ; 0       ; 0         ; 0    ; 0            ; 2 (1)        ; 10 (0)            ; 22 (0)           ; |ULA|data_path:inst2|BANK_REG:inst1|TOS:inst7                                                                ; work         ;
;             |REGISTER32bit:inst|             ; 33 (1)      ; 32 (0)                    ; 0 (0)         ; 0           ; 0    ; 0            ; 0       ; 0         ; 0    ; 0            ; 1 (1)        ; 10 (0)            ; 22 (0)           ; |ULA|data_path:inst2|BANK_REG:inst1|TOS:inst7|REGISTER32bit:inst                                             ; work         ;
;                |REGISTER4bit:inst11|         ; 4 (4)       ; 4 (4)                     ; 0 (0)         ; 0           ; 0    ; 0            ; 0       ; 0         ; 0    ; 0            ; 0 (0)        ; 2 (2)             ; 2 (2)            ; |ULA|data_path:inst2|BANK_REG:inst1|TOS:inst7|REGISTER32bit:inst|REGISTER4bit:inst11                         ; work         ;
;                |REGISTER4bit:inst14|         ; 4 (4)       ; 4 (4)                     ; 0 (0)         ; 0           ; 0    ; 0            ; 0       ; 0         ; 0    ; 0            ; 0 (0)        ; 1 (1)             ; 3 (3)            ; |ULA|data_path:inst2|BANK_REG:inst1|TOS:inst7|REGISTER32bit:inst|REGISTER4bit:inst14                         ; work         ;
;                |REGISTER4bit:inst15|         ; 4 (4)       ; 4 (4)                     ; 0 (0)         ; 0           ; 0    ; 0            ; 0       ; 0         ; 0    ; 0            ; 0 (0)        ; 1 (1)             ; 3 (3)            ; |ULA|data_path:inst2|BANK_REG:inst1|TOS:inst7|REGISTER32bit:inst|REGISTER4bit:inst15                         ; work         ;
;                |REGISTER4bit:inst16|         ; 4 (4)       ; 4 (4)                     ; 0 (0)         ; 0           ; 0    ; 0            ; 0       ; 0         ; 0    ; 0            ; 0 (0)        ; 1 (1)             ; 3 (3)            ; |ULA|data_path:inst2|BANK_REG:inst1|TOS:inst7|REGISTER32bit:inst|REGISTER4bit:inst16                         ; work         ;
;                |REGISTER4bit:inst1|          ; 4 (4)       ; 4 (4)                     ; 0 (0)         ; 0           ; 0    ; 0            ; 0       ; 0         ; 0    ; 0            ; 0 (0)        ; 1 (1)             ; 3 (3)            ; |ULA|data_path:inst2|BANK_REG:inst1|TOS:inst7|REGISTER32bit:inst|REGISTER4bit:inst1                          ; work         ;
;                |REGISTER4bit:inst2|          ; 4 (4)       ; 4 (4)                     ; 0 (0)         ; 0           ; 0    ; 0            ; 0       ; 0         ; 0    ; 0            ; 0 (0)        ; 2 (2)             ; 2 (2)            ; |ULA|data_path:inst2|BANK_REG:inst1|TOS:inst7|REGISTER32bit:inst|REGISTER4bit:inst2                          ; work         ;
;                |REGISTER4bit:inst3|          ; 4 (4)       ; 4 (4)                     ; 0 (0)         ; 0           ; 0    ; 0            ; 0       ; 0         ; 0    ; 0            ; 0 (0)        ; 1 (1)             ; 3 (3)            ; |ULA|data_path:inst2|BANK_REG:inst1|TOS:inst7|REGISTER32bit:inst|REGISTER4bit:inst3                          ; work         ;
;                |REGISTER4bit:inst|           ; 4 (4)       ; 4 (4)                     ; 0 (0)         ; 0           ; 0    ; 0            ; 0       ; 0         ; 0    ; 0            ; 0 (0)        ; 1 (1)             ; 3 (3)            ; |ULA|data_path:inst2|BANK_REG:inst1|TOS:inst7|REGISTER32bit:inst|REGISTER4bit:inst                           ; work         ;
;       |SHIFTER:inst2|                        ; 71 (70)     ; 0 (0)                     ; 0 (0)         ; 0           ; 0    ; 0            ; 0       ; 0         ; 0    ; 0            ; 44 (43)      ; 0 (0)             ; 27 (27)          ; |ULA|data_path:inst2|SHIFTER:inst2                                                                           ; work         ;
;          |decoder2to4:inst13|                ; 1 (1)       ; 0 (0)                     ; 0 (0)         ; 0           ; 0    ; 0            ; 0       ; 0         ; 0    ; 0            ; 1 (1)        ; 0 (0)             ; 0 (0)            ; |ULA|data_path:inst2|SHIFTER:inst2|decoder2to4:inst13                                                        ; work         ;
;       |ULA_32bit:inst|                       ; 193 (0)     ; 0 (0)                     ; 0 (0)         ; 0           ; 0    ; 0            ; 0       ; 0         ; 0    ; 0            ; 157 (0)      ; 0 (0)             ; 36 (0)           ; |ULA|data_path:inst2|ULA_32bit:inst                                                                          ; work         ;
;          |ULA_8bit:inst1|                    ; 50 (0)      ; 0 (0)                     ; 0 (0)         ; 0           ; 0    ; 0            ; 0       ; 0         ; 0    ; 0            ; 40 (0)       ; 0 (0)             ; 10 (0)           ; |ULA|data_path:inst2|ULA_32bit:inst|ULA_8bit:inst1                                                           ; work         ;
;             |ULA_1bit:inst2|                 ; 7 (6)       ; 0 (0)                     ; 0 (0)         ; 0           ; 0    ; 0            ; 0       ; 0         ; 0    ; 0            ; 5 (4)        ; 0 (0)             ; 2 (2)            ; |ULA|data_path:inst2|ULA_32bit:inst|ULA_8bit:inst1|ULA_1bit:inst2                                            ; work         ;
;                |FullAdder_1bit:inst|         ; 1 (0)       ; 0 (0)                     ; 0 (0)         ; 0           ; 0    ; 0            ; 0       ; 0         ; 0    ; 0            ; 1 (0)        ; 0 (0)             ; 0 (0)            ; |ULA|data_path:inst2|ULA_32bit:inst|ULA_8bit:inst1|ULA_1bit:inst2|FullAdder_1bit:inst                        ; work         ;
;                   |xor3:inst9|               ; 1 (1)       ; 0 (0)                     ; 0 (0)         ; 0           ; 0    ; 0            ; 0       ; 0         ; 0    ; 0            ; 1 (1)        ; 0 (0)             ; 0 (0)            ; |ULA|data_path:inst2|ULA_32bit:inst|ULA_8bit:inst1|ULA_1bit:inst2|FullAdder_1bit:inst|xor3:inst9             ; work         ;
;             |ULA_1bit:inst3|                 ; 6 (4)       ; 0 (0)                     ; 0 (0)         ; 0           ; 0    ; 0            ; 0       ; 0         ; 0    ; 0            ; 5 (3)        ; 0 (0)             ; 1 (1)            ; |ULA|data_path:inst2|ULA_32bit:inst|ULA_8bit:inst1|ULA_1bit:inst3                                            ; work         ;
;                |FullAdder_1bit:inst|         ; 2 (0)       ; 0 (0)                     ; 0 (0)         ; 0           ; 0    ; 0            ; 0       ; 0         ; 0    ; 0            ; 2 (0)        ; 0 (0)             ; 0 (0)            ; |ULA|data_path:inst2|ULA_32bit:inst|ULA_8bit:inst1|ULA_1bit:inst3|FullAdder_1bit:inst                        ; work         ;
;                   |xor3:inst9|               ; 1 (1)       ; 0 (0)                     ; 0 (0)         ; 0           ; 0    ; 0            ; 0       ; 0         ; 0    ; 0            ; 1 (1)        ; 0 (0)             ; 0 (0)            ; |ULA|data_path:inst2|ULA_32bit:inst|ULA_8bit:inst1|ULA_1bit:inst3|FullAdder_1bit:inst|xor3:inst9             ; work         ;
;                   |xor4:inst8|               ; 1 (1)       ; 0 (0)                     ; 0 (0)         ; 0           ; 0    ; 0            ; 0       ; 0         ; 0    ; 0            ; 1 (1)        ; 0 (0)             ; 0 (0)            ; |ULA|data_path:inst2|ULA_32bit:inst|ULA_8bit:inst1|ULA_1bit:inst3|FullAdder_1bit:inst|xor4:inst8             ; work         ;
;             |ULA_1bit:inst4|                 ; 6 (4)       ; 0 (0)                     ; 0 (0)         ; 0           ; 0    ; 0            ; 0       ; 0         ; 0    ; 0            ; 5 (3)        ; 0 (0)             ; 1 (1)            ; |ULA|data_path:inst2|ULA_32bit:inst|ULA_8bit:inst1|ULA_1bit:inst4                                            ; work         ;
;                |FullAdder_1bit:inst|         ; 2 (0)       ; 0 (0)                     ; 0 (0)         ; 0           ; 0    ; 0            ; 0       ; 0         ; 0    ; 0            ; 2 (0)        ; 0 (0)             ; 0 (0)            ; |ULA|data_path:inst2|ULA_32bit:inst|ULA_8bit:inst1|ULA_1bit:inst4|FullAdder_1bit:inst                        ; work         ;
;                   |xor3:inst9|               ; 1 (1)       ; 0 (0)                     ; 0 (0)         ; 0           ; 0    ; 0            ; 0       ; 0         ; 0    ; 0            ; 1 (1)        ; 0 (0)             ; 0 (0)            ; |ULA|data_path:inst2|ULA_32bit:inst|ULA_8bit:inst1|ULA_1bit:inst4|FullAdder_1bit:inst|xor3:inst9             ; work         ;
;                   |xor4:inst8|               ; 1 (1)       ; 0 (0)                     ; 0 (0)         ; 0           ; 0    ; 0            ; 0       ; 0         ; 0    ; 0            ; 1 (1)        ; 0 (0)             ; 0 (0)            ; |ULA|data_path:inst2|ULA_32bit:inst|ULA_8bit:inst1|ULA_1bit:inst4|FullAdder_1bit:inst|xor4:inst8             ; work         ;
;             |ULA_1bit:inst5|                 ; 6 (4)       ; 0 (0)                     ; 0 (0)         ; 0           ; 0    ; 0            ; 0       ; 0         ; 0    ; 0            ; 5 (3)        ; 0 (0)             ; 1 (1)            ; |ULA|data_path:inst2|ULA_32bit:inst|ULA_8bit:inst1|ULA_1bit:inst5                                            ; work         ;
;                |FullAdder_1bit:inst|         ; 2 (0)       ; 0 (0)                     ; 0 (0)         ; 0           ; 0    ; 0            ; 0       ; 0         ; 0    ; 0            ; 2 (0)        ; 0 (0)             ; 0 (0)            ; |ULA|data_path:inst2|ULA_32bit:inst|ULA_8bit:inst1|ULA_1bit:inst5|FullAdder_1bit:inst                        ; work         ;
;                   |xor3:inst9|               ; 1 (1)       ; 0 (0)                     ; 0 (0)         ; 0           ; 0    ; 0            ; 0       ; 0         ; 0    ; 0            ; 1 (1)        ; 0 (0)             ; 0 (0)            ; |ULA|data_path:inst2|ULA_32bit:inst|ULA_8bit:inst1|ULA_1bit:inst5|FullAdder_1bit:inst|xor3:inst9             ; work         ;
;                   |xor4:inst8|               ; 1 (1)       ; 0 (0)                     ; 0 (0)         ; 0           ; 0    ; 0            ; 0       ; 0         ; 0    ; 0            ; 1 (1)        ; 0 (0)             ; 0 (0)            ; |ULA|data_path:inst2|ULA_32bit:inst|ULA_8bit:inst1|ULA_1bit:inst5|FullAdder_1bit:inst|xor4:inst8             ; work         ;
;             |ULA_1bit:inst6|                 ; 6 (4)       ; 0 (0)                     ; 0 (0)         ; 0           ; 0    ; 0            ; 0       ; 0         ; 0    ; 0            ; 4 (2)        ; 0 (0)             ; 2 (2)            ; |ULA|data_path:inst2|ULA_32bit:inst|ULA_8bit:inst1|ULA_1bit:inst6                                            ; work         ;
;                |FullAdder_1bit:inst|         ; 2 (0)       ; 0 (0)                     ; 0 (0)         ; 0           ; 0    ; 0            ; 0       ; 0         ; 0    ; 0            ; 2 (0)        ; 0 (0)             ; 0 (0)            ; |ULA|data_path:inst2|ULA_32bit:inst|ULA_8bit:inst1|ULA_1bit:inst6|FullAdder_1bit:inst                        ; work         ;
;                   |xor3:inst9|               ; 1 (1)       ; 0 (0)                     ; 0 (0)         ; 0           ; 0    ; 0            ; 0       ; 0         ; 0    ; 0            ; 1 (1)        ; 0 (0)             ; 0 (0)            ; |ULA|data_path:inst2|ULA_32bit:inst|ULA_8bit:inst1|ULA_1bit:inst6|FullAdder_1bit:inst|xor3:inst9             ; work         ;
;                   |xor4:inst8|               ; 1 (1)       ; 0 (0)                     ; 0 (0)         ; 0           ; 0    ; 0            ; 0       ; 0         ; 0    ; 0            ; 1 (1)        ; 0 (0)             ; 0 (0)            ; |ULA|data_path:inst2|ULA_32bit:inst|ULA_8bit:inst1|ULA_1bit:inst6|FullAdder_1bit:inst|xor4:inst8             ; work         ;
;             |ULA_1bit:inst7|                 ; 6 (4)       ; 0 (0)                     ; 0 (0)         ; 0           ; 0    ; 0            ; 0       ; 0         ; 0    ; 0            ; 5 (3)        ; 0 (0)             ; 1 (1)            ; |ULA|data_path:inst2|ULA_32bit:inst|ULA_8bit:inst1|ULA_1bit:inst7                                            ; work         ;
;                |FullAdder_1bit:inst|         ; 2 (0)       ; 0 (0)                     ; 0 (0)         ; 0           ; 0    ; 0            ; 0       ; 0         ; 0    ; 0            ; 2 (0)        ; 0 (0)             ; 0 (0)            ; |ULA|data_path:inst2|ULA_32bit:inst|ULA_8bit:inst1|ULA_1bit:inst7|FullAdder_1bit:inst                        ; work         ;
;                   |xor3:inst9|               ; 1 (1)       ; 0 (0)                     ; 0 (0)         ; 0           ; 0    ; 0            ; 0       ; 0         ; 0    ; 0            ; 1 (1)        ; 0 (0)             ; 0 (0)            ; |ULA|data_path:inst2|ULA_32bit:inst|ULA_8bit:inst1|ULA_1bit:inst7|FullAdder_1bit:inst|xor3:inst9             ; work         ;
;                   |xor4:inst8|               ; 1 (1)       ; 0 (0)                     ; 0 (0)         ; 0           ; 0    ; 0            ; 0       ; 0         ; 0    ; 0            ; 1 (1)        ; 0 (0)             ; 0 (0)            ; |ULA|data_path:inst2|ULA_32bit:inst|ULA_8bit:inst1|ULA_1bit:inst7|FullAdder_1bit:inst|xor4:inst8             ; work         ;
;             |ULA_1bit:inst8|                 ; 6 (4)       ; 0 (0)                     ; 0 (0)         ; 0           ; 0    ; 0            ; 0       ; 0         ; 0    ; 0            ; 5 (3)        ; 0 (0)             ; 1 (1)            ; |ULA|data_path:inst2|ULA_32bit:inst|ULA_8bit:inst1|ULA_1bit:inst8                                            ; work         ;
;                |FullAdder_1bit:inst|         ; 2 (0)       ; 0 (0)                     ; 0 (0)         ; 0           ; 0    ; 0            ; 0       ; 0         ; 0    ; 0            ; 2 (0)        ; 0 (0)             ; 0 (0)            ; |ULA|data_path:inst2|ULA_32bit:inst|ULA_8bit:inst1|ULA_1bit:inst8|FullAdder_1bit:inst                        ; work         ;
;                   |xor3:inst9|               ; 1 (1)       ; 0 (0)                     ; 0 (0)         ; 0           ; 0    ; 0            ; 0       ; 0         ; 0    ; 0            ; 1 (1)        ; 0 (0)             ; 0 (0)            ; |ULA|data_path:inst2|ULA_32bit:inst|ULA_8bit:inst1|ULA_1bit:inst8|FullAdder_1bit:inst|xor3:inst9             ; work         ;
;                   |xor4:inst8|               ; 1 (1)       ; 0 (0)                     ; 0 (0)         ; 0           ; 0    ; 0            ; 0       ; 0         ; 0    ; 0            ; 1 (1)        ; 0 (0)             ; 0 (0)            ; |ULA|data_path:inst2|ULA_32bit:inst|ULA_8bit:inst1|ULA_1bit:inst8|FullAdder_1bit:inst|xor4:inst8             ; work         ;
;             |ULA_1bit:inst|                  ; 7 (4)       ; 0 (0)                     ; 0 (0)         ; 0           ; 0    ; 0            ; 0       ; 0         ; 0    ; 0            ; 6 (3)        ; 0 (0)             ; 1 (1)            ; |ULA|data_path:inst2|ULA_32bit:inst|ULA_8bit:inst1|ULA_1bit:inst                                             ; work         ;
;                |FullAdder_1bit:inst|         ; 3 (0)       ; 0 (0)                     ; 0 (0)         ; 0           ; 0    ; 0            ; 0       ; 0         ; 0    ; 0            ; 3 (0)        ; 0 (0)             ; 0 (0)            ; |ULA|data_path:inst2|ULA_32bit:inst|ULA_8bit:inst1|ULA_1bit:inst|FullAdder_1bit:inst                         ; work         ;
;                   |xor3:inst9|               ; 2 (2)       ; 0 (0)                     ; 0 (0)         ; 0           ; 0    ; 0            ; 0       ; 0         ; 0    ; 0            ; 2 (2)        ; 0 (0)             ; 0 (0)            ; |ULA|data_path:inst2|ULA_32bit:inst|ULA_8bit:inst1|ULA_1bit:inst|FullAdder_1bit:inst|xor3:inst9              ; work         ;
;                   |xor4:inst8|               ; 1 (1)       ; 0 (0)                     ; 0 (0)         ; 0           ; 0    ; 0            ; 0       ; 0         ; 0    ; 0            ; 1 (1)        ; 0 (0)             ; 0 (0)            ; |ULA|data_path:inst2|ULA_32bit:inst|ULA_8bit:inst1|ULA_1bit:inst|FullAdder_1bit:inst|xor4:inst8              ; work         ;
;          |ULA_8bit:inst3|                    ; 48 (0)      ; 0 (0)                     ; 0 (0)         ; 0           ; 0    ; 0            ; 0       ; 0         ; 0    ; 0            ; 39 (0)       ; 0 (0)             ; 9 (0)            ; |ULA|data_path:inst2|ULA_32bit:inst|ULA_8bit:inst3                                                           ; work         ;
;             |ULA_1bit:inst2|                 ; 6 (4)       ; 0 (0)                     ; 0 (0)         ; 0           ; 0    ; 0            ; 0       ; 0         ; 0    ; 0            ; 4 (2)        ; 0 (0)             ; 2 (2)            ; |ULA|data_path:inst2|ULA_32bit:inst|ULA_8bit:inst3|ULA_1bit:inst2                                            ; work         ;
;                |FullAdder_1bit:inst|         ; 2 (0)       ; 0 (0)                     ; 0 (0)         ; 0           ; 0    ; 0            ; 0       ; 0         ; 0    ; 0            ; 2 (0)        ; 0 (0)             ; 0 (0)            ; |ULA|data_path:inst2|ULA_32bit:inst|ULA_8bit:inst3|ULA_1bit:inst2|FullAdder_1bit:inst                        ; work         ;
;                   |xor3:inst9|               ; 1 (1)       ; 0 (0)                     ; 0 (0)         ; 0           ; 0    ; 0            ; 0       ; 0         ; 0    ; 0            ; 1 (1)        ; 0 (0)             ; 0 (0)            ; |ULA|data_path:inst2|ULA_32bit:inst|ULA_8bit:inst3|ULA_1bit:inst2|FullAdder_1bit:inst|xor3:inst9             ; work         ;
;                   |xor4:inst8|               ; 1 (1)       ; 0 (0)                     ; 0 (0)         ; 0           ; 0    ; 0            ; 0       ; 0         ; 0    ; 0            ; 1 (1)        ; 0 (0)             ; 0 (0)            ; |ULA|data_path:inst2|ULA_32bit:inst|ULA_8bit:inst3|ULA_1bit:inst2|FullAdder_1bit:inst|xor4:inst8             ; work         ;
;             |ULA_1bit:inst3|                 ; 6 (4)       ; 0 (0)                     ; 0 (0)         ; 0           ; 0    ; 0            ; 0       ; 0         ; 0    ; 0            ; 4 (2)        ; 0 (0)             ; 2 (2)            ; |ULA|data_path:inst2|ULA_32bit:inst|ULA_8bit:inst3|ULA_1bit:inst3                                            ; work         ;
;                |FullAdder_1bit:inst|         ; 2 (0)       ; 0 (0)                     ; 0 (0)         ; 0           ; 0    ; 0            ; 0       ; 0         ; 0    ; 0            ; 2 (0)        ; 0 (0)             ; 0 (0)            ; |ULA|data_path:inst2|ULA_32bit:inst|ULA_8bit:inst3|ULA_1bit:inst3|FullAdder_1bit:inst                        ; work         ;
;                   |xor3:inst9|               ; 1 (1)       ; 0 (0)                     ; 0 (0)         ; 0           ; 0    ; 0            ; 0       ; 0         ; 0    ; 0            ; 1 (1)        ; 0 (0)             ; 0 (0)            ; |ULA|data_path:inst2|ULA_32bit:inst|ULA_8bit:inst3|ULA_1bit:inst3|FullAdder_1bit:inst|xor3:inst9             ; work         ;
;                   |xor4:inst8|               ; 1 (1)       ; 0 (0)                     ; 0 (0)         ; 0           ; 0    ; 0            ; 0       ; 0         ; 0    ; 0            ; 1 (1)        ; 0 (0)             ; 0 (0)            ; |ULA|data_path:inst2|ULA_32bit:inst|ULA_8bit:inst3|ULA_1bit:inst3|FullAdder_1bit:inst|xor4:inst8             ; work         ;
;             |ULA_1bit:inst4|                 ; 6 (4)       ; 0 (0)                     ; 0 (0)         ; 0           ; 0    ; 0            ; 0       ; 0         ; 0    ; 0            ; 5 (3)        ; 0 (0)             ; 1 (1)            ; |ULA|data_path:inst2|ULA_32bit:inst|ULA_8bit:inst3|ULA_1bit:inst4                                            ; work         ;
;                |FullAdder_1bit:inst|         ; 2 (0)       ; 0 (0)                     ; 0 (0)         ; 0           ; 0    ; 0            ; 0       ; 0         ; 0    ; 0            ; 2 (0)        ; 0 (0)             ; 0 (0)            ; |ULA|data_path:inst2|ULA_32bit:inst|ULA_8bit:inst3|ULA_1bit:inst4|FullAdder_1bit:inst                        ; work         ;
;                   |xor3:inst9|               ; 1 (1)       ; 0 (0)                     ; 0 (0)         ; 0           ; 0    ; 0            ; 0       ; 0         ; 0    ; 0            ; 1 (1)        ; 0 (0)             ; 0 (0)            ; |ULA|data_path:inst2|ULA_32bit:inst|ULA_8bit:inst3|ULA_1bit:inst4|FullAdder_1bit:inst|xor3:inst9             ; work         ;
;                   |xor4:inst8|               ; 1 (1)       ; 0 (0)                     ; 0 (0)         ; 0           ; 0    ; 0            ; 0       ; 0         ; 0    ; 0            ; 1 (1)        ; 0 (0)             ; 0 (0)            ; |ULA|data_path:inst2|ULA_32bit:inst|ULA_8bit:inst3|ULA_1bit:inst4|FullAdder_1bit:inst|xor4:inst8             ; work         ;
;             |ULA_1bit:inst5|                 ; 6 (4)       ; 0 (0)                     ; 0 (0)         ; 0           ; 0    ; 0            ; 0       ; 0         ; 0    ; 0            ; 6 (4)        ; 0 (0)             ; 0 (0)            ; |ULA|data_path:inst2|ULA_32bit:inst|ULA_8bit:inst3|ULA_1bit:inst5                                            ; work         ;
;                |FullAdder_1bit:inst|         ; 2 (0)       ; 0 (0)                     ; 0 (0)         ; 0           ; 0    ; 0            ; 0       ; 0         ; 0    ; 0            ; 2 (0)        ; 0 (0)             ; 0 (0)            ; |ULA|data_path:inst2|ULA_32bit:inst|ULA_8bit:inst3|ULA_1bit:inst5|FullAdder_1bit:inst                        ; work         ;
;                   |xor3:inst9|               ; 1 (1)       ; 0 (0)                     ; 0 (0)         ; 0           ; 0    ; 0            ; 0       ; 0         ; 0    ; 0            ; 1 (1)        ; 0 (0)             ; 0 (0)            ; |ULA|data_path:inst2|ULA_32bit:inst|ULA_8bit:inst3|ULA_1bit:inst5|FullAdder_1bit:inst|xor3:inst9             ; work         ;
;                   |xor4:inst8|               ; 1 (1)       ; 0 (0)                     ; 0 (0)         ; 0           ; 0    ; 0            ; 0       ; 0         ; 0    ; 0            ; 1 (1)        ; 0 (0)             ; 0 (0)            ; |ULA|data_path:inst2|ULA_32bit:inst|ULA_8bit:inst3|ULA_1bit:inst5|FullAdder_1bit:inst|xor4:inst8             ; work         ;
;             |ULA_1bit:inst6|                 ; 6 (4)       ; 0 (0)                     ; 0 (0)         ; 0           ; 0    ; 0            ; 0       ; 0         ; 0    ; 0            ; 5 (3)        ; 0 (0)             ; 1 (1)            ; |ULA|data_path:inst2|ULA_32bit:inst|ULA_8bit:inst3|ULA_1bit:inst6                                            ; work         ;
;                |FullAdder_1bit:inst|         ; 2 (0)       ; 0 (0)                     ; 0 (0)         ; 0           ; 0    ; 0            ; 0       ; 0         ; 0    ; 0            ; 2 (0)        ; 0 (0)             ; 0 (0)            ; |ULA|data_path:inst2|ULA_32bit:inst|ULA_8bit:inst3|ULA_1bit:inst6|FullAdder_1bit:inst                        ; work         ;
;                   |xor3:inst9|               ; 1 (1)       ; 0 (0)                     ; 0 (0)         ; 0           ; 0    ; 0            ; 0       ; 0         ; 0    ; 0            ; 1 (1)        ; 0 (0)             ; 0 (0)            ; |ULA|data_path:inst2|ULA_32bit:inst|ULA_8bit:inst3|ULA_1bit:inst6|FullAdder_1bit:inst|xor3:inst9             ; work         ;
;                   |xor4:inst8|               ; 1 (1)       ; 0 (0)                     ; 0 (0)         ; 0           ; 0    ; 0            ; 0       ; 0         ; 0    ; 0            ; 1 (1)        ; 0 (0)             ; 0 (0)            ; |ULA|data_path:inst2|ULA_32bit:inst|ULA_8bit:inst3|ULA_1bit:inst6|FullAdder_1bit:inst|xor4:inst8             ; work         ;
;             |ULA_1bit:inst7|                 ; 6 (4)       ; 0 (0)                     ; 0 (0)         ; 0           ; 0    ; 0            ; 0       ; 0         ; 0    ; 0            ; 5 (3)        ; 0 (0)             ; 1 (1)            ; |ULA|data_path:inst2|ULA_32bit:inst|ULA_8bit:inst3|ULA_1bit:inst7                                            ; work         ;
;                |FullAdder_1bit:inst|         ; 2 (0)       ; 0 (0)                     ; 0 (0)         ; 0           ; 0    ; 0            ; 0       ; 0         ; 0    ; 0            ; 2 (0)        ; 0 (0)             ; 0 (0)            ; |ULA|data_path:inst2|ULA_32bit:inst|ULA_8bit:inst3|ULA_1bit:inst7|FullAdder_1bit:inst                        ; work         ;
;                   |xor3:inst9|               ; 1 (1)       ; 0 (0)                     ; 0 (0)         ; 0           ; 0    ; 0            ; 0       ; 0         ; 0    ; 0            ; 1 (1)        ; 0 (0)             ; 0 (0)            ; |ULA|data_path:inst2|ULA_32bit:inst|ULA_8bit:inst3|ULA_1bit:inst7|FullAdder_1bit:inst|xor3:inst9             ; work         ;
;                   |xor4:inst8|               ; 1 (1)       ; 0 (0)                     ; 0 (0)         ; 0           ; 0    ; 0            ; 0       ; 0         ; 0    ; 0            ; 1 (1)        ; 0 (0)             ; 0 (0)            ; |ULA|data_path:inst2|ULA_32bit:inst|ULA_8bit:inst3|ULA_1bit:inst7|FullAdder_1bit:inst|xor4:inst8             ; work         ;
;             |ULA_1bit:inst8|                 ; 6 (4)       ; 0 (0)                     ; 0 (0)         ; 0           ; 0    ; 0            ; 0       ; 0         ; 0    ; 0            ; 4 (2)        ; 0 (0)             ; 2 (2)            ; |ULA|data_path:inst2|ULA_32bit:inst|ULA_8bit:inst3|ULA_1bit:inst8                                            ; work         ;
;                |FullAdder_1bit:inst|         ; 2 (0)       ; 0 (0)                     ; 0 (0)         ; 0           ; 0    ; 0            ; 0       ; 0         ; 0    ; 0            ; 2 (0)        ; 0 (0)             ; 0 (0)            ; |ULA|data_path:inst2|ULA_32bit:inst|ULA_8bit:inst3|ULA_1bit:inst8|FullAdder_1bit:inst                        ; work         ;
;                   |xor3:inst9|               ; 1 (1)       ; 0 (0)                     ; 0 (0)         ; 0           ; 0    ; 0            ; 0       ; 0         ; 0    ; 0            ; 1 (1)        ; 0 (0)             ; 0 (0)            ; |ULA|data_path:inst2|ULA_32bit:inst|ULA_8bit:inst3|ULA_1bit:inst8|FullAdder_1bit:inst|xor3:inst9             ; work         ;
;                   |xor4:inst8|               ; 1 (1)       ; 0 (0)                     ; 0 (0)         ; 0           ; 0    ; 0            ; 0       ; 0         ; 0    ; 0            ; 1 (1)        ; 0 (0)             ; 0 (0)            ; |ULA|data_path:inst2|ULA_32bit:inst|ULA_8bit:inst3|ULA_1bit:inst8|FullAdder_1bit:inst|xor4:inst8             ; work         ;
;             |ULA_1bit:inst|                  ; 6 (4)       ; 0 (0)                     ; 0 (0)         ; 0           ; 0    ; 0            ; 0       ; 0         ; 0    ; 0            ; 6 (4)        ; 0 (0)             ; 0 (0)            ; |ULA|data_path:inst2|ULA_32bit:inst|ULA_8bit:inst3|ULA_1bit:inst                                             ; work         ;
;                |FullAdder_1bit:inst|         ; 2 (0)       ; 0 (0)                     ; 0 (0)         ; 0           ; 0    ; 0            ; 0       ; 0         ; 0    ; 0            ; 2 (0)        ; 0 (0)             ; 0 (0)            ; |ULA|data_path:inst2|ULA_32bit:inst|ULA_8bit:inst3|ULA_1bit:inst|FullAdder_1bit:inst                         ; work         ;
;                   |xor3:inst9|               ; 1 (1)       ; 0 (0)                     ; 0 (0)         ; 0           ; 0    ; 0            ; 0       ; 0         ; 0    ; 0            ; 1 (1)        ; 0 (0)             ; 0 (0)            ; |ULA|data_path:inst2|ULA_32bit:inst|ULA_8bit:inst3|ULA_1bit:inst|FullAdder_1bit:inst|xor3:inst9              ; work         ;
;                   |xor4:inst8|               ; 1 (1)       ; 0 (0)                     ; 0 (0)         ; 0           ; 0    ; 0            ; 0       ; 0         ; 0    ; 0            ; 1 (1)        ; 0 (0)             ; 0 (0)            ; |ULA|data_path:inst2|ULA_32bit:inst|ULA_8bit:inst3|ULA_1bit:inst|FullAdder_1bit:inst|xor4:inst8              ; work         ;
;          |ULA_8bit:inst4|                    ; 46 (0)      ; 0 (0)                     ; 0 (0)         ; 0           ; 0    ; 0            ; 0       ; 0         ; 0    ; 0            ; 37 (0)       ; 0 (0)             ; 9 (0)            ; |ULA|data_path:inst2|ULA_32bit:inst|ULA_8bit:inst4                                                           ; work         ;
;             |ULA_1bit:inst2|                 ; 6 (4)       ; 0 (0)                     ; 0 (0)         ; 0           ; 0    ; 0            ; 0       ; 0         ; 0    ; 0            ; 4 (2)        ; 0 (0)             ; 2 (2)            ; |ULA|data_path:inst2|ULA_32bit:inst|ULA_8bit:inst4|ULA_1bit:inst2                                            ; work         ;
;                |FullAdder_1bit:inst|         ; 2 (0)       ; 0 (0)                     ; 0 (0)         ; 0           ; 0    ; 0            ; 0       ; 0         ; 0    ; 0            ; 2 (0)        ; 0 (0)             ; 0 (0)            ; |ULA|data_path:inst2|ULA_32bit:inst|ULA_8bit:inst4|ULA_1bit:inst2|FullAdder_1bit:inst                        ; work         ;
;                   |xor3:inst9|               ; 1 (1)       ; 0 (0)                     ; 0 (0)         ; 0           ; 0    ; 0            ; 0       ; 0         ; 0    ; 0            ; 1 (1)        ; 0 (0)             ; 0 (0)            ; |ULA|data_path:inst2|ULA_32bit:inst|ULA_8bit:inst4|ULA_1bit:inst2|FullAdder_1bit:inst|xor3:inst9             ; work         ;
;                   |xor4:inst8|               ; 1 (1)       ; 0 (0)                     ; 0 (0)         ; 0           ; 0    ; 0            ; 0       ; 0         ; 0    ; 0            ; 1 (1)        ; 0 (0)             ; 0 (0)            ; |ULA|data_path:inst2|ULA_32bit:inst|ULA_8bit:inst4|ULA_1bit:inst2|FullAdder_1bit:inst|xor4:inst8             ; work         ;
;             |ULA_1bit:inst3|                 ; 6 (4)       ; 0 (0)                     ; 0 (0)         ; 0           ; 0    ; 0            ; 0       ; 0         ; 0    ; 0            ; 5 (3)        ; 0 (0)             ; 1 (1)            ; |ULA|data_path:inst2|ULA_32bit:inst|ULA_8bit:inst4|ULA_1bit:inst3                                            ; work         ;
;                |FullAdder_1bit:inst|         ; 2 (0)       ; 0 (0)                     ; 0 (0)         ; 0           ; 0    ; 0            ; 0       ; 0         ; 0    ; 0            ; 2 (0)        ; 0 (0)             ; 0 (0)            ; |ULA|data_path:inst2|ULA_32bit:inst|ULA_8bit:inst4|ULA_1bit:inst3|FullAdder_1bit:inst                        ; work         ;
;                   |xor3:inst9|               ; 1 (1)       ; 0 (0)                     ; 0 (0)         ; 0           ; 0    ; 0            ; 0       ; 0         ; 0    ; 0            ; 1 (1)        ; 0 (0)             ; 0 (0)            ; |ULA|data_path:inst2|ULA_32bit:inst|ULA_8bit:inst4|ULA_1bit:inst3|FullAdder_1bit:inst|xor3:inst9             ; work         ;
;                   |xor4:inst8|               ; 1 (1)       ; 0 (0)                     ; 0 (0)         ; 0           ; 0    ; 0            ; 0       ; 0         ; 0    ; 0            ; 1 (1)        ; 0 (0)             ; 0 (0)            ; |ULA|data_path:inst2|ULA_32bit:inst|ULA_8bit:inst4|ULA_1bit:inst3|FullAdder_1bit:inst|xor4:inst8             ; work         ;
;             |ULA_1bit:inst4|                 ; 6 (4)       ; 0 (0)                     ; 0 (0)         ; 0           ; 0    ; 0            ; 0       ; 0         ; 0    ; 0            ; 5 (3)        ; 0 (0)             ; 1 (1)            ; |ULA|data_path:inst2|ULA_32bit:inst|ULA_8bit:inst4|ULA_1bit:inst4                                            ; work         ;
;                |FullAdder_1bit:inst|         ; 2 (0)       ; 0 (0)                     ; 0 (0)         ; 0           ; 0    ; 0            ; 0       ; 0         ; 0    ; 0            ; 2 (0)        ; 0 (0)             ; 0 (0)            ; |ULA|data_path:inst2|ULA_32bit:inst|ULA_8bit:inst4|ULA_1bit:inst4|FullAdder_1bit:inst                        ; work         ;
;                   |xor3:inst9|               ; 1 (1)       ; 0 (0)                     ; 0 (0)         ; 0           ; 0    ; 0            ; 0       ; 0         ; 0    ; 0            ; 1 (1)        ; 0 (0)             ; 0 (0)            ; |ULA|data_path:inst2|ULA_32bit:inst|ULA_8bit:inst4|ULA_1bit:inst4|FullAdder_1bit:inst|xor3:inst9             ; work         ;
;                   |xor4:inst8|               ; 1 (1)       ; 0 (0)                     ; 0 (0)         ; 0           ; 0    ; 0            ; 0       ; 0         ; 0    ; 0            ; 1 (1)        ; 0 (0)             ; 0 (0)            ; |ULA|data_path:inst2|ULA_32bit:inst|ULA_8bit:inst4|ULA_1bit:inst4|FullAdder_1bit:inst|xor4:inst8             ; work         ;
;             |ULA_1bit:inst5|                 ; 6 (4)       ; 0 (0)                     ; 0 (0)         ; 0           ; 0    ; 0            ; 0       ; 0         ; 0    ; 0            ; 5 (3)        ; 0 (0)             ; 1 (1)            ; |ULA|data_path:inst2|ULA_32bit:inst|ULA_8bit:inst4|ULA_1bit:inst5                                            ; work         ;
;                |FullAdder_1bit:inst|         ; 2 (0)       ; 0 (0)                     ; 0 (0)         ; 0           ; 0    ; 0            ; 0       ; 0         ; 0    ; 0            ; 2 (0)        ; 0 (0)             ; 0 (0)            ; |ULA|data_path:inst2|ULA_32bit:inst|ULA_8bit:inst4|ULA_1bit:inst5|FullAdder_1bit:inst                        ; work         ;
;                   |xor3:inst9|               ; 1 (1)       ; 0 (0)                     ; 0 (0)         ; 0           ; 0    ; 0            ; 0       ; 0         ; 0    ; 0            ; 1 (1)        ; 0 (0)             ; 0 (0)            ; |ULA|data_path:inst2|ULA_32bit:inst|ULA_8bit:inst4|ULA_1bit:inst5|FullAdder_1bit:inst|xor3:inst9             ; work         ;
;                   |xor4:inst8|               ; 1 (1)       ; 0 (0)                     ; 0 (0)         ; 0           ; 0    ; 0            ; 0       ; 0         ; 0    ; 0            ; 1 (1)        ; 0 (0)             ; 0 (0)            ; |ULA|data_path:inst2|ULA_32bit:inst|ULA_8bit:inst4|ULA_1bit:inst5|FullAdder_1bit:inst|xor4:inst8             ; work         ;
;             |ULA_1bit:inst6|                 ; 6 (4)       ; 0 (0)                     ; 0 (0)         ; 0           ; 0    ; 0            ; 0       ; 0         ; 0    ; 0            ; 5 (3)        ; 0 (0)             ; 1 (1)            ; |ULA|data_path:inst2|ULA_32bit:inst|ULA_8bit:inst4|ULA_1bit:inst6                                            ; work         ;
;                |FullAdder_1bit:inst|         ; 2 (0)       ; 0 (0)                     ; 0 (0)         ; 0           ; 0    ; 0            ; 0       ; 0         ; 0    ; 0            ; 2 (0)        ; 0 (0)             ; 0 (0)            ; |ULA|data_path:inst2|ULA_32bit:inst|ULA_8bit:inst4|ULA_1bit:inst6|FullAdder_1bit:inst                        ; work         ;
;                   |xor3:inst9|               ; 1 (1)       ; 0 (0)                     ; 0 (0)         ; 0           ; 0    ; 0            ; 0       ; 0         ; 0    ; 0            ; 1 (1)        ; 0 (0)             ; 0 (0)            ; |ULA|data_path:inst2|ULA_32bit:inst|ULA_8bit:inst4|ULA_1bit:inst6|FullAdder_1bit:inst|xor3:inst9             ; work         ;
;                   |xor4:inst8|               ; 1 (1)       ; 0 (0)                     ; 0 (0)         ; 0           ; 0    ; 0            ; 0       ; 0         ; 0    ; 0            ; 1 (1)        ; 0 (0)             ; 0 (0)            ; |ULA|data_path:inst2|ULA_32bit:inst|ULA_8bit:inst4|ULA_1bit:inst6|FullAdder_1bit:inst|xor4:inst8             ; work         ;
;             |ULA_1bit:inst7|                 ; 5 (4)       ; 0 (0)                     ; 0 (0)         ; 0           ; 0    ; 0            ; 0       ; 0         ; 0    ; 0            ; 4 (3)        ; 0 (0)             ; 1 (1)            ; |ULA|data_path:inst2|ULA_32bit:inst|ULA_8bit:inst4|ULA_1bit:inst7                                            ; work         ;
;                |FullAdder_1bit:inst|         ; 1 (0)       ; 0 (0)                     ; 0 (0)         ; 0           ; 0    ; 0            ; 0       ; 0         ; 0    ; 0            ; 1 (0)        ; 0 (0)             ; 0 (0)            ; |ULA|data_path:inst2|ULA_32bit:inst|ULA_8bit:inst4|ULA_1bit:inst7|FullAdder_1bit:inst                        ; work         ;
;                   |xor4:inst8|               ; 1 (1)       ; 0 (0)                     ; 0 (0)         ; 0           ; 0    ; 0            ; 0       ; 0         ; 0    ; 0            ; 1 (1)        ; 0 (0)             ; 0 (0)            ; |ULA|data_path:inst2|ULA_32bit:inst|ULA_8bit:inst4|ULA_1bit:inst7|FullAdder_1bit:inst|xor4:inst8             ; work         ;
;             |ULA_1bit:inst8|                 ; 5 (3)       ; 0 (0)                     ; 0 (0)         ; 0           ; 0    ; 0            ; 0       ; 0         ; 0    ; 0            ; 4 (2)        ; 0 (0)             ; 1 (1)            ; |ULA|data_path:inst2|ULA_32bit:inst|ULA_8bit:inst4|ULA_1bit:inst8                                            ; work         ;
;                |FullAdder_1bit:inst|         ; 2 (2)       ; 0 (0)                     ; 0 (0)         ; 0           ; 0    ; 0            ; 0       ; 0         ; 0    ; 0            ; 2 (2)        ; 0 (0)             ; 0 (0)            ; |ULA|data_path:inst2|ULA_32bit:inst|ULA_8bit:inst4|ULA_1bit:inst8|FullAdder_1bit:inst                        ; work         ;
;             |ULA_1bit:inst|                  ; 6 (4)       ; 0 (0)                     ; 0 (0)         ; 0           ; 0    ; 0            ; 0       ; 0         ; 0    ; 0            ; 5 (3)        ; 0 (0)             ; 1 (1)            ; |ULA|data_path:inst2|ULA_32bit:inst|ULA_8bit:inst4|ULA_1bit:inst                                             ; work         ;
;                |FullAdder_1bit:inst|         ; 2 (0)       ; 0 (0)                     ; 0 (0)         ; 0           ; 0    ; 0            ; 0       ; 0         ; 0    ; 0            ; 2 (0)        ; 0 (0)             ; 0 (0)            ; |ULA|data_path:inst2|ULA_32bit:inst|ULA_8bit:inst4|ULA_1bit:inst|FullAdder_1bit:inst                         ; work         ;
;                   |xor3:inst9|               ; 1 (1)       ; 0 (0)                     ; 0 (0)         ; 0           ; 0    ; 0            ; 0       ; 0         ; 0    ; 0            ; 1 (1)        ; 0 (0)             ; 0 (0)            ; |ULA|data_path:inst2|ULA_32bit:inst|ULA_8bit:inst4|ULA_1bit:inst|FullAdder_1bit:inst|xor3:inst9              ; work         ;
;                   |xor4:inst8|               ; 1 (1)       ; 0 (0)                     ; 0 (0)         ; 0           ; 0    ; 0            ; 0       ; 0         ; 0    ; 0            ; 1 (1)        ; 0 (0)             ; 0 (0)            ; |ULA|data_path:inst2|ULA_32bit:inst|ULA_8bit:inst4|ULA_1bit:inst|FullAdder_1bit:inst|xor4:inst8              ; work         ;
;          |ULA_8bit:inst|                     ; 49 (0)      ; 0 (0)                     ; 0 (0)         ; 0           ; 0    ; 0            ; 0       ; 0         ; 0    ; 0            ; 41 (0)       ; 0 (0)             ; 8 (0)            ; |ULA|data_path:inst2|ULA_32bit:inst|ULA_8bit:inst                                                            ; work         ;
;             |ULA_1bit:inst2|                 ; 6 (4)       ; 0 (0)                     ; 0 (0)         ; 0           ; 0    ; 0            ; 0       ; 0         ; 0    ; 0            ; 5 (3)        ; 0 (0)             ; 1 (1)            ; |ULA|data_path:inst2|ULA_32bit:inst|ULA_8bit:inst|ULA_1bit:inst2                                             ; work         ;
;                |FullAdder_1bit:inst|         ; 2 (0)       ; 0 (0)                     ; 0 (0)         ; 0           ; 0    ; 0            ; 0       ; 0         ; 0    ; 0            ; 2 (0)        ; 0 (0)             ; 0 (0)            ; |ULA|data_path:inst2|ULA_32bit:inst|ULA_8bit:inst|ULA_1bit:inst2|FullAdder_1bit:inst                         ; work         ;
;                   |xor3:inst9|               ; 1 (1)       ; 0 (0)                     ; 0 (0)         ; 0           ; 0    ; 0            ; 0       ; 0         ; 0    ; 0            ; 1 (1)        ; 0 (0)             ; 0 (0)            ; |ULA|data_path:inst2|ULA_32bit:inst|ULA_8bit:inst|ULA_1bit:inst2|FullAdder_1bit:inst|xor3:inst9              ; work         ;
;                   |xor4:inst8|               ; 1 (1)       ; 0 (0)                     ; 0 (0)         ; 0           ; 0    ; 0            ; 0       ; 0         ; 0    ; 0            ; 1 (1)        ; 0 (0)             ; 0 (0)            ; |ULA|data_path:inst2|ULA_32bit:inst|ULA_8bit:inst|ULA_1bit:inst2|FullAdder_1bit:inst|xor4:inst8              ; work         ;
;             |ULA_1bit:inst3|                 ; 6 (4)       ; 0 (0)                     ; 0 (0)         ; 0           ; 0    ; 0            ; 0       ; 0         ; 0    ; 0            ; 5 (3)        ; 0 (0)             ; 1 (1)            ; |ULA|data_path:inst2|ULA_32bit:inst|ULA_8bit:inst|ULA_1bit:inst3                                             ; work         ;
;                |FullAdder_1bit:inst|         ; 2 (0)       ; 0 (0)                     ; 0 (0)         ; 0           ; 0    ; 0            ; 0       ; 0         ; 0    ; 0            ; 2 (0)        ; 0 (0)             ; 0 (0)            ; |ULA|data_path:inst2|ULA_32bit:inst|ULA_8bit:inst|ULA_1bit:inst3|FullAdder_1bit:inst                         ; work         ;
;                   |xor3:inst9|               ; 1 (1)       ; 0 (0)                     ; 0 (0)         ; 0           ; 0    ; 0            ; 0       ; 0         ; 0    ; 0            ; 1 (1)        ; 0 (0)             ; 0 (0)            ; |ULA|data_path:inst2|ULA_32bit:inst|ULA_8bit:inst|ULA_1bit:inst3|FullAdder_1bit:inst|xor3:inst9              ; work         ;
;                   |xor4:inst8|               ; 1 (1)       ; 0 (0)                     ; 0 (0)         ; 0           ; 0    ; 0            ; 0       ; 0         ; 0    ; 0            ; 1 (1)        ; 0 (0)             ; 0 (0)            ; |ULA|data_path:inst2|ULA_32bit:inst|ULA_8bit:inst|ULA_1bit:inst3|FullAdder_1bit:inst|xor4:inst8              ; work         ;
;             |ULA_1bit:inst4|                 ; 6 (4)       ; 0 (0)                     ; 0 (0)         ; 0           ; 0    ; 0            ; 0       ; 0         ; 0    ; 0            ; 5 (3)        ; 0 (0)             ; 1 (1)            ; |ULA|data_path:inst2|ULA_32bit:inst|ULA_8bit:inst|ULA_1bit:inst4                                             ; work         ;
;                |FullAdder_1bit:inst|         ; 2 (0)       ; 0 (0)                     ; 0 (0)         ; 0           ; 0    ; 0            ; 0       ; 0         ; 0    ; 0            ; 2 (0)        ; 0 (0)             ; 0 (0)            ; |ULA|data_path:inst2|ULA_32bit:inst|ULA_8bit:inst|ULA_1bit:inst4|FullAdder_1bit:inst                         ; work         ;
;                   |xor3:inst9|               ; 1 (1)       ; 0 (0)                     ; 0 (0)         ; 0           ; 0    ; 0            ; 0       ; 0         ; 0    ; 0            ; 1 (1)        ; 0 (0)             ; 0 (0)            ; |ULA|data_path:inst2|ULA_32bit:inst|ULA_8bit:inst|ULA_1bit:inst4|FullAdder_1bit:inst|xor3:inst9              ; work         ;
;                   |xor4:inst8|               ; 1 (1)       ; 0 (0)                     ; 0 (0)         ; 0           ; 0    ; 0            ; 0       ; 0         ; 0    ; 0            ; 1 (1)        ; 0 (0)             ; 0 (0)            ; |ULA|data_path:inst2|ULA_32bit:inst|ULA_8bit:inst|ULA_1bit:inst4|FullAdder_1bit:inst|xor4:inst8              ; work         ;
;             |ULA_1bit:inst5|                 ; 7 (4)       ; 0 (0)                     ; 0 (0)         ; 0           ; 0    ; 0            ; 0       ; 0         ; 0    ; 0            ; 5 (3)        ; 0 (0)             ; 2 (1)            ; |ULA|data_path:inst2|ULA_32bit:inst|ULA_8bit:inst|ULA_1bit:inst5                                             ; work         ;
;                |FullAdder_1bit:inst|         ; 2 (0)       ; 0 (0)                     ; 0 (0)         ; 0           ; 0    ; 0            ; 0       ; 0         ; 0    ; 0            ; 2 (0)        ; 0 (0)             ; 0 (0)            ; |ULA|data_path:inst2|ULA_32bit:inst|ULA_8bit:inst|ULA_1bit:inst5|FullAdder_1bit:inst                         ; work         ;
;                   |xor3:inst9|               ; 1 (1)       ; 0 (0)                     ; 0 (0)         ; 0           ; 0    ; 0            ; 0       ; 0         ; 0    ; 0            ; 1 (1)        ; 0 (0)             ; 0 (0)            ; |ULA|data_path:inst2|ULA_32bit:inst|ULA_8bit:inst|ULA_1bit:inst5|FullAdder_1bit:inst|xor3:inst9              ; work         ;
;                   |xor4:inst8|               ; 1 (1)       ; 0 (0)                     ; 0 (0)         ; 0           ; 0    ; 0            ; 0       ; 0         ; 0    ; 0            ; 1 (1)        ; 0 (0)             ; 0 (0)            ; |ULA|data_path:inst2|ULA_32bit:inst|ULA_8bit:inst|ULA_1bit:inst5|FullAdder_1bit:inst|xor4:inst8              ; work         ;
;                |decoder2to4:inst2|           ; 1 (1)       ; 0 (0)                     ; 0 (0)         ; 0           ; 0    ; 0            ; 0       ; 0         ; 0    ; 0            ; 0 (0)        ; 0 (0)             ; 1 (1)            ; |ULA|data_path:inst2|ULA_32bit:inst|ULA_8bit:inst|ULA_1bit:inst5|decoder2to4:inst2                           ; work         ;
;             |ULA_1bit:inst6|                 ; 6 (4)       ; 0 (0)                     ; 0 (0)         ; 0           ; 0    ; 0            ; 0       ; 0         ; 0    ; 0            ; 5 (3)        ; 0 (0)             ; 1 (1)            ; |ULA|data_path:inst2|ULA_32bit:inst|ULA_8bit:inst|ULA_1bit:inst6                                             ; work         ;
;                |FullAdder_1bit:inst|         ; 2 (0)       ; 0 (0)                     ; 0 (0)         ; 0           ; 0    ; 0            ; 0       ; 0         ; 0    ; 0            ; 2 (0)        ; 0 (0)             ; 0 (0)            ; |ULA|data_path:inst2|ULA_32bit:inst|ULA_8bit:inst|ULA_1bit:inst6|FullAdder_1bit:inst                         ; work         ;
;                   |xor3:inst9|               ; 1 (1)       ; 0 (0)                     ; 0 (0)         ; 0           ; 0    ; 0            ; 0       ; 0         ; 0    ; 0            ; 1 (1)        ; 0 (0)             ; 0 (0)            ; |ULA|data_path:inst2|ULA_32bit:inst|ULA_8bit:inst|ULA_1bit:inst6|FullAdder_1bit:inst|xor3:inst9              ; work         ;
;                   |xor4:inst8|               ; 1 (1)       ; 0 (0)                     ; 0 (0)         ; 0           ; 0    ; 0            ; 0       ; 0         ; 0    ; 0            ; 1 (1)        ; 0 (0)             ; 0 (0)            ; |ULA|data_path:inst2|ULA_32bit:inst|ULA_8bit:inst|ULA_1bit:inst6|FullAdder_1bit:inst|xor4:inst8              ; work         ;
;             |ULA_1bit:inst7|                 ; 6 (4)       ; 0 (0)                     ; 0 (0)         ; 0           ; 0    ; 0            ; 0       ; 0         ; 0    ; 0            ; 4 (2)        ; 0 (0)             ; 2 (2)            ; |ULA|data_path:inst2|ULA_32bit:inst|ULA_8bit:inst|ULA_1bit:inst7                                             ; work         ;
;                |FullAdder_1bit:inst|         ; 2 (0)       ; 0 (0)                     ; 0 (0)         ; 0           ; 0    ; 0            ; 0       ; 0         ; 0    ; 0            ; 2 (0)        ; 0 (0)             ; 0 (0)            ; |ULA|data_path:inst2|ULA_32bit:inst|ULA_8bit:inst|ULA_1bit:inst7|FullAdder_1bit:inst                         ; work         ;
;                   |xor3:inst9|               ; 1 (1)       ; 0 (0)                     ; 0 (0)         ; 0           ; 0    ; 0            ; 0       ; 0         ; 0    ; 0            ; 1 (1)        ; 0 (0)             ; 0 (0)            ; |ULA|data_path:inst2|ULA_32bit:inst|ULA_8bit:inst|ULA_1bit:inst7|FullAdder_1bit:inst|xor3:inst9              ; work         ;
;                   |xor4:inst8|               ; 1 (1)       ; 0 (0)                     ; 0 (0)         ; 0           ; 0    ; 0            ; 0       ; 0         ; 0    ; 0            ; 1 (1)        ; 0 (0)             ; 0 (0)            ; |ULA|data_path:inst2|ULA_32bit:inst|ULA_8bit:inst|ULA_1bit:inst7|FullAdder_1bit:inst|xor4:inst8              ; work         ;
;             |ULA_1bit:inst8|                 ; 6 (4)       ; 0 (0)                     ; 0 (0)         ; 0           ; 0    ; 0            ; 0       ; 0         ; 0    ; 0            ; 6 (4)        ; 0 (0)             ; 0 (0)            ; |ULA|data_path:inst2|ULA_32bit:inst|ULA_8bit:inst|ULA_1bit:inst8                                             ; work         ;
;                |FullAdder_1bit:inst|         ; 2 (0)       ; 0 (0)                     ; 0 (0)         ; 0           ; 0    ; 0            ; 0       ; 0         ; 0    ; 0            ; 2 (0)        ; 0 (0)             ; 0 (0)            ; |ULA|data_path:inst2|ULA_32bit:inst|ULA_8bit:inst|ULA_1bit:inst8|FullAdder_1bit:inst                         ; work         ;
;                   |xor3:inst9|               ; 1 (1)       ; 0 (0)                     ; 0 (0)         ; 0           ; 0    ; 0            ; 0       ; 0         ; 0    ; 0            ; 1 (1)        ; 0 (0)             ; 0 (0)            ; |ULA|data_path:inst2|ULA_32bit:inst|ULA_8bit:inst|ULA_1bit:inst8|FullAdder_1bit:inst|xor3:inst9              ; work         ;
;                   |xor4:inst8|               ; 1 (1)       ; 0 (0)                     ; 0 (0)         ; 0           ; 0    ; 0            ; 0       ; 0         ; 0    ; 0            ; 1 (1)        ; 0 (0)             ; 0 (0)            ; |ULA|data_path:inst2|ULA_32bit:inst|ULA_8bit:inst|ULA_1bit:inst8|FullAdder_1bit:inst|xor4:inst8              ; work         ;
;             |ULA_1bit:inst|                  ; 6 (4)       ; 0 (0)                     ; 0 (0)         ; 0           ; 0    ; 0            ; 0       ; 0         ; 0    ; 0            ; 6 (4)        ; 0 (0)             ; 0 (0)            ; |ULA|data_path:inst2|ULA_32bit:inst|ULA_8bit:inst|ULA_1bit:inst                                              ; work         ;
;                |FullAdder_1bit:inst|         ; 2 (0)       ; 0 (0)                     ; 0 (0)         ; 0           ; 0    ; 0            ; 0       ; 0         ; 0    ; 0            ; 2 (0)        ; 0 (0)             ; 0 (0)            ; |ULA|data_path:inst2|ULA_32bit:inst|ULA_8bit:inst|ULA_1bit:inst|FullAdder_1bit:inst                          ; work         ;
;                   |xor3:inst9|               ; 1 (1)       ; 0 (0)                     ; 0 (0)         ; 0           ; 0    ; 0            ; 0       ; 0         ; 0    ; 0            ; 1 (1)        ; 0 (0)             ; 0 (0)            ; |ULA|data_path:inst2|ULA_32bit:inst|ULA_8bit:inst|ULA_1bit:inst|FullAdder_1bit:inst|xor3:inst9               ; work         ;
;                   |xor4:inst8|               ; 1 (1)       ; 0 (0)                     ; 0 (0)         ; 0           ; 0    ; 0            ; 0       ; 0         ; 0    ; 0            ; 1 (1)        ; 0 (0)             ; 0 (0)            ; |ULA|data_path:inst2|ULA_32bit:inst|ULA_8bit:inst|ULA_1bit:inst|FullAdder_1bit:inst|xor4:inst8               ; work         ;
+----------------------------------------------+-------------+---------------------------+---------------+-------------+------+--------------+---------+-----------+------+--------------+--------------+-------------------+------------------+--------------------------------------------------------------------------------------------------------------+--------------+
Note: For table entries with two numbers listed, the numbers in parentheses indicate the number of resources of the given type used by the specific entity alone. The numbers listed outside of parentheses indicate the total resources of the given type used by the specific entity and all of its sub-entities in the hierarchy.


+------------------------------------------------------------------------------------------------+
; Delay Chain Summary                                                                            ;
+-----------------------+----------+---------------+---------------+-----------------------+-----+
; Name                  ; Pin Type ; Pad to Core 0 ; Pad to Core 1 ; Pad to Input Register ; TCO ;
+-----------------------+----------+---------------+---------------+-----------------------+-----+
; B_BUS[31]             ; Output   ; --            ; --            ; --                    ; --  ;
; B_BUS[30]             ; Output   ; --            ; --            ; --                    ; --  ;
; B_BUS[29]             ; Output   ; --            ; --            ; --                    ; --  ;
; B_BUS[28]             ; Output   ; --            ; --            ; --                    ; --  ;
; B_BUS[27]             ; Output   ; --            ; --            ; --                    ; --  ;
; B_BUS[26]             ; Output   ; --            ; --            ; --                    ; --  ;
; B_BUS[25]             ; Output   ; --            ; --            ; --                    ; --  ;
; B_BUS[24]             ; Output   ; --            ; --            ; --                    ; --  ;
; B_BUS[23]             ; Output   ; --            ; --            ; --                    ; --  ;
; B_BUS[22]             ; Output   ; --            ; --            ; --                    ; --  ;
; B_BUS[21]             ; Output   ; --            ; --            ; --                    ; --  ;
; B_BUS[20]             ; Output   ; --            ; --            ; --                    ; --  ;
; B_BUS[19]             ; Output   ; --            ; --            ; --                    ; --  ;
; B_BUS[18]             ; Output   ; --            ; --            ; --                    ; --  ;
; B_BUS[17]             ; Output   ; --            ; --            ; --                    ; --  ;
; B_BUS[16]             ; Output   ; --            ; --            ; --                    ; --  ;
; B_BUS[15]             ; Output   ; --            ; --            ; --                    ; --  ;
; B_BUS[14]             ; Output   ; --            ; --            ; --                    ; --  ;
; B_BUS[13]             ; Output   ; --            ; --            ; --                    ; --  ;
; B_BUS[12]             ; Output   ; --            ; --            ; --                    ; --  ;
; B_BUS[11]             ; Output   ; --            ; --            ; --                    ; --  ;
; B_BUS[10]             ; Output   ; --            ; --            ; --                    ; --  ;
; B_BUS[9]              ; Output   ; --            ; --            ; --                    ; --  ;
; B_BUS[8]              ; Output   ; --            ; --            ; --                    ; --  ;
; B_BUS[7]              ; Output   ; --            ; --            ; --                    ; --  ;
; B_BUS[6]              ; Output   ; --            ; --            ; --                    ; --  ;
; B_BUS[5]              ; Output   ; --            ; --            ; --                    ; --  ;
; B_BUS[4]              ; Output   ; --            ; --            ; --                    ; --  ;
; B_BUS[3]              ; Output   ; --            ; --            ; --                    ; --  ;
; B_BUS[2]              ; Output   ; --            ; --            ; --                    ; --  ;
; B_BUS[1]              ; Output   ; --            ; --            ; --                    ; --  ;
; B_BUS[0]              ; Output   ; --            ; --            ; --                    ; --  ;
; DATA_MEM_write_enable ; Output   ; --            ; --            ; --                    ; --  ;
; A_BUS[31]             ; Output   ; --            ; --            ; --                    ; --  ;
; A_BUS[30]             ; Output   ; --            ; --            ; --                    ; --  ;
; A_BUS[29]             ; Output   ; --            ; --            ; --                    ; --  ;
; A_BUS[28]             ; Output   ; --            ; --            ; --                    ; --  ;
; A_BUS[27]             ; Output   ; --            ; --            ; --                    ; --  ;
; A_BUS[26]             ; Output   ; --            ; --            ; --                    ; --  ;
; A_BUS[25]             ; Output   ; --            ; --            ; --                    ; --  ;
; A_BUS[24]             ; Output   ; --            ; --            ; --                    ; --  ;
; A_BUS[23]             ; Output   ; --            ; --            ; --                    ; --  ;
; A_BUS[22]             ; Output   ; --            ; --            ; --                    ; --  ;
; A_BUS[21]             ; Output   ; --            ; --            ; --                    ; --  ;
; A_BUS[20]             ; Output   ; --            ; --            ; --                    ; --  ;
; A_BUS[19]             ; Output   ; --            ; --            ; --                    ; --  ;
; A_BUS[18]             ; Output   ; --            ; --            ; --                    ; --  ;
; A_BUS[17]             ; Output   ; --            ; --            ; --                    ; --  ;
; A_BUS[16]             ; Output   ; --            ; --            ; --                    ; --  ;
; A_BUS[15]             ; Output   ; --            ; --            ; --                    ; --  ;
; A_BUS[14]             ; Output   ; --            ; --            ; --                    ; --  ;
; A_BUS[13]             ; Output   ; --            ; --            ; --                    ; --  ;
; A_BUS[12]             ; Output   ; --            ; --            ; --                    ; --  ;
; A_BUS[11]             ; Output   ; --            ; --            ; --                    ; --  ;
; A_BUS[10]             ; Output   ; --            ; --            ; --                    ; --  ;
; A_BUS[9]              ; Output   ; --            ; --            ; --                    ; --  ;
; A_BUS[8]              ; Output   ; --            ; --            ; --                    ; --  ;
; A_BUS[7]              ; Output   ; --            ; --            ; --                    ; --  ;
; A_BUS[6]              ; Output   ; --            ; --            ; --                    ; --  ;
; A_BUS[5]              ; Output   ; --            ; --            ; --                    ; --  ;
; A_BUS[4]              ; Output   ; --            ; --            ; --                    ; --  ;
; A_BUS[3]              ; Output   ; --            ; --            ; --                    ; --  ;
; A_BUS[2]              ; Output   ; --            ; --            ; --                    ; --  ;
; A_BUS[1]              ; Output   ; --            ; --            ; --                    ; --  ;
; A_BUS[0]              ; Output   ; --            ; --            ; --                    ; --  ;
; C_BUS[31]             ; Output   ; --            ; --            ; --                    ; --  ;
; C_BUS[30]             ; Output   ; --            ; --            ; --                    ; --  ;
; C_BUS[29]             ; Output   ; --            ; --            ; --                    ; --  ;
; C_BUS[28]             ; Output   ; --            ; --            ; --                    ; --  ;
; C_BUS[27]             ; Output   ; --            ; --            ; --                    ; --  ;
; C_BUS[26]             ; Output   ; --            ; --            ; --                    ; --  ;
; C_BUS[25]             ; Output   ; --            ; --            ; --                    ; --  ;
; C_BUS[24]             ; Output   ; --            ; --            ; --                    ; --  ;
; C_BUS[23]             ; Output   ; --            ; --            ; --                    ; --  ;
; C_BUS[22]             ; Output   ; --            ; --            ; --                    ; --  ;
; C_BUS[21]             ; Output   ; --            ; --            ; --                    ; --  ;
; C_BUS[20]             ; Output   ; --            ; --            ; --                    ; --  ;
; C_BUS[19]             ; Output   ; --            ; --            ; --                    ; --  ;
; C_BUS[18]             ; Output   ; --            ; --            ; --                    ; --  ;
; C_BUS[17]             ; Output   ; --            ; --            ; --                    ; --  ;
; C_BUS[16]             ; Output   ; --            ; --            ; --                    ; --  ;
; C_BUS[15]             ; Output   ; --            ; --            ; --                    ; --  ;
; C_BUS[14]             ; Output   ; --            ; --            ; --                    ; --  ;
; C_BUS[13]             ; Output   ; --            ; --            ; --                    ; --  ;
; C_BUS[12]             ; Output   ; --            ; --            ; --                    ; --  ;
; C_BUS[11]             ; Output   ; --            ; --            ; --                    ; --  ;
; C_BUS[10]             ; Output   ; --            ; --            ; --                    ; --  ;
; C_BUS[9]              ; Output   ; --            ; --            ; --                    ; --  ;
; C_BUS[8]              ; Output   ; --            ; --            ; --                    ; --  ;
; C_BUS[7]              ; Output   ; --            ; --            ; --                    ; --  ;
; C_BUS[6]              ; Output   ; --            ; --            ; --                    ; --  ;
; C_BUS[5]              ; Output   ; --            ; --            ; --                    ; --  ;
; C_BUS[4]              ; Output   ; --            ; --            ; --                    ; --  ;
; C_BUS[3]              ; Output   ; --            ; --            ; --                    ; --  ;
; C_BUS[2]              ; Output   ; --            ; --            ; --                    ; --  ;
; C_BUS[1]              ; Output   ; --            ; --            ; --                    ; --  ;
; C_BUS[0]              ; Output   ; --            ; --            ; --                    ; --  ;
; DATA_MEN_ADDR[31]     ; Output   ; --            ; --            ; --                    ; --  ;
; DATA_MEN_ADDR[30]     ; Output   ; --            ; --            ; --                    ; --  ;
; DATA_MEN_ADDR[29]     ; Output   ; --            ; --            ; --                    ; --  ;
; DATA_MEN_ADDR[28]     ; Output   ; --            ; --            ; --                    ; --  ;
; DATA_MEN_ADDR[27]     ; Output   ; --            ; --            ; --                    ; --  ;
; DATA_MEN_ADDR[26]     ; Output   ; --            ; --            ; --                    ; --  ;
; DATA_MEN_ADDR[25]     ; Output   ; --            ; --            ; --                    ; --  ;
; DATA_MEN_ADDR[24]     ; Output   ; --            ; --            ; --                    ; --  ;
; DATA_MEN_ADDR[23]     ; Output   ; --            ; --            ; --                    ; --  ;
; DATA_MEN_ADDR[22]     ; Output   ; --            ; --            ; --                    ; --  ;
; DATA_MEN_ADDR[21]     ; Output   ; --            ; --            ; --                    ; --  ;
; DATA_MEN_ADDR[20]     ; Output   ; --            ; --            ; --                    ; --  ;
; DATA_MEN_ADDR[19]     ; Output   ; --            ; --            ; --                    ; --  ;
; DATA_MEN_ADDR[18]     ; Output   ; --            ; --            ; --                    ; --  ;
; DATA_MEN_ADDR[17]     ; Output   ; --            ; --            ; --                    ; --  ;
; DATA_MEN_ADDR[16]     ; Output   ; --            ; --            ; --                    ; --  ;
; DATA_MEN_ADDR[15]     ; Output   ; --            ; --            ; --                    ; --  ;
; DATA_MEN_ADDR[14]     ; Output   ; --            ; --            ; --                    ; --  ;
; DATA_MEN_ADDR[13]     ; Output   ; --            ; --            ; --                    ; --  ;
; DATA_MEN_ADDR[12]     ; Output   ; --            ; --            ; --                    ; --  ;
; DATA_MEN_ADDR[11]     ; Output   ; --            ; --            ; --                    ; --  ;
; DATA_MEN_ADDR[10]     ; Output   ; --            ; --            ; --                    ; --  ;
; DATA_MEN_ADDR[9]      ; Output   ; --            ; --            ; --                    ; --  ;
; DATA_MEN_ADDR[8]      ; Output   ; --            ; --            ; --                    ; --  ;
; DATA_MEN_ADDR[7]      ; Output   ; --            ; --            ; --                    ; --  ;
; DATA_MEN_ADDR[6]      ; Output   ; --            ; --            ; --                    ; --  ;
; DATA_MEN_ADDR[5]      ; Output   ; --            ; --            ; --                    ; --  ;
; DATA_MEN_ADDR[4]      ; Output   ; --            ; --            ; --                    ; --  ;
; DATA_MEN_ADDR[3]      ; Output   ; --            ; --            ; --                    ; --  ;
; DATA_MEN_ADDR[2]      ; Output   ; --            ; --            ; --                    ; --  ;
; DATA_MEN_ADDR[1]      ; Output   ; --            ; --            ; --                    ; --  ;
; DATA_MEN_ADDR[0]      ; Output   ; --            ; --            ; --                    ; --  ;
; DATA_MEN_OUT[31]      ; Output   ; --            ; --            ; --                    ; --  ;
; DATA_MEN_OUT[30]      ; Output   ; --            ; --            ; --                    ; --  ;
; DATA_MEN_OUT[29]      ; Output   ; --            ; --            ; --                    ; --  ;
; DATA_MEN_OUT[28]      ; Output   ; --            ; --            ; --                    ; --  ;
; DATA_MEN_OUT[27]      ; Output   ; --            ; --            ; --                    ; --  ;
; DATA_MEN_OUT[26]      ; Output   ; --            ; --            ; --                    ; --  ;
; DATA_MEN_OUT[25]      ; Output   ; --            ; --            ; --                    ; --  ;
; DATA_MEN_OUT[24]      ; Output   ; --            ; --            ; --                    ; --  ;
; DATA_MEN_OUT[23]      ; Output   ; --            ; --            ; --                    ; --  ;
; DATA_MEN_OUT[22]      ; Output   ; --            ; --            ; --                    ; --  ;
; DATA_MEN_OUT[21]      ; Output   ; --            ; --            ; --                    ; --  ;
; DATA_MEN_OUT[20]      ; Output   ; --            ; --            ; --                    ; --  ;
; DATA_MEN_OUT[19]      ; Output   ; --            ; --            ; --                    ; --  ;
; DATA_MEN_OUT[18]      ; Output   ; --            ; --            ; --                    ; --  ;
; DATA_MEN_OUT[17]      ; Output   ; --            ; --            ; --                    ; --  ;
; DATA_MEN_OUT[16]      ; Output   ; --            ; --            ; --                    ; --  ;
; DATA_MEN_OUT[15]      ; Output   ; --            ; --            ; --                    ; --  ;
; DATA_MEN_OUT[14]      ; Output   ; --            ; --            ; --                    ; --  ;
; DATA_MEN_OUT[13]      ; Output   ; --            ; --            ; --                    ; --  ;
; DATA_MEN_OUT[12]      ; Output   ; --            ; --            ; --                    ; --  ;
; DATA_MEN_OUT[11]      ; Output   ; --            ; --            ; --                    ; --  ;
; DATA_MEN_OUT[10]      ; Output   ; --            ; --            ; --                    ; --  ;
; DATA_MEN_OUT[9]       ; Output   ; --            ; --            ; --                    ; --  ;
; DATA_MEN_OUT[8]       ; Output   ; --            ; --            ; --                    ; --  ;
; DATA_MEN_OUT[7]       ; Output   ; --            ; --            ; --                    ; --  ;
; DATA_MEN_OUT[6]       ; Output   ; --            ; --            ; --                    ; --  ;
; DATA_MEN_OUT[5]       ; Output   ; --            ; --            ; --                    ; --  ;
; DATA_MEN_OUT[4]       ; Output   ; --            ; --            ; --                    ; --  ;
; DATA_MEN_OUT[3]       ; Output   ; --            ; --            ; --                    ; --  ;
; DATA_MEN_OUT[2]       ; Output   ; --            ; --            ; --                    ; --  ;
; DATA_MEN_OUT[1]       ; Output   ; --            ; --            ; --                    ; --  ;
; DATA_MEN_OUT[0]       ; Output   ; --            ; --            ; --                    ; --  ;
; MBR_OUT[7]            ; Output   ; --            ; --            ; --                    ; --  ;
; MBR_OUT[6]            ; Output   ; --            ; --            ; --                    ; --  ;
; MBR_OUT[5]            ; Output   ; --            ; --            ; --                    ; --  ;
; MBR_OUT[4]            ; Output   ; --            ; --            ; --                    ; --  ;
; MBR_OUT[3]            ; Output   ; --            ; --            ; --                    ; --  ;
; MBR_OUT[2]            ; Output   ; --            ; --            ; --                    ; --  ;
; MBR_OUT[1]            ; Output   ; --            ; --            ; --                    ; --  ;
; MBR_OUT[0]            ; Output   ; --            ; --            ; --                    ; --  ;
; MIR[35]               ; Output   ; --            ; --            ; --                    ; --  ;
; MIR[34]               ; Output   ; --            ; --            ; --                    ; --  ;
; MIR[33]               ; Output   ; --            ; --            ; --                    ; --  ;
; MIR[32]               ; Output   ; --            ; --            ; --                    ; --  ;
; MIR[31]               ; Output   ; --            ; --            ; --                    ; --  ;
; MIR[30]               ; Output   ; --            ; --            ; --                    ; --  ;
; MIR[29]               ; Output   ; --            ; --            ; --                    ; --  ;
; MIR[28]               ; Output   ; --            ; --            ; --                    ; --  ;
; MIR[27]               ; Output   ; --            ; --            ; --                    ; --  ;
; MIR[26]               ; Output   ; --            ; --            ; --                    ; --  ;
; MIR[25]               ; Output   ; --            ; --            ; --                    ; --  ;
; MIR[24]               ; Output   ; --            ; --            ; --                    ; --  ;
; MIR[23]               ; Output   ; --            ; --            ; --                    ; --  ;
; MIR[22]               ; Output   ; --            ; --            ; --                    ; --  ;
; MIR[21]               ; Output   ; --            ; --            ; --                    ; --  ;
; MIR[20]               ; Output   ; --            ; --            ; --                    ; --  ;
; MIR[19]               ; Output   ; --            ; --            ; --                    ; --  ;
; MIR[18]               ; Output   ; --            ; --            ; --                    ; --  ;
; MIR[17]               ; Output   ; --            ; --            ; --                    ; --  ;
; MIR[16]               ; Output   ; --            ; --            ; --                    ; --  ;
; MIR[15]               ; Output   ; --            ; --            ; --                    ; --  ;
; MIR[14]               ; Output   ; --            ; --            ; --                    ; --  ;
; MIR[13]               ; Output   ; --            ; --            ; --                    ; --  ;
; MIR[12]               ; Output   ; --            ; --            ; --                    ; --  ;
; MIR[11]               ; Output   ; --            ; --            ; --                    ; --  ;
; MIR[10]               ; Output   ; --            ; --            ; --                    ; --  ;
; MIR[9]                ; Output   ; --            ; --            ; --                    ; --  ;
; MIR[8]                ; Output   ; --            ; --            ; --                    ; --  ;
; MIR[7]                ; Output   ; --            ; --            ; --                    ; --  ;
; MIR[6]                ; Output   ; --            ; --            ; --                    ; --  ;
; MIR[5]                ; Output   ; --            ; --            ; --                    ; --  ;
; MIR[4]                ; Output   ; --            ; --            ; --                    ; --  ;
; MIR[3]                ; Output   ; --            ; --            ; --                    ; --  ;
; MIR[2]                ; Output   ; --            ; --            ; --                    ; --  ;
; MIR[1]                ; Output   ; --            ; --            ; --                    ; --  ;
; MIR[0]                ; Output   ; --            ; --            ; --                    ; --  ;
; MPC[8]                ; Output   ; --            ; --            ; --                    ; --  ;
; MPC[7]                ; Output   ; --            ; --            ; --                    ; --  ;
; MPC[6]                ; Output   ; --            ; --            ; --                    ; --  ;
; MPC[5]                ; Output   ; --            ; --            ; --                    ; --  ;
; MPC[4]                ; Output   ; --            ; --            ; --                    ; --  ;
; MPC[3]                ; Output   ; --            ; --            ; --                    ; --  ;
; MPC[2]                ; Output   ; --            ; --            ; --                    ; --  ;
; MPC[1]                ; Output   ; --            ; --            ; --                    ; --  ;
; MPC[0]                ; Output   ; --            ; --            ; --                    ; --  ;
; PC[31]                ; Output   ; --            ; --            ; --                    ; --  ;
; PC[30]                ; Output   ; --            ; --            ; --                    ; --  ;
; PC[29]                ; Output   ; --            ; --            ; --                    ; --  ;
; PC[28]                ; Output   ; --            ; --            ; --                    ; --  ;
; PC[27]                ; Output   ; --            ; --            ; --                    ; --  ;
; PC[26]                ; Output   ; --            ; --            ; --                    ; --  ;
; PC[25]                ; Output   ; --            ; --            ; --                    ; --  ;
; PC[24]                ; Output   ; --            ; --            ; --                    ; --  ;
; PC[23]                ; Output   ; --            ; --            ; --                    ; --  ;
; PC[22]                ; Output   ; --            ; --            ; --                    ; --  ;
; PC[21]                ; Output   ; --            ; --            ; --                    ; --  ;
; PC[20]                ; Output   ; --            ; --            ; --                    ; --  ;
; PC[19]                ; Output   ; --            ; --            ; --                    ; --  ;
; PC[18]                ; Output   ; --            ; --            ; --                    ; --  ;
; PC[17]                ; Output   ; --            ; --            ; --                    ; --  ;
; PC[16]                ; Output   ; --            ; --            ; --                    ; --  ;
; PC[15]                ; Output   ; --            ; --            ; --                    ; --  ;
; PC[14]                ; Output   ; --            ; --            ; --                    ; --  ;
; PC[13]                ; Output   ; --            ; --            ; --                    ; --  ;
; PC[12]                ; Output   ; --            ; --            ; --                    ; --  ;
; PC[11]                ; Output   ; --            ; --            ; --                    ; --  ;
; PC[10]                ; Output   ; --            ; --            ; --                    ; --  ;
; PC[9]                 ; Output   ; --            ; --            ; --                    ; --  ;
; PC[8]                 ; Output   ; --            ; --            ; --                    ; --  ;
; PC[7]                 ; Output   ; --            ; --            ; --                    ; --  ;
; PC[6]                 ; Output   ; --            ; --            ; --                    ; --  ;
; PC[5]                 ; Output   ; --            ; --            ; --                    ; --  ;
; PC[4]                 ; Output   ; --            ; --            ; --                    ; --  ;
; PC[3]                 ; Output   ; --            ; --            ; --                    ; --  ;
; PC[2]                 ; Output   ; --            ; --            ; --                    ; --  ;
; PC[1]                 ; Output   ; --            ; --            ; --                    ; --  ;
; PC[0]                 ; Output   ; --            ; --            ; --                    ; --  ;
; CLOCK                 ; Input    ; (0) 171 ps    ; (0) 171 ps    ; --                    ; --  ;
; LOADN                 ; Input    ; (0) 171 ps    ; (0) 171 ps    ; --                    ; --  ;
; PROG_MEM_IN[7]        ; Input    ; (6) 2523 ps   ; (6) 2523 ps   ; --                    ; --  ;
; DATA_MEM_IN[24]       ; Input    ; (6) 2514 ps   ; (6) 2514 ps   ; --                    ; --  ;
; DATA_MEM_IN[26]       ; Input    ; (6) 2514 ps   ; (6) 2514 ps   ; --                    ; --  ;
; DATA_MEM_IN[27]       ; Input    ; (6) 2514 ps   ; (6) 2514 ps   ; --                    ; --  ;
; DATA_MEM_IN[28]       ; Input    ; (6) 2523 ps   ; (6) 2523 ps   ; --                    ; --  ;
; DATA_MEM_IN[29]       ; Input    ; (6) 2514 ps   ; (6) 2514 ps   ; --                    ; --  ;
; DATA_MEM_IN[30]       ; Input    ; (6) 2523 ps   ; (6) 2523 ps   ; --                    ; --  ;
; DATA_MEM_IN[31]       ; Input    ; (6) 2523 ps   ; (6) 2523 ps   ; --                    ; --  ;
; DATA_MEM_IN[17]       ; Input    ; (6) 2514 ps   ; (6) 2514 ps   ; --                    ; --  ;
; DATA_MEM_IN[18]       ; Input    ; (6) 2514 ps   ; (6) 2514 ps   ; --                    ; --  ;
; DATA_MEM_IN[19]       ; Input    ; (6) 2514 ps   ; (6) 2514 ps   ; --                    ; --  ;
; DATA_MEM_IN[20]       ; Input    ; (6) 2514 ps   ; (6) 2514 ps   ; --                    ; --  ;
; DATA_MEM_IN[21]       ; Input    ; (6) 2514 ps   ; (6) 2514 ps   ; --                    ; --  ;
; DATA_MEM_IN[22]       ; Input    ; (6) 2514 ps   ; (6) 2514 ps   ; --                    ; --  ;
; DATA_MEM_IN[23]       ; Input    ; (6) 2514 ps   ; (6) 2514 ps   ; --                    ; --  ;
; DATA_MEM_IN[8]        ; Input    ; (6) 2523 ps   ; (6) 2523 ps   ; --                    ; --  ;
; DATA_MEM_IN[9]        ; Input    ; (6) 2514 ps   ; (6) 2514 ps   ; --                    ; --  ;
; DATA_MEM_IN[10]       ; Input    ; (6) 2514 ps   ; (6) 2514 ps   ; --                    ; --  ;
; DATA_MEM_IN[11]       ; Input    ; (6) 2523 ps   ; (6) 2523 ps   ; --                    ; --  ;
; DATA_MEM_IN[12]       ; Input    ; (6) 2523 ps   ; (6) 2523 ps   ; --                    ; --  ;
; DATA_MEM_IN[13]       ; Input    ; (6) 2523 ps   ; (6) 2523 ps   ; --                    ; --  ;
; DATA_MEM_IN[14]       ; Input    ; (6) 2514 ps   ; (6) 2514 ps   ; --                    ; --  ;
; DATA_MEM_IN[15]       ; Input    ; (6) 2523 ps   ; (6) 2523 ps   ; --                    ; --  ;
; DATA_MEM_IN[7]        ; Input    ; (6) 2523 ps   ; (6) 2523 ps   ; --                    ; --  ;
; PROG_MEM_IN[6]        ; Input    ; (6) 2523 ps   ; (6) 2523 ps   ; --                    ; --  ;
; DATA_MEM_IN[6]        ; Input    ; (6) 2523 ps   ; (6) 2523 ps   ; --                    ; --  ;
; PROG_MEM_IN[5]        ; Input    ; (6) 2523 ps   ; (6) 2523 ps   ; --                    ; --  ;
; DATA_MEM_IN[5]        ; Input    ; (6) 2514 ps   ; (6) 2514 ps   ; --                    ; --  ;
; PROG_MEM_IN[4]        ; Input    ; (6) 2514 ps   ; (6) 2514 ps   ; --                    ; --  ;
; DATA_MEM_IN[4]        ; Input    ; (6) 2523 ps   ; (6) 2523 ps   ; --                    ; --  ;
; PROG_MEM_IN[3]        ; Input    ; (6) 2523 ps   ; (6) 2523 ps   ; --                    ; --  ;
; DATA_MEM_IN[3]        ; Input    ; (6) 2523 ps   ; (6) 2523 ps   ; --                    ; --  ;
; PROG_MEM_IN[2]        ; Input    ; (6) 2514 ps   ; (6) 2514 ps   ; --                    ; --  ;
; DATA_MEM_IN[2]        ; Input    ; (6) 2514 ps   ; (6) 2514 ps   ; --                    ; --  ;
; PROG_MEM_IN[1]        ; Input    ; (6) 2523 ps   ; (6) 2523 ps   ; --                    ; --  ;
; DATA_MEM_IN[1]        ; Input    ; (6) 2523 ps   ; (6) 2523 ps   ; --                    ; --  ;
; PROG_MEM_IN[0]        ; Input    ; (6) 2523 ps   ; (6) 2523 ps   ; --                    ; --  ;
; DATA_MEM_IN[0]        ; Input    ; (6) 2514 ps   ; (6) 2514 ps   ; --                    ; --  ;
; DATA_MEM_IN[16]       ; Input    ; (6) 2523 ps   ; (6) 2523 ps   ; --                    ; --  ;
; DATA_MEM_IN[25]       ; Input    ; (6) 2523 ps   ; (6) 2523 ps   ; --                    ; --  ;
+-----------------------+----------+---------------+---------------+-----------------------+-----+


+-----------------------------------------------------------------------------------------------------------------------------+
; Pad To Core Delay Chain Fanout                                                                                              ;
+-----------------------------------------------------------------------------------------------+-------------------+---------+
; Source Pin / Fanout                                                                           ; Pad To Core Index ; Setting ;
+-----------------------------------------------------------------------------------------------+-------------------+---------+
; CLOCK                                                                                         ;                   ;         ;
; LOADN                                                                                         ;                   ;         ;
; PROG_MEM_IN[7]                                                                                ;                   ;         ;
;      - data_path:inst2|BANK_REG:inst1|MBR:inst5|REGISTER32bit:inst3|REGISTER4bit:inst1|inst   ; 1                 ; 6       ;
;      - data_path:inst2|BANK_REG:inst1|MBR:inst5|REGISTER32bit:inst|REGISTER4bit:inst15|inst20 ; 1                 ; 6       ;
; DATA_MEM_IN[24]                                                                               ;                   ;         ;
;      - data_path:inst2|BANK_REG:inst1|MDR:inst3|REGISTER32bit:inst1|inst9[24]~0               ; 1                 ; 6       ;
; DATA_MEM_IN[26]                                                                               ;                   ;         ;
;      - data_path:inst2|BANK_REG:inst1|MDR:inst3|REGISTER32bit:inst1|inst9[26]~1               ; 0                 ; 6       ;
; DATA_MEM_IN[27]                                                                               ;                   ;         ;
;      - data_path:inst2|BANK_REG:inst1|MDR:inst3|REGISTER32bit:inst1|inst9[27]~2               ; 0                 ; 6       ;
; DATA_MEM_IN[28]                                                                               ;                   ;         ;
;      - data_path:inst2|BANK_REG:inst1|MDR:inst3|REGISTER32bit:inst1|inst9[28]~3               ; 1                 ; 6       ;
; DATA_MEM_IN[29]                                                                               ;                   ;         ;
;      - data_path:inst2|BANK_REG:inst1|MDR:inst3|REGISTER32bit:inst1|inst9[29]~4               ; 0                 ; 6       ;
; DATA_MEM_IN[30]                                                                               ;                   ;         ;
;      - data_path:inst2|BANK_REG:inst1|MDR:inst3|REGISTER32bit:inst1|inst9[30]~5               ; 1                 ; 6       ;
; DATA_MEM_IN[31]                                                                               ;                   ;         ;
;      - data_path:inst2|BANK_REG:inst1|MDR:inst3|REGISTER32bit:inst1|inst9[31]~6               ; 0                 ; 6       ;
; DATA_MEM_IN[17]                                                                               ;                   ;         ;
;      - data_path:inst2|BANK_REG:inst1|MDR:inst3|REGISTER32bit:inst1|inst9[17]~7               ; 0                 ; 6       ;
; DATA_MEM_IN[18]                                                                               ;                   ;         ;
;      - data_path:inst2|BANK_REG:inst1|MDR:inst3|REGISTER32bit:inst1|inst9[18]~8               ; 0                 ; 6       ;
; DATA_MEM_IN[19]                                                                               ;                   ;         ;
;      - data_path:inst2|BANK_REG:inst1|MDR:inst3|REGISTER32bit:inst1|inst9[19]~9               ; 0                 ; 6       ;
; DATA_MEM_IN[20]                                                                               ;                   ;         ;
;      - data_path:inst2|BANK_REG:inst1|MDR:inst3|REGISTER32bit:inst1|inst9[20]~10              ; 0                 ; 6       ;
; DATA_MEM_IN[21]                                                                               ;                   ;         ;
;      - data_path:inst2|BANK_REG:inst1|MDR:inst3|REGISTER32bit:inst1|inst9[21]~11              ; 1                 ; 6       ;
; DATA_MEM_IN[22]                                                                               ;                   ;         ;
;      - data_path:inst2|BANK_REG:inst1|MDR:inst3|REGISTER32bit:inst1|inst9[22]~12              ; 1                 ; 6       ;
; DATA_MEM_IN[23]                                                                               ;                   ;         ;
;      - data_path:inst2|BANK_REG:inst1|MDR:inst3|REGISTER32bit:inst1|inst9[23]~13              ; 0                 ; 6       ;
; DATA_MEM_IN[8]                                                                                ;                   ;         ;
;      - data_path:inst2|BANK_REG:inst1|MDR:inst3|REGISTER32bit:inst1|inst9[8]~14               ; 1                 ; 6       ;
; DATA_MEM_IN[9]                                                                                ;                   ;         ;
;      - data_path:inst2|BANK_REG:inst1|MDR:inst3|REGISTER32bit:inst1|inst9[9]~15               ; 1                 ; 6       ;
; DATA_MEM_IN[10]                                                                               ;                   ;         ;
;      - data_path:inst2|BANK_REG:inst1|MDR:inst3|REGISTER32bit:inst1|inst9[10]~16              ; 1                 ; 6       ;
; DATA_MEM_IN[11]                                                                               ;                   ;         ;
;      - data_path:inst2|BANK_REG:inst1|MDR:inst3|REGISTER32bit:inst1|inst9[11]~17              ; 0                 ; 6       ;
; DATA_MEM_IN[12]                                                                               ;                   ;         ;
;      - data_path:inst2|BANK_REG:inst1|MDR:inst3|REGISTER32bit:inst1|inst9[12]~18              ; 0                 ; 6       ;
; DATA_MEM_IN[13]                                                                               ;                   ;         ;
;      - data_path:inst2|BANK_REG:inst1|MDR:inst3|REGISTER32bit:inst1|inst9[13]~19              ; 0                 ; 6       ;
; DATA_MEM_IN[14]                                                                               ;                   ;         ;
;      - data_path:inst2|BANK_REG:inst1|MDR:inst3|REGISTER32bit:inst1|inst9[14]~20              ; 1                 ; 6       ;
; DATA_MEM_IN[15]                                                                               ;                   ;         ;
;      - data_path:inst2|BANK_REG:inst1|MDR:inst3|REGISTER32bit:inst1|inst9[15]~21              ; 1                 ; 6       ;
; DATA_MEM_IN[7]                                                                                ;                   ;         ;
;      - data_path:inst2|BANK_REG:inst1|MDR:inst3|REGISTER32bit:inst1|inst9[7]~22               ; 1                 ; 6       ;
; PROG_MEM_IN[6]                                                                                ;                   ;         ;
;      - data_path:inst2|BANK_REG:inst1|MBR:inst5|REGISTER32bit:inst3|REGISTER4bit:inst1|inst5  ; 1                 ; 6       ;
;      - data_path:inst2|BANK_REG:inst1|MBR:inst5|REGISTER32bit:inst|REGISTER4bit:inst1|inst5   ; 1                 ; 6       ;
; DATA_MEM_IN[6]                                                                                ;                   ;         ;
;      - data_path:inst2|BANK_REG:inst1|MDR:inst3|REGISTER32bit:inst1|inst9[6]~23               ; 1                 ; 6       ;
; PROG_MEM_IN[5]                                                                                ;                   ;         ;
;      - data_path:inst2|BANK_REG:inst1|MBR:inst5|REGISTER32bit:inst3|REGISTER4bit:inst1|inst16 ; 0                 ; 6       ;
;      - data_path:inst2|BANK_REG:inst1|MBR:inst5|REGISTER32bit:inst|REGISTER4bit:inst1|inst16  ; 0                 ; 6       ;
; DATA_MEM_IN[5]                                                                                ;                   ;         ;
;      - data_path:inst2|BANK_REG:inst1|MDR:inst3|REGISTER32bit:inst1|inst9[5]~24               ; 0                 ; 6       ;
; PROG_MEM_IN[4]                                                                                ;                   ;         ;
;      - data_path:inst2|BANK_REG:inst1|MBR:inst5|REGISTER32bit:inst3|REGISTER4bit:inst1|inst20 ; 1                 ; 6       ;
;      - data_path:inst2|BANK_REG:inst1|MBR:inst5|REGISTER32bit:inst|REGISTER4bit:inst1|inst20  ; 1                 ; 6       ;
; DATA_MEM_IN[4]                                                                                ;                   ;         ;
;      - data_path:inst2|BANK_REG:inst1|MDR:inst3|REGISTER32bit:inst1|inst9[4]~25               ; 1                 ; 6       ;
; PROG_MEM_IN[3]                                                                                ;                   ;         ;
;      - data_path:inst2|BANK_REG:inst1|MBR:inst5|REGISTER32bit:inst3|REGISTER4bit:inst|inst20  ; 1                 ; 6       ;
;      - data_path:inst2|BANK_REG:inst1|MBR:inst5|REGISTER32bit:inst|REGISTER4bit:inst|inst20   ; 1                 ; 6       ;
; DATA_MEM_IN[3]                                                                                ;                   ;         ;
;      - data_path:inst2|BANK_REG:inst1|MDR:inst3|REGISTER32bit:inst1|inst9[3]~26               ; 0                 ; 6       ;
; PROG_MEM_IN[2]                                                                                ;                   ;         ;
;      - data_path:inst2|BANK_REG:inst1|MBR:inst5|REGISTER32bit:inst3|REGISTER4bit:inst|inst16  ; 1                 ; 6       ;
;      - data_path:inst2|BANK_REG:inst1|MBR:inst5|REGISTER32bit:inst|REGISTER4bit:inst|inst16   ; 1                 ; 6       ;
; DATA_MEM_IN[2]                                                                                ;                   ;         ;
;      - data_path:inst2|BANK_REG:inst1|MDR:inst3|REGISTER32bit:inst1|inst9[2]~27               ; 0                 ; 6       ;
; PROG_MEM_IN[1]                                                                                ;                   ;         ;
;      - data_path:inst2|BANK_REG:inst1|MBR:inst5|REGISTER32bit:inst3|REGISTER4bit:inst|inst5   ; 0                 ; 6       ;
;      - data_path:inst2|BANK_REG:inst1|MBR:inst5|REGISTER32bit:inst|REGISTER4bit:inst|inst5    ; 0                 ; 6       ;
; DATA_MEM_IN[1]                                                                                ;                   ;         ;
;      - data_path:inst2|BANK_REG:inst1|MDR:inst3|REGISTER32bit:inst1|inst9[1]~28               ; 0                 ; 6       ;
; PROG_MEM_IN[0]                                                                                ;                   ;         ;
;      - data_path:inst2|BANK_REG:inst1|MBR:inst5|REGISTER32bit:inst3|REGISTER4bit:inst|inst    ; 1                 ; 6       ;
;      - data_path:inst2|BANK_REG:inst1|MBR:inst5|REGISTER32bit:inst|REGISTER4bit:inst|inst     ; 1                 ; 6       ;
; DATA_MEM_IN[0]                                                                                ;                   ;         ;
;      - data_path:inst2|BANK_REG:inst1|MDR:inst3|REGISTER32bit:inst1|inst9[0]~29               ; 0                 ; 6       ;
; DATA_MEM_IN[16]                                                                               ;                   ;         ;
;      - data_path:inst2|BANK_REG:inst1|MDR:inst3|REGISTER32bit:inst1|inst9[16]~30              ; 1                 ; 6       ;
; DATA_MEM_IN[25]                                                                               ;                   ;         ;
;      - data_path:inst2|BANK_REG:inst1|MDR:inst3|REGISTER32bit:inst1|inst9[25]~31              ; 0                 ; 6       ;
+-----------------------------------------------------------------------------------------------+-------------------+---------+


+--------------------------------------------------------------------------------------------------------------------------------------------------------------------------------------------------------+
; Control Signals                                                                                                                                                                                        ;
+--------------------------------------------------------------------------+--------------------+---------+---------------+--------+----------------------+------------------+---------------------------+
; Name                                                                     ; Location           ; Fan-Out ; Usage         ; Global ; Global Resource Used ; Global Line Name ; Enable Signal Source Name ;
+--------------------------------------------------------------------------+--------------------+---------+---------------+--------+----------------------+------------------+---------------------------+
; CLOCK                                                                    ; PIN_P2             ; 15      ; Clock         ; no     ; --                   ; --               ; --                        ;
; CLOCK                                                                    ; PIN_P2             ; 6       ; Clock         ; yes    ; Global Clock         ; GCLK3            ; --                        ;
; LOADN                                                                    ; PIN_N25            ; 304     ; Async. clear  ; yes    ; Global Clock         ; GCLK6            ; --                        ;
; data_path:inst2|BANK_REG:inst1|CPP:inst6|REGISTER32bit:inst|inst12       ; LCCOMB_X27_Y17_N26 ; 32      ; Clock         ; yes    ; Global Clock         ; GCLK15           ; --                        ;
; data_path:inst2|BANK_REG:inst1|H:inst10|REGISTER32bit:inst|inst12        ; LCCOMB_X27_Y17_N8  ; 32      ; Clock         ; yes    ; Global Clock         ; GCLK9            ; --                        ;
; data_path:inst2|BANK_REG:inst1|LV:inst2|REGISTER32bit:inst|inst12        ; LCCOMB_X27_Y16_N4  ; 32      ; Clock         ; yes    ; Global Clock         ; GCLK14           ; --                        ;
; data_path:inst2|BANK_REG:inst1|MAR:inst|REGISTER32bit:inst|inst12        ; LCCOMB_X27_Y16_N12 ; 32      ; Clock         ; yes    ; Global Clock         ; GCLK12           ; --                        ;
; data_path:inst2|BANK_REG:inst1|MBR:inst5|REGISTER32bit:inst3|inst12      ; LCCOMB_X27_Y16_N26 ; 8       ; Clock         ; yes    ; Global Clock         ; GCLK13           ; --                        ;
; data_path:inst2|BANK_REG:inst1|MBR:inst5|REGISTER32bit:inst3|inst4[24]~6 ; LCCOMB_X27_Y19_N14 ; 95      ; Output enable ; no     ; --                   ; --               ; --                        ;
; data_path:inst2|BANK_REG:inst1|MBR:inst5|REGISTER32bit:inst|inst12       ; LCCOMB_X1_Y18_N12  ; 8       ; Clock         ; yes    ; Global Clock         ; GCLK1            ; --                        ;
; data_path:inst2|BANK_REG:inst1|MDR:inst3|REGISTER32bit:inst1|inst12      ; LCCOMB_X27_Y17_N24 ; 32      ; Clock         ; yes    ; Global Clock         ; GCLK11           ; --                        ;
; data_path:inst2|BANK_REG:inst1|OPC:inst8|REGISTER32bit:inst|inst12       ; LCCOMB_X1_Y18_N4   ; 32      ; Clock         ; yes    ; Global Clock         ; GCLK2            ; --                        ;
; data_path:inst2|BANK_REG:inst1|PC:inst4|REGISTER32bit:inst|inst12        ; LCCOMB_X27_Y17_N10 ; 32      ; Clock         ; yes    ; Global Clock         ; GCLK8            ; --                        ;
; data_path:inst2|BANK_REG:inst1|SP:inst1|REGISTER32bit:inst|inst12        ; LCCOMB_X1_Y18_N22  ; 32      ; Clock         ; yes    ; Global Clock         ; GCLK0            ; --                        ;
; data_path:inst2|BANK_REG:inst1|TOS:inst7|REGISTER32bit:inst|inst12       ; LCCOMB_X27_Y17_N28 ; 32      ; Clock         ; yes    ; Global Clock         ; GCLK10           ; --                        ;
+--------------------------------------------------------------------------+--------------------+---------+---------------+--------+----------------------+------------------+---------------------------+


+--------------------------------------------------------------------------------------------------------------------------------------------------------------------------+
; Global & Other Fast Signals                                                                                                                                              ;
+---------------------------------------------------------------------+--------------------+---------+----------------------+------------------+---------------------------+
; Name                                                                ; Location           ; Fan-Out ; Global Resource Used ; Global Line Name ; Enable Signal Source Name ;
+---------------------------------------------------------------------+--------------------+---------+----------------------+------------------+---------------------------+
; CLOCK                                                               ; PIN_P2             ; 6       ; Global Clock         ; GCLK3            ; --                        ;
; LOADN                                                               ; PIN_N25            ; 304     ; Global Clock         ; GCLK6            ; --                        ;
; data_path:inst2|BANK_REG:inst1|CPP:inst6|REGISTER32bit:inst|inst12  ; LCCOMB_X27_Y17_N26 ; 32      ; Global Clock         ; GCLK15           ; --                        ;
; data_path:inst2|BANK_REG:inst1|H:inst10|REGISTER32bit:inst|inst12   ; LCCOMB_X27_Y17_N8  ; 32      ; Global Clock         ; GCLK9            ; --                        ;
; data_path:inst2|BANK_REG:inst1|LV:inst2|REGISTER32bit:inst|inst12   ; LCCOMB_X27_Y16_N4  ; 32      ; Global Clock         ; GCLK14           ; --                        ;
; data_path:inst2|BANK_REG:inst1|MAR:inst|REGISTER32bit:inst|inst12   ; LCCOMB_X27_Y16_N12 ; 32      ; Global Clock         ; GCLK12           ; --                        ;
; data_path:inst2|BANK_REG:inst1|MBR:inst5|REGISTER32bit:inst3|inst12 ; LCCOMB_X27_Y16_N26 ; 8       ; Global Clock         ; GCLK13           ; --                        ;
; data_path:inst2|BANK_REG:inst1|MBR:inst5|REGISTER32bit:inst|inst12  ; LCCOMB_X1_Y18_N12  ; 8       ; Global Clock         ; GCLK1            ; --                        ;
; data_path:inst2|BANK_REG:inst1|MDR:inst3|REGISTER32bit:inst1|inst12 ; LCCOMB_X27_Y17_N24 ; 32      ; Global Clock         ; GCLK11           ; --                        ;
; data_path:inst2|BANK_REG:inst1|OPC:inst8|REGISTER32bit:inst|inst12  ; LCCOMB_X1_Y18_N4   ; 32      ; Global Clock         ; GCLK2            ; --                        ;
; data_path:inst2|BANK_REG:inst1|PC:inst4|REGISTER32bit:inst|inst12   ; LCCOMB_X27_Y17_N10 ; 32      ; Global Clock         ; GCLK8            ; --                        ;
; data_path:inst2|BANK_REG:inst1|SP:inst1|REGISTER32bit:inst|inst12   ; LCCOMB_X1_Y18_N22  ; 32      ; Global Clock         ; GCLK0            ; --                        ;
; data_path:inst2|BANK_REG:inst1|TOS:inst7|REGISTER32bit:inst|inst12  ; LCCOMB_X27_Y17_N28 ; 32      ; Global Clock         ; GCLK10           ; --                        ;
+---------------------------------------------------------------------+--------------------+---------+----------------------+------------------+---------------------------+


+---------------------------------------------------------------------------------------------------------------------------+
; Non-Global High Fan-Out Signals                                                                                           ;
+-----------------------------------------------------------------------------------------------------------------+---------+
; Name                                                                                                            ; Fan-Out ;
+-----------------------------------------------------------------------------------------------------------------+---------+
; data_path:inst2|BANK_REG:inst1|MBR:inst5|REGISTER32bit:inst3|inst4[24]~6                                        ; 95      ;
; UNIDADE_CONTROLE:inst|CONTROLSTORE:inst3|altsyncram:altsyncram_component|altsyncram_ds61:auto_generated|q_a[18] ; 64      ;
; data_path:inst2|ULA_32bit:inst|ULA_8bit:inst|ULA_1bit:inst5|decoder2to4:inst2|inst~0                            ; 62      ;
; UNIDADE_CONTROLE:inst|CONTROLSTORE:inst3|altsyncram:altsyncram_component|altsyncram_ds61:auto_generated|q_a[22] ; 58      ;
; UNIDADE_CONTROLE:inst|CONTROLSTORE:inst3|altsyncram:altsyncram_component|altsyncram_ds61:auto_generated|q_a[23] ; 58      ;
; UNIDADE_CONTROLE:inst|CONTROLSTORE:inst3|altsyncram:altsyncram_component|altsyncram_ds61:auto_generated|q_a[21] ; 36      ;
; UNIDADE_CONTROLE:inst|CONTROLSTORE:inst3|altsyncram:altsyncram_component|altsyncram_ds61:auto_generated|q_a[20] ; 35      ;
; UNIDADE_CONTROLE:inst|CONTROLSTORE:inst3|altsyncram:altsyncram_component|altsyncram_ds61:auto_generated|q_a[17] ; 34      ;
; UNIDADE_CONTROLE:inst|CONTROLSTORE:inst3|altsyncram:altsyncram_component|altsyncram_ds61:auto_generated|q_a[19] ; 34      ;
; data_path:inst2|BANK_REG:inst1|MDR:inst3|inst13                                                                 ; 33      ;
; data_path:inst2|BANK_REG:inst1|MDR:inst3|inst15                                                                 ; 32      ;
; data_path:inst2|BANK_REG:inst1|TOS:inst7|inst6                                                                  ; 32      ;
; data_path:inst2|BANK_REG:inst1|OPC:inst8|inst8                                                                  ; 32      ;
; data_path:inst2|BANK_REG:inst1|LV:inst2|inst6                                                                   ; 32      ;
; data_path:inst2|BANK_REG:inst1|CPP:inst6|inst6                                                                  ; 32      ;
; data_path:inst2|BANK_REG:inst1|SP:inst1|inst10                                                                  ; 32      ;
; data_path:inst2|BANK_REG:inst1|PC:inst4|inst10                                                                  ; 32      ;
; data_path:inst2|BANK_REG:inst1|MBR:inst5|REGISTER32bit:inst3|inst4[24]~0                                        ; 24      ;
; CLOCK                                                                                                           ; 14      ;
; data_path:inst2|SHIFTER:inst2|inst1[8]                                                                          ; 11      ;
; data_path:inst2|SHIFTER:inst2|inst1[9]                                                                          ; 11      ;
; data_path:inst2|SHIFTER:inst2|inst1[10]                                                                         ; 11      ;
; data_path:inst2|SHIFTER:inst2|inst1[11]                                                                         ; 11      ;
; data_path:inst2|SHIFTER:inst2|inst1[12]                                                                         ; 11      ;
; data_path:inst2|SHIFTER:inst2|inst1[13]                                                                         ; 11      ;
; data_path:inst2|SHIFTER:inst2|inst1[14]                                                                         ; 11      ;
; data_path:inst2|SHIFTER:inst2|inst1[15]                                                                         ; 11      ;
; data_path:inst2|SHIFTER:inst2|inst1[16]                                                                         ; 11      ;
; data_path:inst2|SHIFTER:inst2|inst1[17]                                                                         ; 11      ;
; data_path:inst2|SHIFTER:inst2|inst1[18]                                                                         ; 11      ;
; data_path:inst2|SHIFTER:inst2|inst1[19]                                                                         ; 11      ;
; data_path:inst2|SHIFTER:inst2|inst1[20]                                                                         ; 11      ;
; data_path:inst2|SHIFTER:inst2|inst1[21]                                                                         ; 11      ;
; data_path:inst2|SHIFTER:inst2|inst1[22]                                                                         ; 11      ;
; data_path:inst2|SHIFTER:inst2|inst1[23]                                                                         ; 11      ;
; data_path:inst2|SHIFTER:inst2|inst1[24]                                                                         ; 11      ;
; data_path:inst2|SHIFTER:inst2|inst1[25]                                                                         ; 11      ;
; data_path:inst2|SHIFTER:inst2|inst1[26]                                                                         ; 11      ;
; data_path:inst2|SHIFTER:inst2|inst1[27]                                                                         ; 11      ;
; data_path:inst2|SHIFTER:inst2|inst1[28]                                                                         ; 11      ;
; data_path:inst2|SHIFTER:inst2|inst1[29]                                                                         ; 11      ;
; data_path:inst2|SHIFTER:inst2|inst1[0]                                                                          ; 11      ;
; data_path:inst2|SHIFTER:inst2|inst1[1]                                                                          ; 11      ;
; data_path:inst2|SHIFTER:inst2|inst1[2]                                                                          ; 11      ;
; data_path:inst2|SHIFTER:inst2|inst1[3]                                                                          ; 11      ;
; data_path:inst2|SHIFTER:inst2|inst1[4]                                                                          ; 11      ;
; data_path:inst2|SHIFTER:inst2|inst1[5]                                                                          ; 11      ;
; data_path:inst2|SHIFTER:inst2|inst1[6]                                                                          ; 11      ;
; data_path:inst2|SHIFTER:inst2|inst1[7]                                                                          ; 11      ;
; data_path:inst2|BANK_REG:inst1|MBR:inst5|inst10                                                                 ; 11      ;
; UNIDADE_CONTROLE:inst|CONTROLSTORE:inst3|altsyncram:altsyncram_component|altsyncram_ds61:auto_generated|q_a[2]  ; 11      ;
; UNIDADE_CONTROLE:inst|CONTROLSTORE:inst3|altsyncram:altsyncram_component|altsyncram_ds61:auto_generated|q_a[1]  ; 11      ;
; UNIDADE_CONTROLE:inst|CONTROLSTORE:inst3|altsyncram:altsyncram_component|altsyncram_ds61:auto_generated|q_a[3]  ; 11      ;
; UNIDADE_CONTROLE:inst|CONTROLSTORE:inst3|altsyncram:altsyncram_component|altsyncram_ds61:auto_generated|q_a[0]  ; 11      ;
; data_path:inst2|SHIFTER:inst2|inst1[31]~46                                                                      ; 10      ;
; data_path:inst2|SHIFTER:inst2|inst1[30]                                                                         ; 9       ;
; data_path:inst2|BANK_REG:inst1|MBR:inst5|inst12                                                                 ; 9       ;
; UNIDADE_CONTROLE:inst|CONTROLSTORE:inst3|altsyncram:altsyncram_component|altsyncram_ds61:auto_generated|q_a[26] ; 9       ;
; UNIDADE_CONTROLE:inst|MPC:inst2|inst7[0]                                                                        ; 5       ;
; UNIDADE_CONTROLE:inst|MPC:inst2|inst7[1]                                                                        ; 5       ;
; UNIDADE_CONTROLE:inst|MPC:inst2|inst7[2]                                                                        ; 5       ;
; UNIDADE_CONTROLE:inst|MPC:inst2|inst7[3]                                                                        ; 5       ;
; UNIDADE_CONTROLE:inst|MPC:inst2|inst7[4]                                                                        ; 5       ;
; UNIDADE_CONTROLE:inst|MPC:inst2|inst7[5]                                                                        ; 5       ;
; UNIDADE_CONTROLE:inst|MPC:inst2|inst7[6]                                                                        ; 5       ;
; UNIDADE_CONTROLE:inst|MPC:inst2|inst7[7]                                                                        ; 5       ;
; UNIDADE_CONTROLE:inst|MPC:inst2|inst5                                                                           ; 5       ;
; data_path:inst2|ULA_32bit:inst|ULA_8bit:inst3|ULA_1bit:inst8|inst14~1                                           ; 4       ;
; data_path:inst2|BANK_REG:inst1|MBR:inst5|REGISTER32bit:inst3|REGISTER4bit:inst|inst                             ; 4       ;
; data_path:inst2|BANK_REG:inst1|MBR:inst5|REGISTER32bit:inst3|REGISTER4bit:inst|inst5                            ; 4       ;
; data_path:inst2|ULA_32bit:inst|ULA_8bit:inst1|ULA_1bit:inst2|inst14~2                                           ; 3       ;
; data_path:inst2|ULA_32bit:inst|ULA_8bit:inst1|ULA_1bit:inst3|inst14~1                                           ; 3       ;
; data_path:inst2|ULA_32bit:inst|ULA_8bit:inst1|ULA_1bit:inst4|inst14~1                                           ; 3       ;
; data_path:inst2|ULA_32bit:inst|ULA_8bit:inst1|ULA_1bit:inst5|inst14~1                                           ; 3       ;
; data_path:inst2|ULA_32bit:inst|ULA_8bit:inst1|ULA_1bit:inst6|inst14~1                                           ; 3       ;
; data_path:inst2|ULA_32bit:inst|ULA_8bit:inst1|ULA_1bit:inst7|inst14~1                                           ; 3       ;
; data_path:inst2|ULA_32bit:inst|ULA_8bit:inst1|ULA_1bit:inst8|inst14~1                                           ; 3       ;
; data_path:inst2|ULA_32bit:inst|ULA_8bit:inst|ULA_1bit:inst|inst14~1                                             ; 3       ;
; data_path:inst2|ULA_32bit:inst|ULA_8bit:inst|ULA_1bit:inst2|inst14~1                                            ; 3       ;
; data_path:inst2|ULA_32bit:inst|ULA_8bit:inst|ULA_1bit:inst3|inst14~1                                            ; 3       ;
; data_path:inst2|ULA_32bit:inst|ULA_8bit:inst|ULA_1bit:inst4|inst14~1                                            ; 3       ;
; data_path:inst2|ULA_32bit:inst|ULA_8bit:inst|ULA_1bit:inst5|inst14~1                                            ; 3       ;
; data_path:inst2|ULA_32bit:inst|ULA_8bit:inst|ULA_1bit:inst6|inst14~1                                            ; 3       ;
; data_path:inst2|ULA_32bit:inst|ULA_8bit:inst|ULA_1bit:inst7|inst14~1                                            ; 3       ;
; data_path:inst2|ULA_32bit:inst|ULA_8bit:inst|ULA_1bit:inst8|inst14~1                                            ; 3       ;
; data_path:inst2|ULA_32bit:inst|ULA_8bit:inst3|ULA_1bit:inst|inst14~1                                            ; 3       ;
; data_path:inst2|ULA_32bit:inst|ULA_8bit:inst3|ULA_1bit:inst2|inst14~1                                           ; 3       ;
; data_path:inst2|ULA_32bit:inst|ULA_8bit:inst3|ULA_1bit:inst3|inst14~1                                           ; 3       ;
; data_path:inst2|ULA_32bit:inst|ULA_8bit:inst3|ULA_1bit:inst4|inst14~1                                           ; 3       ;
; data_path:inst2|ULA_32bit:inst|ULA_8bit:inst3|ULA_1bit:inst5|inst14~1                                           ; 3       ;
; data_path:inst2|ULA_32bit:inst|ULA_8bit:inst3|ULA_1bit:inst6|inst14~1                                           ; 3       ;
; data_path:inst2|SHIFTER:inst2|inst1[30]~47                                                                      ; 3       ;
; data_path:inst2|ULA_32bit:inst|ULA_8bit:inst3|ULA_1bit:inst7|inst14~1                                           ; 3       ;
; data_path:inst2|SHIFTER:inst2|inst3[31]~0                                                                       ; 3       ;
; data_path:inst2|SHIFTER:inst2|inst1[31]~45                                                                      ; 3       ;
; data_path:inst2|BANK_REG:inst1|MBR:inst5|REGISTER32bit:inst3|inst4[25]~122                                      ; 3       ;
; data_path:inst2|BANK_REG:inst1|MBR:inst5|REGISTER32bit:inst3|inst4[16]~117                                      ; 3       ;
; data_path:inst2|ULA_32bit:inst|ULA_8bit:inst3|ULA_1bit:inst8|inst8                                              ; 3       ;
; data_path:inst2|BANK_REG:inst1|PC:inst4|REGISTER32bit:inst|inst4[0]~47                                          ; 3       ;
; data_path:inst2|BANK_REG:inst1|H:inst10|REGISTER32bit:inst|REGISTER4bit:inst|inst                               ; 3       ;
; data_path:inst2|ULA_32bit:inst|ULA_8bit:inst1|ULA_1bit:inst2|inst43~1                                           ; 3       ;
; data_path:inst2|ULA_32bit:inst|ULA_8bit:inst1|ULA_1bit:inst2|inst8                                              ; 3       ;
; data_path:inst2|BANK_REG:inst1|PC:inst4|REGISTER32bit:inst|inst4[2]~37                                          ; 3       ;
; data_path:inst2|BANK_REG:inst1|MBR:inst5|REGISTER32bit:inst3|REGISTER4bit:inst|inst16                           ; 3       ;
; data_path:inst2|ULA_32bit:inst|ULA_8bit:inst1|ULA_1bit:inst3|inst8                                              ; 3       ;
; data_path:inst2|BANK_REG:inst1|PC:inst4|REGISTER32bit:inst|inst4[3]~31                                          ; 3       ;
; data_path:inst2|BANK_REG:inst1|MBR:inst5|REGISTER32bit:inst3|REGISTER4bit:inst|inst20                           ; 3       ;
; data_path:inst2|ULA_32bit:inst|ULA_8bit:inst1|ULA_1bit:inst4|inst8                                              ; 3       ;
; data_path:inst2|BANK_REG:inst1|PC:inst4|REGISTER32bit:inst|inst4[4]~25                                          ; 3       ;
; data_path:inst2|BANK_REG:inst1|MBR:inst5|REGISTER32bit:inst3|REGISTER4bit:inst1|inst20                          ; 3       ;
; data_path:inst2|ULA_32bit:inst|ULA_8bit:inst1|ULA_1bit:inst5|inst8                                              ; 3       ;
; data_path:inst2|BANK_REG:inst1|PC:inst4|REGISTER32bit:inst|inst4[5]~19                                          ; 3       ;
; data_path:inst2|BANK_REG:inst1|MBR:inst5|REGISTER32bit:inst3|REGISTER4bit:inst1|inst16                          ; 3       ;
; data_path:inst2|ULA_32bit:inst|ULA_8bit:inst1|ULA_1bit:inst6|inst8                                              ; 3       ;
; data_path:inst2|BANK_REG:inst1|PC:inst4|REGISTER32bit:inst|inst4[6]~13                                          ; 3       ;
; data_path:inst2|BANK_REG:inst1|MBR:inst5|REGISTER32bit:inst3|REGISTER4bit:inst1|inst5                           ; 3       ;
; data_path:inst2|ULA_32bit:inst|ULA_8bit:inst1|ULA_1bit:inst7|inst8                                              ; 3       ;
; data_path:inst2|BANK_REG:inst1|PC:inst4|REGISTER32bit:inst|inst4[7]~7                                           ; 3       ;
; data_path:inst2|BANK_REG:inst1|MBR:inst5|REGISTER32bit:inst3|REGISTER4bit:inst1|inst                            ; 3       ;
; data_path:inst2|ULA_32bit:inst|ULA_8bit:inst1|ULA_1bit:inst8|inst8                                              ; 3       ;
; data_path:inst2|BANK_REG:inst1|MBR:inst5|REGISTER32bit:inst3|inst4[15]~111                                      ; 3       ;
; data_path:inst2|ULA_32bit:inst|ULA_8bit:inst|ULA_1bit:inst|inst8                                                ; 3       ;
; data_path:inst2|BANK_REG:inst1|MBR:inst5|REGISTER32bit:inst3|inst4[14]~106                                      ; 3       ;
; data_path:inst2|ULA_32bit:inst|ULA_8bit:inst|ULA_1bit:inst2|inst8                                               ; 3       ;
; data_path:inst2|BANK_REG:inst1|MBR:inst5|REGISTER32bit:inst3|inst4[13]~101                                      ; 3       ;
; data_path:inst2|ULA_32bit:inst|ULA_8bit:inst|ULA_1bit:inst3|inst8                                               ; 3       ;
; data_path:inst2|BANK_REG:inst1|MBR:inst5|REGISTER32bit:inst3|inst4[12]~96                                       ; 3       ;
; data_path:inst2|ULA_32bit:inst|ULA_8bit:inst|ULA_1bit:inst4|inst8                                               ; 3       ;
; data_path:inst2|BANK_REG:inst1|MBR:inst5|REGISTER32bit:inst3|inst4[11]~91                                       ; 3       ;
; data_path:inst2|ULA_32bit:inst|ULA_8bit:inst|ULA_1bit:inst5|inst8                                               ; 3       ;
; data_path:inst2|BANK_REG:inst1|MBR:inst5|REGISTER32bit:inst3|inst4[10]~86                                       ; 3       ;
; data_path:inst2|ULA_32bit:inst|ULA_8bit:inst|ULA_1bit:inst6|inst8                                               ; 3       ;
; data_path:inst2|BANK_REG:inst1|MBR:inst5|REGISTER32bit:inst3|inst4[9]~81                                        ; 3       ;
; data_path:inst2|ULA_32bit:inst|ULA_8bit:inst|ULA_1bit:inst7|inst8                                               ; 3       ;
; data_path:inst2|BANK_REG:inst1|MBR:inst5|REGISTER32bit:inst3|inst4[8]~76                                        ; 3       ;
; data_path:inst2|ULA_32bit:inst|ULA_8bit:inst|ULA_1bit:inst8|inst8                                               ; 3       ;
; data_path:inst2|BANK_REG:inst1|MBR:inst5|REGISTER32bit:inst3|inst4[23]~71                                       ; 3       ;
; data_path:inst2|ULA_32bit:inst|ULA_8bit:inst3|ULA_1bit:inst|inst8                                               ; 3       ;
; data_path:inst2|BANK_REG:inst1|MBR:inst5|REGISTER32bit:inst3|inst4[22]~66                                       ; 3       ;
; data_path:inst2|ULA_32bit:inst|ULA_8bit:inst3|ULA_1bit:inst2|inst8                                              ; 3       ;
; data_path:inst2|BANK_REG:inst1|MBR:inst5|REGISTER32bit:inst3|inst4[21]~61                                       ; 3       ;
; data_path:inst2|ULA_32bit:inst|ULA_8bit:inst3|ULA_1bit:inst3|inst8                                              ; 3       ;
; data_path:inst2|BANK_REG:inst1|MBR:inst5|REGISTER32bit:inst3|inst4[20]~56                                       ; 3       ;
; data_path:inst2|ULA_32bit:inst|ULA_8bit:inst3|ULA_1bit:inst4|inst8                                              ; 3       ;
; data_path:inst2|BANK_REG:inst1|MBR:inst5|REGISTER32bit:inst3|inst4[19]~51                                       ; 3       ;
; data_path:inst2|ULA_32bit:inst|ULA_8bit:inst3|ULA_1bit:inst5|inst8                                              ; 3       ;
; data_path:inst2|BANK_REG:inst1|MBR:inst5|REGISTER32bit:inst3|inst4[18]~46                                       ; 3       ;
; data_path:inst2|ULA_32bit:inst|ULA_8bit:inst3|ULA_1bit:inst6|inst8                                              ; 3       ;
; data_path:inst2|BANK_REG:inst1|MBR:inst5|REGISTER32bit:inst3|inst4[17]~41                                       ; 3       ;
; data_path:inst2|ULA_32bit:inst|ULA_8bit:inst3|ULA_1bit:inst7|inst8                                              ; 3       ;
; data_path:inst2|BANK_REG:inst1|MBR:inst5|REGISTER32bit:inst3|inst4[31]~36                                       ; 3       ;
; data_path:inst2|ULA_32bit:inst|ULA_8bit:inst4|ULA_1bit:inst|inst8                                               ; 3       ;
; data_path:inst2|BANK_REG:inst1|MBR:inst5|REGISTER32bit:inst3|inst4[30]~31                                       ; 3       ;
; data_path:inst2|ULA_32bit:inst|ULA_8bit:inst4|ULA_1bit:inst2|inst8                                              ; 3       ;
; data_path:inst2|BANK_REG:inst1|MBR:inst5|REGISTER32bit:inst3|inst4[29]~26                                       ; 3       ;
; data_path:inst2|ULA_32bit:inst|ULA_8bit:inst4|ULA_1bit:inst3|inst8                                              ; 3       ;
; data_path:inst2|BANK_REG:inst1|MBR:inst5|REGISTER32bit:inst3|inst4[28]~21                                       ; 3       ;
; data_path:inst2|ULA_32bit:inst|ULA_8bit:inst4|ULA_1bit:inst4|inst8                                              ; 3       ;
; data_path:inst2|BANK_REG:inst1|MBR:inst5|REGISTER32bit:inst3|inst4[27]~16                                       ; 3       ;
; data_path:inst2|ULA_32bit:inst|ULA_8bit:inst4|ULA_1bit:inst5|inst8                                              ; 3       ;
; data_path:inst2|BANK_REG:inst1|MBR:inst5|REGISTER32bit:inst3|inst4[26]~11                                       ; 3       ;
; data_path:inst2|ULA_32bit:inst|ULA_8bit:inst4|ULA_1bit:inst6|inst8                                              ; 3       ;
; data_path:inst2|ULA_32bit:inst|ULA_8bit:inst4|ULA_1bit:inst7|inst8                                              ; 3       ;
; data_path:inst2|BANK_REG:inst1|MBR:inst5|REGISTER32bit:inst3|inst4[24]~5                                        ; 3       ;
; UNIDADE_CONTROLE:inst|CONTROLSTORE:inst3|altsyncram:altsyncram_component|altsyncram_ds61:auto_generated|q_a[16] ; 3       ;
; PROG_MEM_IN[0]                                                                                                  ; 2       ;
; PROG_MEM_IN[1]                                                                                                  ; 2       ;
; PROG_MEM_IN[2]                                                                                                  ; 2       ;
; PROG_MEM_IN[3]                                                                                                  ; 2       ;
; PROG_MEM_IN[4]                                                                                                  ; 2       ;
; PROG_MEM_IN[5]                                                                                                  ; 2       ;
; PROG_MEM_IN[6]                                                                                                  ; 2       ;
; PROG_MEM_IN[7]                                                                                                  ; 2       ;
; data_path:inst2|BANK_REG:inst1|MBR:inst5|inst14                                                                 ; 2       ;
; data_path:inst2|SHIFTER:inst2|inst2[31]                                                                         ; 2       ;
; data_path:inst2|ULA_32bit:inst|ULA_8bit:inst1|ULA_1bit:inst|inst14~1                                            ; 2       ;
; data_path:inst2|ULA_32bit:inst|ULA_8bit:inst4|ULA_1bit:inst|inst14~1                                            ; 2       ;
; data_path:inst2|ULA_32bit:inst|ULA_8bit:inst4|ULA_1bit:inst2|inst14~1                                           ; 2       ;
; data_path:inst2|ULA_32bit:inst|ULA_8bit:inst4|ULA_1bit:inst3|inst14~1                                           ; 2       ;
; data_path:inst2|ULA_32bit:inst|ULA_8bit:inst4|ULA_1bit:inst4|inst14~1                                           ; 2       ;
; data_path:inst2|ULA_32bit:inst|ULA_8bit:inst4|ULA_1bit:inst5|inst14~1                                           ; 2       ;
; data_path:inst2|ULA_32bit:inst|ULA_8bit:inst4|ULA_1bit:inst6|inst14~1                                           ; 2       ;
; data_path:inst2|ULA_32bit:inst|ULA_8bit:inst4|ULA_1bit:inst7|inst14~1                                           ; 2       ;
; data_path:inst2|ULA_32bit:inst|ULA_8bit:inst4|ULA_1bit:inst8|FullAdder_1bit:inst|inst~1                         ; 2       ;
; data_path:inst2|ULA_32bit:inst|ULA_8bit:inst4|ULA_1bit:inst7|inst43~0                                           ; 2       ;
; data_path:inst2|BANK_REG:inst1|MDR:inst3|REGISTER32bit:inst1|REGISTER4bit:inst15|inst16                         ; 2       ;
; data_path:inst2|BANK_REG:inst1|PC:inst4|REGISTER32bit:inst|REGISTER4bit:inst15|inst16                           ; 2       ;
; data_path:inst2|ULA_32bit:inst|ULA_8bit:inst4|ULA_1bit:inst6|FullAdder_1bit:inst|xor3:inst9|1~0                 ; 2       ;
; data_path:inst2|ULA_32bit:inst|ULA_8bit:inst4|ULA_1bit:inst5|FullAdder_1bit:inst|xor3:inst9|1~0                 ; 2       ;
; data_path:inst2|ULA_32bit:inst|ULA_8bit:inst4|ULA_1bit:inst4|FullAdder_1bit:inst|xor3:inst9|1~0                 ; 2       ;
; data_path:inst2|ULA_32bit:inst|ULA_8bit:inst4|ULA_1bit:inst3|FullAdder_1bit:inst|xor3:inst9|1~0                 ; 2       ;
; data_path:inst2|ULA_32bit:inst|ULA_8bit:inst4|ULA_1bit:inst2|FullAdder_1bit:inst|xor3:inst9|1~0                 ; 2       ;
; data_path:inst2|ULA_32bit:inst|ULA_8bit:inst4|ULA_1bit:inst|FullAdder_1bit:inst|xor3:inst9|1~0                  ; 2       ;
; data_path:inst2|ULA_32bit:inst|ULA_8bit:inst3|ULA_1bit:inst8|FullAdder_1bit:inst|xor3:inst9|1~0                 ; 2       ;
; data_path:inst2|ULA_32bit:inst|ULA_8bit:inst3|ULA_1bit:inst8|inst43~0                                           ; 2       ;
; data_path:inst2|BANK_REG:inst1|MDR:inst3|REGISTER32bit:inst1|REGISTER4bit:inst11|inst20                         ; 2       ;
; data_path:inst2|BANK_REG:inst1|PC:inst4|REGISTER32bit:inst|REGISTER4bit:inst11|inst20                           ; 2       ;
; data_path:inst2|BANK_REG:inst1|H:inst10|REGISTER32bit:inst|REGISTER4bit:inst11|inst20                           ; 2       ;
; data_path:inst2|ULA_32bit:inst|ULA_8bit:inst3|ULA_1bit:inst7|FullAdder_1bit:inst|xor3:inst9|1~0                 ; 2       ;
; data_path:inst2|ULA_32bit:inst|ULA_8bit:inst3|ULA_1bit:inst6|FullAdder_1bit:inst|xor3:inst9|1~0                 ; 2       ;
; data_path:inst2|ULA_32bit:inst|ULA_8bit:inst3|ULA_1bit:inst5|FullAdder_1bit:inst|xor3:inst9|1~0                 ; 2       ;
; data_path:inst2|ULA_32bit:inst|ULA_8bit:inst3|ULA_1bit:inst4|FullAdder_1bit:inst|xor3:inst9|1~0                 ; 2       ;
; data_path:inst2|ULA_32bit:inst|ULA_8bit:inst3|ULA_1bit:inst3|FullAdder_1bit:inst|xor3:inst9|1~0                 ; 2       ;
; data_path:inst2|ULA_32bit:inst|ULA_8bit:inst3|ULA_1bit:inst2|FullAdder_1bit:inst|xor3:inst9|1~0                 ; 2       ;
; data_path:inst2|ULA_32bit:inst|ULA_8bit:inst3|ULA_1bit:inst|FullAdder_1bit:inst|xor3:inst9|1~0                  ; 2       ;
; data_path:inst2|ULA_32bit:inst|ULA_8bit:inst|ULA_1bit:inst8|FullAdder_1bit:inst|xor3:inst9|1~0                  ; 2       ;
; data_path:inst2|ULA_32bit:inst|ULA_8bit:inst|ULA_1bit:inst7|FullAdder_1bit:inst|xor3:inst9|1~0                  ; 2       ;
; data_path:inst2|ULA_32bit:inst|ULA_8bit:inst|ULA_1bit:inst6|FullAdder_1bit:inst|xor3:inst9|1~0                  ; 2       ;
; data_path:inst2|ULA_32bit:inst|ULA_8bit:inst|ULA_1bit:inst5|FullAdder_1bit:inst|xor3:inst9|1~0                  ; 2       ;
; data_path:inst2|ULA_32bit:inst|ULA_8bit:inst|ULA_1bit:inst4|FullAdder_1bit:inst|xor3:inst9|1~0                  ; 2       ;
; data_path:inst2|ULA_32bit:inst|ULA_8bit:inst|ULA_1bit:inst3|FullAdder_1bit:inst|xor3:inst9|1~0                  ; 2       ;
; data_path:inst2|ULA_32bit:inst|ULA_8bit:inst|ULA_1bit:inst2|FullAdder_1bit:inst|xor3:inst9|1~0                  ; 2       ;
; data_path:inst2|ULA_32bit:inst|ULA_8bit:inst|ULA_1bit:inst|FullAdder_1bit:inst|xor3:inst9|1~0                   ; 2       ;
; data_path:inst2|ULA_32bit:inst|ULA_8bit:inst1|ULA_1bit:inst8|FullAdder_1bit:inst|xor3:inst9|1~0                 ; 2       ;
; data_path:inst2|ULA_32bit:inst|ULA_8bit:inst1|ULA_1bit:inst7|FullAdder_1bit:inst|xor3:inst9|1~0                 ; 2       ;
; data_path:inst2|ULA_32bit:inst|ULA_8bit:inst1|ULA_1bit:inst6|FullAdder_1bit:inst|xor3:inst9|1~0                 ; 2       ;
; data_path:inst2|ULA_32bit:inst|ULA_8bit:inst1|ULA_1bit:inst5|FullAdder_1bit:inst|xor3:inst9|1~0                 ; 2       ;
; data_path:inst2|ULA_32bit:inst|ULA_8bit:inst1|ULA_1bit:inst4|FullAdder_1bit:inst|xor3:inst9|1~0                 ; 2       ;
; data_path:inst2|ULA_32bit:inst|ULA_8bit:inst1|ULA_1bit:inst3|FullAdder_1bit:inst|xor3:inst9|1~0                 ; 2       ;
; data_path:inst2|ULA_32bit:inst|ULA_8bit:inst1|ULA_1bit:inst2|FullAdder_1bit:inst|xor3:inst9|1~0                 ; 2       ;
; data_path:inst2|ULA_32bit:inst|ULA_8bit:inst1|ULA_1bit:inst|FullAdder_1bit:inst|xor3:inst9|1~1                  ; 2       ;
; data_path:inst2|BANK_REG:inst1|MDR:inst3|REGISTER32bit:inst1|REGISTER4bit:inst|inst                             ; 2       ;
; data_path:inst2|BANK_REG:inst1|PC:inst4|REGISTER32bit:inst|REGISTER4bit:inst|inst                               ; 2       ;
; data_path:inst2|BANK_REG:inst1|MBR:inst5|REGISTER32bit:inst3|inst4[0]~112                                       ; 2       ;
; data_path:inst2|ULA_32bit:inst|ULA_8bit:inst1|ULA_1bit:inst|inst8                                               ; 2       ;
; data_path:inst2|BANK_REG:inst1|PC:inst4|REGISTER32bit:inst|inst4[1]~42                                          ; 2       ;
; data_path:inst2|BANK_REG:inst1|MDR:inst3|REGISTER32bit:inst1|REGISTER4bit:inst|inst5                            ; 2       ;
; data_path:inst2|BANK_REG:inst1|PC:inst4|REGISTER32bit:inst|REGISTER4bit:inst|inst5                              ; 2       ;
; data_path:inst2|BANK_REG:inst1|H:inst10|REGISTER32bit:inst|REGISTER4bit:inst|inst5                              ; 2       ;
; data_path:inst2|ULA_32bit:inst|ULA_8bit:inst1|ULA_1bit:inst3|inst43~0                                           ; 2       ;
; data_path:inst2|BANK_REG:inst1|MDR:inst3|REGISTER32bit:inst1|REGISTER4bit:inst|inst16                           ; 2       ;
; data_path:inst2|BANK_REG:inst1|PC:inst4|REGISTER32bit:inst|REGISTER4bit:inst|inst16                             ; 2       ;
; data_path:inst2|BANK_REG:inst1|H:inst10|REGISTER32bit:inst|REGISTER4bit:inst|inst16                             ; 2       ;
; data_path:inst2|ULA_32bit:inst|ULA_8bit:inst1|ULA_1bit:inst4|inst43~0                                           ; 2       ;
; data_path:inst2|BANK_REG:inst1|MDR:inst3|REGISTER32bit:inst1|REGISTER4bit:inst|inst20                           ; 2       ;
; data_path:inst2|BANK_REG:inst1|PC:inst4|REGISTER32bit:inst|REGISTER4bit:inst|inst20                             ; 2       ;
; data_path:inst2|BANK_REG:inst1|H:inst10|REGISTER32bit:inst|REGISTER4bit:inst|inst20                             ; 2       ;
; data_path:inst2|ULA_32bit:inst|ULA_8bit:inst1|ULA_1bit:inst5|inst43~0                                           ; 2       ;
; data_path:inst2|BANK_REG:inst1|MDR:inst3|REGISTER32bit:inst1|REGISTER4bit:inst1|inst20                          ; 2       ;
; data_path:inst2|BANK_REG:inst1|PC:inst4|REGISTER32bit:inst|REGISTER4bit:inst1|inst20                            ; 2       ;
; data_path:inst2|BANK_REG:inst1|H:inst10|REGISTER32bit:inst|REGISTER4bit:inst1|inst20                            ; 2       ;
; data_path:inst2|ULA_32bit:inst|ULA_8bit:inst1|ULA_1bit:inst6|inst43~0                                           ; 2       ;
; data_path:inst2|BANK_REG:inst1|MDR:inst3|REGISTER32bit:inst1|REGISTER4bit:inst1|inst16                          ; 2       ;
; data_path:inst2|BANK_REG:inst1|PC:inst4|REGISTER32bit:inst|REGISTER4bit:inst1|inst16                            ; 2       ;
; data_path:inst2|BANK_REG:inst1|H:inst10|REGISTER32bit:inst|REGISTER4bit:inst1|inst16                            ; 2       ;
; data_path:inst2|ULA_32bit:inst|ULA_8bit:inst1|ULA_1bit:inst7|inst43~0                                           ; 2       ;
; data_path:inst2|BANK_REG:inst1|MDR:inst3|REGISTER32bit:inst1|REGISTER4bit:inst1|inst5                           ; 2       ;
; data_path:inst2|BANK_REG:inst1|PC:inst4|REGISTER32bit:inst|REGISTER4bit:inst1|inst5                             ; 2       ;
; data_path:inst2|BANK_REG:inst1|H:inst10|REGISTER32bit:inst|REGISTER4bit:inst1|inst5                             ; 2       ;
; data_path:inst2|ULA_32bit:inst|ULA_8bit:inst1|ULA_1bit:inst8|inst43~0                                           ; 2       ;
; data_path:inst2|BANK_REG:inst1|MDR:inst3|REGISTER32bit:inst1|REGISTER4bit:inst1|inst                            ; 2       ;
; data_path:inst2|BANK_REG:inst1|PC:inst4|REGISTER32bit:inst|REGISTER4bit:inst1|inst                              ; 2       ;
; data_path:inst2|BANK_REG:inst1|H:inst10|REGISTER32bit:inst|REGISTER4bit:inst1|inst                              ; 2       ;
; data_path:inst2|ULA_32bit:inst|ULA_8bit:inst|ULA_1bit:inst|inst43~0                                             ; 2       ;
; data_path:inst2|BANK_REG:inst1|MDR:inst3|REGISTER32bit:inst1|REGISTER4bit:inst3|inst                            ; 2       ;
; data_path:inst2|BANK_REG:inst1|PC:inst4|REGISTER32bit:inst|REGISTER4bit:inst3|inst                              ; 2       ;
; data_path:inst2|BANK_REG:inst1|H:inst10|REGISTER32bit:inst|REGISTER4bit:inst3|inst                              ; 2       ;
; data_path:inst2|ULA_32bit:inst|ULA_8bit:inst|ULA_1bit:inst2|inst43~0                                            ; 2       ;
; data_path:inst2|BANK_REG:inst1|MDR:inst3|REGISTER32bit:inst1|REGISTER4bit:inst3|inst5                           ; 2       ;
; data_path:inst2|BANK_REG:inst1|PC:inst4|REGISTER32bit:inst|REGISTER4bit:inst3|inst5                             ; 2       ;
; data_path:inst2|BANK_REG:inst1|H:inst10|REGISTER32bit:inst|REGISTER4bit:inst3|inst5                             ; 2       ;
; data_path:inst2|ULA_32bit:inst|ULA_8bit:inst|ULA_1bit:inst3|inst43~0                                            ; 2       ;
; data_path:inst2|BANK_REG:inst1|MDR:inst3|REGISTER32bit:inst1|REGISTER4bit:inst3|inst16                          ; 2       ;
; data_path:inst2|BANK_REG:inst1|PC:inst4|REGISTER32bit:inst|REGISTER4bit:inst3|inst16                            ; 2       ;
; data_path:inst2|BANK_REG:inst1|H:inst10|REGISTER32bit:inst|REGISTER4bit:inst3|inst16                            ; 2       ;
; data_path:inst2|ULA_32bit:inst|ULA_8bit:inst|ULA_1bit:inst4|inst43~0                                            ; 2       ;
; data_path:inst2|BANK_REG:inst1|MDR:inst3|REGISTER32bit:inst1|REGISTER4bit:inst3|inst20                          ; 2       ;
; data_path:inst2|BANK_REG:inst1|PC:inst4|REGISTER32bit:inst|REGISTER4bit:inst3|inst20                            ; 2       ;
; data_path:inst2|BANK_REG:inst1|H:inst10|REGISTER32bit:inst|REGISTER4bit:inst3|inst20                            ; 2       ;
; data_path:inst2|ULA_32bit:inst|ULA_8bit:inst|ULA_1bit:inst5|inst43~0                                            ; 2       ;
; data_path:inst2|BANK_REG:inst1|MDR:inst3|REGISTER32bit:inst1|REGISTER4bit:inst2|inst                            ; 2       ;
; data_path:inst2|BANK_REG:inst1|PC:inst4|REGISTER32bit:inst|REGISTER4bit:inst2|inst                              ; 2       ;
; data_path:inst2|BANK_REG:inst1|H:inst10|REGISTER32bit:inst|REGISTER4bit:inst2|inst                              ; 2       ;
; data_path:inst2|ULA_32bit:inst|ULA_8bit:inst|ULA_1bit:inst6|inst43~0                                            ; 2       ;
; data_path:inst2|BANK_REG:inst1|MDR:inst3|REGISTER32bit:inst1|REGISTER4bit:inst2|inst5                           ; 2       ;
; data_path:inst2|BANK_REG:inst1|PC:inst4|REGISTER32bit:inst|REGISTER4bit:inst2|inst5                             ; 2       ;
; data_path:inst2|BANK_REG:inst1|H:inst10|REGISTER32bit:inst|REGISTER4bit:inst2|inst5                             ; 2       ;
; data_path:inst2|ULA_32bit:inst|ULA_8bit:inst|ULA_1bit:inst7|inst43~0                                            ; 2       ;
; data_path:inst2|BANK_REG:inst1|MDR:inst3|REGISTER32bit:inst1|REGISTER4bit:inst2|inst16                          ; 2       ;
; data_path:inst2|BANK_REG:inst1|PC:inst4|REGISTER32bit:inst|REGISTER4bit:inst2|inst16                            ; 2       ;
; data_path:inst2|BANK_REG:inst1|H:inst10|REGISTER32bit:inst|REGISTER4bit:inst2|inst16                            ; 2       ;
; data_path:inst2|ULA_32bit:inst|ULA_8bit:inst|ULA_1bit:inst8|inst43~0                                            ; 2       ;
; data_path:inst2|BANK_REG:inst1|MDR:inst3|REGISTER32bit:inst1|REGISTER4bit:inst2|inst20                          ; 2       ;
; data_path:inst2|BANK_REG:inst1|PC:inst4|REGISTER32bit:inst|REGISTER4bit:inst2|inst20                            ; 2       ;
; data_path:inst2|BANK_REG:inst1|H:inst10|REGISTER32bit:inst|REGISTER4bit:inst2|inst20                            ; 2       ;
; data_path:inst2|ULA_32bit:inst|ULA_8bit:inst3|ULA_1bit:inst|inst43~0                                            ; 2       ;
; data_path:inst2|BANK_REG:inst1|MDR:inst3|REGISTER32bit:inst1|REGISTER4bit:inst14|inst                           ; 2       ;
; data_path:inst2|BANK_REG:inst1|PC:inst4|REGISTER32bit:inst|REGISTER4bit:inst14|inst                             ; 2       ;
; data_path:inst2|BANK_REG:inst1|H:inst10|REGISTER32bit:inst|REGISTER4bit:inst14|inst                             ; 2       ;
; data_path:inst2|ULA_32bit:inst|ULA_8bit:inst3|ULA_1bit:inst2|inst43~0                                           ; 2       ;
; data_path:inst2|BANK_REG:inst1|MDR:inst3|REGISTER32bit:inst1|REGISTER4bit:inst14|inst5                          ; 2       ;
; data_path:inst2|BANK_REG:inst1|PC:inst4|REGISTER32bit:inst|REGISTER4bit:inst14|inst5                            ; 2       ;
; data_path:inst2|BANK_REG:inst1|H:inst10|REGISTER32bit:inst|REGISTER4bit:inst14|inst5                            ; 2       ;
; data_path:inst2|ULA_32bit:inst|ULA_8bit:inst3|ULA_1bit:inst3|inst43~0                                           ; 2       ;
; data_path:inst2|BANK_REG:inst1|MDR:inst3|REGISTER32bit:inst1|REGISTER4bit:inst14|inst16                         ; 2       ;
; data_path:inst2|BANK_REG:inst1|PC:inst4|REGISTER32bit:inst|REGISTER4bit:inst14|inst16                           ; 2       ;
; data_path:inst2|BANK_REG:inst1|H:inst10|REGISTER32bit:inst|REGISTER4bit:inst14|inst16                           ; 2       ;
; data_path:inst2|ULA_32bit:inst|ULA_8bit:inst3|ULA_1bit:inst4|inst43~0                                           ; 2       ;
; data_path:inst2|BANK_REG:inst1|MDR:inst3|REGISTER32bit:inst1|REGISTER4bit:inst14|inst20                         ; 2       ;
; data_path:inst2|BANK_REG:inst1|PC:inst4|REGISTER32bit:inst|REGISTER4bit:inst14|inst20                           ; 2       ;
; data_path:inst2|BANK_REG:inst1|H:inst10|REGISTER32bit:inst|REGISTER4bit:inst14|inst20                           ; 2       ;
; data_path:inst2|ULA_32bit:inst|ULA_8bit:inst3|ULA_1bit:inst5|inst43~0                                           ; 2       ;
; data_path:inst2|BANK_REG:inst1|MDR:inst3|REGISTER32bit:inst1|REGISTER4bit:inst11|inst                           ; 2       ;
; data_path:inst2|BANK_REG:inst1|PC:inst4|REGISTER32bit:inst|REGISTER4bit:inst11|inst                             ; 2       ;
; data_path:inst2|BANK_REG:inst1|H:inst10|REGISTER32bit:inst|REGISTER4bit:inst11|inst                             ; 2       ;
; data_path:inst2|ULA_32bit:inst|ULA_8bit:inst3|ULA_1bit:inst6|inst43~0                                           ; 2       ;
; data_path:inst2|BANK_REG:inst1|MDR:inst3|REGISTER32bit:inst1|REGISTER4bit:inst11|inst5                          ; 2       ;
; data_path:inst2|BANK_REG:inst1|PC:inst4|REGISTER32bit:inst|REGISTER4bit:inst11|inst5                            ; 2       ;
; data_path:inst2|BANK_REG:inst1|H:inst10|REGISTER32bit:inst|REGISTER4bit:inst11|inst5                            ; 2       ;
; data_path:inst2|ULA_32bit:inst|ULA_8bit:inst3|ULA_1bit:inst7|inst43~0                                           ; 2       ;
; data_path:inst2|BANK_REG:inst1|MDR:inst3|REGISTER32bit:inst1|REGISTER4bit:inst11|inst16                         ; 2       ;
; data_path:inst2|BANK_REG:inst1|PC:inst4|REGISTER32bit:inst|REGISTER4bit:inst11|inst16                           ; 2       ;
; data_path:inst2|BANK_REG:inst1|H:inst10|REGISTER32bit:inst|REGISTER4bit:inst11|inst16                           ; 2       ;
; data_path:inst2|ULA_32bit:inst|ULA_8bit:inst4|ULA_1bit:inst|inst43~0                                            ; 2       ;
; data_path:inst2|BANK_REG:inst1|MDR:inst3|REGISTER32bit:inst1|REGISTER4bit:inst16|inst                           ; 2       ;
; data_path:inst2|BANK_REG:inst1|PC:inst4|REGISTER32bit:inst|REGISTER4bit:inst16|inst                             ; 2       ;
; data_path:inst2|BANK_REG:inst1|H:inst10|REGISTER32bit:inst|REGISTER4bit:inst16|inst                             ; 2       ;
; data_path:inst2|ULA_32bit:inst|ULA_8bit:inst4|ULA_1bit:inst2|inst43~0                                           ; 2       ;
; data_path:inst2|BANK_REG:inst1|MDR:inst3|REGISTER32bit:inst1|REGISTER4bit:inst16|inst5                          ; 2       ;
; data_path:inst2|BANK_REG:inst1|PC:inst4|REGISTER32bit:inst|REGISTER4bit:inst16|inst5                            ; 2       ;
; data_path:inst2|BANK_REG:inst1|H:inst10|REGISTER32bit:inst|REGISTER4bit:inst16|inst5                            ; 2       ;
; data_path:inst2|ULA_32bit:inst|ULA_8bit:inst4|ULA_1bit:inst3|inst43~0                                           ; 2       ;
; data_path:inst2|BANK_REG:inst1|MDR:inst3|REGISTER32bit:inst1|REGISTER4bit:inst16|inst16                         ; 2       ;
; data_path:inst2|BANK_REG:inst1|PC:inst4|REGISTER32bit:inst|REGISTER4bit:inst16|inst16                           ; 2       ;
; data_path:inst2|BANK_REG:inst1|H:inst10|REGISTER32bit:inst|REGISTER4bit:inst16|inst16                           ; 2       ;
; data_path:inst2|ULA_32bit:inst|ULA_8bit:inst4|ULA_1bit:inst4|inst43~0                                           ; 2       ;
; data_path:inst2|BANK_REG:inst1|MDR:inst3|REGISTER32bit:inst1|REGISTER4bit:inst16|inst20                         ; 2       ;
; data_path:inst2|BANK_REG:inst1|PC:inst4|REGISTER32bit:inst|REGISTER4bit:inst16|inst20                           ; 2       ;
; data_path:inst2|BANK_REG:inst1|H:inst10|REGISTER32bit:inst|REGISTER4bit:inst16|inst20                           ; 2       ;
; data_path:inst2|ULA_32bit:inst|ULA_8bit:inst4|ULA_1bit:inst5|inst43~0                                           ; 2       ;
; data_path:inst2|BANK_REG:inst1|MDR:inst3|REGISTER32bit:inst1|REGISTER4bit:inst15|inst                           ; 2       ;
; data_path:inst2|BANK_REG:inst1|PC:inst4|REGISTER32bit:inst|REGISTER4bit:inst15|inst                             ; 2       ;
; data_path:inst2|BANK_REG:inst1|H:inst10|REGISTER32bit:inst|REGISTER4bit:inst15|inst                             ; 2       ;
; data_path:inst2|ULA_32bit:inst|ULA_8bit:inst4|ULA_1bit:inst6|inst43~0                                           ; 2       ;
; data_path:inst2|BANK_REG:inst1|MDR:inst3|REGISTER32bit:inst1|REGISTER4bit:inst15|inst5                          ; 2       ;
; data_path:inst2|BANK_REG:inst1|PC:inst4|REGISTER32bit:inst|REGISTER4bit:inst15|inst5                            ; 2       ;
; data_path:inst2|BANK_REG:inst1|H:inst10|REGISTER32bit:inst|REGISTER4bit:inst15|inst5                            ; 2       ;
; data_path:inst2|BANK_REG:inst1|H:inst10|REGISTER32bit:inst|REGISTER4bit:inst15|inst16                           ; 2       ;
; data_path:inst2|ULA_32bit:inst|ULA_8bit:inst4|ULA_1bit:inst8|inst14~0                                           ; 2       ;
; data_path:inst2|BANK_REG:inst1|MDR:inst3|REGISTER32bit:inst1|REGISTER4bit:inst15|inst20                         ; 2       ;
; data_path:inst2|BANK_REG:inst1|PC:inst4|REGISTER32bit:inst|REGISTER4bit:inst15|inst20                           ; 2       ;
; data_path:inst2|BANK_REG:inst1|MBR:inst5|REGISTER32bit:inst|REGISTER4bit:inst15|inst20                          ; 2       ;
; data_path:inst2|ULA_32bit:inst|ULA_8bit:inst4|ULA_1bit:inst8|inst8                                              ; 2       ;
; data_path:inst2|BANK_REG:inst1|H:inst10|REGISTER32bit:inst|REGISTER4bit:inst15|inst20                           ; 2       ;
; UNIDADE_CONTROLE:inst|CONTROLSTORE:inst3|altsyncram:altsyncram_component|altsyncram_ds61:auto_generated|q_a[5]  ; 2       ;
; UNIDADE_CONTROLE:inst|CONTROLSTORE:inst3|altsyncram:altsyncram_component|altsyncram_ds61:auto_generated|q_a[6]  ; 2       ;
; UNIDADE_CONTROLE:inst|CONTROLSTORE:inst3|altsyncram:altsyncram_component|altsyncram_ds61:auto_generated|q_a[24] ; 2       ;
; UNIDADE_CONTROLE:inst|CONTROLSTORE:inst3|altsyncram:altsyncram_component|altsyncram_ds61:auto_generated|q_a[25] ; 2       ;
; UNIDADE_CONTROLE:inst|CONTROLSTORE:inst3|altsyncram:altsyncram_component|altsyncram_ds61:auto_generated|q_a[27] ; 2       ;
; UNIDADE_CONTROLE:inst|CONTROLSTORE:inst3|altsyncram:altsyncram_component|altsyncram_ds61:auto_generated|q_a[28] ; 2       ;
; UNIDADE_CONTROLE:inst|CONTROLSTORE:inst3|altsyncram:altsyncram_component|altsyncram_ds61:auto_generated|q_a[29] ; 2       ;
; UNIDADE_CONTROLE:inst|CONTROLSTORE:inst3|altsyncram:altsyncram_component|altsyncram_ds61:auto_generated|q_a[4]  ; 2       ;
; UNIDADE_CONTROLE:inst|CONTROLSTORE:inst3|altsyncram:altsyncram_component|altsyncram_ds61:auto_generated|q_a[8]  ; 2       ;
; UNIDADE_CONTROLE:inst|CONTROLSTORE:inst3|altsyncram:altsyncram_component|altsyncram_ds61:auto_generated|q_a[9]  ; 2       ;
; UNIDADE_CONTROLE:inst|CONTROLSTORE:inst3|altsyncram:altsyncram_component|altsyncram_ds61:auto_generated|q_a[10] ; 2       ;
; UNIDADE_CONTROLE:inst|CONTROLSTORE:inst3|altsyncram:altsyncram_component|altsyncram_ds61:auto_generated|q_a[11] ; 2       ;
; UNIDADE_CONTROLE:inst|CONTROLSTORE:inst3|altsyncram:altsyncram_component|altsyncram_ds61:auto_generated|q_a[12] ; 2       ;
; UNIDADE_CONTROLE:inst|CONTROLSTORE:inst3|altsyncram:altsyncram_component|altsyncram_ds61:auto_generated|q_a[13] ; 2       ;
; UNIDADE_CONTROLE:inst|CONTROLSTORE:inst3|altsyncram:altsyncram_component|altsyncram_ds61:auto_generated|q_a[14] ; 2       ;
; UNIDADE_CONTROLE:inst|CONTROLSTORE:inst3|altsyncram:altsyncram_component|altsyncram_ds61:auto_generated|q_a[15] ; 2       ;
; UNIDADE_CONTROLE:inst|CONTROLSTORE:inst3|altsyncram:altsyncram_component|altsyncram_ds61:auto_generated|q_a[7]  ; 2       ;
; UNIDADE_CONTROLE:inst|CONTROLSTORE:inst3|altsyncram:altsyncram_component|altsyncram_ds61:auto_generated|q_a[30] ; 2       ;
; UNIDADE_CONTROLE:inst|CONTROLSTORE:inst3|altsyncram:altsyncram_component|altsyncram_ds61:auto_generated|q_a[31] ; 2       ;
; UNIDADE_CONTROLE:inst|CONTROLSTORE:inst3|altsyncram:altsyncram_component|altsyncram_ds61:auto_generated|q_a[32] ; 2       ;
; UNIDADE_CONTROLE:inst|CONTROLSTORE:inst3|altsyncram:altsyncram_component|altsyncram_ds61:auto_generated|q_a[33] ; 2       ;
; UNIDADE_CONTROLE:inst|CONTROLSTORE:inst3|altsyncram:altsyncram_component|altsyncram_ds61:auto_generated|q_a[34] ; 2       ;
; UNIDADE_CONTROLE:inst|CONTROLSTORE:inst3|altsyncram:altsyncram_component|altsyncram_ds61:auto_generated|q_a[35] ; 2       ;
; DATA_MEM_IN[25]                                                                                                 ; 1       ;
; DATA_MEM_IN[16]                                                                                                 ; 1       ;
; DATA_MEM_IN[0]                                                                                                  ; 1       ;
; DATA_MEM_IN[1]                                                                                                  ; 1       ;
; DATA_MEM_IN[2]                                                                                                  ; 1       ;
; DATA_MEM_IN[3]                                                                                                  ; 1       ;
; DATA_MEM_IN[4]                                                                                                  ; 1       ;
; DATA_MEM_IN[5]                                                                                                  ; 1       ;
; DATA_MEM_IN[6]                                                                                                  ; 1       ;
; DATA_MEM_IN[7]                                                                                                  ; 1       ;
; DATA_MEM_IN[15]                                                                                                 ; 1       ;
; DATA_MEM_IN[14]                                                                                                 ; 1       ;
; DATA_MEM_IN[13]                                                                                                 ; 1       ;
; DATA_MEM_IN[12]                                                                                                 ; 1       ;
; DATA_MEM_IN[11]                                                                                                 ; 1       ;
; DATA_MEM_IN[10]                                                                                                 ; 1       ;
; DATA_MEM_IN[9]                                                                                                  ; 1       ;
; DATA_MEM_IN[8]                                                                                                  ; 1       ;
; DATA_MEM_IN[23]                                                                                                 ; 1       ;
; DATA_MEM_IN[22]                                                                                                 ; 1       ;
; DATA_MEM_IN[21]                                                                                                 ; 1       ;
; DATA_MEM_IN[20]                                                                                                 ; 1       ;
; DATA_MEM_IN[19]                                                                                                 ; 1       ;
; DATA_MEM_IN[18]                                                                                                 ; 1       ;
; DATA_MEM_IN[17]                                                                                                 ; 1       ;
; DATA_MEM_IN[31]                                                                                                 ; 1       ;
; DATA_MEM_IN[30]                                                                                                 ; 1       ;
; DATA_MEM_IN[29]                                                                                                 ; 1       ;
; DATA_MEM_IN[28]                                                                                                 ; 1       ;
; DATA_MEM_IN[27]                                                                                                 ; 1       ;
; DATA_MEM_IN[26]                                                                                                 ; 1       ;
; DATA_MEM_IN[24]                                                                                                 ; 1       ;
; data_path:inst2|BANK_REG:inst1|CPP:inst6|REGISTER32bit:inst|REGISTER4bit:inst1|inst~0                           ; 1       ;
; data_path:inst2|BANK_REG:inst1|LV:inst2|REGISTER32bit:inst|REGISTER4bit:inst15|inst~0                           ; 1       ;
; data_path:inst2|BANK_REG:inst1|SP:inst1|REGISTER32bit:inst|REGISTER4bit:inst15|inst~0                           ; 1       ;
; data_path:inst2|BANK_REG:inst1|LV:inst2|REGISTER32bit:inst|REGISTER4bit:inst15|inst20~0                         ; 1       ;
; data_path:inst2|BANK_REG:inst1|SP:inst1|REGISTER32bit:inst|REGISTER4bit:inst15|inst20~0                         ; 1       ;
; data_path:inst2|BANK_REG:inst1|PC:inst4|REGISTER32bit:inst|inst4[0]~57                                          ; 1       ;
; data_path:inst2|SHIFTER:inst2|inst10                                                                            ; 1       ;
; data_path:inst2|SHIFTER:inst2|inst10~9                                                                          ; 1       ;
; data_path:inst2|SHIFTER:inst2|inst10~8                                                                          ; 1       ;
; data_path:inst2|SHIFTER:inst2|inst10~7                                                                          ; 1       ;
; data_path:inst2|SHIFTER:inst2|inst10~6                                                                          ; 1       ;
; data_path:inst2|SHIFTER:inst2|inst10~5                                                                          ; 1       ;
; data_path:inst2|SHIFTER:inst2|inst10~4                                                                          ; 1       ;
; data_path:inst2|SHIFTER:inst2|inst10~3                                                                          ; 1       ;
; data_path:inst2|SHIFTER:inst2|inst10~2                                                                          ; 1       ;
; data_path:inst2|SHIFTER:inst2|inst10~1                                                                          ; 1       ;
; data_path:inst2|SHIFTER:inst2|inst10~0                                                                          ; 1       ;
; data_path:inst2|BANK_REG:inst1|PC:inst4|REGISTER32bit:inst|inst4[1]~56                                          ; 1       ;
; data_path:inst2|BANK_REG:inst1|MDR:inst3|REGISTER32bit:inst1|inst9[25]~31                                       ; 1       ;
; data_path:inst2|BANK_REG:inst1|MDR:inst3|REGISTER32bit:inst1|inst9[16]~30                                       ; 1       ;
; data_path:inst2|BANK_REG:inst1|MDR:inst3|REGISTER32bit:inst1|inst9[0]~29                                        ; 1       ;
; data_path:inst2|BANK_REG:inst1|MDR:inst3|REGISTER32bit:inst1|inst9[1]~28                                        ; 1       ;
; data_path:inst2|BANK_REG:inst1|MDR:inst3|REGISTER32bit:inst1|inst9[2]~27                                        ; 1       ;
; data_path:inst2|BANK_REG:inst1|MDR:inst3|REGISTER32bit:inst1|inst9[3]~26                                        ; 1       ;
; data_path:inst2|BANK_REG:inst1|MDR:inst3|REGISTER32bit:inst1|inst9[4]~25                                        ; 1       ;
; data_path:inst2|BANK_REG:inst1|MDR:inst3|REGISTER32bit:inst1|inst9[5]~24                                        ; 1       ;
; data_path:inst2|BANK_REG:inst1|MDR:inst3|REGISTER32bit:inst1|inst9[6]~23                                        ; 1       ;
; data_path:inst2|BANK_REG:inst1|MDR:inst3|REGISTER32bit:inst1|inst9[7]~22                                        ; 1       ;
; data_path:inst2|BANK_REG:inst1|MDR:inst3|REGISTER32bit:inst1|inst9[15]~21                                       ; 1       ;
; data_path:inst2|BANK_REG:inst1|MDR:inst3|REGISTER32bit:inst1|inst9[14]~20                                       ; 1       ;
; data_path:inst2|BANK_REG:inst1|MDR:inst3|REGISTER32bit:inst1|inst9[13]~19                                       ; 1       ;
; data_path:inst2|BANK_REG:inst1|MDR:inst3|REGISTER32bit:inst1|inst9[12]~18                                       ; 1       ;
; data_path:inst2|BANK_REG:inst1|MDR:inst3|REGISTER32bit:inst1|inst9[11]~17                                       ; 1       ;
; data_path:inst2|BANK_REG:inst1|MDR:inst3|REGISTER32bit:inst1|inst9[10]~16                                       ; 1       ;
; data_path:inst2|BANK_REG:inst1|MDR:inst3|REGISTER32bit:inst1|inst9[9]~15                                        ; 1       ;
; data_path:inst2|BANK_REG:inst1|MDR:inst3|REGISTER32bit:inst1|inst9[8]~14                                        ; 1       ;
; data_path:inst2|BANK_REG:inst1|MDR:inst3|REGISTER32bit:inst1|inst9[23]~13                                       ; 1       ;
; data_path:inst2|BANK_REG:inst1|MDR:inst3|REGISTER32bit:inst1|inst9[22]~12                                       ; 1       ;
; data_path:inst2|BANK_REG:inst1|MDR:inst3|REGISTER32bit:inst1|inst9[21]~11                                       ; 1       ;
; data_path:inst2|BANK_REG:inst1|MDR:inst3|REGISTER32bit:inst1|inst9[20]~10                                       ; 1       ;
; data_path:inst2|BANK_REG:inst1|MDR:inst3|REGISTER32bit:inst1|inst9[19]~9                                        ; 1       ;
; data_path:inst2|BANK_REG:inst1|MDR:inst3|REGISTER32bit:inst1|inst9[18]~8                                        ; 1       ;
; data_path:inst2|BANK_REG:inst1|MDR:inst3|REGISTER32bit:inst1|inst9[17]~7                                        ; 1       ;
; data_path:inst2|BANK_REG:inst1|MDR:inst3|REGISTER32bit:inst1|inst9[31]~6                                        ; 1       ;
; data_path:inst2|BANK_REG:inst1|MDR:inst3|REGISTER32bit:inst1|inst9[30]~5                                        ; 1       ;
; data_path:inst2|BANK_REG:inst1|MDR:inst3|REGISTER32bit:inst1|inst9[29]~4                                        ; 1       ;
; data_path:inst2|BANK_REG:inst1|MDR:inst3|REGISTER32bit:inst1|inst9[28]~3                                        ; 1       ;
; data_path:inst2|BANK_REG:inst1|MDR:inst3|REGISTER32bit:inst1|inst9[27]~2                                        ; 1       ;
; data_path:inst2|BANK_REG:inst1|MDR:inst3|REGISTER32bit:inst1|inst9[26]~1                                        ; 1       ;
; data_path:inst2|BANK_REG:inst1|MDR:inst3|REGISTER32bit:inst1|inst9[24]~0                                        ; 1       ;
; UNIDADE_CONTROLE:inst|MPC:inst2|inst5~0                                                                         ; 1       ;
; UNIDADE_CONTROLE:inst|MPC:inst2|inst                                                                            ; 1       ;
; UNIDADE_CONTROLE:inst|MPC:inst2|inst1                                                                           ; 1       ;
; data_path:inst2|BANK_REG:inst1|MAR:inst|REGISTER32bit:inst|REGISTER4bit:inst|inst                               ; 1       ;
; data_path:inst2|BANK_REG:inst1|MAR:inst|REGISTER32bit:inst|REGISTER4bit:inst|inst5                              ; 1       ;
; data_path:inst2|BANK_REG:inst1|MAR:inst|REGISTER32bit:inst|REGISTER4bit:inst|inst16                             ; 1       ;
; data_path:inst2|BANK_REG:inst1|MAR:inst|REGISTER32bit:inst|REGISTER4bit:inst|inst20                             ; 1       ;
; data_path:inst2|BANK_REG:inst1|MAR:inst|REGISTER32bit:inst|REGISTER4bit:inst1|inst20                            ; 1       ;
; data_path:inst2|BANK_REG:inst1|MAR:inst|REGISTER32bit:inst|REGISTER4bit:inst1|inst16                            ; 1       ;
; data_path:inst2|BANK_REG:inst1|MAR:inst|REGISTER32bit:inst|REGISTER4bit:inst1|inst5                             ; 1       ;
; data_path:inst2|BANK_REG:inst1|MAR:inst|REGISTER32bit:inst|REGISTER4bit:inst1|inst                              ; 1       ;
; data_path:inst2|BANK_REG:inst1|MAR:inst|REGISTER32bit:inst|REGISTER4bit:inst2|inst20                            ; 1       ;
; data_path:inst2|BANK_REG:inst1|MAR:inst|REGISTER32bit:inst|REGISTER4bit:inst2|inst16                            ; 1       ;
; data_path:inst2|BANK_REG:inst1|MAR:inst|REGISTER32bit:inst|REGISTER4bit:inst2|inst5                             ; 1       ;
; data_path:inst2|BANK_REG:inst1|MAR:inst|REGISTER32bit:inst|REGISTER4bit:inst2|inst                              ; 1       ;
; data_path:inst2|BANK_REG:inst1|MAR:inst|REGISTER32bit:inst|REGISTER4bit:inst3|inst20                            ; 1       ;
; data_path:inst2|BANK_REG:inst1|MAR:inst|REGISTER32bit:inst|REGISTER4bit:inst3|inst16                            ; 1       ;
; data_path:inst2|BANK_REG:inst1|MAR:inst|REGISTER32bit:inst|REGISTER4bit:inst3|inst5                             ; 1       ;
; data_path:inst2|BANK_REG:inst1|MAR:inst|REGISTER32bit:inst|REGISTER4bit:inst3|inst                              ; 1       ;
; data_path:inst2|BANK_REG:inst1|MAR:inst|REGISTER32bit:inst|REGISTER4bit:inst11|inst20                           ; 1       ;
; data_path:inst2|BANK_REG:inst1|MAR:inst|REGISTER32bit:inst|REGISTER4bit:inst11|inst16                           ; 1       ;
; data_path:inst2|BANK_REG:inst1|MAR:inst|REGISTER32bit:inst|REGISTER4bit:inst11|inst5                            ; 1       ;
; data_path:inst2|BANK_REG:inst1|MAR:inst|REGISTER32bit:inst|REGISTER4bit:inst11|inst                             ; 1       ;
; data_path:inst2|BANK_REG:inst1|MAR:inst|REGISTER32bit:inst|REGISTER4bit:inst14|inst20                           ; 1       ;
; data_path:inst2|BANK_REG:inst1|MAR:inst|REGISTER32bit:inst|REGISTER4bit:inst14|inst16                           ; 1       ;
; data_path:inst2|BANK_REG:inst1|MAR:inst|REGISTER32bit:inst|REGISTER4bit:inst14|inst5                            ; 1       ;
; data_path:inst2|BANK_REG:inst1|MAR:inst|REGISTER32bit:inst|REGISTER4bit:inst14|inst                             ; 1       ;
; data_path:inst2|BANK_REG:inst1|MAR:inst|REGISTER32bit:inst|REGISTER4bit:inst15|inst20                           ; 1       ;
; data_path:inst2|BANK_REG:inst1|MAR:inst|REGISTER32bit:inst|REGISTER4bit:inst15|inst16                           ; 1       ;
; data_path:inst2|BANK_REG:inst1|MAR:inst|REGISTER32bit:inst|REGISTER4bit:inst15|inst5                            ; 1       ;
; data_path:inst2|BANK_REG:inst1|MAR:inst|REGISTER32bit:inst|REGISTER4bit:inst15|inst                             ; 1       ;
; data_path:inst2|BANK_REG:inst1|MAR:inst|REGISTER32bit:inst|REGISTER4bit:inst16|inst20                           ; 1       ;
; data_path:inst2|BANK_REG:inst1|MAR:inst|REGISTER32bit:inst|REGISTER4bit:inst16|inst16                           ; 1       ;
; data_path:inst2|BANK_REG:inst1|MAR:inst|REGISTER32bit:inst|REGISTER4bit:inst16|inst5                            ; 1       ;
; data_path:inst2|BANK_REG:inst1|MAR:inst|REGISTER32bit:inst|REGISTER4bit:inst16|inst                             ; 1       ;
; data_path:inst2|SHIFTER:inst2|inst1[8]~69                                                                       ; 1       ;
; data_path:inst2|ULA_32bit:inst|ULA_8bit:inst1|ULA_1bit:inst|inst14~0                                            ; 1       ;
; data_path:inst2|ULA_32bit:inst|ULA_8bit:inst1|ULA_1bit:inst|FullAdder_1bit:inst|xor4:inst8|3~0                  ; 1       ;
; data_path:inst2|ULA_32bit:inst|ULA_8bit:inst1|ULA_1bit:inst|inst43~0                                            ; 1       ;
; data_path:inst2|SHIFTER:inst2|inst1[9]~68                                                                       ; 1       ;
; data_path:inst2|ULA_32bit:inst|ULA_8bit:inst1|ULA_1bit:inst2|inst14~1                                           ; 1       ;
; data_path:inst2|ULA_32bit:inst|ULA_8bit:inst1|ULA_1bit:inst2|inst14~0                                           ; 1       ;
; data_path:inst2|SHIFTER:inst2|inst1[10]~67                                                                      ; 1       ;
; data_path:inst2|ULA_32bit:inst|ULA_8bit:inst1|ULA_1bit:inst3|FullAdder_1bit:inst|xor4:inst8|3~0                 ; 1       ;
; data_path:inst2|ULA_32bit:inst|ULA_8bit:inst1|ULA_1bit:inst3|inst14~0                                           ; 1       ;
; data_path:inst2|SHIFTER:inst2|inst1[11]~66                                                                      ; 1       ;
; data_path:inst2|ULA_32bit:inst|ULA_8bit:inst1|ULA_1bit:inst4|FullAdder_1bit:inst|xor4:inst8|3~0                 ; 1       ;
; data_path:inst2|ULA_32bit:inst|ULA_8bit:inst1|ULA_1bit:inst4|inst14~0                                           ; 1       ;
; data_path:inst2|SHIFTER:inst2|inst1[12]~65                                                                      ; 1       ;
; data_path:inst2|ULA_32bit:inst|ULA_8bit:inst1|ULA_1bit:inst5|FullAdder_1bit:inst|xor4:inst8|3~0                 ; 1       ;
; data_path:inst2|ULA_32bit:inst|ULA_8bit:inst1|ULA_1bit:inst5|inst14~0                                           ; 1       ;
; data_path:inst2|SHIFTER:inst2|inst1[13]~64                                                                      ; 1       ;
; data_path:inst2|ULA_32bit:inst|ULA_8bit:inst1|ULA_1bit:inst6|FullAdder_1bit:inst|xor4:inst8|3~0                 ; 1       ;
; data_path:inst2|ULA_32bit:inst|ULA_8bit:inst1|ULA_1bit:inst6|inst14~0                                           ; 1       ;
; data_path:inst2|SHIFTER:inst2|inst1[14]~63                                                                      ; 1       ;
; data_path:inst2|ULA_32bit:inst|ULA_8bit:inst1|ULA_1bit:inst7|FullAdder_1bit:inst|xor4:inst8|3~0                 ; 1       ;
; data_path:inst2|ULA_32bit:inst|ULA_8bit:inst1|ULA_1bit:inst7|inst14~0                                           ; 1       ;
; data_path:inst2|SHIFTER:inst2|inst1[15]~62                                                                      ; 1       ;
; data_path:inst2|ULA_32bit:inst|ULA_8bit:inst1|ULA_1bit:inst8|FullAdder_1bit:inst|xor4:inst8|3~0                 ; 1       ;
; data_path:inst2|ULA_32bit:inst|ULA_8bit:inst1|ULA_1bit:inst8|inst14~0                                           ; 1       ;
; data_path:inst2|SHIFTER:inst2|inst1[16]~61                                                                      ; 1       ;
; data_path:inst2|ULA_32bit:inst|ULA_8bit:inst|ULA_1bit:inst|FullAdder_1bit:inst|xor4:inst8|3~0                   ; 1       ;
; data_path:inst2|ULA_32bit:inst|ULA_8bit:inst|ULA_1bit:inst|inst14~0                                             ; 1       ;
; data_path:inst2|SHIFTER:inst2|inst1[17]~60                                                                      ; 1       ;
; data_path:inst2|ULA_32bit:inst|ULA_8bit:inst|ULA_1bit:inst2|FullAdder_1bit:inst|xor4:inst8|3~0                  ; 1       ;
; data_path:inst2|ULA_32bit:inst|ULA_8bit:inst|ULA_1bit:inst2|inst14~0                                            ; 1       ;
; data_path:inst2|SHIFTER:inst2|inst1[18]~59                                                                      ; 1       ;
; data_path:inst2|ULA_32bit:inst|ULA_8bit:inst|ULA_1bit:inst3|FullAdder_1bit:inst|xor4:inst8|3~0                  ; 1       ;
; data_path:inst2|ULA_32bit:inst|ULA_8bit:inst|ULA_1bit:inst3|inst14~0                                            ; 1       ;
; data_path:inst2|SHIFTER:inst2|inst1[19]~58                                                                      ; 1       ;
; data_path:inst2|ULA_32bit:inst|ULA_8bit:inst|ULA_1bit:inst4|FullAdder_1bit:inst|xor4:inst8|3~0                  ; 1       ;
; data_path:inst2|ULA_32bit:inst|ULA_8bit:inst|ULA_1bit:inst4|inst14~0                                            ; 1       ;
; data_path:inst2|SHIFTER:inst2|inst1[20]~57                                                                      ; 1       ;
; data_path:inst2|ULA_32bit:inst|ULA_8bit:inst|ULA_1bit:inst5|FullAdder_1bit:inst|xor4:inst8|3~0                  ; 1       ;
; data_path:inst2|ULA_32bit:inst|ULA_8bit:inst|ULA_1bit:inst5|inst14~0                                            ; 1       ;
; data_path:inst2|SHIFTER:inst2|inst1[21]~56                                                                      ; 1       ;
; data_path:inst2|ULA_32bit:inst|ULA_8bit:inst|ULA_1bit:inst6|FullAdder_1bit:inst|xor4:inst8|3~0                  ; 1       ;
; data_path:inst2|ULA_32bit:inst|ULA_8bit:inst|ULA_1bit:inst6|inst14~0                                            ; 1       ;
; data_path:inst2|SHIFTER:inst2|inst1[22]~55                                                                      ; 1       ;
; data_path:inst2|ULA_32bit:inst|ULA_8bit:inst|ULA_1bit:inst7|FullAdder_1bit:inst|xor4:inst8|3~0                  ; 1       ;
; data_path:inst2|ULA_32bit:inst|ULA_8bit:inst|ULA_1bit:inst7|inst14~0                                            ; 1       ;
; data_path:inst2|SHIFTER:inst2|inst1[23]~54                                                                      ; 1       ;
; data_path:inst2|ULA_32bit:inst|ULA_8bit:inst|ULA_1bit:inst8|FullAdder_1bit:inst|xor4:inst8|3~0                  ; 1       ;
; data_path:inst2|ULA_32bit:inst|ULA_8bit:inst|ULA_1bit:inst8|inst14~0                                            ; 1       ;
; data_path:inst2|SHIFTER:inst2|inst1[24]~53                                                                      ; 1       ;
; data_path:inst2|ULA_32bit:inst|ULA_8bit:inst3|ULA_1bit:inst|FullAdder_1bit:inst|xor4:inst8|3~0                  ; 1       ;
; data_path:inst2|ULA_32bit:inst|ULA_8bit:inst3|ULA_1bit:inst|inst14~0                                            ; 1       ;
; data_path:inst2|ULA_32bit:inst|ULA_8bit:inst4|ULA_1bit:inst|FullAdder_1bit:inst|xor4:inst8|3~0                  ; 1       ;
; data_path:inst2|ULA_32bit:inst|ULA_8bit:inst4|ULA_1bit:inst|inst14~0                                            ; 1       ;
; data_path:inst2|SHIFTER:inst2|inst1[25]~52                                                                      ; 1       ;
; data_path:inst2|ULA_32bit:inst|ULA_8bit:inst3|ULA_1bit:inst2|FullAdder_1bit:inst|xor4:inst8|3~0                 ; 1       ;
; data_path:inst2|ULA_32bit:inst|ULA_8bit:inst3|ULA_1bit:inst2|inst14~0                                           ; 1       ;
; data_path:inst2|ULA_32bit:inst|ULA_8bit:inst4|ULA_1bit:inst2|FullAdder_1bit:inst|xor4:inst8|3~0                 ; 1       ;
; data_path:inst2|ULA_32bit:inst|ULA_8bit:inst4|ULA_1bit:inst2|inst14~0                                           ; 1       ;
; data_path:inst2|SHIFTER:inst2|inst1[26]~51                                                                      ; 1       ;
; data_path:inst2|ULA_32bit:inst|ULA_8bit:inst3|ULA_1bit:inst3|FullAdder_1bit:inst|xor4:inst8|3~0                 ; 1       ;
; data_path:inst2|ULA_32bit:inst|ULA_8bit:inst3|ULA_1bit:inst3|inst14~0                                           ; 1       ;
; data_path:inst2|ULA_32bit:inst|ULA_8bit:inst4|ULA_1bit:inst3|FullAdder_1bit:inst|xor4:inst8|3~0                 ; 1       ;
; data_path:inst2|ULA_32bit:inst|ULA_8bit:inst4|ULA_1bit:inst3|inst14~0                                           ; 1       ;
; data_path:inst2|SHIFTER:inst2|inst1[27]~50                                                                      ; 1       ;
; data_path:inst2|ULA_32bit:inst|ULA_8bit:inst3|ULA_1bit:inst4|FullAdder_1bit:inst|xor4:inst8|3~0                 ; 1       ;
; data_path:inst2|ULA_32bit:inst|ULA_8bit:inst3|ULA_1bit:inst4|inst14~0                                           ; 1       ;
; data_path:inst2|ULA_32bit:inst|ULA_8bit:inst4|ULA_1bit:inst4|FullAdder_1bit:inst|xor4:inst8|3~0                 ; 1       ;
; data_path:inst2|ULA_32bit:inst|ULA_8bit:inst4|ULA_1bit:inst4|inst14~0                                           ; 1       ;
; data_path:inst2|SHIFTER:inst2|inst1[28]~49                                                                      ; 1       ;
; data_path:inst2|ULA_32bit:inst|ULA_8bit:inst3|ULA_1bit:inst5|FullAdder_1bit:inst|xor4:inst8|3~0                 ; 1       ;
; data_path:inst2|ULA_32bit:inst|ULA_8bit:inst3|ULA_1bit:inst5|inst14~0                                           ; 1       ;
; data_path:inst2|ULA_32bit:inst|ULA_8bit:inst4|ULA_1bit:inst5|FullAdder_1bit:inst|xor4:inst8|3~0                 ; 1       ;
; data_path:inst2|ULA_32bit:inst|ULA_8bit:inst4|ULA_1bit:inst5|inst14~0                                           ; 1       ;
; data_path:inst2|SHIFTER:inst2|inst1[29]~48                                                                      ; 1       ;
; data_path:inst2|ULA_32bit:inst|ULA_8bit:inst3|ULA_1bit:inst6|FullAdder_1bit:inst|xor4:inst8|3~0                 ; 1       ;
; data_path:inst2|ULA_32bit:inst|ULA_8bit:inst3|ULA_1bit:inst6|inst14~0                                           ; 1       ;
; data_path:inst2|ULA_32bit:inst|ULA_8bit:inst4|ULA_1bit:inst6|FullAdder_1bit:inst|xor4:inst8|3~0                 ; 1       ;
; data_path:inst2|ULA_32bit:inst|ULA_8bit:inst4|ULA_1bit:inst6|inst14~0                                           ; 1       ;
; data_path:inst2|ULA_32bit:inst|ULA_8bit:inst3|ULA_1bit:inst7|FullAdder_1bit:inst|xor4:inst8|3~0                 ; 1       ;
; data_path:inst2|ULA_32bit:inst|ULA_8bit:inst3|ULA_1bit:inst7|inst14~0                                           ; 1       ;
; data_path:inst2|ULA_32bit:inst|ULA_8bit:inst4|ULA_1bit:inst7|FullAdder_1bit:inst|xor4:inst8|3~0                 ; 1       ;
; data_path:inst2|ULA_32bit:inst|ULA_8bit:inst4|ULA_1bit:inst7|inst14~0                                           ; 1       ;
; data_path:inst2|SHIFTER:inst2|decoder2to4:inst13|inst2~0                                                        ; 1       ;
; data_path:inst2|ULA_32bit:inst|ULA_8bit:inst3|ULA_1bit:inst8|FullAdder_1bit:inst|xor4:inst8|3~0                 ; 1       ;
; data_path:inst2|ULA_32bit:inst|ULA_8bit:inst3|ULA_1bit:inst8|inst14~0                                           ; 1       ;
; data_path:inst2|ULA_32bit:inst|ULA_8bit:inst4|ULA_1bit:inst8|FullAdder_1bit:inst|inst~0                         ; 1       ;
; data_path:inst2|BANK_REG:inst1|MBR:inst5|REGISTER32bit:inst3|inst4[25]~121                                      ; 1       ;
; data_path:inst2|BANK_REG:inst1|MBR:inst5|REGISTER32bit:inst3|inst4[25]~120                                      ; 1       ;
; data_path:inst2|BANK_REG:inst1|OPC:inst8|REGISTER32bit:inst|REGISTER4bit:inst15|inst16                          ; 1       ;
; data_path:inst2|BANK_REG:inst1|TOS:inst7|REGISTER32bit:inst|REGISTER4bit:inst15|inst16                          ; 1       ;
; data_path:inst2|BANK_REG:inst1|MBR:inst5|REGISTER32bit:inst3|inst4[25]~119                                      ; 1       ;
; data_path:inst2|BANK_REG:inst1|LV:inst2|REGISTER32bit:inst|REGISTER4bit:inst15|inst16                           ; 1       ;
; data_path:inst2|BANK_REG:inst1|CPP:inst6|REGISTER32bit:inst|REGISTER4bit:inst15|inst16                          ; 1       ;
; data_path:inst2|BANK_REG:inst1|MBR:inst5|REGISTER32bit:inst3|inst4[25]~118                                      ; 1       ;
; data_path:inst2|BANK_REG:inst1|SP:inst1|REGISTER32bit:inst|REGISTER4bit:inst15|inst16                           ; 1       ;
; data_path:inst2|BANK_REG:inst1|MBR:inst5|REGISTER32bit:inst3|inst4[16]~116                                      ; 1       ;
; data_path:inst2|BANK_REG:inst1|MBR:inst5|REGISTER32bit:inst3|inst4[16]~115                                      ; 1       ;
; data_path:inst2|BANK_REG:inst1|OPC:inst8|REGISTER32bit:inst|REGISTER4bit:inst11|inst20                          ; 1       ;
; data_path:inst2|BANK_REG:inst1|TOS:inst7|REGISTER32bit:inst|REGISTER4bit:inst11|inst20                          ; 1       ;
; data_path:inst2|BANK_REG:inst1|MBR:inst5|REGISTER32bit:inst3|inst4[16]~114                                      ; 1       ;
; data_path:inst2|BANK_REG:inst1|LV:inst2|REGISTER32bit:inst|REGISTER4bit:inst11|inst20                           ; 1       ;
; data_path:inst2|BANK_REG:inst1|CPP:inst6|REGISTER32bit:inst|REGISTER4bit:inst11|inst20                          ; 1       ;
; data_path:inst2|BANK_REG:inst1|MBR:inst5|REGISTER32bit:inst3|inst4[16]~113                                      ; 1       ;
; data_path:inst2|BANK_REG:inst1|SP:inst1|REGISTER32bit:inst|REGISTER4bit:inst11|inst20                           ; 1       ;
; data_path:inst2|ULA_32bit:inst|ULA_8bit:inst1|ULA_1bit:inst|FullAdder_1bit:inst|xor3:inst9|1~0                  ; 1       ;
; data_path:inst2|BANK_REG:inst1|PC:inst4|REGISTER32bit:inst|inst4[0]~46                                          ; 1       ;
; data_path:inst2|BANK_REG:inst1|MBR:inst5|REGISTER32bit:inst|REGISTER4bit:inst|inst                              ; 1       ;
; data_path:inst2|BANK_REG:inst1|PC:inst4|REGISTER32bit:inst|inst4[0]~45                                          ; 1       ;
; data_path:inst2|BANK_REG:inst1|OPC:inst8|REGISTER32bit:inst|REGISTER4bit:inst|inst                              ; 1       ;
; data_path:inst2|BANK_REG:inst1|TOS:inst7|REGISTER32bit:inst|REGISTER4bit:inst|inst                              ; 1       ;
; data_path:inst2|BANK_REG:inst1|PC:inst4|REGISTER32bit:inst|inst4[0]~44                                          ; 1       ;
; data_path:inst2|BANK_REG:inst1|LV:inst2|REGISTER32bit:inst|REGISTER4bit:inst|inst                               ; 1       ;
; data_path:inst2|BANK_REG:inst1|CPP:inst6|REGISTER32bit:inst|REGISTER4bit:inst|inst                              ; 1       ;
; data_path:inst2|BANK_REG:inst1|PC:inst4|REGISTER32bit:inst|inst4[0]~43                                          ; 1       ;
; data_path:inst2|BANK_REG:inst1|SP:inst1|REGISTER32bit:inst|REGISTER4bit:inst|inst                               ; 1       ;
; data_path:inst2|ULA_32bit:inst|ULA_8bit:inst1|ULA_1bit:inst2|inst43~0                                           ; 1       ;
; data_path:inst2|BANK_REG:inst1|PC:inst4|REGISTER32bit:inst|inst4[1]~41                                          ; 1       ;
; data_path:inst2|BANK_REG:inst1|MBR:inst5|REGISTER32bit:inst|REGISTER4bit:inst|inst5                             ; 1       ;
; data_path:inst2|BANK_REG:inst1|PC:inst4|REGISTER32bit:inst|inst4[1]~40                                          ; 1       ;
; data_path:inst2|BANK_REG:inst1|OPC:inst8|REGISTER32bit:inst|REGISTER4bit:inst|inst5                             ; 1       ;
; data_path:inst2|BANK_REG:inst1|TOS:inst7|REGISTER32bit:inst|REGISTER4bit:inst|inst5                             ; 1       ;
; data_path:inst2|BANK_REG:inst1|PC:inst4|REGISTER32bit:inst|inst4[1]~39                                          ; 1       ;
; data_path:inst2|BANK_REG:inst1|LV:inst2|REGISTER32bit:inst|REGISTER4bit:inst|inst5                              ; 1       ;
; data_path:inst2|BANK_REG:inst1|CPP:inst6|REGISTER32bit:inst|REGISTER4bit:inst|inst5                             ; 1       ;
; data_path:inst2|BANK_REG:inst1|PC:inst4|REGISTER32bit:inst|inst4[1]~38                                          ; 1       ;
; data_path:inst2|BANK_REG:inst1|SP:inst1|REGISTER32bit:inst|REGISTER4bit:inst|inst5                              ; 1       ;
; data_path:inst2|BANK_REG:inst1|PC:inst4|REGISTER32bit:inst|inst4[2]~36                                          ; 1       ;
; data_path:inst2|BANK_REG:inst1|PC:inst4|REGISTER32bit:inst|inst4[2]~35                                          ; 1       ;
; data_path:inst2|BANK_REG:inst1|MBR:inst5|REGISTER32bit:inst|REGISTER4bit:inst|inst16                            ; 1       ;
; data_path:inst2|BANK_REG:inst1|PC:inst4|REGISTER32bit:inst|inst4[2]~34                                          ; 1       ;
; data_path:inst2|BANK_REG:inst1|OPC:inst8|REGISTER32bit:inst|REGISTER4bit:inst|inst16                            ; 1       ;
; data_path:inst2|BANK_REG:inst1|TOS:inst7|REGISTER32bit:inst|REGISTER4bit:inst|inst16                            ; 1       ;
; data_path:inst2|BANK_REG:inst1|PC:inst4|REGISTER32bit:inst|inst4[2]~33                                          ; 1       ;
; data_path:inst2|BANK_REG:inst1|LV:inst2|REGISTER32bit:inst|REGISTER4bit:inst|inst16                             ; 1       ;
; data_path:inst2|BANK_REG:inst1|CPP:inst6|REGISTER32bit:inst|REGISTER4bit:inst|inst16                            ; 1       ;
; data_path:inst2|BANK_REG:inst1|PC:inst4|REGISTER32bit:inst|inst4[2]~32                                          ; 1       ;
; data_path:inst2|BANK_REG:inst1|SP:inst1|REGISTER32bit:inst|REGISTER4bit:inst|inst16                             ; 1       ;
; data_path:inst2|BANK_REG:inst1|PC:inst4|REGISTER32bit:inst|inst4[3]~30                                          ; 1       ;
; data_path:inst2|BANK_REG:inst1|PC:inst4|REGISTER32bit:inst|inst4[3]~29                                          ; 1       ;
; data_path:inst2|BANK_REG:inst1|MBR:inst5|REGISTER32bit:inst|REGISTER4bit:inst|inst20                            ; 1       ;
; data_path:inst2|BANK_REG:inst1|PC:inst4|REGISTER32bit:inst|inst4[3]~28                                          ; 1       ;
; data_path:inst2|BANK_REG:inst1|OPC:inst8|REGISTER32bit:inst|REGISTER4bit:inst|inst20                            ; 1       ;
; data_path:inst2|BANK_REG:inst1|TOS:inst7|REGISTER32bit:inst|REGISTER4bit:inst|inst20                            ; 1       ;
; data_path:inst2|BANK_REG:inst1|PC:inst4|REGISTER32bit:inst|inst4[3]~27                                          ; 1       ;
; data_path:inst2|BANK_REG:inst1|LV:inst2|REGISTER32bit:inst|REGISTER4bit:inst|inst20                             ; 1       ;
; data_path:inst2|BANK_REG:inst1|CPP:inst6|REGISTER32bit:inst|REGISTER4bit:inst|inst20                            ; 1       ;
; data_path:inst2|BANK_REG:inst1|PC:inst4|REGISTER32bit:inst|inst4[3]~26                                          ; 1       ;
; data_path:inst2|BANK_REG:inst1|SP:inst1|REGISTER32bit:inst|REGISTER4bit:inst|inst20                             ; 1       ;
; data_path:inst2|BANK_REG:inst1|PC:inst4|REGISTER32bit:inst|inst4[4]~24                                          ; 1       ;
; data_path:inst2|BANK_REG:inst1|PC:inst4|REGISTER32bit:inst|inst4[4]~23                                          ; 1       ;
; data_path:inst2|BANK_REG:inst1|MBR:inst5|REGISTER32bit:inst|REGISTER4bit:inst1|inst20                           ; 1       ;
; data_path:inst2|BANK_REG:inst1|PC:inst4|REGISTER32bit:inst|inst4[4]~22                                          ; 1       ;
; data_path:inst2|BANK_REG:inst1|OPC:inst8|REGISTER32bit:inst|REGISTER4bit:inst1|inst20                           ; 1       ;
; data_path:inst2|BANK_REG:inst1|TOS:inst7|REGISTER32bit:inst|REGISTER4bit:inst1|inst20                           ; 1       ;
; data_path:inst2|BANK_REG:inst1|PC:inst4|REGISTER32bit:inst|inst4[4]~21                                          ; 1       ;
; data_path:inst2|BANK_REG:inst1|LV:inst2|REGISTER32bit:inst|REGISTER4bit:inst1|inst20                            ; 1       ;
; data_path:inst2|BANK_REG:inst1|CPP:inst6|REGISTER32bit:inst|REGISTER4bit:inst1|inst20                           ; 1       ;
; data_path:inst2|BANK_REG:inst1|PC:inst4|REGISTER32bit:inst|inst4[4]~20                                          ; 1       ;
; data_path:inst2|BANK_REG:inst1|SP:inst1|REGISTER32bit:inst|REGISTER4bit:inst1|inst20                            ; 1       ;
; data_path:inst2|BANK_REG:inst1|PC:inst4|REGISTER32bit:inst|inst4[5]~18                                          ; 1       ;
; data_path:inst2|BANK_REG:inst1|PC:inst4|REGISTER32bit:inst|inst4[5]~17                                          ; 1       ;
; data_path:inst2|BANK_REG:inst1|MBR:inst5|REGISTER32bit:inst|REGISTER4bit:inst1|inst16                           ; 1       ;
; data_path:inst2|BANK_REG:inst1|PC:inst4|REGISTER32bit:inst|inst4[5]~16                                          ; 1       ;
; data_path:inst2|BANK_REG:inst1|OPC:inst8|REGISTER32bit:inst|REGISTER4bit:inst1|inst16                           ; 1       ;
; data_path:inst2|BANK_REG:inst1|TOS:inst7|REGISTER32bit:inst|REGISTER4bit:inst1|inst16                           ; 1       ;
; data_path:inst2|BANK_REG:inst1|PC:inst4|REGISTER32bit:inst|inst4[5]~15                                          ; 1       ;
; data_path:inst2|BANK_REG:inst1|LV:inst2|REGISTER32bit:inst|REGISTER4bit:inst1|inst16                            ; 1       ;
; data_path:inst2|BANK_REG:inst1|CPP:inst6|REGISTER32bit:inst|REGISTER4bit:inst1|inst16                           ; 1       ;
; data_path:inst2|BANK_REG:inst1|PC:inst4|REGISTER32bit:inst|inst4[5]~14                                          ; 1       ;
; data_path:inst2|BANK_REG:inst1|SP:inst1|REGISTER32bit:inst|REGISTER4bit:inst1|inst16                            ; 1       ;
; data_path:inst2|BANK_REG:inst1|PC:inst4|REGISTER32bit:inst|inst4[6]~12                                          ; 1       ;
; data_path:inst2|BANK_REG:inst1|PC:inst4|REGISTER32bit:inst|inst4[6]~11                                          ; 1       ;
; data_path:inst2|BANK_REG:inst1|MBR:inst5|REGISTER32bit:inst|REGISTER4bit:inst1|inst5                            ; 1       ;
; data_path:inst2|BANK_REG:inst1|PC:inst4|REGISTER32bit:inst|inst4[6]~10                                          ; 1       ;
; data_path:inst2|BANK_REG:inst1|OPC:inst8|REGISTER32bit:inst|REGISTER4bit:inst1|inst5                            ; 1       ;
; data_path:inst2|BANK_REG:inst1|TOS:inst7|REGISTER32bit:inst|REGISTER4bit:inst1|inst5                            ; 1       ;
; data_path:inst2|BANK_REG:inst1|PC:inst4|REGISTER32bit:inst|inst4[6]~9                                           ; 1       ;
; data_path:inst2|BANK_REG:inst1|LV:inst2|REGISTER32bit:inst|REGISTER4bit:inst1|inst5                             ; 1       ;
; data_path:inst2|BANK_REG:inst1|CPP:inst6|REGISTER32bit:inst|REGISTER4bit:inst1|inst5                            ; 1       ;
; data_path:inst2|BANK_REG:inst1|PC:inst4|REGISTER32bit:inst|inst4[6]~8                                           ; 1       ;
; data_path:inst2|BANK_REG:inst1|SP:inst1|REGISTER32bit:inst|REGISTER4bit:inst1|inst5                             ; 1       ;
; data_path:inst2|BANK_REG:inst1|PC:inst4|REGISTER32bit:inst|inst4[7]~6                                           ; 1       ;
; data_path:inst2|BANK_REG:inst1|PC:inst4|REGISTER32bit:inst|inst4[7]~5                                           ; 1       ;
; data_path:inst2|BANK_REG:inst1|OPC:inst8|REGISTER32bit:inst|REGISTER4bit:inst1|inst                             ; 1       ;
; data_path:inst2|BANK_REG:inst1|PC:inst4|REGISTER32bit:inst|inst4[7]~4                                           ; 1       ;
; data_path:inst2|BANK_REG:inst1|CPP:inst6|REGISTER32bit:inst|REGISTER4bit:inst1|inst                             ; 1       ;
; data_path:inst2|BANK_REG:inst1|TOS:inst7|REGISTER32bit:inst|REGISTER4bit:inst1|inst                             ; 1       ;
; data_path:inst2|BANK_REG:inst1|PC:inst4|REGISTER32bit:inst|inst4[7]~3                                           ; 1       ;
; data_path:inst2|BANK_REG:inst1|SP:inst1|REGISTER32bit:inst|REGISTER4bit:inst1|inst                              ; 1       ;
; data_path:inst2|BANK_REG:inst1|LV:inst2|REGISTER32bit:inst|REGISTER4bit:inst1|inst                              ; 1       ;
; data_path:inst2|BANK_REG:inst1|PC:inst4|REGISTER32bit:inst|inst4[7]~2                                           ; 1       ;
; data_path:inst2|BANK_REG:inst1|MBR:inst5|REGISTER32bit:inst3|inst4[15]~110                                      ; 1       ;
; data_path:inst2|BANK_REG:inst1|MBR:inst5|REGISTER32bit:inst3|inst4[15]~109                                      ; 1       ;
; data_path:inst2|BANK_REG:inst1|OPC:inst8|REGISTER32bit:inst|REGISTER4bit:inst3|inst                             ; 1       ;
; data_path:inst2|BANK_REG:inst1|TOS:inst7|REGISTER32bit:inst|REGISTER4bit:inst3|inst                             ; 1       ;
; data_path:inst2|BANK_REG:inst1|MBR:inst5|REGISTER32bit:inst3|inst4[15]~108                                      ; 1       ;
; data_path:inst2|BANK_REG:inst1|LV:inst2|REGISTER32bit:inst|REGISTER4bit:inst3|inst                              ; 1       ;
; data_path:inst2|BANK_REG:inst1|CPP:inst6|REGISTER32bit:inst|REGISTER4bit:inst3|inst                             ; 1       ;
; data_path:inst2|BANK_REG:inst1|MBR:inst5|REGISTER32bit:inst3|inst4[15]~107                                      ; 1       ;
; data_path:inst2|BANK_REG:inst1|SP:inst1|REGISTER32bit:inst|REGISTER4bit:inst3|inst                              ; 1       ;
; data_path:inst2|BANK_REG:inst1|MBR:inst5|REGISTER32bit:inst3|inst4[14]~105                                      ; 1       ;
; data_path:inst2|BANK_REG:inst1|MBR:inst5|REGISTER32bit:inst3|inst4[14]~104                                      ; 1       ;
; data_path:inst2|BANK_REG:inst1|OPC:inst8|REGISTER32bit:inst|REGISTER4bit:inst3|inst5                            ; 1       ;
; data_path:inst2|BANK_REG:inst1|TOS:inst7|REGISTER32bit:inst|REGISTER4bit:inst3|inst5                            ; 1       ;
; data_path:inst2|BANK_REG:inst1|MBR:inst5|REGISTER32bit:inst3|inst4[14]~103                                      ; 1       ;
; data_path:inst2|BANK_REG:inst1|LV:inst2|REGISTER32bit:inst|REGISTER4bit:inst3|inst5                             ; 1       ;
; data_path:inst2|BANK_REG:inst1|CPP:inst6|REGISTER32bit:inst|REGISTER4bit:inst3|inst5                            ; 1       ;
; data_path:inst2|BANK_REG:inst1|MBR:inst5|REGISTER32bit:inst3|inst4[14]~102                                      ; 1       ;
; data_path:inst2|BANK_REG:inst1|SP:inst1|REGISTER32bit:inst|REGISTER4bit:inst3|inst5                             ; 1       ;
; data_path:inst2|BANK_REG:inst1|MBR:inst5|REGISTER32bit:inst3|inst4[13]~100                                      ; 1       ;
; data_path:inst2|BANK_REG:inst1|MBR:inst5|REGISTER32bit:inst3|inst4[13]~99                                       ; 1       ;
; data_path:inst2|BANK_REG:inst1|OPC:inst8|REGISTER32bit:inst|REGISTER4bit:inst3|inst16                           ; 1       ;
; data_path:inst2|BANK_REG:inst1|TOS:inst7|REGISTER32bit:inst|REGISTER4bit:inst3|inst16                           ; 1       ;
; data_path:inst2|BANK_REG:inst1|MBR:inst5|REGISTER32bit:inst3|inst4[13]~98                                       ; 1       ;
; data_path:inst2|BANK_REG:inst1|LV:inst2|REGISTER32bit:inst|REGISTER4bit:inst3|inst16                            ; 1       ;
; data_path:inst2|BANK_REG:inst1|CPP:inst6|REGISTER32bit:inst|REGISTER4bit:inst3|inst16                           ; 1       ;
; data_path:inst2|BANK_REG:inst1|MBR:inst5|REGISTER32bit:inst3|inst4[13]~97                                       ; 1       ;
; data_path:inst2|BANK_REG:inst1|SP:inst1|REGISTER32bit:inst|REGISTER4bit:inst3|inst16                            ; 1       ;
; data_path:inst2|BANK_REG:inst1|MBR:inst5|REGISTER32bit:inst3|inst4[12]~95                                       ; 1       ;
; data_path:inst2|BANK_REG:inst1|MBR:inst5|REGISTER32bit:inst3|inst4[12]~94                                       ; 1       ;
; data_path:inst2|BANK_REG:inst1|OPC:inst8|REGISTER32bit:inst|REGISTER4bit:inst3|inst20                           ; 1       ;
; data_path:inst2|BANK_REG:inst1|TOS:inst7|REGISTER32bit:inst|REGISTER4bit:inst3|inst20                           ; 1       ;
; data_path:inst2|BANK_REG:inst1|MBR:inst5|REGISTER32bit:inst3|inst4[12]~93                                       ; 1       ;
; data_path:inst2|BANK_REG:inst1|LV:inst2|REGISTER32bit:inst|REGISTER4bit:inst3|inst20                            ; 1       ;
; data_path:inst2|BANK_REG:inst1|CPP:inst6|REGISTER32bit:inst|REGISTER4bit:inst3|inst20                           ; 1       ;
; data_path:inst2|BANK_REG:inst1|MBR:inst5|REGISTER32bit:inst3|inst4[12]~92                                       ; 1       ;
; data_path:inst2|BANK_REG:inst1|SP:inst1|REGISTER32bit:inst|REGISTER4bit:inst3|inst20                            ; 1       ;
; data_path:inst2|BANK_REG:inst1|MBR:inst5|REGISTER32bit:inst3|inst4[11]~90                                       ; 1       ;
; data_path:inst2|BANK_REG:inst1|MBR:inst5|REGISTER32bit:inst3|inst4[11]~89                                       ; 1       ;
; data_path:inst2|BANK_REG:inst1|OPC:inst8|REGISTER32bit:inst|REGISTER4bit:inst2|inst                             ; 1       ;
; data_path:inst2|BANK_REG:inst1|TOS:inst7|REGISTER32bit:inst|REGISTER4bit:inst2|inst                             ; 1       ;
; data_path:inst2|BANK_REG:inst1|MBR:inst5|REGISTER32bit:inst3|inst4[11]~88                                       ; 1       ;
; data_path:inst2|BANK_REG:inst1|LV:inst2|REGISTER32bit:inst|REGISTER4bit:inst2|inst                              ; 1       ;
; data_path:inst2|BANK_REG:inst1|CPP:inst6|REGISTER32bit:inst|REGISTER4bit:inst2|inst                             ; 1       ;
; data_path:inst2|BANK_REG:inst1|MBR:inst5|REGISTER32bit:inst3|inst4[11]~87                                       ; 1       ;
; data_path:inst2|BANK_REG:inst1|SP:inst1|REGISTER32bit:inst|REGISTER4bit:inst2|inst                              ; 1       ;
; data_path:inst2|BANK_REG:inst1|MBR:inst5|REGISTER32bit:inst3|inst4[10]~85                                       ; 1       ;
; data_path:inst2|BANK_REG:inst1|MBR:inst5|REGISTER32bit:inst3|inst4[10]~84                                       ; 1       ;
; data_path:inst2|BANK_REG:inst1|OPC:inst8|REGISTER32bit:inst|REGISTER4bit:inst2|inst5                            ; 1       ;
; data_path:inst2|BANK_REG:inst1|TOS:inst7|REGISTER32bit:inst|REGISTER4bit:inst2|inst5                            ; 1       ;
; data_path:inst2|BANK_REG:inst1|MBR:inst5|REGISTER32bit:inst3|inst4[10]~83                                       ; 1       ;
; data_path:inst2|BANK_REG:inst1|LV:inst2|REGISTER32bit:inst|REGISTER4bit:inst2|inst5                             ; 1       ;
; data_path:inst2|BANK_REG:inst1|CPP:inst6|REGISTER32bit:inst|REGISTER4bit:inst2|inst5                            ; 1       ;
; data_path:inst2|BANK_REG:inst1|MBR:inst5|REGISTER32bit:inst3|inst4[10]~82                                       ; 1       ;
; data_path:inst2|BANK_REG:inst1|SP:inst1|REGISTER32bit:inst|REGISTER4bit:inst2|inst5                             ; 1       ;
; data_path:inst2|BANK_REG:inst1|MBR:inst5|REGISTER32bit:inst3|inst4[9]~80                                        ; 1       ;
; data_path:inst2|BANK_REG:inst1|MBR:inst5|REGISTER32bit:inst3|inst4[9]~79                                        ; 1       ;
; data_path:inst2|BANK_REG:inst1|OPC:inst8|REGISTER32bit:inst|REGISTER4bit:inst2|inst16                           ; 1       ;
; data_path:inst2|BANK_REG:inst1|TOS:inst7|REGISTER32bit:inst|REGISTER4bit:inst2|inst16                           ; 1       ;
; data_path:inst2|BANK_REG:inst1|MBR:inst5|REGISTER32bit:inst3|inst4[9]~78                                        ; 1       ;
; data_path:inst2|BANK_REG:inst1|LV:inst2|REGISTER32bit:inst|REGISTER4bit:inst2|inst16                            ; 1       ;
; data_path:inst2|BANK_REG:inst1|CPP:inst6|REGISTER32bit:inst|REGISTER4bit:inst2|inst16                           ; 1       ;
; data_path:inst2|BANK_REG:inst1|MBR:inst5|REGISTER32bit:inst3|inst4[9]~77                                        ; 1       ;
; data_path:inst2|BANK_REG:inst1|SP:inst1|REGISTER32bit:inst|REGISTER4bit:inst2|inst16                            ; 1       ;
; data_path:inst2|BANK_REG:inst1|MBR:inst5|REGISTER32bit:inst3|inst4[8]~75                                        ; 1       ;
; data_path:inst2|BANK_REG:inst1|MBR:inst5|REGISTER32bit:inst3|inst4[8]~74                                        ; 1       ;
; data_path:inst2|BANK_REG:inst1|OPC:inst8|REGISTER32bit:inst|REGISTER4bit:inst2|inst20                           ; 1       ;
; data_path:inst2|BANK_REG:inst1|TOS:inst7|REGISTER32bit:inst|REGISTER4bit:inst2|inst20                           ; 1       ;
; data_path:inst2|BANK_REG:inst1|MBR:inst5|REGISTER32bit:inst3|inst4[8]~73                                        ; 1       ;
; data_path:inst2|BANK_REG:inst1|LV:inst2|REGISTER32bit:inst|REGISTER4bit:inst2|inst20                            ; 1       ;
; data_path:inst2|BANK_REG:inst1|CPP:inst6|REGISTER32bit:inst|REGISTER4bit:inst2|inst20                           ; 1       ;
; data_path:inst2|BANK_REG:inst1|MBR:inst5|REGISTER32bit:inst3|inst4[8]~72                                        ; 1       ;
; data_path:inst2|BANK_REG:inst1|SP:inst1|REGISTER32bit:inst|REGISTER4bit:inst2|inst20                            ; 1       ;
; data_path:inst2|BANK_REG:inst1|MBR:inst5|REGISTER32bit:inst3|inst4[23]~70                                       ; 1       ;
; data_path:inst2|BANK_REG:inst1|MBR:inst5|REGISTER32bit:inst3|inst4[23]~69                                       ; 1       ;
; data_path:inst2|BANK_REG:inst1|OPC:inst8|REGISTER32bit:inst|REGISTER4bit:inst14|inst                            ; 1       ;
; data_path:inst2|BANK_REG:inst1|TOS:inst7|REGISTER32bit:inst|REGISTER4bit:inst14|inst                            ; 1       ;
; data_path:inst2|BANK_REG:inst1|MBR:inst5|REGISTER32bit:inst3|inst4[23]~68                                       ; 1       ;
; data_path:inst2|BANK_REG:inst1|LV:inst2|REGISTER32bit:inst|REGISTER4bit:inst14|inst                             ; 1       ;
; data_path:inst2|BANK_REG:inst1|CPP:inst6|REGISTER32bit:inst|REGISTER4bit:inst14|inst                            ; 1       ;
; data_path:inst2|BANK_REG:inst1|MBR:inst5|REGISTER32bit:inst3|inst4[23]~67                                       ; 1       ;
; data_path:inst2|BANK_REG:inst1|SP:inst1|REGISTER32bit:inst|REGISTER4bit:inst14|inst                             ; 1       ;
; data_path:inst2|BANK_REG:inst1|MBR:inst5|REGISTER32bit:inst3|inst4[22]~65                                       ; 1       ;
; data_path:inst2|BANK_REG:inst1|MBR:inst5|REGISTER32bit:inst3|inst4[22]~64                                       ; 1       ;
; data_path:inst2|BANK_REG:inst1|OPC:inst8|REGISTER32bit:inst|REGISTER4bit:inst14|inst5                           ; 1       ;
; data_path:inst2|BANK_REG:inst1|TOS:inst7|REGISTER32bit:inst|REGISTER4bit:inst14|inst5                           ; 1       ;
; data_path:inst2|BANK_REG:inst1|MBR:inst5|REGISTER32bit:inst3|inst4[22]~63                                       ; 1       ;
; data_path:inst2|BANK_REG:inst1|LV:inst2|REGISTER32bit:inst|REGISTER4bit:inst14|inst5                            ; 1       ;
; data_path:inst2|BANK_REG:inst1|CPP:inst6|REGISTER32bit:inst|REGISTER4bit:inst14|inst5                           ; 1       ;
; data_path:inst2|BANK_REG:inst1|MBR:inst5|REGISTER32bit:inst3|inst4[22]~62                                       ; 1       ;
; data_path:inst2|BANK_REG:inst1|SP:inst1|REGISTER32bit:inst|REGISTER4bit:inst14|inst5                            ; 1       ;
; data_path:inst2|BANK_REG:inst1|MBR:inst5|REGISTER32bit:inst3|inst4[21]~60                                       ; 1       ;
; data_path:inst2|BANK_REG:inst1|MBR:inst5|REGISTER32bit:inst3|inst4[21]~59                                       ; 1       ;
; data_path:inst2|BANK_REG:inst1|OPC:inst8|REGISTER32bit:inst|REGISTER4bit:inst14|inst16                          ; 1       ;
; data_path:inst2|BANK_REG:inst1|TOS:inst7|REGISTER32bit:inst|REGISTER4bit:inst14|inst16                          ; 1       ;
; data_path:inst2|BANK_REG:inst1|MBR:inst5|REGISTER32bit:inst3|inst4[21]~58                                       ; 1       ;
; data_path:inst2|BANK_REG:inst1|LV:inst2|REGISTER32bit:inst|REGISTER4bit:inst14|inst16                           ; 1       ;
; data_path:inst2|BANK_REG:inst1|CPP:inst6|REGISTER32bit:inst|REGISTER4bit:inst14|inst16                          ; 1       ;
; data_path:inst2|BANK_REG:inst1|MBR:inst5|REGISTER32bit:inst3|inst4[21]~57                                       ; 1       ;
; data_path:inst2|BANK_REG:inst1|SP:inst1|REGISTER32bit:inst|REGISTER4bit:inst14|inst16                           ; 1       ;
; data_path:inst2|BANK_REG:inst1|MBR:inst5|REGISTER32bit:inst3|inst4[20]~55                                       ; 1       ;
; data_path:inst2|BANK_REG:inst1|MBR:inst5|REGISTER32bit:inst3|inst4[20]~54                                       ; 1       ;
; data_path:inst2|BANK_REG:inst1|OPC:inst8|REGISTER32bit:inst|REGISTER4bit:inst14|inst20                          ; 1       ;
; data_path:inst2|BANK_REG:inst1|TOS:inst7|REGISTER32bit:inst|REGISTER4bit:inst14|inst20                          ; 1       ;
; data_path:inst2|BANK_REG:inst1|MBR:inst5|REGISTER32bit:inst3|inst4[20]~53                                       ; 1       ;
; data_path:inst2|BANK_REG:inst1|LV:inst2|REGISTER32bit:inst|REGISTER4bit:inst14|inst20                           ; 1       ;
; data_path:inst2|BANK_REG:inst1|CPP:inst6|REGISTER32bit:inst|REGISTER4bit:inst14|inst20                          ; 1       ;
; data_path:inst2|BANK_REG:inst1|MBR:inst5|REGISTER32bit:inst3|inst4[20]~52                                       ; 1       ;
; data_path:inst2|BANK_REG:inst1|SP:inst1|REGISTER32bit:inst|REGISTER4bit:inst14|inst20                           ; 1       ;
; data_path:inst2|BANK_REG:inst1|MBR:inst5|REGISTER32bit:inst3|inst4[19]~50                                       ; 1       ;
; data_path:inst2|BANK_REG:inst1|MBR:inst5|REGISTER32bit:inst3|inst4[19]~49                                       ; 1       ;
; data_path:inst2|BANK_REG:inst1|OPC:inst8|REGISTER32bit:inst|REGISTER4bit:inst11|inst                            ; 1       ;
; data_path:inst2|BANK_REG:inst1|TOS:inst7|REGISTER32bit:inst|REGISTER4bit:inst11|inst                            ; 1       ;
; data_path:inst2|BANK_REG:inst1|MBR:inst5|REGISTER32bit:inst3|inst4[19]~48                                       ; 1       ;
; data_path:inst2|BANK_REG:inst1|LV:inst2|REGISTER32bit:inst|REGISTER4bit:inst11|inst                             ; 1       ;
; data_path:inst2|BANK_REG:inst1|CPP:inst6|REGISTER32bit:inst|REGISTER4bit:inst11|inst                            ; 1       ;
; data_path:inst2|BANK_REG:inst1|MBR:inst5|REGISTER32bit:inst3|inst4[19]~47                                       ; 1       ;
; data_path:inst2|BANK_REG:inst1|SP:inst1|REGISTER32bit:inst|REGISTER4bit:inst11|inst                             ; 1       ;
; data_path:inst2|BANK_REG:inst1|MBR:inst5|REGISTER32bit:inst3|inst4[18]~45                                       ; 1       ;
; data_path:inst2|BANK_REG:inst1|MBR:inst5|REGISTER32bit:inst3|inst4[18]~44                                       ; 1       ;
; data_path:inst2|BANK_REG:inst1|OPC:inst8|REGISTER32bit:inst|REGISTER4bit:inst11|inst5                           ; 1       ;
; data_path:inst2|BANK_REG:inst1|TOS:inst7|REGISTER32bit:inst|REGISTER4bit:inst11|inst5                           ; 1       ;
; data_path:inst2|BANK_REG:inst1|MBR:inst5|REGISTER32bit:inst3|inst4[18]~43                                       ; 1       ;
; data_path:inst2|BANK_REG:inst1|LV:inst2|REGISTER32bit:inst|REGISTER4bit:inst11|inst5                            ; 1       ;
; data_path:inst2|BANK_REG:inst1|CPP:inst6|REGISTER32bit:inst|REGISTER4bit:inst11|inst5                           ; 1       ;
; data_path:inst2|BANK_REG:inst1|MBR:inst5|REGISTER32bit:inst3|inst4[18]~42                                       ; 1       ;
; data_path:inst2|BANK_REG:inst1|SP:inst1|REGISTER32bit:inst|REGISTER4bit:inst11|inst5                            ; 1       ;
; data_path:inst2|BANK_REG:inst1|MBR:inst5|REGISTER32bit:inst3|inst4[17]~40                                       ; 1       ;
; data_path:inst2|BANK_REG:inst1|MBR:inst5|REGISTER32bit:inst3|inst4[17]~39                                       ; 1       ;
; data_path:inst2|BANK_REG:inst1|OPC:inst8|REGISTER32bit:inst|REGISTER4bit:inst11|inst16                          ; 1       ;
; data_path:inst2|BANK_REG:inst1|TOS:inst7|REGISTER32bit:inst|REGISTER4bit:inst11|inst16                          ; 1       ;
; data_path:inst2|BANK_REG:inst1|MBR:inst5|REGISTER32bit:inst3|inst4[17]~38                                       ; 1       ;
; data_path:inst2|BANK_REG:inst1|LV:inst2|REGISTER32bit:inst|REGISTER4bit:inst11|inst16                           ; 1       ;
; data_path:inst2|BANK_REG:inst1|CPP:inst6|REGISTER32bit:inst|REGISTER4bit:inst11|inst16                          ; 1       ;
; data_path:inst2|BANK_REG:inst1|MBR:inst5|REGISTER32bit:inst3|inst4[17]~37                                       ; 1       ;
; data_path:inst2|BANK_REG:inst1|SP:inst1|REGISTER32bit:inst|REGISTER4bit:inst11|inst16                           ; 1       ;
; data_path:inst2|BANK_REG:inst1|MBR:inst5|REGISTER32bit:inst3|inst4[31]~35                                       ; 1       ;
; data_path:inst2|BANK_REG:inst1|MBR:inst5|REGISTER32bit:inst3|inst4[31]~34                                       ; 1       ;
; data_path:inst2|BANK_REG:inst1|OPC:inst8|REGISTER32bit:inst|REGISTER4bit:inst16|inst                            ; 1       ;
; data_path:inst2|BANK_REG:inst1|TOS:inst7|REGISTER32bit:inst|REGISTER4bit:inst16|inst                            ; 1       ;
; data_path:inst2|BANK_REG:inst1|MBR:inst5|REGISTER32bit:inst3|inst4[31]~33                                       ; 1       ;
; data_path:inst2|BANK_REG:inst1|LV:inst2|REGISTER32bit:inst|REGISTER4bit:inst16|inst                             ; 1       ;
; data_path:inst2|BANK_REG:inst1|CPP:inst6|REGISTER32bit:inst|REGISTER4bit:inst16|inst                            ; 1       ;
; data_path:inst2|BANK_REG:inst1|MBR:inst5|REGISTER32bit:inst3|inst4[31]~32                                       ; 1       ;
; data_path:inst2|BANK_REG:inst1|SP:inst1|REGISTER32bit:inst|REGISTER4bit:inst16|inst                             ; 1       ;
; data_path:inst2|BANK_REG:inst1|MBR:inst5|REGISTER32bit:inst3|inst4[30]~30                                       ; 1       ;
; data_path:inst2|BANK_REG:inst1|MBR:inst5|REGISTER32bit:inst3|inst4[30]~29                                       ; 1       ;
; data_path:inst2|BANK_REG:inst1|OPC:inst8|REGISTER32bit:inst|REGISTER4bit:inst16|inst5                           ; 1       ;
; data_path:inst2|BANK_REG:inst1|TOS:inst7|REGISTER32bit:inst|REGISTER4bit:inst16|inst5                           ; 1       ;
; data_path:inst2|BANK_REG:inst1|MBR:inst5|REGISTER32bit:inst3|inst4[30]~28                                       ; 1       ;
; data_path:inst2|BANK_REG:inst1|LV:inst2|REGISTER32bit:inst|REGISTER4bit:inst16|inst5                            ; 1       ;
; data_path:inst2|BANK_REG:inst1|CPP:inst6|REGISTER32bit:inst|REGISTER4bit:inst16|inst5                           ; 1       ;
; data_path:inst2|BANK_REG:inst1|MBR:inst5|REGISTER32bit:inst3|inst4[30]~27                                       ; 1       ;
; data_path:inst2|BANK_REG:inst1|SP:inst1|REGISTER32bit:inst|REGISTER4bit:inst16|inst5                            ; 1       ;
; data_path:inst2|BANK_REG:inst1|MBR:inst5|REGISTER32bit:inst3|inst4[29]~25                                       ; 1       ;
; data_path:inst2|BANK_REG:inst1|MBR:inst5|REGISTER32bit:inst3|inst4[29]~24                                       ; 1       ;
; data_path:inst2|BANK_REG:inst1|OPC:inst8|REGISTER32bit:inst|REGISTER4bit:inst16|inst16                          ; 1       ;
; data_path:inst2|BANK_REG:inst1|TOS:inst7|REGISTER32bit:inst|REGISTER4bit:inst16|inst16                          ; 1       ;
; data_path:inst2|BANK_REG:inst1|MBR:inst5|REGISTER32bit:inst3|inst4[29]~23                                       ; 1       ;
; data_path:inst2|BANK_REG:inst1|LV:inst2|REGISTER32bit:inst|REGISTER4bit:inst16|inst16                           ; 1       ;
; data_path:inst2|BANK_REG:inst1|CPP:inst6|REGISTER32bit:inst|REGISTER4bit:inst16|inst16                          ; 1       ;
; data_path:inst2|BANK_REG:inst1|MBR:inst5|REGISTER32bit:inst3|inst4[29]~22                                       ; 1       ;
; data_path:inst2|BANK_REG:inst1|SP:inst1|REGISTER32bit:inst|REGISTER4bit:inst16|inst16                           ; 1       ;
; data_path:inst2|BANK_REG:inst1|MBR:inst5|REGISTER32bit:inst3|inst4[28]~20                                       ; 1       ;
; data_path:inst2|BANK_REG:inst1|MBR:inst5|REGISTER32bit:inst3|inst4[28]~19                                       ; 1       ;
; data_path:inst2|BANK_REG:inst1|OPC:inst8|REGISTER32bit:inst|REGISTER4bit:inst16|inst20                          ; 1       ;
; data_path:inst2|BANK_REG:inst1|TOS:inst7|REGISTER32bit:inst|REGISTER4bit:inst16|inst20                          ; 1       ;
; data_path:inst2|BANK_REG:inst1|MBR:inst5|REGISTER32bit:inst3|inst4[28]~18                                       ; 1       ;
; data_path:inst2|BANK_REG:inst1|LV:inst2|REGISTER32bit:inst|REGISTER4bit:inst16|inst20                           ; 1       ;
; data_path:inst2|BANK_REG:inst1|CPP:inst6|REGISTER32bit:inst|REGISTER4bit:inst16|inst20                          ; 1       ;
; data_path:inst2|BANK_REG:inst1|MBR:inst5|REGISTER32bit:inst3|inst4[28]~17                                       ; 1       ;
; data_path:inst2|BANK_REG:inst1|SP:inst1|REGISTER32bit:inst|REGISTER4bit:inst16|inst20                           ; 1       ;
; data_path:inst2|BANK_REG:inst1|MBR:inst5|REGISTER32bit:inst3|inst4[27]~15                                       ; 1       ;
; data_path:inst2|BANK_REG:inst1|MBR:inst5|REGISTER32bit:inst3|inst4[27]~14                                       ; 1       ;
; data_path:inst2|BANK_REG:inst1|OPC:inst8|REGISTER32bit:inst|REGISTER4bit:inst15|inst                            ; 1       ;
; data_path:inst2|BANK_REG:inst1|TOS:inst7|REGISTER32bit:inst|REGISTER4bit:inst15|inst                            ; 1       ;
; data_path:inst2|BANK_REG:inst1|MBR:inst5|REGISTER32bit:inst3|inst4[27]~13                                       ; 1       ;
; data_path:inst2|BANK_REG:inst1|LV:inst2|REGISTER32bit:inst|REGISTER4bit:inst15|inst                             ; 1       ;
; data_path:inst2|BANK_REG:inst1|CPP:inst6|REGISTER32bit:inst|REGISTER4bit:inst15|inst                            ; 1       ;
; data_path:inst2|BANK_REG:inst1|MBR:inst5|REGISTER32bit:inst3|inst4[27]~12                                       ; 1       ;
; data_path:inst2|BANK_REG:inst1|SP:inst1|REGISTER32bit:inst|REGISTER4bit:inst15|inst                             ; 1       ;
; data_path:inst2|BANK_REG:inst1|MBR:inst5|REGISTER32bit:inst3|inst4[26]~10                                       ; 1       ;
; data_path:inst2|BANK_REG:inst1|MBR:inst5|REGISTER32bit:inst3|inst4[26]~9                                        ; 1       ;
; data_path:inst2|BANK_REG:inst1|OPC:inst8|REGISTER32bit:inst|REGISTER4bit:inst15|inst5                           ; 1       ;
; data_path:inst2|BANK_REG:inst1|TOS:inst7|REGISTER32bit:inst|REGISTER4bit:inst15|inst5                           ; 1       ;
; data_path:inst2|BANK_REG:inst1|MBR:inst5|REGISTER32bit:inst3|inst4[26]~8                                        ; 1       ;
; data_path:inst2|BANK_REG:inst1|LV:inst2|REGISTER32bit:inst|REGISTER4bit:inst15|inst5                            ; 1       ;
; data_path:inst2|BANK_REG:inst1|CPP:inst6|REGISTER32bit:inst|REGISTER4bit:inst15|inst5                           ; 1       ;
; data_path:inst2|BANK_REG:inst1|MBR:inst5|REGISTER32bit:inst3|inst4[26]~7                                        ; 1       ;
; data_path:inst2|BANK_REG:inst1|SP:inst1|REGISTER32bit:inst|REGISTER4bit:inst15|inst5                            ; 1       ;
; data_path:inst2|ULA_32bit:inst|ULA_8bit:inst4|ULA_1bit:inst8|inst43~0                                           ; 1       ;
; data_path:inst2|BANK_REG:inst1|MBR:inst5|REGISTER32bit:inst3|inst4[24]~4                                        ; 1       ;
; data_path:inst2|BANK_REG:inst1|MBR:inst5|REGISTER32bit:inst3|inst4[24]~3                                        ; 1       ;
; data_path:inst2|BANK_REG:inst1|OPC:inst8|REGISTER32bit:inst|REGISTER4bit:inst15|inst20                          ; 1       ;
; data_path:inst2|BANK_REG:inst1|TOS:inst7|REGISTER32bit:inst|REGISTER4bit:inst15|inst20                          ; 1       ;
; data_path:inst2|BANK_REG:inst1|MBR:inst5|REGISTER32bit:inst3|inst4[24]~2                                        ; 1       ;
; data_path:inst2|BANK_REG:inst1|LV:inst2|REGISTER32bit:inst|REGISTER4bit:inst15|inst20                           ; 1       ;
; data_path:inst2|BANK_REG:inst1|CPP:inst6|REGISTER32bit:inst|REGISTER4bit:inst15|inst20                          ; 1       ;
; data_path:inst2|BANK_REG:inst1|MBR:inst5|REGISTER32bit:inst3|inst4[24]~1                                        ; 1       ;
; data_path:inst2|BANK_REG:inst1|SP:inst1|REGISTER32bit:inst|REGISTER4bit:inst15|inst20                           ; 1       ;
; data_path:inst2|SHIFTER:inst2|inst1[31]~44                                                                      ; 1       ;
; UNIDADE_CONTROLE:inst|inst4                                                                                     ; 1       ;
+-----------------------------------------------------------------------------------------------------------------+---------+


+-----------------------------------------------------------------------------------------------------------------------------------------------------------------------------------------------------------------------------------------------------------------------------------------------------------------------------------------------------------------------------------------------------------------------------------------------------------------------------------------------------------------------------------------------------------------------------------------------------------+
; Fitter RAM Summary                                                                                                                                                                                                                                                                                                                                                                                                                                                                                                                                                                                        ;
+--------------------------------------------------------------------------------------------------------------------+------+------+--------------+--------------+--------------+--------------+--------------+------------------------+-------------------------+------------------------+-------------------------+-------+-----------------------------+-----------------------------+-----------------------------+-----------------------------+---------------------+------+----------+----------------------------------------------------+----------------------+-----------------+-----------------+
; Name                                                                                                               ; Type ; Mode ; Clock Mode   ; Port A Depth ; Port A Width ; Port B Depth ; Port B Width ; Port A Input Registers ; Port A Output Registers ; Port B Input Registers ; Port B Output Registers ; Size  ; Implementation Port A Depth ; Implementation Port A Width ; Implementation Port B Depth ; Implementation Port B Width ; Implementation Bits ; M4Ks ; MIF      ; Location                                           ; Mixed Width RDW Mode ; Port A RDW Mode ; Port B RDW Mode ;
+--------------------------------------------------------------------------------------------------------------------+------+------+--------------+--------------+--------------+--------------+--------------+------------------------+-------------------------+------------------------+-------------------------+-------+-----------------------------+-----------------------------+-----------------------------+-----------------------------+---------------------+------+----------+----------------------------------------------------+----------------------+-----------------+-----------------+
; UNIDADE_CONTROLE:inst|CONTROLSTORE:inst3|altsyncram:altsyncram_component|altsyncram_ds61:auto_generated|ALTSYNCRAM ; AUTO ; ROM  ; Single Clock ; 512          ; 36           ; --           ; --           ; yes                    ; yes                     ; --                     ; --                      ; 18432 ; 512                         ; 36                          ; --                          ; --                          ; 18432               ; 4    ; mic1.mif ; M4K_X26_Y23, M4K_X26_Y20, M4K_X26_Y17, M4K_X26_Y16 ; Don't care           ; Don't care      ; Don't care      ;
+--------------------------------------------------------------------------------------------------------------------+------+------+--------------+--------------+--------------+--------------+--------------+------------------------+-------------------------+------------------------+-------------------------+-------+-----------------------------+-----------------------------+-----------------------------+-----------------------------+---------------------+------+----------+----------------------------------------------------+----------------------+-----------------+-----------------+
Note: Fitter may spread logical memories into multiple blocks to improve timing. The actual required RAM blocks can be found in the Fitter Resource Usage section.


+------------------------------------------------------+
; Other Routing Usage Summary                          ;
+-----------------------------+------------------------+
; Other Routing Resource Type ; Usage                  ;
+-----------------------------+------------------------+
; Block interconnects         ; 1,333 / 94,460 ( 1 % ) ;
; C16 interconnects           ; 89 / 3,315 ( 3 % )     ;
; C4 interconnects            ; 1,290 / 60,840 ( 2 % ) ;
; Direct links                ; 80 / 94,460 ( < 1 % )  ;
; Global clocks               ; 13 / 16 ( 81 % )       ;
; Local interconnects         ; 256 / 33,216 ( < 1 % ) ;
; R24 interconnects           ; 166 / 3,091 ( 5 % )    ;
; R4 interconnects            ; 1,419 / 81,294 ( 2 % ) ;
+-----------------------------+------------------------+


+---------------------------------------------------------------------------+
; LAB Logic Elements                                                        ;
+--------------------------------------------+------------------------------+
; Number of Logic Elements  (Average = 9.79) ; Number of LABs  (Total = 62) ;
+--------------------------------------------+------------------------------+
; 1                                          ; 13                           ;
; 2                                          ; 6                            ;
; 3                                          ; 4                            ;
; 4                                          ; 1                            ;
; 5                                          ; 0                            ;
; 6                                          ; 1                            ;
; 7                                          ; 0                            ;
; 8                                          ; 0                            ;
; 9                                          ; 0                            ;
; 10                                         ; 1                            ;
; 11                                         ; 2                            ;
; 12                                         ; 0                            ;
; 13                                         ; 1                            ;
; 14                                         ; 5                            ;
; 15                                         ; 3                            ;
; 16                                         ; 25                           ;
+--------------------------------------------+------------------------------+


+-------------------------------------------------------------------+
; LAB-wide Signals                                                  ;
+------------------------------------+------------------------------+
; LAB-wide Signals  (Average = 1.79) ; Number of LABs  (Total = 62) ;
+------------------------------------+------------------------------+
; 1 Async. clear                     ; 55                           ;
; 1 Clock                            ; 23                           ;
; 2 Clocks                           ; 33                           ;
+------------------------------------+------------------------------+


+-----------------------------------------------------------------------------+
; LAB Signals Sourced                                                         ;
+----------------------------------------------+------------------------------+
; Number of Signals Sourced  (Average = 14.15) ; Number of LABs  (Total = 62) ;
+----------------------------------------------+------------------------------+
; 0                                            ; 0                            ;
; 1                                            ; 2                            ;
; 2                                            ; 12                           ;
; 3                                            ; 3                            ;
; 4                                            ; 3                            ;
; 5                                            ; 3                            ;
; 6                                            ; 1                            ;
; 7                                            ; 1                            ;
; 8                                            ; 0                            ;
; 9                                            ; 0                            ;
; 10                                           ; 1                            ;
; 11                                           ; 0                            ;
; 12                                           ; 0                            ;
; 13                                           ; 0                            ;
; 14                                           ; 2                            ;
; 15                                           ; 0                            ;
; 16                                           ; 1                            ;
; 17                                           ; 3                            ;
; 18                                           ; 2                            ;
; 19                                           ; 3                            ;
; 20                                           ; 4                            ;
; 21                                           ; 2                            ;
; 22                                           ; 2                            ;
; 23                                           ; 5                            ;
; 24                                           ; 2                            ;
; 25                                           ; 0                            ;
; 26                                           ; 2                            ;
; 27                                           ; 4                            ;
; 28                                           ; 1                            ;
; 29                                           ; 3                            ;
+----------------------------------------------+------------------------------+


+--------------------------------------------------------------------------------+
; LAB Signals Sourced Out                                                        ;
+-------------------------------------------------+------------------------------+
; Number of Signals Sourced Out  (Average = 8.69) ; Number of LABs  (Total = 62) ;
+-------------------------------------------------+------------------------------+
; 0                                               ; 0                            ;
; 1                                               ; 13                           ;
; 2                                               ; 7                            ;
; 3                                               ; 3                            ;
; 4                                               ; 1                            ;
; 5                                               ; 0                            ;
; 6                                               ; 2                            ;
; 7                                               ; 1                            ;
; 8                                               ; 3                            ;
; 9                                               ; 0                            ;
; 10                                              ; 7                            ;
; 11                                              ; 2                            ;
; 12                                              ; 4                            ;
; 13                                              ; 3                            ;
; 14                                              ; 5                            ;
; 15                                              ; 1                            ;
; 16                                              ; 2                            ;
; 17                                              ; 4                            ;
; 18                                              ; 0                            ;
; 19                                              ; 1                            ;
; 20                                              ; 1                            ;
; 21                                              ; 0                            ;
; 22                                              ; 0                            ;
; 23                                              ; 0                            ;
; 24                                              ; 1                            ;
; 25                                              ; 0                            ;
; 26                                              ; 0                            ;
; 27                                              ; 0                            ;
; 28                                              ; 0                            ;
; 29                                              ; 1                            ;
+-------------------------------------------------+------------------------------+


+-----------------------------------------------------------------------------+
; LAB Distinct Inputs                                                         ;
+----------------------------------------------+------------------------------+
; Number of Distinct Inputs  (Average = 17.44) ; Number of LABs  (Total = 62) ;
+----------------------------------------------+------------------------------+
; 0                                            ; 0                            ;
; 1                                            ; 0                            ;
; 2                                            ; 1                            ;
; 3                                            ; 12                           ;
; 4                                            ; 6                            ;
; 5                                            ; 1                            ;
; 6                                            ; 0                            ;
; 7                                            ; 2                            ;
; 8                                            ; 2                            ;
; 9                                            ; 1                            ;
; 10                                           ; 0                            ;
; 11                                           ; 1                            ;
; 12                                           ; 0                            ;
; 13                                           ; 0                            ;
; 14                                           ; 0                            ;
; 15                                           ; 1                            ;
; 16                                           ; 0                            ;
; 17                                           ; 0                            ;
; 18                                           ; 1                            ;
; 19                                           ; 1                            ;
; 20                                           ; 1                            ;
; 21                                           ; 1                            ;
; 22                                           ; 1                            ;
; 23                                           ; 1                            ;
; 24                                           ; 1                            ;
; 25                                           ; 4                            ;
; 26                                           ; 3                            ;
; 27                                           ; 1                            ;
; 28                                           ; 8                            ;
; 29                                           ; 0                            ;
; 30                                           ; 4                            ;
; 31                                           ; 5                            ;
; 32                                           ; 1                            ;
; 33                                           ; 2                            ;
+----------------------------------------------+------------------------------+


+-------------------------------------------------------------------------+
; Fitter Device Options                                                   ;
+----------------------------------------------+--------------------------+
; Option                                       ; Setting                  ;
+----------------------------------------------+--------------------------+
; Enable user-supplied start-up clock (CLKUSR) ; Off                      ;
; Enable device-wide reset (DEV_CLRn)          ; Off                      ;
; Enable device-wide output enable (DEV_OE)    ; Off                      ;
; Enable INIT_DONE output                      ; Off                      ;
; Configuration scheme                         ; Active Serial            ;
; Error detection CRC                          ; Off                      ;
; nCEO                                         ; As output driving ground ;
; ASDO,nCSO                                    ; As input tri-stated      ;
; Reserve all unused pins                      ; As output driving ground ;
; Base pin-out file on sameframe device        ; Off                      ;
+----------------------------------------------+--------------------------+


+------------------------------------+
; Operating Settings and Conditions  ;
+---------------------------+--------+
; Setting                   ; Value  ;
+---------------------------+--------+
; Nominal Core Voltage      ; 1.20 V ;
; Low Junction Temperature  ; 0 °C   ;
; High Junction Temperature ; 85 °C  ;
+---------------------------+--------+


+------------------------------------------------------------+
; Estimated Delay Added for Hold Timing Summary              ;
+-----------------+----------------------+-------------------+
; Source Clock(s) ; Destination Clock(s) ; Delay Added in ns ;
+-----------------+----------------------+-------------------+
; I/O             ; CLOCK                ; 4.2               ;
+-----------------+----------------------+-------------------+
Note: For more information on problematic transfers, consider running the Fitter again with the Optimize hold timing option (Settings Menu) turned off.
This will disable optimization of problematic paths and expose them for further analysis using either the TimeQuest Timing Analyzer or the Classic Timing Analyzer.


+----------------------------------------------------------------------------------------------------------------------------------------------------------------------------------------------------------------------------+
; Estimated Delay Added for Hold Timing Details                                                                                                                                                                              ;
+-----------------------------------------------------------------------------------------------------------------+--------------------------------------------------------------------------------------+-------------------+
; Source Register                                                                                                 ; Destination Register                                                                 ; Delay Added in ns ;
+-----------------------------------------------------------------------------------------------------------------+--------------------------------------------------------------------------------------+-------------------+
; CLOCK                                                                                                           ; data_path:inst2|BANK_REG:inst1|MAR:inst|REGISTER32bit:inst|REGISTER4bit:inst|inst    ; 1.666             ;
; UNIDADE_CONTROLE:inst|CONTROLSTORE:inst3|altsyncram:altsyncram_component|altsyncram_ds61:auto_generated|q_a[10] ; data_path:inst2|BANK_REG:inst1|SP:inst1|REGISTER32bit:inst|REGISTER4bit:inst16|inst  ; 0.187             ;
; UNIDADE_CONTROLE:inst|CONTROLSTORE:inst3|altsyncram:altsyncram_component|altsyncram_ds61:auto_generated|q_a[14] ; data_path:inst2|BANK_REG:inst1|OPC:inst8|REGISTER32bit:inst|REGISTER4bit:inst16|inst ; 0.176             ;
+-----------------------------------------------------------------------------------------------------------------+--------------------------------------------------------------------------------------+-------------------+
Note: This table only shows the top 3 path(s) that have the largest delay added for hold.


+-----------------+
; Fitter Messages ;
+-----------------+
Warning (20028): Parallel compilation is not licensed and has been disabled
Info (119004): Automatically selected device EP2C35F672C6 for design mic1
Info (119005): Fitting design with smaller device may be possible, but smaller device must be specified
Info (171003): Fitter is performing an Auto Fit compilation, which may decrease Fitter effort to reduce compilation time
Warning (292013): Feature LogicLock is only available with a valid subscription license. You can purchase a software subscription to gain full access to this feature.
Info (176444): Device migration not selected. If you intend to use device migration later, you may need to change the pin assignments as they may be incompatible with other devices
    Info (176445): Device EP2C50F672C6 is compatible
    Info (176445): Device EP2C70F672C6 is compatible
Info (169124): Fitter converted 3 user pins into dedicated programming pins
    Info (169125): Pin ~ASDO~ is reserved at location E3
    Info (169125): Pin ~nCSO~ is reserved at location D3
    Info (169125): Pin ~LVDS150p/nCEO~ is reserved at location AE24
Info (176045): Design uses memory blocks. Violating setup or hold times of memory block address registers for either read or write operations could cause memory contents to be corrupted. Make sure that all memory block address registers meet the setup and hold time requirements.
Critical Warning (169085): No exact pin location assignment(s) for 288 pins of 288 total pins
    Info (169086): Pin B_BUS[31] not assigned to an exact location on the device
    Info (169086): Pin B_BUS[30] not assigned to an exact location on the device
    Info (169086): Pin B_BUS[29] not assigned to an exact location on the device
    Info (169086): Pin B_BUS[28] not assigned to an exact location on the device
    Info (169086): Pin B_BUS[27] not assigned to an exact location on the device
    Info (169086): Pin B_BUS[26] not assigned to an exact location on the device
    Info (169086): Pin B_BUS[25] not assigned to an exact location on the device
    Info (169086): Pin B_BUS[24] not assigned to an exact location on the device
    Info (169086): Pin B_BUS[23] not assigned to an exact location on the device
    Info (169086): Pin B_BUS[22] not assigned to an exact location on the device
    Info (169086): Pin B_BUS[21] not assigned to an exact location on the device
    Info (169086): Pin B_BUS[20] not assigned to an exact location on the device
    Info (169086): Pin B_BUS[19] not assigned to an exact location on the device
    Info (169086): Pin B_BUS[18] not assigned to an exact location on the device
    Info (169086): Pin B_BUS[17] not assigned to an exact location on the device
    Info (169086): Pin B_BUS[16] not assigned to an exact location on the device
    Info (169086): Pin B_BUS[15] not assigned to an exact location on the device
    Info (169086): Pin B_BUS[14] not assigned to an exact location on the device
    Info (169086): Pin B_BUS[13] not assigned to an exact location on the device
    Info (169086): Pin B_BUS[12] not assigned to an exact location on the device
    Info (169086): Pin B_BUS[11] not assigned to an exact location on the device
    Info (169086): Pin B_BUS[10] not assigned to an exact location on the device
    Info (169086): Pin B_BUS[9] not assigned to an exact location on the device
    Info (169086): Pin B_BUS[8] not assigned to an exact location on the device
    Info (169086): Pin B_BUS[7] not assigned to an exact location on the device
    Info (169086): Pin B_BUS[6] not assigned to an exact location on the device
    Info (169086): Pin B_BUS[5] not assigned to an exact location on the device
    Info (169086): Pin B_BUS[4] not assigned to an exact location on the device
    Info (169086): Pin B_BUS[3] not assigned to an exact location on the device
    Info (169086): Pin B_BUS[2] not assigned to an exact location on the device
    Info (169086): Pin B_BUS[1] not assigned to an exact location on the device
    Info (169086): Pin B_BUS[0] not assigned to an exact location on the device
    Info (169086): Pin DATA_MEM_write_enable not assigned to an exact location on the device
    Info (169086): Pin A_BUS[31] not assigned to an exact location on the device
    Info (169086): Pin A_BUS[30] not assigned to an exact location on the device
    Info (169086): Pin A_BUS[29] not assigned to an exact location on the device
    Info (169086): Pin A_BUS[28] not assigned to an exact location on the device
    Info (169086): Pin A_BUS[27] not assigned to an exact location on the device
    Info (169086): Pin A_BUS[26] not assigned to an exact location on the device
    Info (169086): Pin A_BUS[25] not assigned to an exact location on the device
    Info (169086): Pin A_BUS[24] not assigned to an exact location on the device
    Info (169086): Pin A_BUS[23] not assigned to an exact location on the device
    Info (169086): Pin A_BUS[22] not assigned to an exact location on the device
    Info (169086): Pin A_BUS[21] not assigned to an exact location on the device
    Info (169086): Pin A_BUS[20] not assigned to an exact location on the device
    Info (169086): Pin A_BUS[19] not assigned to an exact location on the device
    Info (169086): Pin A_BUS[18] not assigned to an exact location on the device
    Info (169086): Pin A_BUS[17] not assigned to an exact location on the device
    Info (169086): Pin A_BUS[16] not assigned to an exact location on the device
    Info (169086): Pin A_BUS[15] not assigned to an exact location on the device
    Info (169086): Pin A_BUS[14] not assigned to an exact location on the device
    Info (169086): Pin A_BUS[13] not assigned to an exact location on the device
    Info (169086): Pin A_BUS[12] not assigned to an exact location on the device
    Info (169086): Pin A_BUS[11] not assigned to an exact location on the device
    Info (169086): Pin A_BUS[10] not assigned to an exact location on the device
    Info (169086): Pin A_BUS[9] not assigned to an exact location on the device
    Info (169086): Pin A_BUS[8] not assigned to an exact location on the device
    Info (169086): Pin A_BUS[7] not assigned to an exact location on the device
    Info (169086): Pin A_BUS[6] not assigned to an exact location on the device
    Info (169086): Pin A_BUS[5] not assigned to an exact location on the device
    Info (169086): Pin A_BUS[4] not assigned to an exact location on the device
    Info (169086): Pin A_BUS[3] not assigned to an exact location on the device
    Info (169086): Pin A_BUS[2] not assigned to an exact location on the device
    Info (169086): Pin A_BUS[1] not assigned to an exact location on the device
    Info (169086): Pin A_BUS[0] not assigned to an exact location on the device
    Info (169086): Pin C_BUS[31] not assigned to an exact location on the device
    Info (169086): Pin C_BUS[30] not assigned to an exact location on the device
    Info (169086): Pin C_BUS[29] not assigned to an exact location on the device
    Info (169086): Pin C_BUS[28] not assigned to an exact location on the device
    Info (169086): Pin C_BUS[27] not assigned to an exact location on the device
    Info (169086): Pin C_BUS[26] not assigned to an exact location on the device
    Info (169086): Pin C_BUS[25] not assigned to an exact location on the device
    Info (169086): Pin C_BUS[24] not assigned to an exact location on the device
    Info (169086): Pin C_BUS[23] not assigned to an exact location on the device
    Info (169086): Pin C_BUS[22] not assigned to an exact location on the device
    Info (169086): Pin C_BUS[21] not assigned to an exact location on the device
    Info (169086): Pin C_BUS[20] not assigned to an exact location on the device
    Info (169086): Pin C_BUS[19] not assigned to an exact location on the device
    Info (169086): Pin C_BUS[18] not assigned to an exact location on the device
    Info (169086): Pin C_BUS[17] not assigned to an exact location on the device
    Info (169086): Pin C_BUS[16] not assigned to an exact location on the device
    Info (169086): Pin C_BUS[15] not assigned to an exact location on the device
    Info (169086): Pin C_BUS[14] not assigned to an exact location on the device
    Info (169086): Pin C_BUS[13] not assigned to an exact location on the device
    Info (169086): Pin C_BUS[12] not assigned to an exact location on the device
    Info (169086): Pin C_BUS[11] not assigned to an exact location on the device
    Info (169086): Pin C_BUS[10] not assigned to an exact location on the device
    Info (169086): Pin C_BUS[9] not assigned to an exact location on the device
    Info (169086): Pin C_BUS[8] not assigned to an exact location on the device
    Info (169086): Pin C_BUS[7] not assigned to an exact location on the device
    Info (169086): Pin C_BUS[6] not assigned to an exact location on the device
    Info (169086): Pin C_BUS[5] not assigned to an exact location on the device
    Info (169086): Pin C_BUS[4] not assigned to an exact location on the device
    Info (169086): Pin C_BUS[3] not assigned to an exact location on the device
    Info (169086): Pin C_BUS[2] not assigned to an exact location on the device
    Info (169086): Pin C_BUS[1] not assigned to an exact location on the device
    Info (169086): Pin C_BUS[0] not assigned to an exact location on the device
    Info (169086): Pin DATA_MEN_ADDR[31] not assigned to an exact location on the device
    Info (169086): Pin DATA_MEN_ADDR[30] not assigned to an exact location on the device
    Info (169086): Pin DATA_MEN_ADDR[29] not assigned to an exact location on the device
    Info (169086): Pin DATA_MEN_ADDR[28] not assigned to an exact location on the device
    Info (169086): Pin DATA_MEN_ADDR[27] not assigned to an exact location on the device
    Info (169086): Pin DATA_MEN_ADDR[26] not assigned to an exact location on the device
    Info (169086): Pin DATA_MEN_ADDR[25] not assigned to an exact location on the device
    Info (169086): Pin DATA_MEN_ADDR[24] not assigned to an exact location on the device
    Info (169086): Pin DATA_MEN_ADDR[23] not assigned to an exact location on the device
    Info (169086): Pin DATA_MEN_ADDR[22] not assigned to an exact location on the device
    Info (169086): Pin DATA_MEN_ADDR[21] not assigned to an exact location on the device
    Info (169086): Pin DATA_MEN_ADDR[20] not assigned to an exact location on the device
    Info (169086): Pin DATA_MEN_ADDR[19] not assigned to an exact location on the device
    Info (169086): Pin DATA_MEN_ADDR[18] not assigned to an exact location on the device
    Info (169086): Pin DATA_MEN_ADDR[17] not assigned to an exact location on the device
    Info (169086): Pin DATA_MEN_ADDR[16] not assigned to an exact location on the device
    Info (169086): Pin DATA_MEN_ADDR[15] not assigned to an exact location on the device
    Info (169086): Pin DATA_MEN_ADDR[14] not assigned to an exact location on the device
    Info (169086): Pin DATA_MEN_ADDR[13] not assigned to an exact location on the device
    Info (169086): Pin DATA_MEN_ADDR[12] not assigned to an exact location on the device
    Info (169086): Pin DATA_MEN_ADDR[11] not assigned to an exact location on the device
    Info (169086): Pin DATA_MEN_ADDR[10] not assigned to an exact location on the device
    Info (169086): Pin DATA_MEN_ADDR[9] not assigned to an exact location on the device
    Info (169086): Pin DATA_MEN_ADDR[8] not assigned to an exact location on the device
    Info (169086): Pin DATA_MEN_ADDR[7] not assigned to an exact location on the device
    Info (169086): Pin DATA_MEN_ADDR[6] not assigned to an exact location on the device
    Info (169086): Pin DATA_MEN_ADDR[5] not assigned to an exact location on the device
    Info (169086): Pin DATA_MEN_ADDR[4] not assigned to an exact location on the device
    Info (169086): Pin DATA_MEN_ADDR[3] not assigned to an exact location on the device
    Info (169086): Pin DATA_MEN_ADDR[2] not assigned to an exact location on the device
    Info (169086): Pin DATA_MEN_ADDR[1] not assigned to an exact location on the device
    Info (169086): Pin DATA_MEN_ADDR[0] not assigned to an exact location on the device
    Info (169086): Pin DATA_MEN_OUT[31] not assigned to an exact location on the device
    Info (169086): Pin DATA_MEN_OUT[30] not assigned to an exact location on the device
    Info (169086): Pin DATA_MEN_OUT[29] not assigned to an exact location on the device
    Info (169086): Pin DATA_MEN_OUT[28] not assigned to an exact location on the device
    Info (169086): Pin DATA_MEN_OUT[27] not assigned to an exact location on the device
    Info (169086): Pin DATA_MEN_OUT[26] not assigned to an exact location on the device
    Info (169086): Pin DATA_MEN_OUT[25] not assigned to an exact location on the device
    Info (169086): Pin DATA_MEN_OUT[24] not assigned to an exact location on the device
    Info (169086): Pin DATA_MEN_OUT[23] not assigned to an exact location on the device
    Info (169086): Pin DATA_MEN_OUT[22] not assigned to an exact location on the device
    Info (169086): Pin DATA_MEN_OUT[21] not assigned to an exact location on the device
    Info (169086): Pin DATA_MEN_OUT[20] not assigned to an exact location on the device
    Info (169086): Pin DATA_MEN_OUT[19] not assigned to an exact location on the device
    Info (169086): Pin DATA_MEN_OUT[18] not assigned to an exact location on the device
    Info (169086): Pin DATA_MEN_OUT[17] not assigned to an exact location on the device
    Info (169086): Pin DATA_MEN_OUT[16] not assigned to an exact location on the device
    Info (169086): Pin DATA_MEN_OUT[15] not assigned to an exact location on the device
    Info (169086): Pin DATA_MEN_OUT[14] not assigned to an exact location on the device
    Info (169086): Pin DATA_MEN_OUT[13] not assigned to an exact location on the device
    Info (169086): Pin DATA_MEN_OUT[12] not assigned to an exact location on the device
    Info (169086): Pin DATA_MEN_OUT[11] not assigned to an exact location on the device
    Info (169086): Pin DATA_MEN_OUT[10] not assigned to an exact location on the device
    Info (169086): Pin DATA_MEN_OUT[9] not assigned to an exact location on the device
    Info (169086): Pin DATA_MEN_OUT[8] not assigned to an exact location on the device
    Info (169086): Pin DATA_MEN_OUT[7] not assigned to an exact location on the device
    Info (169086): Pin DATA_MEN_OUT[6] not assigned to an exact location on the device
    Info (169086): Pin DATA_MEN_OUT[5] not assigned to an exact location on the device
    Info (169086): Pin DATA_MEN_OUT[4] not assigned to an exact location on the device
    Info (169086): Pin DATA_MEN_OUT[3] not assigned to an exact location on the device
    Info (169086): Pin DATA_MEN_OUT[2] not assigned to an exact location on the device
    Info (169086): Pin DATA_MEN_OUT[1] not assigned to an exact location on the device
    Info (169086): Pin DATA_MEN_OUT[0] not assigned to an exact location on the device
    Info (169086): Pin MBR_OUT[7] not assigned to an exact location on the device
    Info (169086): Pin MBR_OUT[6] not assigned to an exact location on the device
    Info (169086): Pin MBR_OUT[5] not assigned to an exact location on the device
    Info (169086): Pin MBR_OUT[4] not assigned to an exact location on the device
    Info (169086): Pin MBR_OUT[3] not assigned to an exact location on the device
    Info (169086): Pin MBR_OUT[2] not assigned to an exact location on the device
    Info (169086): Pin MBR_OUT[1] not assigned to an exact location on the device
    Info (169086): Pin MBR_OUT[0] not assigned to an exact location on the device
    Info (169086): Pin MIR[35] not assigned to an exact location on the device
    Info (169086): Pin MIR[34] not assigned to an exact location on the device
    Info (169086): Pin MIR[33] not assigned to an exact location on the device
    Info (169086): Pin MIR[32] not assigned to an exact location on the device
    Info (169086): Pin MIR[31] not assigned to an exact location on the device
    Info (169086): Pin MIR[30] not assigned to an exact location on the device
    Info (169086): Pin MIR[29] not assigned to an exact location on the device
    Info (169086): Pin MIR[28] not assigned to an exact location on the device
    Info (169086): Pin MIR[27] not assigned to an exact location on the device
    Info (169086): Pin MIR[26] not assigned to an exact location on the device
    Info (169086): Pin MIR[25] not assigned to an exact location on the device
    Info (169086): Pin MIR[24] not assigned to an exact location on the device
    Info (169086): Pin MIR[23] not assigned to an exact location on the device
    Info (169086): Pin MIR[22] not assigned to an exact location on the device
    Info (169086): Pin MIR[21] not assigned to an exact location on the device
    Info (169086): Pin MIR[20] not assigned to an exact location on the device
    Info (169086): Pin MIR[19] not assigned to an exact location on the device
    Info (169086): Pin MIR[18] not assigned to an exact location on the device
    Info (169086): Pin MIR[17] not assigned to an exact location on the device
    Info (169086): Pin MIR[16] not assigned to an exact location on the device
    Info (169086): Pin MIR[15] not assigned to an exact location on the device
    Info (169086): Pin MIR[14] not assigned to an exact location on the device
    Info (169086): Pin MIR[13] not assigned to an exact location on the device
    Info (169086): Pin MIR[12] not assigned to an exact location on the device
    Info (169086): Pin MIR[11] not assigned to an exact location on the device
    Info (169086): Pin MIR[10] not assigned to an exact location on the device
    Info (169086): Pin MIR[9] not assigned to an exact location on the device
    Info (169086): Pin MIR[8] not assigned to an exact location on the device
    Info (169086): Pin MIR[7] not assigned to an exact location on the device
    Info (169086): Pin MIR[6] not assigned to an exact location on the device
    Info (169086): Pin MIR[5] not assigned to an exact location on the device
    Info (169086): Pin MIR[4] not assigned to an exact location on the device
    Info (169086): Pin MIR[3] not assigned to an exact location on the device
    Info (169086): Pin MIR[2] not assigned to an exact location on the device
    Info (169086): Pin MIR[1] not assigned to an exact location on the device
    Info (169086): Pin MIR[0] not assigned to an exact location on the device
    Info (169086): Pin MPC[8] not assigned to an exact location on the device
    Info (169086): Pin MPC[7] not assigned to an exact location on the device
    Info (169086): Pin MPC[6] not assigned to an exact location on the device
    Info (169086): Pin MPC[5] not assigned to an exact location on the device
    Info (169086): Pin MPC[4] not assigned to an exact location on the device
    Info (169086): Pin MPC[3] not assigned to an exact location on the device
    Info (169086): Pin MPC[2] not assigned to an exact location on the device
    Info (169086): Pin MPC[1] not assigned to an exact location on the device
    Info (169086): Pin MPC[0] not assigned to an exact location on the device
    Info (169086): Pin PC[31] not assigned to an exact location on the device
    Info (169086): Pin PC[30] not assigned to an exact location on the device
    Info (169086): Pin PC[29] not assigned to an exact location on the device
    Info (169086): Pin PC[28] not assigned to an exact location on the device
    Info (169086): Pin PC[27] not assigned to an exact location on the device
    Info (169086): Pin PC[26] not assigned to an exact location on the device
    Info (169086): Pin PC[25] not assigned to an exact location on the device
    Info (169086): Pin PC[24] not assigned to an exact location on the device
    Info (169086): Pin PC[23] not assigned to an exact location on the device
    Info (169086): Pin PC[22] not assigned to an exact location on the device
    Info (169086): Pin PC[21] not assigned to an exact location on the device
    Info (169086): Pin PC[20] not assigned to an exact location on the device
    Info (169086): Pin PC[19] not assigned to an exact location on the device
    Info (169086): Pin PC[18] not assigned to an exact location on the device
    Info (169086): Pin PC[17] not assigned to an exact location on the device
    Info (169086): Pin PC[16] not assigned to an exact location on the device
    Info (169086): Pin PC[15] not assigned to an exact location on the device
    Info (169086): Pin PC[14] not assigned to an exact location on the device
    Info (169086): Pin PC[13] not assigned to an exact location on the device
    Info (169086): Pin PC[12] not assigned to an exact location on the device
    Info (169086): Pin PC[11] not assigned to an exact location on the device
    Info (169086): Pin PC[10] not assigned to an exact location on the device
    Info (169086): Pin PC[9] not assigned to an exact location on the device
    Info (169086): Pin PC[8] not assigned to an exact location on the device
    Info (169086): Pin PC[7] not assigned to an exact location on the device
    Info (169086): Pin PC[6] not assigned to an exact location on the device
    Info (169086): Pin PC[5] not assigned to an exact location on the device
    Info (169086): Pin PC[4] not assigned to an exact location on the device
    Info (169086): Pin PC[3] not assigned to an exact location on the device
    Info (169086): Pin PC[2] not assigned to an exact location on the device
    Info (169086): Pin PC[1] not assigned to an exact location on the device
    Info (169086): Pin PC[0] not assigned to an exact location on the device
    Info (169086): Pin CLOCK not assigned to an exact location on the device
    Info (169086): Pin LOADN not assigned to an exact location on the device
    Info (169086): Pin PROG_MEM_IN[7] not assigned to an exact location on the device
    Info (169086): Pin DATA_MEM_IN[24] not assigned to an exact location on the device
    Info (169086): Pin DATA_MEM_IN[26] not assigned to an exact location on the device
    Info (169086): Pin DATA_MEM_IN[27] not assigned to an exact location on the device
    Info (169086): Pin DATA_MEM_IN[28] not assigned to an exact location on the device
    Info (169086): Pin DATA_MEM_IN[29] not assigned to an exact location on the device
    Info (169086): Pin DATA_MEM_IN[30] not assigned to an exact location on the device
    Info (169086): Pin DATA_MEM_IN[31] not assigned to an exact location on the device
    Info (169086): Pin DATA_MEM_IN[17] not assigned to an exact location on the device
    Info (169086): Pin DATA_MEM_IN[18] not assigned to an exact location on the device
    Info (169086): Pin DATA_MEM_IN[19] not assigned to an exact location on the device
    Info (169086): Pin DATA_MEM_IN[20] not assigned to an exact location on the device
    Info (169086): Pin DATA_MEM_IN[21] not assigned to an exact location on the device
    Info (169086): Pin DATA_MEM_IN[22] not assigned to an exact location on the device
    Info (169086): Pin DATA_MEM_IN[23] not assigned to an exact location on the device
    Info (169086): Pin DATA_MEM_IN[8] not assigned to an exact location on the device
    Info (169086): Pin DATA_MEM_IN[9] not assigned to an exact location on the device
    Info (169086): Pin DATA_MEM_IN[10] not assigned to an exact location on the device
    Info (169086): Pin DATA_MEM_IN[11] not assigned to an exact location on the device
    Info (169086): Pin DATA_MEM_IN[12] not assigned to an exact location on the device
    Info (169086): Pin DATA_MEM_IN[13] not assigned to an exact location on the device
    Info (169086): Pin DATA_MEM_IN[14] not assigned to an exact location on the device
    Info (169086): Pin DATA_MEM_IN[15] not assigned to an exact location on the device
    Info (169086): Pin DATA_MEM_IN[7] not assigned to an exact location on the device
    Info (169086): Pin PROG_MEM_IN[6] not assigned to an exact location on the device
    Info (169086): Pin DATA_MEM_IN[6] not assigned to an exact location on the device
    Info (169086): Pin PROG_MEM_IN[5] not assigned to an exact location on the device
    Info (169086): Pin DATA_MEM_IN[5] not assigned to an exact location on the device
    Info (169086): Pin PROG_MEM_IN[4] not assigned to an exact location on the device
    Info (169086): Pin DATA_MEM_IN[4] not assigned to an exact location on the device
    Info (169086): Pin PROG_MEM_IN[3] not assigned to an exact location on the device
    Info (169086): Pin DATA_MEM_IN[3] not assigned to an exact location on the device
    Info (169086): Pin PROG_MEM_IN[2] not assigned to an exact location on the device
    Info (169086): Pin DATA_MEM_IN[2] not assigned to an exact location on the device
    Info (169086): Pin PROG_MEM_IN[1] not assigned to an exact location on the device
    Info (169086): Pin DATA_MEM_IN[1] not assigned to an exact location on the device
    Info (169086): Pin PROG_MEM_IN[0] not assigned to an exact location on the device
    Info (169086): Pin DATA_MEM_IN[0] not assigned to an exact location on the device
    Info (169086): Pin DATA_MEM_IN[16] not assigned to an exact location on the device
    Info (169086): Pin DATA_MEM_IN[25] not assigned to an exact location on the device
Critical Warning (332012): Synopsys Design Constraints File file not found: 'mic1.sdc'. A Synopsys Design Constraints File is required by the TimeQuest Timing Analyzer to get proper timing constraints. Without it, the Compiler will not properly optimize the design.
Info (332144): No user constrained base clocks found in the design
Info (332130): Timing requirements not specified -- quality metrics such as performance may be sacrificed to reduce compilation time.
Info (176353): Automatically promoted node CLOCK (placed in PIN P2 (CLK2, LVDSCLK1p, Input))
    Info (176355): Automatically promoted destinations to use location or clock signal Global Clock CLKCTRL_G3
    Info (176356): Following destination nodes may be non-global or may not use global or regional clocks
        Info (176357): Destination node UNIDADE_CONTROLE:inst|CONTROLSTORE:inst3|altsyncram:altsyncram_component|altsyncram_ds61:auto_generated|ram_block1a7
        Info (176357): Destination node UNIDADE_CONTROLE:inst|CONTROLSTORE:inst3|altsyncram:altsyncram_component|altsyncram_ds61:auto_generated|ram_block1a8
        Info (176357): Destination node UNIDADE_CONTROLE:inst|CONTROLSTORE:inst3|altsyncram:altsyncram_component|altsyncram_ds61:auto_generated|ram_block1a9
        Info (176357): Destination node UNIDADE_CONTROLE:inst|CONTROLSTORE:inst3|altsyncram:altsyncram_component|altsyncram_ds61:auto_generated|ram_block1a10
        Info (176357): Destination node UNIDADE_CONTROLE:inst|CONTROLSTORE:inst3|altsyncram:altsyncram_component|altsyncram_ds61:auto_generated|ram_block1a11
        Info (176357): Destination node UNIDADE_CONTROLE:inst|CONTROLSTORE:inst3|altsyncram:altsyncram_component|altsyncram_ds61:auto_generated|ram_block1a12
        Info (176357): Destination node UNIDADE_CONTROLE:inst|CONTROLSTORE:inst3|altsyncram:altsyncram_component|altsyncram_ds61:auto_generated|ram_block1a13
        Info (176357): Destination node UNIDADE_CONTROLE:inst|CONTROLSTORE:inst3|altsyncram:altsyncram_component|altsyncram_ds61:auto_generated|ram_block1a14
        Info (176357): Destination node UNIDADE_CONTROLE:inst|CONTROLSTORE:inst3|altsyncram:altsyncram_component|altsyncram_ds61:auto_generated|ram_block1a15
        Info (176357): Destination node data_path:inst2|BANK_REG:inst1|MDR:inst3|inst13
        Info (176358): Non-global destination nodes limited to 10 nodes
Info (176353): Automatically promoted node data_path:inst2|BANK_REG:inst1|CPP:inst6|REGISTER32bit:inst|inst12 
    Info (176355): Automatically promoted destinations to use location or clock signal Global Clock
Info (176353): Automatically promoted node data_path:inst2|BANK_REG:inst1|H:inst10|REGISTER32bit:inst|inst12 
    Info (176355): Automatically promoted destinations to use location or clock signal Global Clock
Info (176353): Automatically promoted node data_path:inst2|BANK_REG:inst1|LV:inst2|REGISTER32bit:inst|inst12 
    Info (176355): Automatically promoted destinations to use location or clock signal Global Clock
Info (176353): Automatically promoted node data_path:inst2|BANK_REG:inst1|MAR:inst|REGISTER32bit:inst|inst12 
    Info (176355): Automatically promoted destinations to use location or clock signal Global Clock
Info (176353): Automatically promoted node data_path:inst2|BANK_REG:inst1|MDR:inst3|REGISTER32bit:inst1|inst12 
    Info (176355): Automatically promoted destinations to use location or clock signal Global Clock
Info (176353): Automatically promoted node data_path:inst2|BANK_REG:inst1|OPC:inst8|REGISTER32bit:inst|inst12 
    Info (176355): Automatically promoted destinations to use location or clock signal Global Clock
Info (176353): Automatically promoted node data_path:inst2|BANK_REG:inst1|PC:inst4|REGISTER32bit:inst|inst12 
    Info (176355): Automatically promoted destinations to use location or clock signal Global Clock
Info (176353): Automatically promoted node data_path:inst2|BANK_REG:inst1|SP:inst1|REGISTER32bit:inst|inst12 
    Info (176355): Automatically promoted destinations to use location or clock signal Global Clock
Info (176353): Automatically promoted node data_path:inst2|BANK_REG:inst1|TOS:inst7|REGISTER32bit:inst|inst12 
    Info (176355): Automatically promoted destinations to use location or clock signal Global Clock
Info (176353): Automatically promoted node data_path:inst2|BANK_REG:inst1|MBR:inst5|REGISTER32bit:inst3|inst12 
    Info (176355): Automatically promoted destinations to use location or clock signal Global Clock
Info (176353): Automatically promoted node data_path:inst2|BANK_REG:inst1|MBR:inst5|REGISTER32bit:inst|inst12 
    Info (176355): Automatically promoted destinations to use location or clock signal Global Clock
Info (176353): Automatically promoted node LOADN (placed in PIN N25 (CLK4, LVDSCLK2p, Input))
    Info (176355): Automatically promoted destinations to use location or clock signal Global Clock CLKCTRL_G6
Info (176233): Starting register packing
Info (176235): Finished register packing
    Extra Info (176219): No registers were packed into other blocks
Info (176214): Statistics of I/O pins that need to be placed that use the same VCCIO and VREF, before I/O pin placement
    Info (176211): Number of I/O pins in group: 286 (unused VREF, 3.3V VCCIO, 40 input, 246 output, 0 bidirectional)
        Info (176212): I/O standards used: 3.3-V LVTTL.
Info (176215): I/O bank details before I/O pin placement
    Info (176214): Statistics of I/O banks
        Info (176213): I/O bank number 1 does not use VREF pins and has undetermined VCCIO pins. 1 total pin(s) used --  63 pins available
        Info (176213): I/O bank number 2 does not use VREF pins and has undetermined VCCIO pins. 2 total pin(s) used --  57 pins available
        Info (176213): I/O bank number 3 does not use VREF pins and has undetermined VCCIO pins. 0 total pin(s) used --  56 pins available
        Info (176213): I/O bank number 4 does not use VREF pins and has undetermined VCCIO pins. 0 total pin(s) used --  58 pins available
        Info (176213): I/O bank number 5 does not use VREF pins and has undetermined VCCIO pins. 1 total pin(s) used --  64 pins available
        Info (176213): I/O bank number 6 does not use VREF pins and has undetermined VCCIO pins. 1 total pin(s) used --  58 pins available
        Info (176213): I/O bank number 7 does not use VREF pins and has undetermined VCCIO pins. 0 total pin(s) used --  58 pins available
        Info (176213): I/O bank number 8 does not use VREF pins and has undetermined VCCIO pins. 0 total pin(s) used --  56 pins available
Info (171121): Fitter preparation operations ending: elapsed time is 00:00:01
Info (170189): Fitter placement preparation operations beginning
Info (170190): Fitter placement preparation operations ending: elapsed time is 00:00:00
Info (170191): Fitter placement operations beginning
Info (170137): Fitter placement was successful
Info (170192): Fitter placement operations ending: elapsed time is 00:00:03
Info (170193): Fitter routing operations beginning
Info (170195): Router estimated average interconnect usage is 2% of the available device resources
    Info (170196): Router estimated peak interconnect usage is 9% of the available device resources in the region that extends from location X22_Y12 to location X32_Y23
Info (170194): Fitter routing operations ending: elapsed time is 00:00:03
Info (170199): The Fitter performed an Auto Fit compilation.  Optimizations were skipped to reduce compilation time.
    Info (170201): Optimizations that may affect the design's routability were skipped
Info (11888): Total time spent on timing analysis during the Fitter is 1.23 seconds.
Info (306004): Started post-fitting delay annotation
Warning (306006): Found 246 output pins without output pin load capacitance assignment
    Info (306007): Pin "B_BUS[31]" has no specified output pin load capacitance -- assuming default load capacitance of 0 pF for timing analysis
    Info (306007): Pin "B_BUS[30]" has no specified output pin load capacitance -- assuming default load capacitance of 0 pF for timing analysis
    Info (306007): Pin "B_BUS[29]" has no specified output pin load capacitance -- assuming default load capacitance of 0 pF for timing analysis
    Info (306007): Pin "B_BUS[28]" has no specified output pin load capacitance -- assuming default load capacitance of 0 pF for timing analysis
    Info (306007): Pin "B_BUS[27]" has no specified output pin load capacitance -- assuming default load capacitance of 0 pF for timing analysis
    Info (306007): Pin "B_BUS[26]" has no specified output pin load capacitance -- assuming default load capacitance of 0 pF for timing analysis
    Info (306007): Pin "B_BUS[25]" has no specified output pin load capacitance -- assuming default load capacitance of 0 pF for timing analysis
    Info (306007): Pin "B_BUS[24]" has no specified output pin load capacitance -- assuming default load capacitance of 0 pF for timing analysis
    Info (306007): Pin "B_BUS[23]" has no specified output pin load capacitance -- assuming default load capacitance of 0 pF for timing analysis
    Info (306007): Pin "B_BUS[22]" has no specified output pin load capacitance -- assuming default load capacitance of 0 pF for timing analysis
    Info (306007): Pin "B_BUS[21]" has no specified output pin load capacitance -- assuming default load capacitance of 0 pF for timing analysis
    Info (306007): Pin "B_BUS[20]" has no specified output pin load capacitance -- assuming default load capacitance of 0 pF for timing analysis
    Info (306007): Pin "B_BUS[19]" has no specified output pin load capacitance -- assuming default load capacitance of 0 pF for timing analysis
    Info (306007): Pin "B_BUS[18]" has no specified output pin load capacitance -- assuming default load capacitance of 0 pF for timing analysis
    Info (306007): Pin "B_BUS[17]" has no specified output pin load capacitance -- assuming default load capacitance of 0 pF for timing analysis
    Info (306007): Pin "B_BUS[16]" has no specified output pin load capacitance -- assuming default load capacitance of 0 pF for timing analysis
    Info (306007): Pin "B_BUS[15]" has no specified output pin load capacitance -- assuming default load capacitance of 0 pF for timing analysis
    Info (306007): Pin "B_BUS[14]" has no specified output pin load capacitance -- assuming default load capacitance of 0 pF for timing analysis
    Info (306007): Pin "B_BUS[13]" has no specified output pin load capacitance -- assuming default load capacitance of 0 pF for timing analysis
    Info (306007): Pin "B_BUS[12]" has no specified output pin load capacitance -- assuming default load capacitance of 0 pF for timing analysis
    Info (306007): Pin "B_BUS[11]" has no specified output pin load capacitance -- assuming default load capacitance of 0 pF for timing analysis
    Info (306007): Pin "B_BUS[10]" has no specified output pin load capacitance -- assuming default load capacitance of 0 pF for timing analysis
    Info (306007): Pin "B_BUS[9]" has no specified output pin load capacitance -- assuming default load capacitance of 0 pF for timing analysis
    Info (306007): Pin "B_BUS[8]" has no specified output pin load capacitance -- assuming default load capacitance of 0 pF for timing analysis
    Info (306007): Pin "B_BUS[7]" has no specified output pin load capacitance -- assuming default load capacitance of 0 pF for timing analysis
    Info (306007): Pin "B_BUS[6]" has no specified output pin load capacitance -- assuming default load capacitance of 0 pF for timing analysis
    Info (306007): Pin "B_BUS[5]" has no specified output pin load capacitance -- assuming default load capacitance of 0 pF for timing analysis
    Info (306007): Pin "B_BUS[4]" has no specified output pin load capacitance -- assuming default load capacitance of 0 pF for timing analysis
    Info (306007): Pin "B_BUS[3]" has no specified output pin load capacitance -- assuming default load capacitance of 0 pF for timing analysis
    Info (306007): Pin "B_BUS[2]" has no specified output pin load capacitance -- assuming default load capacitance of 0 pF for timing analysis
    Info (306007): Pin "B_BUS[1]" has no specified output pin load capacitance -- assuming default load capacitance of 0 pF for timing analysis
    Info (306007): Pin "B_BUS[0]" has no specified output pin load capacitance -- assuming default load capacitance of 0 pF for timing analysis
    Info (306007): Pin "DATA_MEM_write_enable" has no specified output pin load capacitance -- assuming default load capacitance of 0 pF for timing analysis
    Info (306007): Pin "A_BUS[31]" has no specified output pin load capacitance -- assuming default load capacitance of 0 pF for timing analysis
    Info (306007): Pin "A_BUS[30]" has no specified output pin load capacitance -- assuming default load capacitance of 0 pF for timing analysis
    Info (306007): Pin "A_BUS[29]" has no specified output pin load capacitance -- assuming default load capacitance of 0 pF for timing analysis
    Info (306007): Pin "A_BUS[28]" has no specified output pin load capacitance -- assuming default load capacitance of 0 pF for timing analysis
    Info (306007): Pin "A_BUS[27]" has no specified output pin load capacitance -- assuming default load capacitance of 0 pF for timing analysis
    Info (306007): Pin "A_BUS[26]" has no specified output pin load capacitance -- assuming default load capacitance of 0 pF for timing analysis
    Info (306007): Pin "A_BUS[25]" has no specified output pin load capacitance -- assuming default load capacitance of 0 pF for timing analysis
    Info (306007): Pin "A_BUS[24]" has no specified output pin load capacitance -- assuming default load capacitance of 0 pF for timing analysis
    Info (306007): Pin "A_BUS[23]" has no specified output pin load capacitance -- assuming default load capacitance of 0 pF for timing analysis
    Info (306007): Pin "A_BUS[22]" has no specified output pin load capacitance -- assuming default load capacitance of 0 pF for timing analysis
    Info (306007): Pin "A_BUS[21]" has no specified output pin load capacitance -- assuming default load capacitance of 0 pF for timing analysis
    Info (306007): Pin "A_BUS[20]" has no specified output pin load capacitance -- assuming default load capacitance of 0 pF for timing analysis
    Info (306007): Pin "A_BUS[19]" has no specified output pin load capacitance -- assuming default load capacitance of 0 pF for timing analysis
    Info (306007): Pin "A_BUS[18]" has no specified output pin load capacitance -- assuming default load capacitance of 0 pF for timing analysis
    Info (306007): Pin "A_BUS[17]" has no specified output pin load capacitance -- assuming default load capacitance of 0 pF for timing analysis
    Info (306007): Pin "A_BUS[16]" has no specified output pin load capacitance -- assuming default load capacitance of 0 pF for timing analysis
    Info (306007): Pin "A_BUS[15]" has no specified output pin load capacitance -- assuming default load capacitance of 0 pF for timing analysis
    Info (306007): Pin "A_BUS[14]" has no specified output pin load capacitance -- assuming default load capacitance of 0 pF for timing analysis
    Info (306007): Pin "A_BUS[13]" has no specified output pin load capacitance -- assuming default load capacitance of 0 pF for timing analysis
    Info (306007): Pin "A_BUS[12]" has no specified output pin load capacitance -- assuming default load capacitance of 0 pF for timing analysis
    Info (306007): Pin "A_BUS[11]" has no specified output pin load capacitance -- assuming default load capacitance of 0 pF for timing analysis
    Info (306007): Pin "A_BUS[10]" has no specified output pin load capacitance -- assuming default load capacitance of 0 pF for timing analysis
    Info (306007): Pin "A_BUS[9]" has no specified output pin load capacitance -- assuming default load capacitance of 0 pF for timing analysis
    Info (306007): Pin "A_BUS[8]" has no specified output pin load capacitance -- assuming default load capacitance of 0 pF for timing analysis
    Info (306007): Pin "A_BUS[7]" has no specified output pin load capacitance -- assuming default load capacitance of 0 pF for timing analysis
    Info (306007): Pin "A_BUS[6]" has no specified output pin load capacitance -- assuming default load capacitance of 0 pF for timing analysis
    Info (306007): Pin "A_BUS[5]" has no specified output pin load capacitance -- assuming default load capacitance of 0 pF for timing analysis
    Info (306007): Pin "A_BUS[4]" has no specified output pin load capacitance -- assuming default load capacitance of 0 pF for timing analysis
    Info (306007): Pin "A_BUS[3]" has no specified output pin load capacitance -- assuming default load capacitance of 0 pF for timing analysis
    Info (306007): Pin "A_BUS[2]" has no specified output pin load capacitance -- assuming default load capacitance of 0 pF for timing analysis
    Info (306007): Pin "A_BUS[1]" has no specified output pin load capacitance -- assuming default load capacitance of 0 pF for timing analysis
    Info (306007): Pin "A_BUS[0]" has no specified output pin load capacitance -- assuming default load capacitance of 0 pF for timing analysis
    Info (306007): Pin "C_BUS[31]" has no specified output pin load capacitance -- assuming default load capacitance of 0 pF for timing analysis
    Info (306007): Pin "C_BUS[30]" has no specified output pin load capacitance -- assuming default load capacitance of 0 pF for timing analysis
    Info (306007): Pin "C_BUS[29]" has no specified output pin load capacitance -- assuming default load capacitance of 0 pF for timing analysis
    Info (306007): Pin "C_BUS[28]" has no specified output pin load capacitance -- assuming default load capacitance of 0 pF for timing analysis
    Info (306007): Pin "C_BUS[27]" has no specified output pin load capacitance -- assuming default load capacitance of 0 pF for timing analysis
    Info (306007): Pin "C_BUS[26]" has no specified output pin load capacitance -- assuming default load capacitance of 0 pF for timing analysis
    Info (306007): Pin "C_BUS[25]" has no specified output pin load capacitance -- assuming default load capacitance of 0 pF for timing analysis
    Info (306007): Pin "C_BUS[24]" has no specified output pin load capacitance -- assuming default load capacitance of 0 pF for timing analysis
    Info (306007): Pin "C_BUS[23]" has no specified output pin load capacitance -- assuming default load capacitance of 0 pF for timing analysis
    Info (306007): Pin "C_BUS[22]" has no specified output pin load capacitance -- assuming default load capacitance of 0 pF for timing analysis
    Info (306007): Pin "C_BUS[21]" has no specified output pin load capacitance -- assuming default load capacitance of 0 pF for timing analysis
    Info (306007): Pin "C_BUS[20]" has no specified output pin load capacitance -- assuming default load capacitance of 0 pF for timing analysis
    Info (306007): Pin "C_BUS[19]" has no specified output pin load capacitance -- assuming default load capacitance of 0 pF for timing analysis
    Info (306007): Pin "C_BUS[18]" has no specified output pin load capacitance -- assuming default load capacitance of 0 pF for timing analysis
    Info (306007): Pin "C_BUS[17]" has no specified output pin load capacitance -- assuming default load capacitance of 0 pF for timing analysis
    Info (306007): Pin "C_BUS[16]" has no specified output pin load capacitance -- assuming default load capacitance of 0 pF for timing analysis
    Info (306007): Pin "C_BUS[15]" has no specified output pin load capacitance -- assuming default load capacitance of 0 pF for timing analysis
    Info (306007): Pin "C_BUS[14]" has no specified output pin load capacitance -- assuming default load capacitance of 0 pF for timing analysis
    Info (306007): Pin "C_BUS[13]" has no specified output pin load capacitance -- assuming default load capacitance of 0 pF for timing analysis
    Info (306007): Pin "C_BUS[12]" has no specified output pin load capacitance -- assuming default load capacitance of 0 pF for timing analysis
    Info (306007): Pin "C_BUS[11]" has no specified output pin load capacitance -- assuming default load capacitance of 0 pF for timing analysis
    Info (306007): Pin "C_BUS[10]" has no specified output pin load capacitance -- assuming default load capacitance of 0 pF for timing analysis
    Info (306007): Pin "C_BUS[9]" has no specified output pin load capacitance -- assuming default load capacitance of 0 pF for timing analysis
    Info (306007): Pin "C_BUS[8]" has no specified output pin load capacitance -- assuming default load capacitance of 0 pF for timing analysis
    Info (306007): Pin "C_BUS[7]" has no specified output pin load capacitance -- assuming default load capacitance of 0 pF for timing analysis
    Info (306007): Pin "C_BUS[6]" has no specified output pin load capacitance -- assuming default load capacitance of 0 pF for timing analysis
    Info (306007): Pin "C_BUS[5]" has no specified output pin load capacitance -- assuming default load capacitance of 0 pF for timing analysis
    Info (306007): Pin "C_BUS[4]" has no specified output pin load capacitance -- assuming default load capacitance of 0 pF for timing analysis
    Info (306007): Pin "C_BUS[3]" has no specified output pin load capacitance -- assuming default load capacitance of 0 pF for timing analysis
    Info (306007): Pin "C_BUS[2]" has no specified output pin load capacitance -- assuming default load capacitance of 0 pF for timing analysis
    Info (306007): Pin "C_BUS[1]" has no specified output pin load capacitance -- assuming default load capacitance of 0 pF for timing analysis
    Info (306007): Pin "C_BUS[0]" has no specified output pin load capacitance -- assuming default load capacitance of 0 pF for timing analysis
    Info (306007): Pin "DATA_MEN_ADDR[31]" has no specified output pin load capacitance -- assuming default load capacitance of 0 pF for timing analysis
    Info (306007): Pin "DATA_MEN_ADDR[30]" has no specified output pin load capacitance -- assuming default load capacitance of 0 pF for timing analysis
    Info (306007): Pin "DATA_MEN_ADDR[29]" has no specified output pin load capacitance -- assuming default load capacitance of 0 pF for timing analysis
    Info (306007): Pin "DATA_MEN_ADDR[28]" has no specified output pin load capacitance -- assuming default load capacitance of 0 pF for timing analysis
    Info (306007): Pin "DATA_MEN_ADDR[27]" has no specified output pin load capacitance -- assuming default load capacitance of 0 pF for timing analysis
    Info (306007): Pin "DATA_MEN_ADDR[26]" has no specified output pin load capacitance -- assuming default load capacitance of 0 pF for timing analysis
    Info (306007): Pin "DATA_MEN_ADDR[25]" has no specified output pin load capacitance -- assuming default load capacitance of 0 pF for timing analysis
    Info (306007): Pin "DATA_MEN_ADDR[24]" has no specified output pin load capacitance -- assuming default load capacitance of 0 pF for timing analysis
    Info (306007): Pin "DATA_MEN_ADDR[23]" has no specified output pin load capacitance -- assuming default load capacitance of 0 pF for timing analysis
    Info (306007): Pin "DATA_MEN_ADDR[22]" has no specified output pin load capacitance -- assuming default load capacitance of 0 pF for timing analysis
    Info (306007): Pin "DATA_MEN_ADDR[21]" has no specified output pin load capacitance -- assuming default load capacitance of 0 pF for timing analysis
    Info (306007): Pin "DATA_MEN_ADDR[20]" has no specified output pin load capacitance -- assuming default load capacitance of 0 pF for timing analysis
    Info (306007): Pin "DATA_MEN_ADDR[19]" has no specified output pin load capacitance -- assuming default load capacitance of 0 pF for timing analysis
    Info (306007): Pin "DATA_MEN_ADDR[18]" has no specified output pin load capacitance -- assuming default load capacitance of 0 pF for timing analysis
    Info (306007): Pin "DATA_MEN_ADDR[17]" has no specified output pin load capacitance -- assuming default load capacitance of 0 pF for timing analysis
    Info (306007): Pin "DATA_MEN_ADDR[16]" has no specified output pin load capacitance -- assuming default load capacitance of 0 pF for timing analysis
    Info (306007): Pin "DATA_MEN_ADDR[15]" has no specified output pin load capacitance -- assuming default load capacitance of 0 pF for timing analysis
    Info (306007): Pin "DATA_MEN_ADDR[14]" has no specified output pin load capacitance -- assuming default load capacitance of 0 pF for timing analysis
    Info (306007): Pin "DATA_MEN_ADDR[13]" has no specified output pin load capacitance -- assuming default load capacitance of 0 pF for timing analysis
    Info (306007): Pin "DATA_MEN_ADDR[12]" has no specified output pin load capacitance -- assuming default load capacitance of 0 pF for timing analysis
    Info (306007): Pin "DATA_MEN_ADDR[11]" has no specified output pin load capacitance -- assuming default load capacitance of 0 pF for timing analysis
    Info (306007): Pin "DATA_MEN_ADDR[10]" has no specified output pin load capacitance -- assuming default load capacitance of 0 pF for timing analysis
    Info (306007): Pin "DATA_MEN_ADDR[9]" has no specified output pin load capacitance -- assuming default load capacitance of 0 pF for timing analysis
    Info (306007): Pin "DATA_MEN_ADDR[8]" has no specified output pin load capacitance -- assuming default load capacitance of 0 pF for timing analysis
    Info (306007): Pin "DATA_MEN_ADDR[7]" has no specified output pin load capacitance -- assuming default load capacitance of 0 pF for timing analysis
    Info (306007): Pin "DATA_MEN_ADDR[6]" has no specified output pin load capacitance -- assuming default load capacitance of 0 pF for timing analysis
    Info (306007): Pin "DATA_MEN_ADDR[5]" has no specified output pin load capacitance -- assuming default load capacitance of 0 pF for timing analysis
    Info (306007): Pin "DATA_MEN_ADDR[4]" has no specified output pin load capacitance -- assuming default load capacitance of 0 pF for timing analysis
    Info (306007): Pin "DATA_MEN_ADDR[3]" has no specified output pin load capacitance -- assuming default load capacitance of 0 pF for timing analysis
    Info (306007): Pin "DATA_MEN_ADDR[2]" has no specified output pin load capacitance -- assuming default load capacitance of 0 pF for timing analysis
    Info (306007): Pin "DATA_MEN_ADDR[1]" has no specified output pin load capacitance -- assuming default load capacitance of 0 pF for timing analysis
    Info (306007): Pin "DATA_MEN_ADDR[0]" has no specified output pin load capacitance -- assuming default load capacitance of 0 pF for timing analysis
    Info (306007): Pin "DATA_MEN_OUT[31]" has no specified output pin load capacitance -- assuming default load capacitance of 0 pF for timing analysis
    Info (306007): Pin "DATA_MEN_OUT[30]" has no specified output pin load capacitance -- assuming default load capacitance of 0 pF for timing analysis
    Info (306007): Pin "DATA_MEN_OUT[29]" has no specified output pin load capacitance -- assuming default load capacitance of 0 pF for timing analysis
    Info (306007): Pin "DATA_MEN_OUT[28]" has no specified output pin load capacitance -- assuming default load capacitance of 0 pF for timing analysis
    Info (306007): Pin "DATA_MEN_OUT[27]" has no specified output pin load capacitance -- assuming default load capacitance of 0 pF for timing analysis
    Info (306007): Pin "DATA_MEN_OUT[26]" has no specified output pin load capacitance -- assuming default load capacitance of 0 pF for timing analysis
    Info (306007): Pin "DATA_MEN_OUT[25]" has no specified output pin load capacitance -- assuming default load capacitance of 0 pF for timing analysis
    Info (306007): Pin "DATA_MEN_OUT[24]" has no specified output pin load capacitance -- assuming default load capacitance of 0 pF for timing analysis
    Info (306007): Pin "DATA_MEN_OUT[23]" has no specified output pin load capacitance -- assuming default load capacitance of 0 pF for timing analysis
    Info (306007): Pin "DATA_MEN_OUT[22]" has no specified output pin load capacitance -- assuming default load capacitance of 0 pF for timing analysis
    Info (306007): Pin "DATA_MEN_OUT[21]" has no specified output pin load capacitance -- assuming default load capacitance of 0 pF for timing analysis
    Info (306007): Pin "DATA_MEN_OUT[20]" has no specified output pin load capacitance -- assuming default load capacitance of 0 pF for timing analysis
    Info (306007): Pin "DATA_MEN_OUT[19]" has no specified output pin load capacitance -- assuming default load capacitance of 0 pF for timing analysis
    Info (306007): Pin "DATA_MEN_OUT[18]" has no specified output pin load capacitance -- assuming default load capacitance of 0 pF for timing analysis
    Info (306007): Pin "DATA_MEN_OUT[17]" has no specified output pin load capacitance -- assuming default load capacitance of 0 pF for timing analysis
    Info (306007): Pin "DATA_MEN_OUT[16]" has no specified output pin load capacitance -- assuming default load capacitance of 0 pF for timing analysis
    Info (306007): Pin "DATA_MEN_OUT[15]" has no specified output pin load capacitance -- assuming default load capacitance of 0 pF for timing analysis
    Info (306007): Pin "DATA_MEN_OUT[14]" has no specified output pin load capacitance -- assuming default load capacitance of 0 pF for timing analysis
    Info (306007): Pin "DATA_MEN_OUT[13]" has no specified output pin load capacitance -- assuming default load capacitance of 0 pF for timing analysis
    Info (306007): Pin "DATA_MEN_OUT[12]" has no specified output pin load capacitance -- assuming default load capacitance of 0 pF for timing analysis
    Info (306007): Pin "DATA_MEN_OUT[11]" has no specified output pin load capacitance -- assuming default load capacitance of 0 pF for timing analysis
    Info (306007): Pin "DATA_MEN_OUT[10]" has no specified output pin load capacitance -- assuming default load capacitance of 0 pF for timing analysis
    Info (306007): Pin "DATA_MEN_OUT[9]" has no specified output pin load capacitance -- assuming default load capacitance of 0 pF for timing analysis
    Info (306007): Pin "DATA_MEN_OUT[8]" has no specified output pin load capacitance -- assuming default load capacitance of 0 pF for timing analysis
    Info (306007): Pin "DATA_MEN_OUT[7]" has no specified output pin load capacitance -- assuming default load capacitance of 0 pF for timing analysis
    Info (306007): Pin "DATA_MEN_OUT[6]" has no specified output pin load capacitance -- assuming default load capacitance of 0 pF for timing analysis
    Info (306007): Pin "DATA_MEN_OUT[5]" has no specified output pin load capacitance -- assuming default load capacitance of 0 pF for timing analysis
    Info (306007): Pin "DATA_MEN_OUT[4]" has no specified output pin load capacitance -- assuming default load capacitance of 0 pF for timing analysis
    Info (306007): Pin "DATA_MEN_OUT[3]" has no specified output pin load capacitance -- assuming default load capacitance of 0 pF for timing analysis
    Info (306007): Pin "DATA_MEN_OUT[2]" has no specified output pin load capacitance -- assuming default load capacitance of 0 pF for timing analysis
    Info (306007): Pin "DATA_MEN_OUT[1]" has no specified output pin load capacitance -- assuming default load capacitance of 0 pF for timing analysis
    Info (306007): Pin "DATA_MEN_OUT[0]" has no specified output pin load capacitance -- assuming default load capacitance of 0 pF for timing analysis
    Info (306007): Pin "MBR_OUT[7]" has no specified output pin load capacitance -- assuming default load capacitance of 0 pF for timing analysis
    Info (306007): Pin "MBR_OUT[6]" has no specified output pin load capacitance -- assuming default load capacitance of 0 pF for timing analysis
    Info (306007): Pin "MBR_OUT[5]" has no specified output pin load capacitance -- assuming default load capacitance of 0 pF for timing analysis
    Info (306007): Pin "MBR_OUT[4]" has no specified output pin load capacitance -- assuming default load capacitance of 0 pF for timing analysis
    Info (306007): Pin "MBR_OUT[3]" has no specified output pin load capacitance -- assuming default load capacitance of 0 pF for timing analysis
    Info (306007): Pin "MBR_OUT[2]" has no specified output pin load capacitance -- assuming default load capacitance of 0 pF for timing analysis
    Info (306007): Pin "MBR_OUT[1]" has no specified output pin load capacitance -- assuming default load capacitance of 0 pF for timing analysis
    Info (306007): Pin "MBR_OUT[0]" has no specified output pin load capacitance -- assuming default load capacitance of 0 pF for timing analysis
    Info (306007): Pin "MIR[35]" has no specified output pin load capacitance -- assuming default load capacitance of 0 pF for timing analysis
    Info (306007): Pin "MIR[34]" has no specified output pin load capacitance -- assuming default load capacitance of 0 pF for timing analysis
    Info (306007): Pin "MIR[33]" has no specified output pin load capacitance -- assuming default load capacitance of 0 pF for timing analysis
    Info (306007): Pin "MIR[32]" has no specified output pin load capacitance -- assuming default load capacitance of 0 pF for timing analysis
    Info (306007): Pin "MIR[31]" has no specified output pin load capacitance -- assuming default load capacitance of 0 pF for timing analysis
    Info (306007): Pin "MIR[30]" has no specified output pin load capacitance -- assuming default load capacitance of 0 pF for timing analysis
    Info (306007): Pin "MIR[29]" has no specified output pin load capacitance -- assuming default load capacitance of 0 pF for timing analysis
    Info (306007): Pin "MIR[28]" has no specified output pin load capacitance -- assuming default load capacitance of 0 pF for timing analysis
    Info (306007): Pin "MIR[27]" has no specified output pin load capacitance -- assuming default load capacitance of 0 pF for timing analysis
    Info (306007): Pin "MIR[26]" has no specified output pin load capacitance -- assuming default load capacitance of 0 pF for timing analysis
    Info (306007): Pin "MIR[25]" has no specified output pin load capacitance -- assuming default load capacitance of 0 pF for timing analysis
    Info (306007): Pin "MIR[24]" has no specified output pin load capacitance -- assuming default load capacitance of 0 pF for timing analysis
    Info (306007): Pin "MIR[23]" has no specified output pin load capacitance -- assuming default load capacitance of 0 pF for timing analysis
    Info (306007): Pin "MIR[22]" has no specified output pin load capacitance -- assuming default load capacitance of 0 pF for timing analysis
    Info (306007): Pin "MIR[21]" has no specified output pin load capacitance -- assuming default load capacitance of 0 pF for timing analysis
    Info (306007): Pin "MIR[20]" has no specified output pin load capacitance -- assuming default load capacitance of 0 pF for timing analysis
    Info (306007): Pin "MIR[19]" has no specified output pin load capacitance -- assuming default load capacitance of 0 pF for timing analysis
    Info (306007): Pin "MIR[18]" has no specified output pin load capacitance -- assuming default load capacitance of 0 pF for timing analysis
    Info (306007): Pin "MIR[17]" has no specified output pin load capacitance -- assuming default load capacitance of 0 pF for timing analysis
    Info (306007): Pin "MIR[16]" has no specified output pin load capacitance -- assuming default load capacitance of 0 pF for timing analysis
    Info (306007): Pin "MIR[15]" has no specified output pin load capacitance -- assuming default load capacitance of 0 pF for timing analysis
    Info (306007): Pin "MIR[14]" has no specified output pin load capacitance -- assuming default load capacitance of 0 pF for timing analysis
    Info (306007): Pin "MIR[13]" has no specified output pin load capacitance -- assuming default load capacitance of 0 pF for timing analysis
    Info (306007): Pin "MIR[12]" has no specified output pin load capacitance -- assuming default load capacitance of 0 pF for timing analysis
    Info (306007): Pin "MIR[11]" has no specified output pin load capacitance -- assuming default load capacitance of 0 pF for timing analysis
    Info (306007): Pin "MIR[10]" has no specified output pin load capacitance -- assuming default load capacitance of 0 pF for timing analysis
    Info (306007): Pin "MIR[9]" has no specified output pin load capacitance -- assuming default load capacitance of 0 pF for timing analysis
    Info (306007): Pin "MIR[8]" has no specified output pin load capacitance -- assuming default load capacitance of 0 pF for timing analysis
    Info (306007): Pin "MIR[7]" has no specified output pin load capacitance -- assuming default load capacitance of 0 pF for timing analysis
    Info (306007): Pin "MIR[6]" has no specified output pin load capacitance -- assuming default load capacitance of 0 pF for timing analysis
    Info (306007): Pin "MIR[5]" has no specified output pin load capacitance -- assuming default load capacitance of 0 pF for timing analysis
    Info (306007): Pin "MIR[4]" has no specified output pin load capacitance -- assuming default load capacitance of 0 pF for timing analysis
    Info (306007): Pin "MIR[3]" has no specified output pin load capacitance -- assuming default load capacitance of 0 pF for timing analysis
    Info (306007): Pin "MIR[2]" has no specified output pin load capacitance -- assuming default load capacitance of 0 pF for timing analysis
    Info (306007): Pin "MIR[1]" has no specified output pin load capacitance -- assuming default load capacitance of 0 pF for timing analysis
    Info (306007): Pin "MIR[0]" has no specified output pin load capacitance -- assuming default load capacitance of 0 pF for timing analysis
    Info (306007): Pin "MPC[8]" has no specified output pin load capacitance -- assuming default load capacitance of 0 pF for timing analysis
    Info (306007): Pin "MPC[7]" has no specified output pin load capacitance -- assuming default load capacitance of 0 pF for timing analysis
    Info (306007): Pin "MPC[6]" has no specified output pin load capacitance -- assuming default load capacitance of 0 pF for timing analysis
    Info (306007): Pin "MPC[5]" has no specified output pin load capacitance -- assuming default load capacitance of 0 pF for timing analysis
    Info (306007): Pin "MPC[4]" has no specified output pin load capacitance -- assuming default load capacitance of 0 pF for timing analysis
    Info (306007): Pin "MPC[3]" has no specified output pin load capacitance -- assuming default load capacitance of 0 pF for timing analysis
    Info (306007): Pin "MPC[2]" has no specified output pin load capacitance -- assuming default load capacitance of 0 pF for timing analysis
    Info (306007): Pin "MPC[1]" has no specified output pin load capacitance -- assuming default load capacitance of 0 pF for timing analysis
    Info (306007): Pin "MPC[0]" has no specified output pin load capacitance -- assuming default load capacitance of 0 pF for timing analysis
    Info (306007): Pin "PC[31]" has no specified output pin load capacitance -- assuming default load capacitance of 0 pF for timing analysis
    Info (306007): Pin "PC[30]" has no specified output pin load capacitance -- assuming default load capacitance of 0 pF for timing analysis
    Info (306007): Pin "PC[29]" has no specified output pin load capacitance -- assuming default load capacitance of 0 pF for timing analysis
    Info (306007): Pin "PC[28]" has no specified output pin load capacitance -- assuming default load capacitance of 0 pF for timing analysis
    Info (306007): Pin "PC[27]" has no specified output pin load capacitance -- assuming default load capacitance of 0 pF for timing analysis
    Info (306007): Pin "PC[26]" has no specified output pin load capacitance -- assuming default load capacitance of 0 pF for timing analysis
    Info (306007): Pin "PC[25]" has no specified output pin load capacitance -- assuming default load capacitance of 0 pF for timing analysis
    Info (306007): Pin "PC[24]" has no specified output pin load capacitance -- assuming default load capacitance of 0 pF for timing analysis
    Info (306007): Pin "PC[23]" has no specified output pin load capacitance -- assuming default load capacitance of 0 pF for timing analysis
    Info (306007): Pin "PC[22]" has no specified output pin load capacitance -- assuming default load capacitance of 0 pF for timing analysis
    Info (306007): Pin "PC[21]" has no specified output pin load capacitance -- assuming default load capacitance of 0 pF for timing analysis
    Info (306007): Pin "PC[20]" has no specified output pin load capacitance -- assuming default load capacitance of 0 pF for timing analysis
    Info (306007): Pin "PC[19]" has no specified output pin load capacitance -- assuming default load capacitance of 0 pF for timing analysis
    Info (306007): Pin "PC[18]" has no specified output pin load capacitance -- assuming default load capacitance of 0 pF for timing analysis
    Info (306007): Pin "PC[17]" has no specified output pin load capacitance -- assuming default load capacitance of 0 pF for timing analysis
    Info (306007): Pin "PC[16]" has no specified output pin load capacitance -- assuming default load capacitance of 0 pF for timing analysis
    Info (306007): Pin "PC[15]" has no specified output pin load capacitance -- assuming default load capacitance of 0 pF for timing analysis
    Info (306007): Pin "PC[14]" has no specified output pin load capacitance -- assuming default load capacitance of 0 pF for timing analysis
    Info (306007): Pin "PC[13]" has no specified output pin load capacitance -- assuming default load capacitance of 0 pF for timing analysis
    Info (306007): Pin "PC[12]" has no specified output pin load capacitance -- assuming default load capacitance of 0 pF for timing analysis
    Info (306007): Pin "PC[11]" has no specified output pin load capacitance -- assuming default load capacitance of 0 pF for timing analysis
    Info (306007): Pin "PC[10]" has no specified output pin load capacitance -- assuming default load capacitance of 0 pF for timing analysis
    Info (306007): Pin "PC[9]" has no specified output pin load capacitance -- assuming default load capacitance of 0 pF for timing analysis
    Info (306007): Pin "PC[8]" has no specified output pin load capacitance -- assuming default load capacitance of 0 pF for timing analysis
    Info (306007): Pin "PC[7]" has no specified output pin load capacitance -- assuming default load capacitance of 0 pF for timing analysis
    Info (306007): Pin "PC[6]" has no specified output pin load capacitance -- assuming default load capacitance of 0 pF for timing analysis
    Info (306007): Pin "PC[5]" has no specified output pin load capacitance -- assuming default load capacitance of 0 pF for timing analysis
    Info (306007): Pin "PC[4]" has no specified output pin load capacitance -- assuming default load capacitance of 0 pF for timing analysis
    Info (306007): Pin "PC[3]" has no specified output pin load capacitance -- assuming default load capacitance of 0 pF for timing analysis
    Info (306007): Pin "PC[2]" has no specified output pin load capacitance -- assuming default load capacitance of 0 pF for timing analysis
    Info (306007): Pin "PC[1]" has no specified output pin load capacitance -- assuming default load capacitance of 0 pF for timing analysis
    Info (306007): Pin "PC[0]" has no specified output pin load capacitance -- assuming default load capacitance of 0 pF for timing analysis
Info (306005): Delay annotation completed successfully
Info (306004): Started post-fitting delay annotation
Info (306005): Delay annotation completed successfully
Info (11218): Fitter post-fit operations ending: elapsed time is 00:00:01
Info (176045): Design uses memory blocks. Violating setup or hold times of memory block address registers for either read or write operations could cause memory contents to be corrupted. Make sure that all memory block address registers meet the setup and hold time requirements.
Warning (169174): The Reserve All Unused Pins setting has not been specified, and will default to 'As output driving ground'.
Info (144001): Generated suppressed messages file C:/Users/grego/Desktop/anderson/MIC-1/output_files/mic1.fit.smsg
Info: Quartus II 64-Bit Fitter was successful. 0 errors, 6 warnings
    Info: Peak virtual memory: 4890 megabytes
    Info: Processing ended: Thu Dec 12 18:02:13 2024
    Info: Elapsed time: 00:00:15
    Info: Total CPU time (on all processors): 00:00:15


+----------------------------+
; Fitter Suppressed Messages ;
+----------------------------+
The suppressed messages can be found in C:/Users/grego/Desktop/anderson/MIC-1/output_files/mic1.fit.smsg.


