Simulator report for MC1
Mon Jan 20 17:16:27 2025
Quartus II 64-Bit Version 13.0.1 Build 232 06/12/2013 Service Pack 1 SJ Web Edition


---------------------
; Table of Contents ;
---------------------
  1. Legal Notice
  2. Simulator Summary
  3. Simulator Settings
  4. Simulation Waveforms
  5. |Computador_MIC|CPU:inst1|CONTROL_UNIT:inst|mc_compiler:inst123132|altsyncram:altsyncram_component|altsyncram_c881:auto_generated|ALTSYNCRAM
  6. |Computador_MIC|RAM:inst|altsyncram:altsyncram_component|altsyncram_hcb2:auto_generated|ALTSYNCRAM
  7. Coverage Summary
  8. Complete 1/0-Value Coverage
  9. Missing 1-Value Coverage
 10. Missing 0-Value Coverage
 11. Simulator INI Usage
 12. Simulator Messages



----------------
; Legal Notice ;
----------------
Copyright (C) 1991-2013 Altera Corporation
Your use of Altera Corporation's design tools, logic functions 
and other software and tools, and its AMPP partner logic 
functions, and any output files from any of the foregoing 
(including device programming or simulation files), and any 
associated documentation or information are expressly subject 
to the terms and conditions of the Altera Program License 
Subscription Agreement, Altera MegaCore Function License 
Agreement, or other applicable license agreement, including, 
without limitation, that your use is for the sole purpose of 
programming logic devices manufactured by Altera and sold by 
Altera or its authorized distributors.  Please refer to the 
applicable agreement for further details.



+---------------------------------------------+
; Simulator Summary                           ;
+-----------------------------+---------------+
; Type                        ; Value         ;
+-----------------------------+---------------+
; Simulation Start Time       ; 0 ps          ;
; Simulation End Time         ; 30.0 us       ;
; Simulation Netlist Size     ; 1067 nodes    ;
; Simulation Coverage         ;      65.43 %  ;
; Total Number of Transitions ; 146451        ;
; Simulation Breakpoints      ; 0             ;
; Family                      ; Cyclone II    ;
; Device                      ; EP2C15AF484C6 ;
+-----------------------------+---------------+


+----------------------------------------------------------------------------------------------------------------------------------------------------------------------------+
; Simulator Settings                                                                                                                                                         ;
+--------------------------------------------------------------------------------------------+---------------------------------------------------------------+---------------+
; Option                                                                                     ; Setting                                                       ; Default Value ;
+--------------------------------------------------------------------------------------------+---------------------------------------------------------------+---------------+
; Simulation mode                                                                            ; Timing                                                        ; Timing        ;
; Start time                                                                                 ; 0 ns                                                          ; 0 ns          ;
; Simulation results format                                                                  ; VWF                                                           ;               ;
; Vector input source                                                                        ; C:/Users/Aluno/Desktop/ands/MIC-1-main/MIC1_recursive_sum.vwf ;               ;
; Add pins automatically to simulation output waveforms                                      ; On                                                            ; On            ;
; Check outputs                                                                              ; Off                                                           ; Off           ;
; Report simulation coverage                                                                 ; On                                                            ; On            ;
; Display complete 1/0 value coverage report                                                 ; On                                                            ; On            ;
; Display missing 1-value coverage report                                                    ; On                                                            ; On            ;
; Display missing 0-value coverage report                                                    ; On                                                            ; On            ;
; Detect setup and hold time violations                                                      ; Off                                                           ; Off           ;
; Detect glitches                                                                            ; Off                                                           ; Off           ;
; Disable timing delays in Timing Simulation                                                 ; Off                                                           ; Off           ;
; Generate Signal Activity File                                                              ; Off                                                           ; Off           ;
; Generate VCD File for PowerPlay Power Analyzer                                             ; Off                                                           ; Off           ;
; Group bus channels in simulation results                                                   ; Off                                                           ; Off           ;
; Preserve fewer signal transitions to reduce memory requirements                            ; On                                                            ; On            ;
; Trigger vector comparison with the specified mode                                          ; INPUT_EDGE                                                    ; INPUT_EDGE    ;
; Disable setup and hold time violations detection in input registers of bi-directional pins ; Off                                                           ; Off           ;
; Overwrite Waveform Inputs With Simulation Outputs                                          ; Off                                                           ;               ;
; Perform Glitch Filtering in Timing Simulation                                              ; Auto                                                          ; Auto          ;
+--------------------------------------------------------------------------------------------+---------------------------------------------------------------+---------------+


+----------------------+
; Simulation Waveforms ;
+----------------------+
Waveform report data cannot be output to ASCII.
Please use Quartus II 64-Bit to view the waveform report data.


+----------------------------------------------------------------------------------------------------------------------------------------------+
; |Computador_MIC|CPU:inst1|CONTROL_UNIT:inst|mc_compiler:inst123132|altsyncram:altsyncram_component|altsyncram_c881:auto_generated|ALTSYNCRAM ;
+----------------------------------------------------------------------------------------------------------------------------------------------+
Please refer to fitter text-based report (*.fit.rpt) to view logical memory report content in ASCII.


+----------------------------------------------------------------------------------------------------+
; |Computador_MIC|RAM:inst|altsyncram:altsyncram_component|altsyncram_hcb2:auto_generated|ALTSYNCRAM ;
+----------------------------------------------------------------------------------------------------+
Please refer to fitter text-based report (*.fit.rpt) to view logical memory report content in ASCII.


+--------------------------------------------------------------------+
; Coverage Summary                                                   ;
+-----------------------------------------------------+--------------+
; Type                                                ; Value        ;
+-----------------------------------------------------+--------------+
; Total coverage as a percentage                      ;      65.43 % ;
; Total nodes checked                                 ; 1067         ;
; Total output ports checked                          ; 1131         ;
; Total output ports with complete 1/0-value coverage ; 740          ;
; Total output ports with no 1/0-value coverage       ; 385          ;
; Total output ports with no 1-value coverage         ; 389          ;
; Total output ports with no 0-value coverage         ; 387          ;
+-----------------------------------------------------+--------------+


The following table displays output ports that toggle between 1 and 0 during simulation.
+----------------------------------------------------------------------------------------------------------------------------------------------------------------------------------------------------------------------------------------------------------------------------------------------------------------+
; Complete 1/0-Value Coverage                                                                                                                                                                                                                                                                                    ;
+-------------------------------------------------------------------------------------------------------------------------------------------------+-------------------------------------------------------------------------------------------------------------------------------------------+------------------+
; Node Name                                                                                                                                       ; Output Port Name                                                                                                                          ; Output Port Type ;
+-------------------------------------------------------------------------------------------------------------------------------------------------+-------------------------------------------------------------------------------------------------------------------------------------------+------------------+
; |Computador_MIC|CPU:inst1|CONTROL_UNIT:inst|mc_compiler:inst123132|altsyncram:altsyncram_component|altsyncram_c881:auto_generated|ram_block1a0  ; |Computador_MIC|CPU:inst1|CONTROL_UNIT:inst|mc_compiler:inst123132|altsyncram:altsyncram_component|altsyncram_c881:auto_generated|q_a[0]  ; portadataout0    ;
; |Computador_MIC|CPU:inst1|CONTROL_UNIT:inst|mc_compiler:inst123132|altsyncram:altsyncram_component|altsyncram_c881:auto_generated|ram_block1a0  ; |Computador_MIC|CPU:inst1|CONTROL_UNIT:inst|mc_compiler:inst123132|altsyncram:altsyncram_component|altsyncram_c881:auto_generated|q_a[1]  ; portadataout1    ;
; |Computador_MIC|CPU:inst1|CONTROL_UNIT:inst|mc_compiler:inst123132|altsyncram:altsyncram_component|altsyncram_c881:auto_generated|ram_block1a0  ; |Computador_MIC|CPU:inst1|CONTROL_UNIT:inst|mc_compiler:inst123132|altsyncram:altsyncram_component|altsyncram_c881:auto_generated|q_a[2]  ; portadataout2    ;
; |Computador_MIC|CPU:inst1|CONTROL_UNIT:inst|mc_compiler:inst123132|altsyncram:altsyncram_component|altsyncram_c881:auto_generated|ram_block1a0  ; |Computador_MIC|CPU:inst1|CONTROL_UNIT:inst|mc_compiler:inst123132|altsyncram:altsyncram_component|altsyncram_c881:auto_generated|q_a[3]  ; portadataout3    ;
; |Computador_MIC|CPU:inst1|CONTROL_UNIT:inst|mc_compiler:inst123132|altsyncram:altsyncram_component|altsyncram_c881:auto_generated|ram_block1a0  ; |Computador_MIC|CPU:inst1|CONTROL_UNIT:inst|mc_compiler:inst123132|altsyncram:altsyncram_component|altsyncram_c881:auto_generated|q_a[17] ; portadataout4    ;
; |Computador_MIC|CPU:inst1|CONTROL_UNIT:inst|mc_compiler:inst123132|altsyncram:altsyncram_component|altsyncram_c881:auto_generated|ram_block1a0  ; |Computador_MIC|CPU:inst1|CONTROL_UNIT:inst|mc_compiler:inst123132|altsyncram:altsyncram_component|altsyncram_c881:auto_generated|q_a[18] ; portadataout5    ;
; |Computador_MIC|CPU:inst1|CONTROL_UNIT:inst|mc_compiler:inst123132|altsyncram:altsyncram_component|altsyncram_c881:auto_generated|ram_block1a0  ; |Computador_MIC|CPU:inst1|CONTROL_UNIT:inst|mc_compiler:inst123132|altsyncram:altsyncram_component|altsyncram_c881:auto_generated|q_a[19] ; portadataout6    ;
; |Computador_MIC|CPU:inst1|CONTROL_UNIT:inst|mc_compiler:inst123132|altsyncram:altsyncram_component|altsyncram_c881:auto_generated|ram_block1a0  ; |Computador_MIC|CPU:inst1|CONTROL_UNIT:inst|mc_compiler:inst123132|altsyncram:altsyncram_component|altsyncram_c881:auto_generated|q_a[20] ; portadataout7    ;
; |Computador_MIC|CPU:inst1|CONTROL_UNIT:inst|mc_compiler:inst123132|altsyncram:altsyncram_component|altsyncram_c881:auto_generated|ram_block1a0  ; |Computador_MIC|CPU:inst1|CONTROL_UNIT:inst|mc_compiler:inst123132|altsyncram:altsyncram_component|altsyncram_c881:auto_generated|q_a[21] ; portadataout8    ;
; |Computador_MIC|CPU:inst1|DATAPATH:inst13|BANK:inst|MDR:inst1|REGISTER32bit:inst1|REGISTER8bit:inst20|inst12                                    ; |Computador_MIC|CPU:inst1|DATAPATH:inst13|BANK:inst|MDR:inst1|REGISTER32bit:inst1|REGISTER8bit:inst20|inst12                              ; regout           ;
; |Computador_MIC|CPU:inst1|DATAPATH:inst13|BANK:inst|MDR:inst1|REGISTER32bit:inst1|REGISTER8bit:inst20|inst5                                     ; |Computador_MIC|CPU:inst1|DATAPATH:inst13|BANK:inst|MDR:inst1|REGISTER32bit:inst1|REGISTER8bit:inst20|inst5                               ; regout           ;
; |Computador_MIC|CPU:inst1|CONTROL_UNIT:inst|mc_compiler:inst123132|altsyncram:altsyncram_component|altsyncram_c881:auto_generated|ram_block1a16 ; |Computador_MIC|CPU:inst1|CONTROL_UNIT:inst|mc_compiler:inst123132|altsyncram:altsyncram_component|altsyncram_c881:auto_generated|q_a[16] ; portadataout0    ;
; |Computador_MIC|CPU:inst1|CONTROL_UNIT:inst|mc_compiler:inst123132|altsyncram:altsyncram_component|altsyncram_c881:auto_generated|ram_block1a16 ; |Computador_MIC|CPU:inst1|CONTROL_UNIT:inst|mc_compiler:inst123132|altsyncram:altsyncram_component|altsyncram_c881:auto_generated|q_a[23] ; portadataout2    ;
; |Computador_MIC|CPU:inst1|CONTROL_UNIT:inst|mc_compiler:inst123132|altsyncram:altsyncram_component|altsyncram_c881:auto_generated|ram_block1a16 ; |Computador_MIC|CPU:inst1|CONTROL_UNIT:inst|mc_compiler:inst123132|altsyncram:altsyncram_component|altsyncram_c881:auto_generated|q_a[30] ; portadataout3    ;
; |Computador_MIC|CPU:inst1|CONTROL_UNIT:inst|mc_compiler:inst123132|altsyncram:altsyncram_component|altsyncram_c881:auto_generated|ram_block1a16 ; |Computador_MIC|CPU:inst1|CONTROL_UNIT:inst|mc_compiler:inst123132|altsyncram:altsyncram_component|altsyncram_c881:auto_generated|q_a[31] ; portadataout4    ;
; |Computador_MIC|CPU:inst1|CONTROL_UNIT:inst|mc_compiler:inst123132|altsyncram:altsyncram_component|altsyncram_c881:auto_generated|ram_block1a16 ; |Computador_MIC|CPU:inst1|CONTROL_UNIT:inst|mc_compiler:inst123132|altsyncram:altsyncram_component|altsyncram_c881:auto_generated|q_a[32] ; portadataout5    ;
; |Computador_MIC|CPU:inst1|CONTROL_UNIT:inst|mc_compiler:inst123132|altsyncram:altsyncram_component|altsyncram_c881:auto_generated|ram_block1a16 ; |Computador_MIC|CPU:inst1|CONTROL_UNIT:inst|mc_compiler:inst123132|altsyncram:altsyncram_component|altsyncram_c881:auto_generated|q_a[33] ; portadataout6    ;
; |Computador_MIC|CPU:inst1|CONTROL_UNIT:inst|mc_compiler:inst123132|altsyncram:altsyncram_component|altsyncram_c881:auto_generated|ram_block1a16 ; |Computador_MIC|CPU:inst1|CONTROL_UNIT:inst|mc_compiler:inst123132|altsyncram:altsyncram_component|altsyncram_c881:auto_generated|q_a[34] ; portadataout7    ;
; |Computador_MIC|CPU:inst1|DATAPATH:inst13|BANK:inst|MDR:inst1|REGISTER32bit:inst1|REGISTER8bit:inst20|inst24                                    ; |Computador_MIC|CPU:inst1|DATAPATH:inst13|BANK:inst|MDR:inst1|REGISTER32bit:inst1|REGISTER8bit:inst20|inst24                              ; regout           ;
; |Computador_MIC|CPU:inst1|DATAPATH:inst13|BANK:inst|MDR:inst1|REGISTER32bit:inst1|REGISTER8bit:inst20|inst28                                    ; |Computador_MIC|CPU:inst1|DATAPATH:inst13|BANK:inst|MDR:inst1|REGISTER32bit:inst1|REGISTER8bit:inst20|inst28                              ; regout           ;
; |Computador_MIC|CPU:inst1|DATAPATH:inst13|BANK:inst|MDR:inst1|REGISTER32bit:inst1|REGISTER8bit:inst23|inst28~0                                  ; |Computador_MIC|CPU:inst1|DATAPATH:inst13|BANK:inst|MDR:inst1|REGISTER32bit:inst1|REGISTER8bit:inst23|inst28~0                            ; combout          ;
; |Computador_MIC|CPU:inst1|DATAPATH:inst13|BANK:inst|MDR:inst1|REGISTER32bit:inst1|REGISTER8bit:inst23|inst20~0                                  ; |Computador_MIC|CPU:inst1|DATAPATH:inst13|BANK:inst|MDR:inst1|REGISTER32bit:inst1|REGISTER8bit:inst23|inst20~0                            ; combout          ;
; |Computador_MIC|CPU:inst1|DATAPATH:inst13|BANK:inst|MDR:inst1|REGISTER32bit:inst1|REGISTER8bit:inst23|inst16~0                                  ; |Computador_MIC|CPU:inst1|DATAPATH:inst13|BANK:inst|MDR:inst1|REGISTER32bit:inst1|REGISTER8bit:inst23|inst16~0                            ; combout          ;
; |Computador_MIC|CPU:inst1|DATAPATH:inst13|BANK:inst|MDR:inst1|REGISTER32bit:inst1|REGISTER8bit:inst23|inst12~0                                  ; |Computador_MIC|CPU:inst1|DATAPATH:inst13|BANK:inst|MDR:inst1|REGISTER32bit:inst1|REGISTER8bit:inst23|inst12~0                            ; combout          ;
; |Computador_MIC|CPU:inst1|DATAPATH:inst13|BANK:inst|MDR:inst1|REGISTER32bit:inst1|REGISTER8bit:inst23|inst8~0                                   ; |Computador_MIC|CPU:inst1|DATAPATH:inst13|BANK:inst|MDR:inst1|REGISTER32bit:inst1|REGISTER8bit:inst23|inst8~0                             ; combout          ;
; |Computador_MIC|CPU:inst1|DATAPATH:inst13|BANK:inst|MDR:inst1|REGISTER32bit:inst1|REGISTER8bit:inst23|inst5~0                                   ; |Computador_MIC|CPU:inst1|DATAPATH:inst13|BANK:inst|MDR:inst1|REGISTER32bit:inst1|REGISTER8bit:inst23|inst5~0                             ; combout          ;
; |Computador_MIC|CPU:inst1|DATAPATH:inst13|BANK:inst|MDR:inst1|REGISTER32bit:inst1|REGISTER8bit:inst23|inst~0                                    ; |Computador_MIC|CPU:inst1|DATAPATH:inst13|BANK:inst|MDR:inst1|REGISTER32bit:inst1|REGISTER8bit:inst23|inst~0                              ; combout          ;
; |Computador_MIC|CPU:inst1|DATAPATH:inst13|BANK:inst|MDR:inst1|REGISTER32bit:inst1|REGISTER8bit:inst22|inst28~0                                  ; |Computador_MIC|CPU:inst1|DATAPATH:inst13|BANK:inst|MDR:inst1|REGISTER32bit:inst1|REGISTER8bit:inst22|inst28~0                            ; combout          ;
; |Computador_MIC|CPU:inst1|DATAPATH:inst13|BANK:inst|MDR:inst1|REGISTER32bit:inst1|REGISTER8bit:inst22|inst24~0                                  ; |Computador_MIC|CPU:inst1|DATAPATH:inst13|BANK:inst|MDR:inst1|REGISTER32bit:inst1|REGISTER8bit:inst22|inst24~0                            ; combout          ;
; |Computador_MIC|CPU:inst1|DATAPATH:inst13|BANK:inst|MDR:inst1|REGISTER32bit:inst1|REGISTER8bit:inst22|inst20~0                                  ; |Computador_MIC|CPU:inst1|DATAPATH:inst13|BANK:inst|MDR:inst1|REGISTER32bit:inst1|REGISTER8bit:inst22|inst20~0                            ; combout          ;
; |Computador_MIC|CPU:inst1|DATAPATH:inst13|BANK:inst|MDR:inst1|REGISTER32bit:inst1|REGISTER8bit:inst22|inst16~0                                  ; |Computador_MIC|CPU:inst1|DATAPATH:inst13|BANK:inst|MDR:inst1|REGISTER32bit:inst1|REGISTER8bit:inst22|inst16~0                            ; combout          ;
; |Computador_MIC|CPU:inst1|DATAPATH:inst13|BANK:inst|MDR:inst1|REGISTER32bit:inst1|REGISTER8bit:inst22|inst12~0                                  ; |Computador_MIC|CPU:inst1|DATAPATH:inst13|BANK:inst|MDR:inst1|REGISTER32bit:inst1|REGISTER8bit:inst22|inst12~0                            ; combout          ;
; |Computador_MIC|CPU:inst1|DATAPATH:inst13|BANK:inst|MDR:inst1|REGISTER32bit:inst1|REGISTER8bit:inst22|inst8~0                                   ; |Computador_MIC|CPU:inst1|DATAPATH:inst13|BANK:inst|MDR:inst1|REGISTER32bit:inst1|REGISTER8bit:inst22|inst8~0                             ; combout          ;
; |Computador_MIC|CPU:inst1|DATAPATH:inst13|BANK:inst|MDR:inst1|REGISTER32bit:inst1|REGISTER8bit:inst22|inst5~0                                   ; |Computador_MIC|CPU:inst1|DATAPATH:inst13|BANK:inst|MDR:inst1|REGISTER32bit:inst1|REGISTER8bit:inst22|inst5~0                             ; combout          ;
; |Computador_MIC|CPU:inst1|DATAPATH:inst13|BANK:inst|MDR:inst1|REGISTER32bit:inst1|REGISTER8bit:inst22|inst~0                                    ; |Computador_MIC|CPU:inst1|DATAPATH:inst13|BANK:inst|MDR:inst1|REGISTER32bit:inst1|REGISTER8bit:inst22|inst~0                              ; combout          ;
; |Computador_MIC|CPU:inst1|DATAPATH:inst13|BANK:inst|MDR:inst1|REGISTER32bit:inst1|REGISTER8bit:inst20|inst28~0                                  ; |Computador_MIC|CPU:inst1|DATAPATH:inst13|BANK:inst|MDR:inst1|REGISTER32bit:inst1|REGISTER8bit:inst20|inst28~0                            ; combout          ;
; |Computador_MIC|CPU:inst1|DATAPATH:inst13|BANK:inst|MDR:inst1|REGISTER32bit:inst1|REGISTER8bit:inst20|inst24~0                                  ; |Computador_MIC|CPU:inst1|DATAPATH:inst13|BANK:inst|MDR:inst1|REGISTER32bit:inst1|REGISTER8bit:inst20|inst24~0                            ; combout          ;
; |Computador_MIC|CPU:inst1|DATAPATH:inst13|BANK:inst|MDR:inst1|REGISTER32bit:inst1|REGISTER8bit:inst20|inst20~0                                  ; |Computador_MIC|CPU:inst1|DATAPATH:inst13|BANK:inst|MDR:inst1|REGISTER32bit:inst1|REGISTER8bit:inst20|inst20~0                            ; combout          ;
; |Computador_MIC|CPU:inst1|DATAPATH:inst13|BANK:inst|MDR:inst1|REGISTER32bit:inst1|REGISTER8bit:inst20|inst16~0                                  ; |Computador_MIC|CPU:inst1|DATAPATH:inst13|BANK:inst|MDR:inst1|REGISTER32bit:inst1|REGISTER8bit:inst20|inst16~0                            ; combout          ;
; |Computador_MIC|CPU:inst1|DATAPATH:inst13|BANK:inst|MDR:inst1|REGISTER32bit:inst1|REGISTER8bit:inst20|inst12~0                                  ; |Computador_MIC|CPU:inst1|DATAPATH:inst13|BANK:inst|MDR:inst1|REGISTER32bit:inst1|REGISTER8bit:inst20|inst12~0                            ; combout          ;
; |Computador_MIC|CPU:inst1|DATAPATH:inst13|BANK:inst|MDR:inst1|REGISTER32bit:inst1|REGISTER8bit:inst20|inst8~0                                   ; |Computador_MIC|CPU:inst1|DATAPATH:inst13|BANK:inst|MDR:inst1|REGISTER32bit:inst1|REGISTER8bit:inst20|inst8~0                             ; combout          ;
; |Computador_MIC|CPU:inst1|DATAPATH:inst13|BANK:inst|MDR:inst1|REGISTER32bit:inst1|REGISTER8bit:inst20|inst5~0                                   ; |Computador_MIC|CPU:inst1|DATAPATH:inst13|BANK:inst|MDR:inst1|REGISTER32bit:inst1|REGISTER8bit:inst20|inst5~0                             ; combout          ;
; |Computador_MIC|CPU:inst1|DATAPATH:inst13|BANK:inst|MDR:inst1|REGISTER32bit:inst1|REGISTER8bit:inst20|inst~0                                    ; |Computador_MIC|CPU:inst1|DATAPATH:inst13|BANK:inst|MDR:inst1|REGISTER32bit:inst1|REGISTER8bit:inst20|inst~0                              ; combout          ;
; |Computador_MIC|CPU:inst1|CONTROL_UNIT:inst|mc_compiler:inst123132|altsyncram:altsyncram_component|altsyncram_c881:auto_generated|ram_block1a7  ; |Computador_MIC|CPU:inst1|CONTROL_UNIT:inst|mc_compiler:inst123132|altsyncram:altsyncram_component|altsyncram_c881:auto_generated|q_a[7]  ; portadataout0    ;
; |Computador_MIC|CPU:inst1|CONTROL_UNIT:inst|mc_compiler:inst123132|altsyncram:altsyncram_component|altsyncram_c881:auto_generated|ram_block1a7  ; |Computador_MIC|CPU:inst1|CONTROL_UNIT:inst|mc_compiler:inst123132|altsyncram:altsyncram_component|altsyncram_c881:auto_generated|q_a[8]  ; portadataout1    ;
; |Computador_MIC|CPU:inst1|CONTROL_UNIT:inst|mc_compiler:inst123132|altsyncram:altsyncram_component|altsyncram_c881:auto_generated|ram_block1a7  ; |Computador_MIC|CPU:inst1|CONTROL_UNIT:inst|mc_compiler:inst123132|altsyncram:altsyncram_component|altsyncram_c881:auto_generated|q_a[9]  ; portadataout2    ;
; |Computador_MIC|CPU:inst1|CONTROL_UNIT:inst|mc_compiler:inst123132|altsyncram:altsyncram_component|altsyncram_c881:auto_generated|ram_block1a7  ; |Computador_MIC|CPU:inst1|CONTROL_UNIT:inst|mc_compiler:inst123132|altsyncram:altsyncram_component|altsyncram_c881:auto_generated|q_a[10] ; portadataout3    ;
; |Computador_MIC|CPU:inst1|CONTROL_UNIT:inst|mc_compiler:inst123132|altsyncram:altsyncram_component|altsyncram_c881:auto_generated|ram_block1a7  ; |Computador_MIC|CPU:inst1|CONTROL_UNIT:inst|mc_compiler:inst123132|altsyncram:altsyncram_component|altsyncram_c881:auto_generated|q_a[11] ; portadataout4    ;
; |Computador_MIC|CPU:inst1|CONTROL_UNIT:inst|mc_compiler:inst123132|altsyncram:altsyncram_component|altsyncram_c881:auto_generated|ram_block1a7  ; |Computador_MIC|CPU:inst1|CONTROL_UNIT:inst|mc_compiler:inst123132|altsyncram:altsyncram_component|altsyncram_c881:auto_generated|q_a[13] ; portadataout6    ;
; |Computador_MIC|CPU:inst1|CONTROL_UNIT:inst|mc_compiler:inst123132|altsyncram:altsyncram_component|altsyncram_c881:auto_generated|ram_block1a7  ; |Computador_MIC|CPU:inst1|CONTROL_UNIT:inst|mc_compiler:inst123132|altsyncram:altsyncram_component|altsyncram_c881:auto_generated|q_a[14] ; portadataout7    ;
; |Computador_MIC|CPU:inst1|CONTROL_UNIT:inst|mc_compiler:inst123132|altsyncram:altsyncram_component|altsyncram_c881:auto_generated|ram_block1a7  ; |Computador_MIC|CPU:inst1|CONTROL_UNIT:inst|mc_compiler:inst123132|altsyncram:altsyncram_component|altsyncram_c881:auto_generated|q_a[15] ; portadataout8    ;
; |Computador_MIC|CPU:inst1|CONTROL_UNIT:inst|mc_compiler:inst123132|altsyncram:altsyncram_component|altsyncram_c881:auto_generated|ram_block1a4  ; |Computador_MIC|CPU:inst1|CONTROL_UNIT:inst|mc_compiler:inst123132|altsyncram:altsyncram_component|altsyncram_c881:auto_generated|q_a[4]  ; portadataout0    ;
; |Computador_MIC|CPU:inst1|CONTROL_UNIT:inst|mc_compiler:inst123132|altsyncram:altsyncram_component|altsyncram_c881:auto_generated|ram_block1a4  ; |Computador_MIC|CPU:inst1|CONTROL_UNIT:inst|mc_compiler:inst123132|altsyncram:altsyncram_component|altsyncram_c881:auto_generated|q_a[5]  ; portadataout1    ;
; |Computador_MIC|CPU:inst1|CONTROL_UNIT:inst|mc_compiler:inst123132|altsyncram:altsyncram_component|altsyncram_c881:auto_generated|ram_block1a4  ; |Computador_MIC|CPU:inst1|CONTROL_UNIT:inst|mc_compiler:inst123132|altsyncram:altsyncram_component|altsyncram_c881:auto_generated|q_a[6]  ; portadataout2    ;
; |Computador_MIC|CPU:inst1|CONTROL_UNIT:inst|mc_compiler:inst123132|altsyncram:altsyncram_component|altsyncram_c881:auto_generated|ram_block1a4  ; |Computador_MIC|CPU:inst1|CONTROL_UNIT:inst|mc_compiler:inst123132|altsyncram:altsyncram_component|altsyncram_c881:auto_generated|q_a[24] ; portadataout3    ;
; |Computador_MIC|CPU:inst1|CONTROL_UNIT:inst|mc_compiler:inst123132|altsyncram:altsyncram_component|altsyncram_c881:auto_generated|ram_block1a4  ; |Computador_MIC|CPU:inst1|CONTROL_UNIT:inst|mc_compiler:inst123132|altsyncram:altsyncram_component|altsyncram_c881:auto_generated|q_a[26] ; portadataout5    ;
; |Computador_MIC|CPU:inst1|CONTROL_UNIT:inst|mc_compiler:inst123132|altsyncram:altsyncram_component|altsyncram_c881:auto_generated|ram_block1a4  ; |Computador_MIC|CPU:inst1|CONTROL_UNIT:inst|mc_compiler:inst123132|altsyncram:altsyncram_component|altsyncram_c881:auto_generated|q_a[27] ; portadataout6    ;
; |Computador_MIC|CPU:inst1|CONTROL_UNIT:inst|mc_compiler:inst123132|altsyncram:altsyncram_component|altsyncram_c881:auto_generated|ram_block1a4  ; |Computador_MIC|CPU:inst1|CONTROL_UNIT:inst|mc_compiler:inst123132|altsyncram:altsyncram_component|altsyncram_c881:auto_generated|q_a[28] ; portadataout7    ;
; |Computador_MIC|CPU:inst1|CONTROL_UNIT:inst|mc_compiler:inst123132|altsyncram:altsyncram_component|altsyncram_c881:auto_generated|ram_block1a4  ; |Computador_MIC|CPU:inst1|CONTROL_UNIT:inst|mc_compiler:inst123132|altsyncram:altsyncram_component|altsyncram_c881:auto_generated|q_a[29] ; portadataout8    ;
; |Computador_MIC|RAM:inst|altsyncram:altsyncram_component|altsyncram_hcb2:auto_generated|ram_block1a7                                            ; |Computador_MIC|RAM:inst|altsyncram:altsyncram_component|altsyncram_hcb2:auto_generated|q_a[7]                                            ; portadataout0    ;
; |Computador_MIC|RAM:inst|altsyncram:altsyncram_component|altsyncram_hcb2:auto_generated|ram_block1a7                                            ; |Computador_MIC|RAM:inst|altsyncram:altsyncram_component|altsyncram_hcb2:auto_generated|q_b[7]                                            ; portbdataout0    ;
; |Computador_MIC|RAM:inst|altsyncram:altsyncram_component|altsyncram_hcb2:auto_generated|ram_block1a7                                            ; |Computador_MIC|RAM:inst|altsyncram:altsyncram_component|altsyncram_hcb2:auto_generated|q_b[15]                                           ; portbdataout1    ;
; |Computador_MIC|RAM:inst|altsyncram:altsyncram_component|altsyncram_hcb2:auto_generated|ram_block1a6                                            ; |Computador_MIC|RAM:inst|altsyncram:altsyncram_component|altsyncram_hcb2:auto_generated|q_a[6]                                            ; portadataout0    ;
; |Computador_MIC|RAM:inst|altsyncram:altsyncram_component|altsyncram_hcb2:auto_generated|ram_block1a6                                            ; |Computador_MIC|RAM:inst|altsyncram:altsyncram_component|altsyncram_hcb2:auto_generated|q_b[6]                                            ; portbdataout0    ;
; |Computador_MIC|RAM:inst|altsyncram:altsyncram_component|altsyncram_hcb2:auto_generated|ram_block1a6                                            ; |Computador_MIC|RAM:inst|altsyncram:altsyncram_component|altsyncram_hcb2:auto_generated|q_b[14]                                           ; portbdataout1    ;
; |Computador_MIC|RAM:inst|altsyncram:altsyncram_component|altsyncram_hcb2:auto_generated|ram_block1a2                                            ; |Computador_MIC|RAM:inst|altsyncram:altsyncram_component|altsyncram_hcb2:auto_generated|q_a[2]                                            ; portadataout0    ;
; |Computador_MIC|RAM:inst|altsyncram:altsyncram_component|altsyncram_hcb2:auto_generated|ram_block1a2                                            ; |Computador_MIC|RAM:inst|altsyncram:altsyncram_component|altsyncram_hcb2:auto_generated|q_b[2]                                            ; portbdataout0    ;
; |Computador_MIC|RAM:inst|altsyncram:altsyncram_component|altsyncram_hcb2:auto_generated|ram_block1a1                                            ; |Computador_MIC|RAM:inst|altsyncram:altsyncram_component|altsyncram_hcb2:auto_generated|q_a[1]                                            ; portadataout0    ;
; |Computador_MIC|RAM:inst|altsyncram:altsyncram_component|altsyncram_hcb2:auto_generated|ram_block1a1                                            ; |Computador_MIC|RAM:inst|altsyncram:altsyncram_component|altsyncram_hcb2:auto_generated|q_b[1]                                            ; portbdataout0    ;
; |Computador_MIC|RAM:inst|altsyncram:altsyncram_component|altsyncram_hcb2:auto_generated|ram_block1a1                                            ; |Computador_MIC|RAM:inst|altsyncram:altsyncram_component|altsyncram_hcb2:auto_generated|q_b[9]                                            ; portbdataout1    ;
; |Computador_MIC|RAM:inst|altsyncram:altsyncram_component|altsyncram_hcb2:auto_generated|ram_block1a3                                            ; |Computador_MIC|RAM:inst|altsyncram:altsyncram_component|altsyncram_hcb2:auto_generated|q_a[3]                                            ; portadataout0    ;
; |Computador_MIC|RAM:inst|altsyncram:altsyncram_component|altsyncram_hcb2:auto_generated|ram_block1a3                                            ; |Computador_MIC|RAM:inst|altsyncram:altsyncram_component|altsyncram_hcb2:auto_generated|q_b[3]                                            ; portbdataout0    ;
; |Computador_MIC|RAM:inst|altsyncram:altsyncram_component|altsyncram_hcb2:auto_generated|ram_block1a3                                            ; |Computador_MIC|RAM:inst|altsyncram:altsyncram_component|altsyncram_hcb2:auto_generated|q_b[11]                                           ; portbdataout1    ;
; |Computador_MIC|RAM:inst|altsyncram:altsyncram_component|altsyncram_hcb2:auto_generated|ram_block1a5                                            ; |Computador_MIC|RAM:inst|altsyncram:altsyncram_component|altsyncram_hcb2:auto_generated|q_a[5]                                            ; portadataout0    ;
; |Computador_MIC|RAM:inst|altsyncram:altsyncram_component|altsyncram_hcb2:auto_generated|ram_block1a5                                            ; |Computador_MIC|RAM:inst|altsyncram:altsyncram_component|altsyncram_hcb2:auto_generated|q_b[5]                                            ; portbdataout0    ;
; |Computador_MIC|RAM:inst|altsyncram:altsyncram_component|altsyncram_hcb2:auto_generated|ram_block1a4                                            ; |Computador_MIC|RAM:inst|altsyncram:altsyncram_component|altsyncram_hcb2:auto_generated|q_a[4]                                            ; portadataout0    ;
; |Computador_MIC|RAM:inst|altsyncram:altsyncram_component|altsyncram_hcb2:auto_generated|ram_block1a4                                            ; |Computador_MIC|RAM:inst|altsyncram:altsyncram_component|altsyncram_hcb2:auto_generated|q_b[4]                                            ; portbdataout0    ;
; |Computador_MIC|RAM:inst|altsyncram:altsyncram_component|altsyncram_hcb2:auto_generated|ram_block1a0                                            ; |Computador_MIC|RAM:inst|altsyncram:altsyncram_component|altsyncram_hcb2:auto_generated|q_a[0]                                            ; portadataout0    ;
; |Computador_MIC|RAM:inst|altsyncram:altsyncram_component|altsyncram_hcb2:auto_generated|ram_block1a0                                            ; |Computador_MIC|RAM:inst|altsyncram:altsyncram_component|altsyncram_hcb2:auto_generated|q_b[0]                                            ; portbdataout0    ;
; |Computador_MIC|CPU:inst1|CONTROL_UNIT:inst|inst3                                                                                               ; |Computador_MIC|CPU:inst1|CONTROL_UNIT:inst|inst3                                                                                         ; regout           ;
; |Computador_MIC|CPU:inst1|DATAPATH:inst13|BANK:inst|PC:inst2|REGISTER32bit:inst1|REGISTER8bit:inst|inst24                                       ; |Computador_MIC|CPU:inst1|DATAPATH:inst13|BANK:inst|PC:inst2|REGISTER32bit:inst1|REGISTER8bit:inst|inst24                                 ; regout           ;
; |Computador_MIC|CPU:inst1|DATAPATH:inst13|BANK:inst|PC:inst2|REGISTER32bit:inst1|REGISTER8bit:inst|inst20                                       ; |Computador_MIC|CPU:inst1|DATAPATH:inst13|BANK:inst|PC:inst2|REGISTER32bit:inst1|REGISTER8bit:inst|inst20                                 ; regout           ;
; |Computador_MIC|CPU:inst1|DATAPATH:inst13|BANK:inst|PC:inst2|REGISTER32bit:inst1|REGISTER8bit:inst|inst16                                       ; |Computador_MIC|CPU:inst1|DATAPATH:inst13|BANK:inst|PC:inst2|REGISTER32bit:inst1|REGISTER8bit:inst|inst16                                 ; regout           ;
; |Computador_MIC|CPU:inst1|DATAPATH:inst13|BANK:inst|PC:inst2|REGISTER32bit:inst1|REGISTER8bit:inst|inst12                                       ; |Computador_MIC|CPU:inst1|DATAPATH:inst13|BANK:inst|PC:inst2|REGISTER32bit:inst1|REGISTER8bit:inst|inst12                                 ; regout           ;
; |Computador_MIC|CPU:inst1|DATAPATH:inst13|BANK:inst|PC:inst2|REGISTER32bit:inst1|REGISTER8bit:inst|inst8                                        ; |Computador_MIC|CPU:inst1|DATAPATH:inst13|BANK:inst|PC:inst2|REGISTER32bit:inst1|REGISTER8bit:inst|inst8                                  ; regout           ;
; |Computador_MIC|CPU:inst1|DATAPATH:inst13|BANK:inst|PC:inst2|REGISTER32bit:inst1|REGISTER8bit:inst|inst5                                        ; |Computador_MIC|CPU:inst1|DATAPATH:inst13|BANK:inst|PC:inst2|REGISTER32bit:inst1|REGISTER8bit:inst|inst5                                  ; regout           ;
; |Computador_MIC|CPU:inst1|DATAPATH:inst13|BANK:inst|PC:inst2|REGISTER32bit:inst1|REGISTER8bit:inst|inst                                         ; |Computador_MIC|CPU:inst1|DATAPATH:inst13|BANK:inst|PC:inst2|REGISTER32bit:inst1|REGISTER8bit:inst|inst                                   ; regout           ;
; |Computador_MIC|CPU:inst1|DATAPATH:inst13|BANK:inst|MAR:inst|REGISTER32bit:inst1|REGISTER8bit:inst20|inst5                                      ; |Computador_MIC|CPU:inst1|DATAPATH:inst13|BANK:inst|MAR:inst|REGISTER32bit:inst1|REGISTER8bit:inst20|inst5                                ; regout           ;
; |Computador_MIC|CPU:inst1|DATAPATH:inst13|BANK:inst|MAR:inst|REGISTER32bit:inst1|REGISTER8bit:inst20|inst                                       ; |Computador_MIC|CPU:inst1|DATAPATH:inst13|BANK:inst|MAR:inst|REGISTER32bit:inst1|REGISTER8bit:inst20|inst                                 ; regout           ;
; |Computador_MIC|CPU:inst1|DATAPATH:inst13|BANK:inst|MAR:inst|REGISTER32bit:inst1|REGISTER8bit:inst|inst28                                       ; |Computador_MIC|CPU:inst1|DATAPATH:inst13|BANK:inst|MAR:inst|REGISTER32bit:inst1|REGISTER8bit:inst|inst28                                 ; regout           ;
; |Computador_MIC|CPU:inst1|DATAPATH:inst13|BANK:inst|MAR:inst|REGISTER32bit:inst1|REGISTER8bit:inst|inst20                                       ; |Computador_MIC|CPU:inst1|DATAPATH:inst13|BANK:inst|MAR:inst|REGISTER32bit:inst1|REGISTER8bit:inst|inst20                                 ; regout           ;
; |Computador_MIC|CPU:inst1|DATAPATH:inst13|BANK:inst|MAR:inst|REGISTER32bit:inst1|REGISTER8bit:inst|inst16                                       ; |Computador_MIC|CPU:inst1|DATAPATH:inst13|BANK:inst|MAR:inst|REGISTER32bit:inst1|REGISTER8bit:inst|inst16                                 ; regout           ;
; |Computador_MIC|CPU:inst1|DATAPATH:inst13|BANK:inst|MAR:inst|REGISTER32bit:inst1|REGISTER8bit:inst|inst12                                       ; |Computador_MIC|CPU:inst1|DATAPATH:inst13|BANK:inst|MAR:inst|REGISTER32bit:inst1|REGISTER8bit:inst|inst12                                 ; regout           ;
; |Computador_MIC|CPU:inst1|DATAPATH:inst13|BANK:inst|MAR:inst|REGISTER32bit:inst1|REGISTER8bit:inst|inst8                                        ; |Computador_MIC|CPU:inst1|DATAPATH:inst13|BANK:inst|MAR:inst|REGISTER32bit:inst1|REGISTER8bit:inst|inst8                                  ; regout           ;
; |Computador_MIC|CPU:inst1|DATAPATH:inst13|BANK:inst|MAR:inst|REGISTER32bit:inst1|REGISTER8bit:inst|inst5                                        ; |Computador_MIC|CPU:inst1|DATAPATH:inst13|BANK:inst|MAR:inst|REGISTER32bit:inst1|REGISTER8bit:inst|inst5                                  ; regout           ;
; |Computador_MIC|CPU:inst1|DATAPATH:inst13|BANK:inst|MAR:inst|REGISTER32bit:inst1|REGISTER8bit:inst|inst                                         ; |Computador_MIC|CPU:inst1|DATAPATH:inst13|BANK:inst|MAR:inst|REGISTER32bit:inst1|REGISTER8bit:inst|inst                                   ; regout           ;
; |Computador_MIC|CPU:inst1|DATAPATH:inst13|ULA_32bit:inst1|ULA_8bit:inst4|ULA_1bit:inst14|inst6                                                  ; |Computador_MIC|CPU:inst1|DATAPATH:inst13|ULA_32bit:inst1|ULA_8bit:inst4|ULA_1bit:inst14|inst6                                            ; combout          ;
; |Computador_MIC|CPU:inst1|DATAPATH:inst13|BANK:inst|OUT_B[31]~0                                                                                 ; |Computador_MIC|CPU:inst1|DATAPATH:inst13|BANK:inst|OUT_B[31]~0                                                                           ; combout          ;
; |Computador_MIC|CPU:inst1|DATAPATH:inst13|BANK:inst|OUT_B[31]~1                                                                                 ; |Computador_MIC|CPU:inst1|DATAPATH:inst13|BANK:inst|OUT_B[31]~1                                                                           ; combout          ;
; |Computador_MIC|CPU:inst1|DATAPATH:inst13|BANK:inst|OUT_B[31]~3                                                                                 ; |Computador_MIC|CPU:inst1|DATAPATH:inst13|BANK:inst|OUT_B[31]~3                                                                           ; combout          ;
; |Computador_MIC|CPU:inst1|DATAPATH:inst13|BANK:inst|OUT_B[31]~4                                                                                 ; |Computador_MIC|CPU:inst1|DATAPATH:inst13|BANK:inst|OUT_B[31]~4                                                                           ; combout          ;
; |Computador_MIC|CPU:inst1|DATAPATH:inst13|BANK:inst|MBR:inst9|REGISTER32bit:inst1|REGISTER8bit:inst23|inst5                                     ; |Computador_MIC|CPU:inst1|DATAPATH:inst13|BANK:inst|MBR:inst9|REGISTER32bit:inst1|REGISTER8bit:inst23|inst5                               ; regout           ;
; |Computador_MIC|CPU:inst1|DATAPATH:inst13|BANK:inst|OUT_B[31]~6                                                                                 ; |Computador_MIC|CPU:inst1|DATAPATH:inst13|BANK:inst|OUT_B[31]~6                                                                           ; combout          ;
; |Computador_MIC|CPU:inst1|DATAPATH:inst13|BANK:inst|OUT_B[31]~7                                                                                 ; |Computador_MIC|CPU:inst1|DATAPATH:inst13|BANK:inst|OUT_B[31]~7                                                                           ; combout          ;
; |Computador_MIC|CPU:inst1|DATAPATH:inst13|BANK:inst|OUT_B[31]~8                                                                                 ; |Computador_MIC|CPU:inst1|DATAPATH:inst13|BANK:inst|OUT_B[31]~8                                                                           ; combout          ;
; |Computador_MIC|CPU:inst1|DATAPATH:inst13|BANK:inst|OUT_B[31]~9                                                                                 ; |Computador_MIC|CPU:inst1|DATAPATH:inst13|BANK:inst|OUT_B[31]~9                                                                           ; combout          ;
; |Computador_MIC|CPU:inst1|DATAPATH:inst13|BANK:inst|OUT_B[31]~11                                                                                ; |Computador_MIC|CPU:inst1|DATAPATH:inst13|BANK:inst|OUT_B[31]~11                                                                          ; combout          ;
; |Computador_MIC|CPU:inst1|DATAPATH:inst13|BANK:inst|OUT_B[31]~12                                                                                ; |Computador_MIC|CPU:inst1|DATAPATH:inst13|BANK:inst|OUT_B[31]~12                                                                          ; combout          ;
; |Computador_MIC|CPU:inst1|DATAPATH:inst13|ULA_32bit:inst1|ULA_8bit:inst4|ULA_1bit:inst14|inst1                                                  ; |Computador_MIC|CPU:inst1|DATAPATH:inst13|ULA_32bit:inst1|ULA_8bit:inst4|ULA_1bit:inst14|inst1                                            ; combout          ;
; |Computador_MIC|CPU:inst1|DATAPATH:inst13|ULA_32bit:inst1|ULA_8bit:inst4|ULA_1bit:inst14|inst11~2                                               ; |Computador_MIC|CPU:inst1|DATAPATH:inst13|ULA_32bit:inst1|ULA_8bit:inst4|ULA_1bit:inst14|inst11~2                                         ; combout          ;
; |Computador_MIC|CPU:inst1|DATAPATH:inst13|ULA_32bit:inst1|ULA_8bit:inst3|ULA_1bit:inst|DECODER2_4:inst9|inst4~0                                 ; |Computador_MIC|CPU:inst1|DATAPATH:inst13|ULA_32bit:inst1|ULA_8bit:inst3|ULA_1bit:inst|DECODER2_4:inst9|inst4~0                           ; combout          ;
; |Computador_MIC|CPU:inst1|DATAPATH:inst13|ULA_32bit:inst1|ULA_8bit:inst4|ULA_1bit:inst13|inst6                                                  ; |Computador_MIC|CPU:inst1|DATAPATH:inst13|ULA_32bit:inst1|ULA_8bit:inst4|ULA_1bit:inst13|inst6                                            ; combout          ;
; |Computador_MIC|CPU:inst1|DATAPATH:inst13|BANK:inst|OUT_B[30]~14                                                                                ; |Computador_MIC|CPU:inst1|DATAPATH:inst13|BANK:inst|OUT_B[30]~14                                                                          ; combout          ;
; |Computador_MIC|CPU:inst1|DATAPATH:inst13|ULA_32bit:inst1|ULA_8bit:inst4|ULA_1bit:inst13|inst1                                                  ; |Computador_MIC|CPU:inst1|DATAPATH:inst13|ULA_32bit:inst1|ULA_8bit:inst4|ULA_1bit:inst13|inst1                                            ; combout          ;
; |Computador_MIC|CPU:inst1|DATAPATH:inst13|ULA_32bit:inst1|ULA_8bit:inst4|ULA_1bit:inst9|inst6                                                   ; |Computador_MIC|CPU:inst1|DATAPATH:inst13|ULA_32bit:inst1|ULA_8bit:inst4|ULA_1bit:inst9|inst6                                             ; combout          ;
; |Computador_MIC|CPU:inst1|DATAPATH:inst13|BANK:inst|OUT_B[26]~18                                                                                ; |Computador_MIC|CPU:inst1|DATAPATH:inst13|BANK:inst|OUT_B[26]~18                                                                          ; combout          ;
; |Computador_MIC|CPU:inst1|DATAPATH:inst13|ULA_32bit:inst1|ULA_8bit:inst4|ULA_1bit:inst9|inst1                                                   ; |Computador_MIC|CPU:inst1|DATAPATH:inst13|ULA_32bit:inst1|ULA_8bit:inst4|ULA_1bit:inst9|inst1                                             ; combout          ;
; |Computador_MIC|CPU:inst1|DATAPATH:inst13|ULA_32bit:inst1|ULA_8bit:inst4|ULA_1bit:inst2|inst6                                                   ; |Computador_MIC|CPU:inst1|DATAPATH:inst13|ULA_32bit:inst1|ULA_8bit:inst4|ULA_1bit:inst2|inst6                                             ; combout          ;
; |Computador_MIC|CPU:inst1|DATAPATH:inst13|BANK:inst|OUT_B[25]~21                                                                                ; |Computador_MIC|CPU:inst1|DATAPATH:inst13|BANK:inst|OUT_B[25]~21                                                                          ; combout          ;
; |Computador_MIC|CPU:inst1|DATAPATH:inst13|BANK:inst|OUT_B[25]~25                                                                                ; |Computador_MIC|CPU:inst1|DATAPATH:inst13|BANK:inst|OUT_B[25]~25                                                                          ; combout          ;
; |Computador_MIC|CPU:inst1|DATAPATH:inst13|ULA_32bit:inst1|ULA_8bit:inst2|ULA_1bit:inst10|inst6                                                  ; |Computador_MIC|CPU:inst1|DATAPATH:inst13|ULA_32bit:inst1|ULA_8bit:inst2|ULA_1bit:inst10|inst6                                            ; combout          ;
; |Computador_MIC|CPU:inst1|DATAPATH:inst13|BANK:inst|TOS:inst6|REGISTER32bit:inst1|REGISTER8bit:inst20|inst12                                    ; |Computador_MIC|CPU:inst1|DATAPATH:inst13|BANK:inst|TOS:inst6|REGISTER32bit:inst1|REGISTER8bit:inst20|inst12                              ; regout           ;
; |Computador_MIC|CPU:inst1|DATAPATH:inst13|BANK:inst|OUT_B[11]~26                                                                                ; |Computador_MIC|CPU:inst1|DATAPATH:inst13|BANK:inst|OUT_B[11]~26                                                                          ; combout          ;
; |Computador_MIC|CPU:inst1|DATAPATH:inst13|BANK:inst|OUT_B[11]~27                                                                                ; |Computador_MIC|CPU:inst1|DATAPATH:inst13|BANK:inst|OUT_B[11]~27                                                                          ; combout          ;
; |Computador_MIC|CPU:inst1|DATAPATH:inst13|BANK:inst|OUT_B[11]~29                                                                                ; |Computador_MIC|CPU:inst1|DATAPATH:inst13|BANK:inst|OUT_B[11]~29                                                                          ; combout          ;
; |Computador_MIC|CPU:inst1|DATAPATH:inst13|ULA_32bit:inst1|ULA_8bit:inst2|ULA_1bit:inst10|inst1                                                  ; |Computador_MIC|CPU:inst1|DATAPATH:inst13|ULA_32bit:inst1|ULA_8bit:inst2|ULA_1bit:inst10|inst1                                            ; combout          ;
; |Computador_MIC|CPU:inst1|DATAPATH:inst13|BANK:inst|OUT_B[10]~30                                                                                ; |Computador_MIC|CPU:inst1|DATAPATH:inst13|BANK:inst|OUT_B[10]~30                                                                          ; combout          ;
; |Computador_MIC|CPU:inst1|DATAPATH:inst13|BANK:inst|OUT_B[10]~34                                                                                ; |Computador_MIC|CPU:inst1|DATAPATH:inst13|BANK:inst|OUT_B[10]~34                                                                          ; combout          ;
; |Computador_MIC|CPU:inst1|DATAPATH:inst13|ULA_32bit:inst1|ULA_8bit:inst2|ULA_1bit:inst9|inst6                                                   ; |Computador_MIC|CPU:inst1|DATAPATH:inst13|ULA_32bit:inst1|ULA_8bit:inst2|ULA_1bit:inst9|inst6                                             ; combout          ;
; |Computador_MIC|CPU:inst1|DATAPATH:inst13|ULA_32bit:inst1|ULA_8bit:inst2|ULA_1bit:inst2|inst6                                                   ; |Computador_MIC|CPU:inst1|DATAPATH:inst13|ULA_32bit:inst1|ULA_8bit:inst2|ULA_1bit:inst2|inst6                                             ; combout          ;
; |Computador_MIC|CPU:inst1|DATAPATH:inst13|BANK:inst|OUT_B[9]~35                                                                                 ; |Computador_MIC|CPU:inst1|DATAPATH:inst13|BANK:inst|OUT_B[9]~35                                                                           ; combout          ;
; |Computador_MIC|CPU:inst1|DATAPATH:inst13|BANK:inst|TOS:inst6|REGISTER32bit:inst1|REGISTER8bit:inst20|inst5                                     ; |Computador_MIC|CPU:inst1|DATAPATH:inst13|BANK:inst|TOS:inst6|REGISTER32bit:inst1|REGISTER8bit:inst20|inst5                               ; regout           ;
; |Computador_MIC|CPU:inst1|DATAPATH:inst13|BANK:inst|OUT_B[9]~36                                                                                 ; |Computador_MIC|CPU:inst1|DATAPATH:inst13|BANK:inst|OUT_B[9]~36                                                                           ; combout          ;
; |Computador_MIC|CPU:inst1|DATAPATH:inst13|BANK:inst|OUT_B[9]~38                                                                                 ; |Computador_MIC|CPU:inst1|DATAPATH:inst13|BANK:inst|OUT_B[9]~38                                                                           ; combout          ;
; |Computador_MIC|CPU:inst1|DATAPATH:inst13|BANK:inst|OUT_B[9]~39                                                                                 ; |Computador_MIC|CPU:inst1|DATAPATH:inst13|BANK:inst|OUT_B[9]~39                                                                           ; combout          ;
; |Computador_MIC|CPU:inst1|DATAPATH:inst13|ULA_32bit:inst1|ULA_8bit:inst2|ULA_1bit:inst2|FULL_ADDER_1bit:inst10|inst3~0                          ; |Computador_MIC|CPU:inst1|DATAPATH:inst13|ULA_32bit:inst1|ULA_8bit:inst2|ULA_1bit:inst2|FULL_ADDER_1bit:inst10|inst3~0                    ; combout          ;
; |Computador_MIC|CPU:inst1|DATAPATH:inst13|ULA_32bit:inst1|ULA_8bit:inst|ULA_1bit:inst12|inst6                                                   ; |Computador_MIC|CPU:inst1|DATAPATH:inst13|ULA_32bit:inst1|ULA_8bit:inst|ULA_1bit:inst12|inst6                                             ; combout          ;
; |Computador_MIC|CPU:inst1|DATAPATH:inst13|BANK:inst|TOS:inst6|REGISTER32bit:inst1|REGISTER8bit:inst|inst20                                      ; |Computador_MIC|CPU:inst1|DATAPATH:inst13|BANK:inst|TOS:inst6|REGISTER32bit:inst1|REGISTER8bit:inst|inst20                                ; regout           ;
; |Computador_MIC|CPU:inst1|DATAPATH:inst13|BANK:inst|OPC:inst7|REGISTER32bit:inst1|REGISTER8bit:inst|inst20                                      ; |Computador_MIC|CPU:inst1|DATAPATH:inst13|BANK:inst|OPC:inst7|REGISTER32bit:inst1|REGISTER8bit:inst|inst20                                ; regout           ;
; |Computador_MIC|CPU:inst1|DATAPATH:inst13|BANK:inst|OUT_B[5]~40                                                                                 ; |Computador_MIC|CPU:inst1|DATAPATH:inst13|BANK:inst|OUT_B[5]~40                                                                           ; combout          ;
; |Computador_MIC|CPU:inst1|DATAPATH:inst13|BANK:inst|OUT_B[5]~41                                                                                 ; |Computador_MIC|CPU:inst1|DATAPATH:inst13|BANK:inst|OUT_B[5]~41                                                                           ; combout          ;
; |Computador_MIC|CPU:inst1|DATAPATH:inst13|BANK:inst|OUT_B[5]~42                                                                                 ; |Computador_MIC|CPU:inst1|DATAPATH:inst13|BANK:inst|OUT_B[5]~42                                                                           ; combout          ;
; |Computador_MIC|CPU:inst1|DATAPATH:inst13|BANK:inst|OUT_B[31]~43                                                                                ; |Computador_MIC|CPU:inst1|DATAPATH:inst13|BANK:inst|OUT_B[31]~43                                                                          ; combout          ;
; |Computador_MIC|CPU:inst1|DATAPATH:inst13|BANK:inst|MBR:inst9|REGISTER32bit:inst42|REGISTER8bit:inst|inst20                                     ; |Computador_MIC|CPU:inst1|DATAPATH:inst13|BANK:inst|MBR:inst9|REGISTER32bit:inst42|REGISTER8bit:inst|inst20                               ; regout           ;
; |Computador_MIC|CPU:inst1|DATAPATH:inst13|BANK:inst|MDR:inst1|REGISTER32bit:inst1|REGISTER8bit:inst|inst20                                      ; |Computador_MIC|CPU:inst1|DATAPATH:inst13|BANK:inst|MDR:inst1|REGISTER32bit:inst1|REGISTER8bit:inst|inst20                                ; regout           ;
; |Computador_MIC|CPU:inst1|DATAPATH:inst13|BANK:inst|OUT_B[5]~44                                                                                 ; |Computador_MIC|CPU:inst1|DATAPATH:inst13|BANK:inst|OUT_B[5]~44                                                                           ; combout          ;
; |Computador_MIC|CPU:inst1|DATAPATH:inst13|BANK:inst|OUT_B[5]~45                                                                                 ; |Computador_MIC|CPU:inst1|DATAPATH:inst13|BANK:inst|OUT_B[5]~45                                                                           ; combout          ;
; |Computador_MIC|CPU:inst1|DATAPATH:inst13|BANK:inst|MBR:inst9|REGISTER32bit:inst1|REGISTER8bit:inst|inst20                                      ; |Computador_MIC|CPU:inst1|DATAPATH:inst13|BANK:inst|MBR:inst9|REGISTER32bit:inst1|REGISTER8bit:inst|inst20                                ; regout           ;
; |Computador_MIC|CPU:inst1|DATAPATH:inst13|ULA_32bit:inst1|ULA_8bit:inst|ULA_1bit:inst12|inst1                                                   ; |Computador_MIC|CPU:inst1|DATAPATH:inst13|ULA_32bit:inst1|ULA_8bit:inst|ULA_1bit:inst12|inst1                                             ; combout          ;
; |Computador_MIC|CPU:inst1|DATAPATH:inst13|BANK:inst|H:inst8|REGISTER32bit:inst1|REGISTER8bit:inst|inst16                                        ; |Computador_MIC|CPU:inst1|DATAPATH:inst13|BANK:inst|H:inst8|REGISTER32bit:inst1|REGISTER8bit:inst|inst16                                  ; regout           ;
; |Computador_MIC|CPU:inst1|DATAPATH:inst13|ULA_32bit:inst1|ULA_8bit:inst|ULA_1bit:inst11|inst6                                                   ; |Computador_MIC|CPU:inst1|DATAPATH:inst13|ULA_32bit:inst1|ULA_8bit:inst|ULA_1bit:inst11|inst6                                             ; combout          ;
; |Computador_MIC|CPU:inst1|DATAPATH:inst13|BANK:inst|TOS:inst6|REGISTER32bit:inst1|REGISTER8bit:inst|inst16                                      ; |Computador_MIC|CPU:inst1|DATAPATH:inst13|BANK:inst|TOS:inst6|REGISTER32bit:inst1|REGISTER8bit:inst|inst16                                ; regout           ;
; |Computador_MIC|CPU:inst1|DATAPATH:inst13|BANK:inst|OPC:inst7|REGISTER32bit:inst1|REGISTER8bit:inst|inst16                                      ; |Computador_MIC|CPU:inst1|DATAPATH:inst13|BANK:inst|OPC:inst7|REGISTER32bit:inst1|REGISTER8bit:inst|inst16                                ; regout           ;
; |Computador_MIC|CPU:inst1|DATAPATH:inst13|BANK:inst|OUT_B[4]~46                                                                                 ; |Computador_MIC|CPU:inst1|DATAPATH:inst13|BANK:inst|OUT_B[4]~46                                                                           ; combout          ;
; |Computador_MIC|CPU:inst1|DATAPATH:inst13|BANK:inst|LV:inst4|REGISTER32bit:inst1|REGISTER8bit:inst|inst16                                       ; |Computador_MIC|CPU:inst1|DATAPATH:inst13|BANK:inst|LV:inst4|REGISTER32bit:inst1|REGISTER8bit:inst|inst16                                 ; regout           ;
; |Computador_MIC|CPU:inst1|DATAPATH:inst13|BANK:inst|OUT_B[4]~47                                                                                 ; |Computador_MIC|CPU:inst1|DATAPATH:inst13|BANK:inst|OUT_B[4]~47                                                                           ; combout          ;
; |Computador_MIC|CPU:inst1|DATAPATH:inst13|BANK:inst|SP:inst3|REGISTER32bit:inst1|REGISTER8bit:inst|inst16                                       ; |Computador_MIC|CPU:inst1|DATAPATH:inst13|BANK:inst|SP:inst3|REGISTER32bit:inst1|REGISTER8bit:inst|inst16                                 ; regout           ;
; |Computador_MIC|CPU:inst1|DATAPATH:inst13|BANK:inst|OUT_B[4]~48                                                                                 ; |Computador_MIC|CPU:inst1|DATAPATH:inst13|BANK:inst|OUT_B[4]~48                                                                           ; combout          ;
; |Computador_MIC|CPU:inst1|DATAPATH:inst13|BANK:inst|MBR:inst9|REGISTER32bit:inst42|REGISTER8bit:inst|inst16                                     ; |Computador_MIC|CPU:inst1|DATAPATH:inst13|BANK:inst|MBR:inst9|REGISTER32bit:inst42|REGISTER8bit:inst|inst16                               ; regout           ;
; |Computador_MIC|CPU:inst1|DATAPATH:inst13|BANK:inst|MDR:inst1|REGISTER32bit:inst1|REGISTER8bit:inst|inst16                                      ; |Computador_MIC|CPU:inst1|DATAPATH:inst13|BANK:inst|MDR:inst1|REGISTER32bit:inst1|REGISTER8bit:inst|inst16                                ; regout           ;
; |Computador_MIC|CPU:inst1|DATAPATH:inst13|BANK:inst|OUT_B[4]~49                                                                                 ; |Computador_MIC|CPU:inst1|DATAPATH:inst13|BANK:inst|OUT_B[4]~49                                                                           ; combout          ;
; |Computador_MIC|CPU:inst1|DATAPATH:inst13|BANK:inst|OUT_B[4]~50                                                                                 ; |Computador_MIC|CPU:inst1|DATAPATH:inst13|BANK:inst|OUT_B[4]~50                                                                           ; combout          ;
; |Computador_MIC|CPU:inst1|DATAPATH:inst13|BANK:inst|MBR:inst9|REGISTER32bit:inst1|REGISTER8bit:inst|inst16                                      ; |Computador_MIC|CPU:inst1|DATAPATH:inst13|BANK:inst|MBR:inst9|REGISTER32bit:inst1|REGISTER8bit:inst|inst16                                ; regout           ;
; |Computador_MIC|CPU:inst1|DATAPATH:inst13|ULA_32bit:inst1|ULA_8bit:inst|ULA_1bit:inst11|inst1                                                   ; |Computador_MIC|CPU:inst1|DATAPATH:inst13|ULA_32bit:inst1|ULA_8bit:inst|ULA_1bit:inst11|inst1                                             ; combout          ;
; |Computador_MIC|CPU:inst1|DATAPATH:inst13|BANK:inst|H:inst8|REGISTER32bit:inst1|REGISTER8bit:inst|inst12                                        ; |Computador_MIC|CPU:inst1|DATAPATH:inst13|BANK:inst|H:inst8|REGISTER32bit:inst1|REGISTER8bit:inst|inst12                                  ; regout           ;
; |Computador_MIC|CPU:inst1|DATAPATH:inst13|ULA_32bit:inst1|ULA_8bit:inst|ULA_1bit:inst10|inst6                                                   ; |Computador_MIC|CPU:inst1|DATAPATH:inst13|ULA_32bit:inst1|ULA_8bit:inst|ULA_1bit:inst10|inst6                                             ; combout          ;
; |Computador_MIC|CPU:inst1|DATAPATH:inst13|BANK:inst|TOS:inst6|REGISTER32bit:inst1|REGISTER8bit:inst|inst12                                      ; |Computador_MIC|CPU:inst1|DATAPATH:inst13|BANK:inst|TOS:inst6|REGISTER32bit:inst1|REGISTER8bit:inst|inst12                                ; regout           ;
; |Computador_MIC|CPU:inst1|DATAPATH:inst13|BANK:inst|OPC:inst7|REGISTER32bit:inst1|REGISTER8bit:inst|inst12                                      ; |Computador_MIC|CPU:inst1|DATAPATH:inst13|BANK:inst|OPC:inst7|REGISTER32bit:inst1|REGISTER8bit:inst|inst12                                ; regout           ;
; |Computador_MIC|CPU:inst1|DATAPATH:inst13|BANK:inst|OUT_B[3]~51                                                                                 ; |Computador_MIC|CPU:inst1|DATAPATH:inst13|BANK:inst|OUT_B[3]~51                                                                           ; combout          ;
; |Computador_MIC|CPU:inst1|DATAPATH:inst13|BANK:inst|LV:inst4|REGISTER32bit:inst1|REGISTER8bit:inst|inst12                                       ; |Computador_MIC|CPU:inst1|DATAPATH:inst13|BANK:inst|LV:inst4|REGISTER32bit:inst1|REGISTER8bit:inst|inst12                                 ; regout           ;
; |Computador_MIC|CPU:inst1|DATAPATH:inst13|BANK:inst|OUT_B[3]~52                                                                                 ; |Computador_MIC|CPU:inst1|DATAPATH:inst13|BANK:inst|OUT_B[3]~52                                                                           ; combout          ;
; |Computador_MIC|CPU:inst1|DATAPATH:inst13|BANK:inst|SP:inst3|REGISTER32bit:inst1|REGISTER8bit:inst|inst12                                       ; |Computador_MIC|CPU:inst1|DATAPATH:inst13|BANK:inst|SP:inst3|REGISTER32bit:inst1|REGISTER8bit:inst|inst12                                 ; regout           ;
; |Computador_MIC|CPU:inst1|DATAPATH:inst13|BANK:inst|OUT_B[3]~53                                                                                 ; |Computador_MIC|CPU:inst1|DATAPATH:inst13|BANK:inst|OUT_B[3]~53                                                                           ; combout          ;
; |Computador_MIC|CPU:inst1|DATAPATH:inst13|BANK:inst|MBR:inst9|REGISTER32bit:inst42|REGISTER8bit:inst|inst12                                     ; |Computador_MIC|CPU:inst1|DATAPATH:inst13|BANK:inst|MBR:inst9|REGISTER32bit:inst42|REGISTER8bit:inst|inst12                               ; regout           ;
; |Computador_MIC|CPU:inst1|DATAPATH:inst13|BANK:inst|MDR:inst1|REGISTER32bit:inst1|REGISTER8bit:inst|inst12                                      ; |Computador_MIC|CPU:inst1|DATAPATH:inst13|BANK:inst|MDR:inst1|REGISTER32bit:inst1|REGISTER8bit:inst|inst12                                ; regout           ;
; |Computador_MIC|CPU:inst1|DATAPATH:inst13|BANK:inst|OUT_B[3]~54                                                                                 ; |Computador_MIC|CPU:inst1|DATAPATH:inst13|BANK:inst|OUT_B[3]~54                                                                           ; combout          ;
; |Computador_MIC|CPU:inst1|DATAPATH:inst13|BANK:inst|OUT_B[3]~55                                                                                 ; |Computador_MIC|CPU:inst1|DATAPATH:inst13|BANK:inst|OUT_B[3]~55                                                                           ; combout          ;
; |Computador_MIC|CPU:inst1|DATAPATH:inst13|BANK:inst|MBR:inst9|REGISTER32bit:inst1|REGISTER8bit:inst|inst12                                      ; |Computador_MIC|CPU:inst1|DATAPATH:inst13|BANK:inst|MBR:inst9|REGISTER32bit:inst1|REGISTER8bit:inst|inst12                                ; regout           ;
; |Computador_MIC|CPU:inst1|DATAPATH:inst13|ULA_32bit:inst1|ULA_8bit:inst|ULA_1bit:inst10|inst1                                                   ; |Computador_MIC|CPU:inst1|DATAPATH:inst13|ULA_32bit:inst1|ULA_8bit:inst|ULA_1bit:inst10|inst1                                             ; combout          ;
; |Computador_MIC|CPU:inst1|DATAPATH:inst13|BANK:inst|H:inst8|REGISTER32bit:inst1|REGISTER8bit:inst|inst8                                         ; |Computador_MIC|CPU:inst1|DATAPATH:inst13|BANK:inst|H:inst8|REGISTER32bit:inst1|REGISTER8bit:inst|inst8                                   ; regout           ;
; |Computador_MIC|CPU:inst1|DATAPATH:inst13|ULA_32bit:inst1|ULA_8bit:inst|ULA_1bit:inst9|inst6                                                    ; |Computador_MIC|CPU:inst1|DATAPATH:inst13|ULA_32bit:inst1|ULA_8bit:inst|ULA_1bit:inst9|inst6                                              ; combout          ;
; |Computador_MIC|CPU:inst1|DATAPATH:inst13|BANK:inst|TOS:inst6|REGISTER32bit:inst1|REGISTER8bit:inst|inst8                                       ; |Computador_MIC|CPU:inst1|DATAPATH:inst13|BANK:inst|TOS:inst6|REGISTER32bit:inst1|REGISTER8bit:inst|inst8                                 ; regout           ;
; |Computador_MIC|CPU:inst1|DATAPATH:inst13|BANK:inst|OPC:inst7|REGISTER32bit:inst1|REGISTER8bit:inst|inst8                                       ; |Computador_MIC|CPU:inst1|DATAPATH:inst13|BANK:inst|OPC:inst7|REGISTER32bit:inst1|REGISTER8bit:inst|inst8                                 ; regout           ;
; |Computador_MIC|CPU:inst1|DATAPATH:inst13|BANK:inst|OUT_B[2]~56                                                                                 ; |Computador_MIC|CPU:inst1|DATAPATH:inst13|BANK:inst|OUT_B[2]~56                                                                           ; combout          ;
; |Computador_MIC|CPU:inst1|DATAPATH:inst13|BANK:inst|LV:inst4|REGISTER32bit:inst1|REGISTER8bit:inst|inst8                                        ; |Computador_MIC|CPU:inst1|DATAPATH:inst13|BANK:inst|LV:inst4|REGISTER32bit:inst1|REGISTER8bit:inst|inst8                                  ; regout           ;
; |Computador_MIC|CPU:inst1|DATAPATH:inst13|BANK:inst|OUT_B[2]~57                                                                                 ; |Computador_MIC|CPU:inst1|DATAPATH:inst13|BANK:inst|OUT_B[2]~57                                                                           ; combout          ;
; |Computador_MIC|CPU:inst1|DATAPATH:inst13|BANK:inst|SP:inst3|REGISTER32bit:inst1|REGISTER8bit:inst|inst8                                        ; |Computador_MIC|CPU:inst1|DATAPATH:inst13|BANK:inst|SP:inst3|REGISTER32bit:inst1|REGISTER8bit:inst|inst8                                  ; regout           ;
; |Computador_MIC|CPU:inst1|DATAPATH:inst13|BANK:inst|OUT_B[2]~58                                                                                 ; |Computador_MIC|CPU:inst1|DATAPATH:inst13|BANK:inst|OUT_B[2]~58                                                                           ; combout          ;
; |Computador_MIC|CPU:inst1|DATAPATH:inst13|BANK:inst|MBR:inst9|REGISTER32bit:inst42|REGISTER8bit:inst|inst8                                      ; |Computador_MIC|CPU:inst1|DATAPATH:inst13|BANK:inst|MBR:inst9|REGISTER32bit:inst42|REGISTER8bit:inst|inst8                                ; regout           ;
; |Computador_MIC|CPU:inst1|DATAPATH:inst13|BANK:inst|MDR:inst1|REGISTER32bit:inst1|REGISTER8bit:inst|inst8                                       ; |Computador_MIC|CPU:inst1|DATAPATH:inst13|BANK:inst|MDR:inst1|REGISTER32bit:inst1|REGISTER8bit:inst|inst8                                 ; regout           ;
; |Computador_MIC|CPU:inst1|DATAPATH:inst13|BANK:inst|OUT_B[2]~59                                                                                 ; |Computador_MIC|CPU:inst1|DATAPATH:inst13|BANK:inst|OUT_B[2]~59                                                                           ; combout          ;
; |Computador_MIC|CPU:inst1|DATAPATH:inst13|BANK:inst|OUT_B[2]~60                                                                                 ; |Computador_MIC|CPU:inst1|DATAPATH:inst13|BANK:inst|OUT_B[2]~60                                                                           ; combout          ;
; |Computador_MIC|CPU:inst1|DATAPATH:inst13|BANK:inst|MBR:inst9|REGISTER32bit:inst1|REGISTER8bit:inst|inst8                                       ; |Computador_MIC|CPU:inst1|DATAPATH:inst13|BANK:inst|MBR:inst9|REGISTER32bit:inst1|REGISTER8bit:inst|inst8                                 ; regout           ;
; |Computador_MIC|CPU:inst1|DATAPATH:inst13|ULA_32bit:inst1|ULA_8bit:inst|ULA_1bit:inst9|inst1                                                    ; |Computador_MIC|CPU:inst1|DATAPATH:inst13|ULA_32bit:inst1|ULA_8bit:inst|ULA_1bit:inst9|inst1                                              ; combout          ;
; |Computador_MIC|CPU:inst1|DATAPATH:inst13|BANK:inst|H:inst8|REGISTER32bit:inst1|REGISTER8bit:inst|inst5                                         ; |Computador_MIC|CPU:inst1|DATAPATH:inst13|BANK:inst|H:inst8|REGISTER32bit:inst1|REGISTER8bit:inst|inst5                                   ; regout           ;
; |Computador_MIC|CPU:inst1|DATAPATH:inst13|ULA_32bit:inst1|ULA_8bit:inst|ULA_1bit:inst2|inst6                                                    ; |Computador_MIC|CPU:inst1|DATAPATH:inst13|ULA_32bit:inst1|ULA_8bit:inst|ULA_1bit:inst2|inst6                                              ; combout          ;
; |Computador_MIC|CPU:inst1|DATAPATH:inst13|BANK:inst|TOS:inst6|REGISTER32bit:inst1|REGISTER8bit:inst|inst5                                       ; |Computador_MIC|CPU:inst1|DATAPATH:inst13|BANK:inst|TOS:inst6|REGISTER32bit:inst1|REGISTER8bit:inst|inst5                                 ; regout           ;
; |Computador_MIC|CPU:inst1|DATAPATH:inst13|BANK:inst|OPC:inst7|REGISTER32bit:inst1|REGISTER8bit:inst|inst5                                       ; |Computador_MIC|CPU:inst1|DATAPATH:inst13|BANK:inst|OPC:inst7|REGISTER32bit:inst1|REGISTER8bit:inst|inst5                                 ; regout           ;
; |Computador_MIC|CPU:inst1|DATAPATH:inst13|BANK:inst|OUT_B[1]~61                                                                                 ; |Computador_MIC|CPU:inst1|DATAPATH:inst13|BANK:inst|OUT_B[1]~61                                                                           ; combout          ;
; |Computador_MIC|CPU:inst1|DATAPATH:inst13|BANK:inst|LV:inst4|REGISTER32bit:inst1|REGISTER8bit:inst|inst5                                        ; |Computador_MIC|CPU:inst1|DATAPATH:inst13|BANK:inst|LV:inst4|REGISTER32bit:inst1|REGISTER8bit:inst|inst5                                  ; regout           ;
; |Computador_MIC|CPU:inst1|DATAPATH:inst13|BANK:inst|OUT_B[1]~62                                                                                 ; |Computador_MIC|CPU:inst1|DATAPATH:inst13|BANK:inst|OUT_B[1]~62                                                                           ; combout          ;
; |Computador_MIC|CPU:inst1|DATAPATH:inst13|BANK:inst|SP:inst3|REGISTER32bit:inst1|REGISTER8bit:inst|inst5                                        ; |Computador_MIC|CPU:inst1|DATAPATH:inst13|BANK:inst|SP:inst3|REGISTER32bit:inst1|REGISTER8bit:inst|inst5                                  ; regout           ;
; |Computador_MIC|CPU:inst1|DATAPATH:inst13|BANK:inst|OUT_B[1]~63                                                                                 ; |Computador_MIC|CPU:inst1|DATAPATH:inst13|BANK:inst|OUT_B[1]~63                                                                           ; combout          ;
; |Computador_MIC|CPU:inst1|DATAPATH:inst13|BANK:inst|MBR:inst9|REGISTER32bit:inst42|REGISTER8bit:inst|inst5                                      ; |Computador_MIC|CPU:inst1|DATAPATH:inst13|BANK:inst|MBR:inst9|REGISTER32bit:inst42|REGISTER8bit:inst|inst5                                ; regout           ;
; |Computador_MIC|CPU:inst1|DATAPATH:inst13|BANK:inst|MDR:inst1|REGISTER32bit:inst1|REGISTER8bit:inst|inst5                                       ; |Computador_MIC|CPU:inst1|DATAPATH:inst13|BANK:inst|MDR:inst1|REGISTER32bit:inst1|REGISTER8bit:inst|inst5                                 ; regout           ;
; |Computador_MIC|CPU:inst1|DATAPATH:inst13|BANK:inst|OUT_B[1]~64                                                                                 ; |Computador_MIC|CPU:inst1|DATAPATH:inst13|BANK:inst|OUT_B[1]~64                                                                           ; combout          ;
; |Computador_MIC|CPU:inst1|DATAPATH:inst13|BANK:inst|OUT_B[1]~65                                                                                 ; |Computador_MIC|CPU:inst1|DATAPATH:inst13|BANK:inst|OUT_B[1]~65                                                                           ; combout          ;
; |Computador_MIC|CPU:inst1|DATAPATH:inst13|BANK:inst|MBR:inst9|REGISTER32bit:inst1|REGISTER8bit:inst|inst5                                       ; |Computador_MIC|CPU:inst1|DATAPATH:inst13|BANK:inst|MBR:inst9|REGISTER32bit:inst1|REGISTER8bit:inst|inst5                                 ; regout           ;
; |Computador_MIC|CPU:inst1|DATAPATH:inst13|ULA_32bit:inst1|ULA_8bit:inst|ULA_1bit:inst2|inst1                                                    ; |Computador_MIC|CPU:inst1|DATAPATH:inst13|ULA_32bit:inst1|ULA_8bit:inst|ULA_1bit:inst2|inst1                                              ; combout          ;
; |Computador_MIC|CPU:inst1|DATAPATH:inst13|BANK:inst|H:inst8|REGISTER32bit:inst1|REGISTER8bit:inst|inst                                          ; |Computador_MIC|CPU:inst1|DATAPATH:inst13|BANK:inst|H:inst8|REGISTER32bit:inst1|REGISTER8bit:inst|inst                                    ; regout           ;
; |Computador_MIC|CPU:inst1|DATAPATH:inst13|ULA_32bit:inst1|ULA_8bit:inst|ULA_1bit:inst|inst6                                                     ; |Computador_MIC|CPU:inst1|DATAPATH:inst13|ULA_32bit:inst1|ULA_8bit:inst|ULA_1bit:inst|inst6                                               ; combout          ;
; |Computador_MIC|CPU:inst1|DATAPATH:inst13|BANK:inst|TOS:inst6|REGISTER32bit:inst1|REGISTER8bit:inst|inst                                        ; |Computador_MIC|CPU:inst1|DATAPATH:inst13|BANK:inst|TOS:inst6|REGISTER32bit:inst1|REGISTER8bit:inst|inst                                  ; regout           ;
; |Computador_MIC|CPU:inst1|DATAPATH:inst13|BANK:inst|OPC:inst7|REGISTER32bit:inst1|REGISTER8bit:inst|inst                                        ; |Computador_MIC|CPU:inst1|DATAPATH:inst13|BANK:inst|OPC:inst7|REGISTER32bit:inst1|REGISTER8bit:inst|inst                                  ; regout           ;
; |Computador_MIC|CPU:inst1|DATAPATH:inst13|BANK:inst|OUT_B[0]~66                                                                                 ; |Computador_MIC|CPU:inst1|DATAPATH:inst13|BANK:inst|OUT_B[0]~66                                                                           ; combout          ;
; |Computador_MIC|CPU:inst1|DATAPATH:inst13|BANK:inst|LV:inst4|REGISTER32bit:inst1|REGISTER8bit:inst|inst                                         ; |Computador_MIC|CPU:inst1|DATAPATH:inst13|BANK:inst|LV:inst4|REGISTER32bit:inst1|REGISTER8bit:inst|inst                                   ; regout           ;
; |Computador_MIC|CPU:inst1|DATAPATH:inst13|BANK:inst|OUT_B[0]~67                                                                                 ; |Computador_MIC|CPU:inst1|DATAPATH:inst13|BANK:inst|OUT_B[0]~67                                                                           ; combout          ;
; |Computador_MIC|CPU:inst1|DATAPATH:inst13|BANK:inst|SP:inst3|REGISTER32bit:inst1|REGISTER8bit:inst|inst                                         ; |Computador_MIC|CPU:inst1|DATAPATH:inst13|BANK:inst|SP:inst3|REGISTER32bit:inst1|REGISTER8bit:inst|inst                                   ; regout           ;
; |Computador_MIC|CPU:inst1|DATAPATH:inst13|BANK:inst|OUT_B[0]~68                                                                                 ; |Computador_MIC|CPU:inst1|DATAPATH:inst13|BANK:inst|OUT_B[0]~68                                                                           ; combout          ;
; |Computador_MIC|CPU:inst1|DATAPATH:inst13|BANK:inst|MBR:inst9|REGISTER32bit:inst42|REGISTER8bit:inst|inst                                       ; |Computador_MIC|CPU:inst1|DATAPATH:inst13|BANK:inst|MBR:inst9|REGISTER32bit:inst42|REGISTER8bit:inst|inst                                 ; regout           ;
; |Computador_MIC|CPU:inst1|DATAPATH:inst13|BANK:inst|MDR:inst1|REGISTER32bit:inst1|REGISTER8bit:inst|inst                                        ; |Computador_MIC|CPU:inst1|DATAPATH:inst13|BANK:inst|MDR:inst1|REGISTER32bit:inst1|REGISTER8bit:inst|inst                                  ; regout           ;
; |Computador_MIC|CPU:inst1|DATAPATH:inst13|BANK:inst|OUT_B[0]~69                                                                                 ; |Computador_MIC|CPU:inst1|DATAPATH:inst13|BANK:inst|OUT_B[0]~69                                                                           ; combout          ;
; |Computador_MIC|CPU:inst1|DATAPATH:inst13|BANK:inst|OUT_B[0]~70                                                                                 ; |Computador_MIC|CPU:inst1|DATAPATH:inst13|BANK:inst|OUT_B[0]~70                                                                           ; combout          ;
; |Computador_MIC|CPU:inst1|DATAPATH:inst13|BANK:inst|MBR:inst9|REGISTER32bit:inst1|REGISTER8bit:inst|inst                                        ; |Computador_MIC|CPU:inst1|DATAPATH:inst13|BANK:inst|MBR:inst9|REGISTER32bit:inst1|REGISTER8bit:inst|inst                                  ; regout           ;
; |Computador_MIC|CPU:inst1|DATAPATH:inst13|ULA_32bit:inst1|ULA_8bit:inst|ULA_1bit:inst|inst1                                                     ; |Computador_MIC|CPU:inst1|DATAPATH:inst13|ULA_32bit:inst1|ULA_8bit:inst|ULA_1bit:inst|inst1                                               ; combout          ;
; |Computador_MIC|CPU:inst1|DATAPATH:inst13|ULA_32bit:inst1|ULA_8bit:inst|ULA_1bit:inst|FULL_ADDER_1bit:inst10|inst4                              ; |Computador_MIC|CPU:inst1|DATAPATH:inst13|ULA_32bit:inst1|ULA_8bit:inst|ULA_1bit:inst|FULL_ADDER_1bit:inst10|inst4                        ; combout          ;
; |Computador_MIC|CPU:inst1|DATAPATH:inst13|ULA_32bit:inst1|ULA_8bit:inst|ULA_1bit:inst2|FULL_ADDER_1bit:inst10|inst4                             ; |Computador_MIC|CPU:inst1|DATAPATH:inst13|ULA_32bit:inst1|ULA_8bit:inst|ULA_1bit:inst2|FULL_ADDER_1bit:inst10|inst4                       ; combout          ;
; |Computador_MIC|CPU:inst1|DATAPATH:inst13|ULA_32bit:inst1|ULA_8bit:inst|ULA_1bit:inst10|FULL_ADDER_1bit:inst10|inst3                            ; |Computador_MIC|CPU:inst1|DATAPATH:inst13|ULA_32bit:inst1|ULA_8bit:inst|ULA_1bit:inst10|FULL_ADDER_1bit:inst10|inst3                      ; combout          ;
; |Computador_MIC|CPU:inst1|DATAPATH:inst13|ULA_32bit:inst1|ULA_8bit:inst|ULA_1bit:inst12|FULL_ADDER_1bit:inst10|inst4~0                          ; |Computador_MIC|CPU:inst1|DATAPATH:inst13|ULA_32bit:inst1|ULA_8bit:inst|ULA_1bit:inst12|FULL_ADDER_1bit:inst10|inst4~0                    ; combout          ;
; |Computador_MIC|CPU:inst1|DATAPATH:inst13|ULA_32bit:inst1|ULA_8bit:inst|ULA_1bit:inst12|FULL_ADDER_1bit:inst10|inst4~1                          ; |Computador_MIC|CPU:inst1|DATAPATH:inst13|ULA_32bit:inst1|ULA_8bit:inst|ULA_1bit:inst12|FULL_ADDER_1bit:inst10|inst4~1                    ; combout          ;
; |Computador_MIC|CPU:inst1|DATAPATH:inst13|BANK:inst|H:inst8|REGISTER32bit:inst1|REGISTER8bit:inst|inst24                                        ; |Computador_MIC|CPU:inst1|DATAPATH:inst13|BANK:inst|H:inst8|REGISTER32bit:inst1|REGISTER8bit:inst|inst24                                  ; regout           ;
; |Computador_MIC|CPU:inst1|DATAPATH:inst13|ULA_32bit:inst1|ULA_8bit:inst|ULA_1bit:inst13|inst6                                                   ; |Computador_MIC|CPU:inst1|DATAPATH:inst13|ULA_32bit:inst1|ULA_8bit:inst|ULA_1bit:inst13|inst6                                             ; combout          ;
; |Computador_MIC|CPU:inst1|DATAPATH:inst13|BANK:inst|TOS:inst6|REGISTER32bit:inst1|REGISTER8bit:inst|inst24                                      ; |Computador_MIC|CPU:inst1|DATAPATH:inst13|BANK:inst|TOS:inst6|REGISTER32bit:inst1|REGISTER8bit:inst|inst24                                ; regout           ;
; |Computador_MIC|CPU:inst1|DATAPATH:inst13|BANK:inst|OPC:inst7|REGISTER32bit:inst1|REGISTER8bit:inst|inst24                                      ; |Computador_MIC|CPU:inst1|DATAPATH:inst13|BANK:inst|OPC:inst7|REGISTER32bit:inst1|REGISTER8bit:inst|inst24                                ; regout           ;
; |Computador_MIC|CPU:inst1|DATAPATH:inst13|BANK:inst|OUT_B[6]~71                                                                                 ; |Computador_MIC|CPU:inst1|DATAPATH:inst13|BANK:inst|OUT_B[6]~71                                                                           ; combout          ;
; |Computador_MIC|CPU:inst1|DATAPATH:inst13|BANK:inst|OUT_B[6]~72                                                                                 ; |Computador_MIC|CPU:inst1|DATAPATH:inst13|BANK:inst|OUT_B[6]~72                                                                           ; combout          ;
; |Computador_MIC|CPU:inst1|DATAPATH:inst13|BANK:inst|OUT_B[6]~73                                                                                 ; |Computador_MIC|CPU:inst1|DATAPATH:inst13|BANK:inst|OUT_B[6]~73                                                                           ; combout          ;
; |Computador_MIC|CPU:inst1|DATAPATH:inst13|BANK:inst|MBR:inst9|REGISTER32bit:inst42|REGISTER8bit:inst|inst24                                     ; |Computador_MIC|CPU:inst1|DATAPATH:inst13|BANK:inst|MBR:inst9|REGISTER32bit:inst42|REGISTER8bit:inst|inst24                               ; regout           ;
; |Computador_MIC|CPU:inst1|DATAPATH:inst13|BANK:inst|MDR:inst1|REGISTER32bit:inst1|REGISTER8bit:inst|inst24                                      ; |Computador_MIC|CPU:inst1|DATAPATH:inst13|BANK:inst|MDR:inst1|REGISTER32bit:inst1|REGISTER8bit:inst|inst24                                ; regout           ;
; |Computador_MIC|CPU:inst1|DATAPATH:inst13|BANK:inst|OUT_B[6]~74                                                                                 ; |Computador_MIC|CPU:inst1|DATAPATH:inst13|BANK:inst|OUT_B[6]~74                                                                           ; combout          ;
; |Computador_MIC|CPU:inst1|DATAPATH:inst13|BANK:inst|OUT_B[6]~75                                                                                 ; |Computador_MIC|CPU:inst1|DATAPATH:inst13|BANK:inst|OUT_B[6]~75                                                                           ; combout          ;
; |Computador_MIC|CPU:inst1|DATAPATH:inst13|BANK:inst|MBR:inst9|REGISTER32bit:inst1|REGISTER8bit:inst|inst24                                      ; |Computador_MIC|CPU:inst1|DATAPATH:inst13|BANK:inst|MBR:inst9|REGISTER32bit:inst1|REGISTER8bit:inst|inst24                                ; regout           ;
; |Computador_MIC|CPU:inst1|DATAPATH:inst13|ULA_32bit:inst1|ULA_8bit:inst|ULA_1bit:inst13|inst1                                                   ; |Computador_MIC|CPU:inst1|DATAPATH:inst13|ULA_32bit:inst1|ULA_8bit:inst|ULA_1bit:inst13|inst1                                             ; combout          ;
; |Computador_MIC|CPU:inst1|DATAPATH:inst13|ULA_32bit:inst1|ULA_8bit:inst|ULA_1bit:inst13|FULL_ADDER_1bit:inst10|inst4                            ; |Computador_MIC|CPU:inst1|DATAPATH:inst13|ULA_32bit:inst1|ULA_8bit:inst|ULA_1bit:inst13|FULL_ADDER_1bit:inst10|inst4                      ; combout          ;
; |Computador_MIC|CPU:inst1|DATAPATH:inst13|ULA_32bit:inst1|ULA_8bit:inst|ULA_1bit:inst14|inst6                                                   ; |Computador_MIC|CPU:inst1|DATAPATH:inst13|ULA_32bit:inst1|ULA_8bit:inst|ULA_1bit:inst14|inst6                                             ; combout          ;
; |Computador_MIC|CPU:inst1|DATAPATH:inst13|BANK:inst|OUT_B[7]~76                                                                                 ; |Computador_MIC|CPU:inst1|DATAPATH:inst13|BANK:inst|OUT_B[7]~76                                                                           ; combout          ;
; |Computador_MIC|CPU:inst1|DATAPATH:inst13|BANK:inst|TOS:inst6|REGISTER32bit:inst1|REGISTER8bit:inst|inst28                                      ; |Computador_MIC|CPU:inst1|DATAPATH:inst13|BANK:inst|TOS:inst6|REGISTER32bit:inst1|REGISTER8bit:inst|inst28                                ; regout           ;
; |Computador_MIC|CPU:inst1|DATAPATH:inst13|BANK:inst|OUT_B[7]~77                                                                                 ; |Computador_MIC|CPU:inst1|DATAPATH:inst13|BANK:inst|OUT_B[7]~77                                                                           ; combout          ;
; |Computador_MIC|CPU:inst1|DATAPATH:inst13|BANK:inst|MDR:inst1|REGISTER32bit:inst1|REGISTER8bit:inst|inst28                                      ; |Computador_MIC|CPU:inst1|DATAPATH:inst13|BANK:inst|MDR:inst1|REGISTER32bit:inst1|REGISTER8bit:inst|inst28                                ; regout           ;
; |Computador_MIC|CPU:inst1|DATAPATH:inst13|BANK:inst|OUT_B[7]~79                                                                                 ; |Computador_MIC|CPU:inst1|DATAPATH:inst13|BANK:inst|OUT_B[7]~79                                                                           ; combout          ;
; |Computador_MIC|CPU:inst1|DATAPATH:inst13|BANK:inst|OUT_B[7]~80                                                                                 ; |Computador_MIC|CPU:inst1|DATAPATH:inst13|BANK:inst|OUT_B[7]~80                                                                           ; combout          ;
; |Computador_MIC|CPU:inst1|DATAPATH:inst13|BANK:inst|MBR:inst9|REGISTER32bit:inst42|REGISTER8bit:inst|inst28                                     ; |Computador_MIC|CPU:inst1|DATAPATH:inst13|BANK:inst|MBR:inst9|REGISTER32bit:inst42|REGISTER8bit:inst|inst28                               ; regout           ;
; |Computador_MIC|CPU:inst1|DATAPATH:inst13|ULA_32bit:inst1|ULA_8bit:inst|ULA_1bit:inst14|inst1                                                   ; |Computador_MIC|CPU:inst1|DATAPATH:inst13|ULA_32bit:inst1|ULA_8bit:inst|ULA_1bit:inst14|inst1                                             ; combout          ;
; |Computador_MIC|CPU:inst1|DATAPATH:inst13|ULA_32bit:inst1|ULA_8bit:inst|ULA_1bit:inst14|FULL_ADDER_1bit:inst10|inst4                            ; |Computador_MIC|CPU:inst1|DATAPATH:inst13|ULA_32bit:inst1|ULA_8bit:inst|ULA_1bit:inst14|FULL_ADDER_1bit:inst10|inst4                      ; combout          ;
; |Computador_MIC|CPU:inst1|DATAPATH:inst13|ULA_32bit:inst1|ULA_8bit:inst2|ULA_1bit:inst|inst6                                                    ; |Computador_MIC|CPU:inst1|DATAPATH:inst13|ULA_32bit:inst1|ULA_8bit:inst2|ULA_1bit:inst|inst6                                              ; combout          ;
; |Computador_MIC|CPU:inst1|DATAPATH:inst13|BANK:inst|OUT_B[8]~81                                                                                 ; |Computador_MIC|CPU:inst1|DATAPATH:inst13|BANK:inst|OUT_B[8]~81                                                                           ; combout          ;
; |Computador_MIC|CPU:inst1|DATAPATH:inst13|BANK:inst|OUT_B[8]~82                                                                                 ; |Computador_MIC|CPU:inst1|DATAPATH:inst13|BANK:inst|OUT_B[8]~82                                                                           ; combout          ;
; |Computador_MIC|CPU:inst1|DATAPATH:inst13|ULA_32bit:inst1|ULA_8bit:inst2|ULA_1bit:inst|inst1                                                    ; |Computador_MIC|CPU:inst1|DATAPATH:inst13|ULA_32bit:inst1|ULA_8bit:inst2|ULA_1bit:inst|inst1                                              ; combout          ;
; |Computador_MIC|CPU:inst1|DATAPATH:inst13|ULA_32bit:inst1|ULA_8bit:inst2|ULA_1bit:inst|FULL_ADDER_1bit:inst10|inst4                             ; |Computador_MIC|CPU:inst1|DATAPATH:inst13|ULA_32bit:inst1|ULA_8bit:inst2|ULA_1bit:inst|FULL_ADDER_1bit:inst10|inst4                       ; combout          ;
; |Computador_MIC|CPU:inst1|DATAPATH:inst13|ULA_32bit:inst1|ULA_8bit:inst2|ULA_1bit:inst10|FULL_ADDER_1bit:inst10|inst4~0                         ; |Computador_MIC|CPU:inst1|DATAPATH:inst13|ULA_32bit:inst1|ULA_8bit:inst2|ULA_1bit:inst10|FULL_ADDER_1bit:inst10|inst4~0                   ; combout          ;
; |Computador_MIC|CPU:inst1|DATAPATH:inst13|ULA_32bit:inst1|ULA_8bit:inst2|ULA_1bit:inst10|FULL_ADDER_1bit:inst10|inst4~1                         ; |Computador_MIC|CPU:inst1|DATAPATH:inst13|ULA_32bit:inst1|ULA_8bit:inst2|ULA_1bit:inst10|FULL_ADDER_1bit:inst10|inst4~1                   ; combout          ;
; |Computador_MIC|CPU:inst1|DATAPATH:inst13|ULA_32bit:inst1|ULA_8bit:inst2|ULA_1bit:inst10|FULL_ADDER_1bit:inst10|inst4~2                         ; |Computador_MIC|CPU:inst1|DATAPATH:inst13|ULA_32bit:inst1|ULA_8bit:inst2|ULA_1bit:inst10|FULL_ADDER_1bit:inst10|inst4~2                   ; combout          ;
; |Computador_MIC|CPU:inst1|DATAPATH:inst13|ULA_32bit:inst1|ULA_8bit:inst2|ULA_1bit:inst11|inst6                                                  ; |Computador_MIC|CPU:inst1|DATAPATH:inst13|ULA_32bit:inst1|ULA_8bit:inst2|ULA_1bit:inst11|inst6                                            ; combout          ;
; |Computador_MIC|CPU:inst1|DATAPATH:inst13|BANK:inst|OUT_B[12]~86                                                                                ; |Computador_MIC|CPU:inst1|DATAPATH:inst13|BANK:inst|OUT_B[12]~86                                                                          ; combout          ;
; |Computador_MIC|CPU:inst1|DATAPATH:inst13|ULA_32bit:inst1|ULA_8bit:inst2|ULA_1bit:inst11|inst1                                                  ; |Computador_MIC|CPU:inst1|DATAPATH:inst13|ULA_32bit:inst1|ULA_8bit:inst2|ULA_1bit:inst11|inst1                                            ; combout          ;
; |Computador_MIC|CPU:inst1|DATAPATH:inst13|ULA_32bit:inst1|ULA_8bit:inst2|ULA_1bit:inst11|FULL_ADDER_1bit:inst10|inst4                           ; |Computador_MIC|CPU:inst1|DATAPATH:inst13|ULA_32bit:inst1|ULA_8bit:inst2|ULA_1bit:inst11|FULL_ADDER_1bit:inst10|inst4                     ; combout          ;
; |Computador_MIC|CPU:inst1|DATAPATH:inst13|ULA_32bit:inst1|ULA_8bit:inst2|ULA_1bit:inst12|inst6                                                  ; |Computador_MIC|CPU:inst1|DATAPATH:inst13|ULA_32bit:inst1|ULA_8bit:inst2|ULA_1bit:inst12|inst6                                            ; combout          ;
; |Computador_MIC|CPU:inst1|DATAPATH:inst13|BANK:inst|OUT_B[13]~90                                                                                ; |Computador_MIC|CPU:inst1|DATAPATH:inst13|BANK:inst|OUT_B[13]~90                                                                          ; combout          ;
; |Computador_MIC|CPU:inst1|DATAPATH:inst13|ULA_32bit:inst1|ULA_8bit:inst2|ULA_1bit:inst12|inst1                                                  ; |Computador_MIC|CPU:inst1|DATAPATH:inst13|ULA_32bit:inst1|ULA_8bit:inst2|ULA_1bit:inst12|inst1                                            ; combout          ;
; |Computador_MIC|CPU:inst1|DATAPATH:inst13|ULA_32bit:inst1|ULA_8bit:inst2|ULA_1bit:inst12|FULL_ADDER_1bit:inst10|inst4                           ; |Computador_MIC|CPU:inst1|DATAPATH:inst13|ULA_32bit:inst1|ULA_8bit:inst2|ULA_1bit:inst12|FULL_ADDER_1bit:inst10|inst4                     ; combout          ;
; |Computador_MIC|CPU:inst1|DATAPATH:inst13|ULA_32bit:inst1|ULA_8bit:inst2|ULA_1bit:inst13|inst6                                                  ; |Computador_MIC|CPU:inst1|DATAPATH:inst13|ULA_32bit:inst1|ULA_8bit:inst2|ULA_1bit:inst13|inst6                                            ; combout          ;
; |Computador_MIC|CPU:inst1|DATAPATH:inst13|BANK:inst|TOS:inst6|REGISTER32bit:inst1|REGISTER8bit:inst20|inst24                                    ; |Computador_MIC|CPU:inst1|DATAPATH:inst13|BANK:inst|TOS:inst6|REGISTER32bit:inst1|REGISTER8bit:inst20|inst24                              ; regout           ;
; |Computador_MIC|CPU:inst1|DATAPATH:inst13|BANK:inst|OUT_B[14]~93                                                                                ; |Computador_MIC|CPU:inst1|DATAPATH:inst13|BANK:inst|OUT_B[14]~93                                                                          ; combout          ;
; |Computador_MIC|CPU:inst1|DATAPATH:inst13|BANK:inst|OUT_B[14]~94                                                                                ; |Computador_MIC|CPU:inst1|DATAPATH:inst13|BANK:inst|OUT_B[14]~94                                                                          ; combout          ;
; |Computador_MIC|CPU:inst1|DATAPATH:inst13|BANK:inst|OUT_B[14]~96                                                                                ; |Computador_MIC|CPU:inst1|DATAPATH:inst13|BANK:inst|OUT_B[14]~96                                                                          ; combout          ;
; |Computador_MIC|CPU:inst1|DATAPATH:inst13|ULA_32bit:inst1|ULA_8bit:inst2|ULA_1bit:inst13|inst1                                                  ; |Computador_MIC|CPU:inst1|DATAPATH:inst13|ULA_32bit:inst1|ULA_8bit:inst2|ULA_1bit:inst13|inst1                                            ; combout          ;
; |Computador_MIC|CPU:inst1|DATAPATH:inst13|ULA_32bit:inst1|ULA_8bit:inst2|ULA_1bit:inst13|FULL_ADDER_1bit:inst10|inst4                           ; |Computador_MIC|CPU:inst1|DATAPATH:inst13|ULA_32bit:inst1|ULA_8bit:inst2|ULA_1bit:inst13|FULL_ADDER_1bit:inst10|inst4                     ; combout          ;
; |Computador_MIC|CPU:inst1|DATAPATH:inst13|ULA_32bit:inst1|ULA_8bit:inst2|ULA_1bit:inst14|inst6                                                  ; |Computador_MIC|CPU:inst1|DATAPATH:inst13|ULA_32bit:inst1|ULA_8bit:inst2|ULA_1bit:inst14|inst6                                            ; combout          ;
; |Computador_MIC|CPU:inst1|DATAPATH:inst13|BANK:inst|TOS:inst6|REGISTER32bit:inst1|REGISTER8bit:inst20|inst28                                    ; |Computador_MIC|CPU:inst1|DATAPATH:inst13|BANK:inst|TOS:inst6|REGISTER32bit:inst1|REGISTER8bit:inst20|inst28                              ; regout           ;
; |Computador_MIC|CPU:inst1|DATAPATH:inst13|BANK:inst|OUT_B[15]~97                                                                                ; |Computador_MIC|CPU:inst1|DATAPATH:inst13|BANK:inst|OUT_B[15]~97                                                                          ; combout          ;
; |Computador_MIC|CPU:inst1|DATAPATH:inst13|BANK:inst|OUT_B[15]~98                                                                                ; |Computador_MIC|CPU:inst1|DATAPATH:inst13|BANK:inst|OUT_B[15]~98                                                                          ; combout          ;
; |Computador_MIC|CPU:inst1|DATAPATH:inst13|BANK:inst|OUT_B[15]~100                                                                               ; |Computador_MIC|CPU:inst1|DATAPATH:inst13|BANK:inst|OUT_B[15]~100                                                                         ; combout          ;
; |Computador_MIC|CPU:inst1|DATAPATH:inst13|ULA_32bit:inst1|ULA_8bit:inst2|ULA_1bit:inst14|inst1                                                  ; |Computador_MIC|CPU:inst1|DATAPATH:inst13|ULA_32bit:inst1|ULA_8bit:inst2|ULA_1bit:inst14|inst1                                            ; combout          ;
; |Computador_MIC|CPU:inst1|DATAPATH:inst13|ULA_32bit:inst1|ULA_8bit:inst2|ULA_1bit:inst14|FULL_ADDER_1bit:inst10|inst4                           ; |Computador_MIC|CPU:inst1|DATAPATH:inst13|ULA_32bit:inst1|ULA_8bit:inst2|ULA_1bit:inst14|FULL_ADDER_1bit:inst10|inst4                     ; combout          ;
; |Computador_MIC|CPU:inst1|DATAPATH:inst13|ULA_32bit:inst1|ULA_8bit:inst3|ULA_1bit:inst|inst6                                                    ; |Computador_MIC|CPU:inst1|DATAPATH:inst13|ULA_32bit:inst1|ULA_8bit:inst3|ULA_1bit:inst|inst6                                              ; combout          ;
; |Computador_MIC|CPU:inst1|DATAPATH:inst13|BANK:inst|OUT_B[16]~102                                                                               ; |Computador_MIC|CPU:inst1|DATAPATH:inst13|BANK:inst|OUT_B[16]~102                                                                         ; combout          ;
; |Computador_MIC|CPU:inst1|DATAPATH:inst13|ULA_32bit:inst1|ULA_8bit:inst3|ULA_1bit:inst|inst1                                                    ; |Computador_MIC|CPU:inst1|DATAPATH:inst13|ULA_32bit:inst1|ULA_8bit:inst3|ULA_1bit:inst|inst1                                              ; combout          ;
; |Computador_MIC|CPU:inst1|DATAPATH:inst13|ULA_32bit:inst1|ULA_8bit:inst3|ULA_1bit:inst|FULL_ADDER_1bit:inst10|inst4                             ; |Computador_MIC|CPU:inst1|DATAPATH:inst13|ULA_32bit:inst1|ULA_8bit:inst3|ULA_1bit:inst|FULL_ADDER_1bit:inst10|inst4                       ; combout          ;
; |Computador_MIC|CPU:inst1|DATAPATH:inst13|ULA_32bit:inst1|ULA_8bit:inst3|ULA_1bit:inst2|inst6                                                   ; |Computador_MIC|CPU:inst1|DATAPATH:inst13|ULA_32bit:inst1|ULA_8bit:inst3|ULA_1bit:inst2|inst6                                             ; combout          ;
; |Computador_MIC|CPU:inst1|DATAPATH:inst13|BANK:inst|OUT_B[17]~106                                                                               ; |Computador_MIC|CPU:inst1|DATAPATH:inst13|BANK:inst|OUT_B[17]~106                                                                         ; combout          ;
; |Computador_MIC|CPU:inst1|DATAPATH:inst13|ULA_32bit:inst1|ULA_8bit:inst3|ULA_1bit:inst2|inst1                                                   ; |Computador_MIC|CPU:inst1|DATAPATH:inst13|ULA_32bit:inst1|ULA_8bit:inst3|ULA_1bit:inst2|inst1                                             ; combout          ;
; |Computador_MIC|CPU:inst1|DATAPATH:inst13|ULA_32bit:inst1|ULA_8bit:inst3|ULA_1bit:inst2|FULL_ADDER_1bit:inst10|inst4                            ; |Computador_MIC|CPU:inst1|DATAPATH:inst13|ULA_32bit:inst1|ULA_8bit:inst3|ULA_1bit:inst2|FULL_ADDER_1bit:inst10|inst4                      ; combout          ;
; |Computador_MIC|CPU:inst1|DATAPATH:inst13|ULA_32bit:inst1|ULA_8bit:inst3|ULA_1bit:inst9|inst6                                                   ; |Computador_MIC|CPU:inst1|DATAPATH:inst13|ULA_32bit:inst1|ULA_8bit:inst3|ULA_1bit:inst9|inst6                                             ; combout          ;
; |Computador_MIC|CPU:inst1|DATAPATH:inst13|BANK:inst|OUT_B[18]~110                                                                               ; |Computador_MIC|CPU:inst1|DATAPATH:inst13|BANK:inst|OUT_B[18]~110                                                                         ; combout          ;
; |Computador_MIC|CPU:inst1|DATAPATH:inst13|ULA_32bit:inst1|ULA_8bit:inst3|ULA_1bit:inst9|inst1                                                   ; |Computador_MIC|CPU:inst1|DATAPATH:inst13|ULA_32bit:inst1|ULA_8bit:inst3|ULA_1bit:inst9|inst1                                             ; combout          ;
; |Computador_MIC|CPU:inst1|DATAPATH:inst13|ULA_32bit:inst1|ULA_8bit:inst3|ULA_1bit:inst9|FULL_ADDER_1bit:inst10|inst4                            ; |Computador_MIC|CPU:inst1|DATAPATH:inst13|ULA_32bit:inst1|ULA_8bit:inst3|ULA_1bit:inst9|FULL_ADDER_1bit:inst10|inst4                      ; combout          ;
; |Computador_MIC|CPU:inst1|DATAPATH:inst13|ULA_32bit:inst1|ULA_8bit:inst3|ULA_1bit:inst10|inst6                                                  ; |Computador_MIC|CPU:inst1|DATAPATH:inst13|ULA_32bit:inst1|ULA_8bit:inst3|ULA_1bit:inst10|inst6                                            ; combout          ;
; |Computador_MIC|CPU:inst1|DATAPATH:inst13|BANK:inst|OUT_B[19]~114                                                                               ; |Computador_MIC|CPU:inst1|DATAPATH:inst13|BANK:inst|OUT_B[19]~114                                                                         ; combout          ;
; |Computador_MIC|CPU:inst1|DATAPATH:inst13|ULA_32bit:inst1|ULA_8bit:inst3|ULA_1bit:inst10|inst1                                                  ; |Computador_MIC|CPU:inst1|DATAPATH:inst13|ULA_32bit:inst1|ULA_8bit:inst3|ULA_1bit:inst10|inst1                                            ; combout          ;
; |Computador_MIC|CPU:inst1|DATAPATH:inst13|ULA_32bit:inst1|ULA_8bit:inst3|ULA_1bit:inst10|FULL_ADDER_1bit:inst10|inst4                           ; |Computador_MIC|CPU:inst1|DATAPATH:inst13|ULA_32bit:inst1|ULA_8bit:inst3|ULA_1bit:inst10|FULL_ADDER_1bit:inst10|inst4                     ; combout          ;
; |Computador_MIC|CPU:inst1|DATAPATH:inst13|ULA_32bit:inst1|ULA_8bit:inst3|ULA_1bit:inst11|inst6                                                  ; |Computador_MIC|CPU:inst1|DATAPATH:inst13|ULA_32bit:inst1|ULA_8bit:inst3|ULA_1bit:inst11|inst6                                            ; combout          ;
; |Computador_MIC|CPU:inst1|DATAPATH:inst13|BANK:inst|OUT_B[20]~118                                                                               ; |Computador_MIC|CPU:inst1|DATAPATH:inst13|BANK:inst|OUT_B[20]~118                                                                         ; combout          ;
; |Computador_MIC|CPU:inst1|DATAPATH:inst13|ULA_32bit:inst1|ULA_8bit:inst3|ULA_1bit:inst11|inst1                                                  ; |Computador_MIC|CPU:inst1|DATAPATH:inst13|ULA_32bit:inst1|ULA_8bit:inst3|ULA_1bit:inst11|inst1                                            ; combout          ;
; |Computador_MIC|CPU:inst1|DATAPATH:inst13|ULA_32bit:inst1|ULA_8bit:inst3|ULA_1bit:inst11|FULL_ADDER_1bit:inst10|inst4                           ; |Computador_MIC|CPU:inst1|DATAPATH:inst13|ULA_32bit:inst1|ULA_8bit:inst3|ULA_1bit:inst11|FULL_ADDER_1bit:inst10|inst4                     ; combout          ;
; |Computador_MIC|CPU:inst1|DATAPATH:inst13|ULA_32bit:inst1|ULA_8bit:inst3|ULA_1bit:inst12|inst6                                                  ; |Computador_MIC|CPU:inst1|DATAPATH:inst13|ULA_32bit:inst1|ULA_8bit:inst3|ULA_1bit:inst12|inst6                                            ; combout          ;
; |Computador_MIC|CPU:inst1|DATAPATH:inst13|BANK:inst|OUT_B[21]~122                                                                               ; |Computador_MIC|CPU:inst1|DATAPATH:inst13|BANK:inst|OUT_B[21]~122                                                                         ; combout          ;
; |Computador_MIC|CPU:inst1|DATAPATH:inst13|ULA_32bit:inst1|ULA_8bit:inst3|ULA_1bit:inst12|inst1                                                  ; |Computador_MIC|CPU:inst1|DATAPATH:inst13|ULA_32bit:inst1|ULA_8bit:inst3|ULA_1bit:inst12|inst1                                            ; combout          ;
; |Computador_MIC|CPU:inst1|DATAPATH:inst13|ULA_32bit:inst1|ULA_8bit:inst3|ULA_1bit:inst12|FULL_ADDER_1bit:inst10|inst4                           ; |Computador_MIC|CPU:inst1|DATAPATH:inst13|ULA_32bit:inst1|ULA_8bit:inst3|ULA_1bit:inst12|FULL_ADDER_1bit:inst10|inst4                     ; combout          ;
; |Computador_MIC|CPU:inst1|DATAPATH:inst13|ULA_32bit:inst1|ULA_8bit:inst3|ULA_1bit:inst13|inst6                                                  ; |Computador_MIC|CPU:inst1|DATAPATH:inst13|ULA_32bit:inst1|ULA_8bit:inst3|ULA_1bit:inst13|inst6                                            ; combout          ;
; |Computador_MIC|CPU:inst1|DATAPATH:inst13|BANK:inst|OUT_B[22]~126                                                                               ; |Computador_MIC|CPU:inst1|DATAPATH:inst13|BANK:inst|OUT_B[22]~126                                                                         ; combout          ;
; |Computador_MIC|CPU:inst1|DATAPATH:inst13|ULA_32bit:inst1|ULA_8bit:inst3|ULA_1bit:inst13|inst1                                                  ; |Computador_MIC|CPU:inst1|DATAPATH:inst13|ULA_32bit:inst1|ULA_8bit:inst3|ULA_1bit:inst13|inst1                                            ; combout          ;
; |Computador_MIC|CPU:inst1|DATAPATH:inst13|ULA_32bit:inst1|ULA_8bit:inst3|ULA_1bit:inst13|FULL_ADDER_1bit:inst10|inst4                           ; |Computador_MIC|CPU:inst1|DATAPATH:inst13|ULA_32bit:inst1|ULA_8bit:inst3|ULA_1bit:inst13|FULL_ADDER_1bit:inst10|inst4                     ; combout          ;
; |Computador_MIC|CPU:inst1|DATAPATH:inst13|ULA_32bit:inst1|ULA_8bit:inst3|ULA_1bit:inst14|inst6                                                  ; |Computador_MIC|CPU:inst1|DATAPATH:inst13|ULA_32bit:inst1|ULA_8bit:inst3|ULA_1bit:inst14|inst6                                            ; combout          ;
; |Computador_MIC|CPU:inst1|DATAPATH:inst13|BANK:inst|OUT_B[23]~130                                                                               ; |Computador_MIC|CPU:inst1|DATAPATH:inst13|BANK:inst|OUT_B[23]~130                                                                         ; combout          ;
; |Computador_MIC|CPU:inst1|DATAPATH:inst13|ULA_32bit:inst1|ULA_8bit:inst3|ULA_1bit:inst14|inst1                                                  ; |Computador_MIC|CPU:inst1|DATAPATH:inst13|ULA_32bit:inst1|ULA_8bit:inst3|ULA_1bit:inst14|inst1                                            ; combout          ;
; |Computador_MIC|CPU:inst1|DATAPATH:inst13|ULA_32bit:inst1|ULA_8bit:inst3|ULA_1bit:inst14|FULL_ADDER_1bit:inst10|inst4                           ; |Computador_MIC|CPU:inst1|DATAPATH:inst13|ULA_32bit:inst1|ULA_8bit:inst3|ULA_1bit:inst14|FULL_ADDER_1bit:inst10|inst4                     ; combout          ;
; |Computador_MIC|CPU:inst1|DATAPATH:inst13|ULA_32bit:inst1|ULA_8bit:inst4|ULA_1bit:inst|inst6                                                    ; |Computador_MIC|CPU:inst1|DATAPATH:inst13|ULA_32bit:inst1|ULA_8bit:inst4|ULA_1bit:inst|inst6                                              ; combout          ;
; |Computador_MIC|CPU:inst1|DATAPATH:inst13|BANK:inst|OUT_B[24]~134                                                                               ; |Computador_MIC|CPU:inst1|DATAPATH:inst13|BANK:inst|OUT_B[24]~134                                                                         ; combout          ;
; |Computador_MIC|CPU:inst1|DATAPATH:inst13|ULA_32bit:inst1|ULA_8bit:inst4|ULA_1bit:inst|inst1                                                    ; |Computador_MIC|CPU:inst1|DATAPATH:inst13|ULA_32bit:inst1|ULA_8bit:inst4|ULA_1bit:inst|inst1                                              ; combout          ;
; |Computador_MIC|CPU:inst1|DATAPATH:inst13|ULA_32bit:inst1|ULA_8bit:inst4|ULA_1bit:inst|FULL_ADDER_1bit:inst10|inst4                             ; |Computador_MIC|CPU:inst1|DATAPATH:inst13|ULA_32bit:inst1|ULA_8bit:inst4|ULA_1bit:inst|FULL_ADDER_1bit:inst10|inst4                       ; combout          ;
; |Computador_MIC|CPU:inst1|DATAPATH:inst13|ULA_32bit:inst1|ULA_8bit:inst4|ULA_1bit:inst10|FULL_ADDER_1bit:inst10|inst4~0                         ; |Computador_MIC|CPU:inst1|DATAPATH:inst13|ULA_32bit:inst1|ULA_8bit:inst4|ULA_1bit:inst10|FULL_ADDER_1bit:inst10|inst4~0                   ; combout          ;
; |Computador_MIC|CPU:inst1|DATAPATH:inst13|ULA_32bit:inst1|ULA_8bit:inst4|ULA_1bit:inst10|inst6                                                  ; |Computador_MIC|CPU:inst1|DATAPATH:inst13|ULA_32bit:inst1|ULA_8bit:inst4|ULA_1bit:inst10|inst6                                            ; combout          ;
; |Computador_MIC|CPU:inst1|DATAPATH:inst13|BANK:inst|OUT_B[27]~137                                                                               ; |Computador_MIC|CPU:inst1|DATAPATH:inst13|BANK:inst|OUT_B[27]~137                                                                         ; combout          ;
; |Computador_MIC|CPU:inst1|DATAPATH:inst13|BANK:inst|OUT_B[27]~141                                                                               ; |Computador_MIC|CPU:inst1|DATAPATH:inst13|BANK:inst|OUT_B[27]~141                                                                         ; combout          ;
; |Computador_MIC|CPU:inst1|DATAPATH:inst13|ULA_32bit:inst1|ULA_8bit:inst4|ULA_1bit:inst10|FULL_ADDER_1bit:inst10|inst4~1                         ; |Computador_MIC|CPU:inst1|DATAPATH:inst13|ULA_32bit:inst1|ULA_8bit:inst4|ULA_1bit:inst10|FULL_ADDER_1bit:inst10|inst4~1                   ; combout          ;
; |Computador_MIC|CPU:inst1|DATAPATH:inst13|ULA_32bit:inst1|ULA_8bit:inst4|ULA_1bit:inst10|FULL_ADDER_1bit:inst10|inst4~2                         ; |Computador_MIC|CPU:inst1|DATAPATH:inst13|ULA_32bit:inst1|ULA_8bit:inst4|ULA_1bit:inst10|FULL_ADDER_1bit:inst10|inst4~2                   ; combout          ;
; |Computador_MIC|CPU:inst1|DATAPATH:inst13|ULA_32bit:inst1|ULA_8bit:inst4|ULA_1bit:inst11|inst6                                                  ; |Computador_MIC|CPU:inst1|DATAPATH:inst13|ULA_32bit:inst1|ULA_8bit:inst4|ULA_1bit:inst11|inst6                                            ; combout          ;
; |Computador_MIC|CPU:inst1|DATAPATH:inst13|BANK:inst|OUT_B[28]~143                                                                               ; |Computador_MIC|CPU:inst1|DATAPATH:inst13|BANK:inst|OUT_B[28]~143                                                                         ; combout          ;
; |Computador_MIC|CPU:inst1|DATAPATH:inst13|ULA_32bit:inst1|ULA_8bit:inst4|ULA_1bit:inst11|inst1                                                  ; |Computador_MIC|CPU:inst1|DATAPATH:inst13|ULA_32bit:inst1|ULA_8bit:inst4|ULA_1bit:inst11|inst1                                            ; combout          ;
; |Computador_MIC|CPU:inst1|DATAPATH:inst13|ULA_32bit:inst1|ULA_8bit:inst4|ULA_1bit:inst11|FULL_ADDER_1bit:inst10|inst4                           ; |Computador_MIC|CPU:inst1|DATAPATH:inst13|ULA_32bit:inst1|ULA_8bit:inst4|ULA_1bit:inst11|FULL_ADDER_1bit:inst10|inst4                     ; combout          ;
; |Computador_MIC|CPU:inst1|DATAPATH:inst13|ULA_32bit:inst1|ULA_8bit:inst4|ULA_1bit:inst12|inst6                                                  ; |Computador_MIC|CPU:inst1|DATAPATH:inst13|ULA_32bit:inst1|ULA_8bit:inst4|ULA_1bit:inst12|inst6                                            ; combout          ;
; |Computador_MIC|CPU:inst1|DATAPATH:inst13|BANK:inst|OUT_B[29]~147                                                                               ; |Computador_MIC|CPU:inst1|DATAPATH:inst13|BANK:inst|OUT_B[29]~147                                                                         ; combout          ;
; |Computador_MIC|CPU:inst1|DATAPATH:inst13|ULA_32bit:inst1|ULA_8bit:inst4|ULA_1bit:inst12|inst1                                                  ; |Computador_MIC|CPU:inst1|DATAPATH:inst13|ULA_32bit:inst1|ULA_8bit:inst4|ULA_1bit:inst12|inst1                                            ; combout          ;
; |Computador_MIC|CPU:inst1|DATAPATH:inst13|ULA_32bit:inst1|ULA_8bit:inst4|ULA_1bit:inst12|FULL_ADDER_1bit:inst10|inst4                           ; |Computador_MIC|CPU:inst1|DATAPATH:inst13|ULA_32bit:inst1|ULA_8bit:inst4|ULA_1bit:inst12|FULL_ADDER_1bit:inst10|inst4                     ; combout          ;
; |Computador_MIC|CPU:inst1|DATAPATH:inst13|ULA_32bit:inst1|ULA_8bit:inst4|ULA_1bit:inst14|FULL_ADDER_1bit:inst10|inst1~0                         ; |Computador_MIC|CPU:inst1|DATAPATH:inst13|ULA_32bit:inst1|ULA_8bit:inst4|ULA_1bit:inst14|FULL_ADDER_1bit:inst10|inst1~0                   ; combout          ;
; |Computador_MIC|CPU:inst1|DATAPATH:inst13|ULA_32bit:inst1|ULA_8bit:inst4|ULA_1bit:inst14|FULL_ADDER_1bit:inst10|inst1                           ; |Computador_MIC|CPU:inst1|DATAPATH:inst13|ULA_32bit:inst1|ULA_8bit:inst4|ULA_1bit:inst14|FULL_ADDER_1bit:inst10|inst1                     ; combout          ;
; |Computador_MIC|CPU:inst1|DATAPATH:inst13|ULA_32bit:inst1|ULA_8bit:inst3|ULA_1bit:inst14|inst11~0                                               ; |Computador_MIC|CPU:inst1|DATAPATH:inst13|ULA_32bit:inst1|ULA_8bit:inst3|ULA_1bit:inst14|inst11~0                                         ; combout          ;
; |Computador_MIC|CPU:inst1|DATAPATH:inst13|ULA_32bit:inst1|ULA_8bit:inst3|ULA_1bit:inst14|inst11~1                                               ; |Computador_MIC|CPU:inst1|DATAPATH:inst13|ULA_32bit:inst1|ULA_8bit:inst3|ULA_1bit:inst14|inst11~1                                         ; combout          ;
; |Computador_MIC|CPU:inst1|DATAPATH:inst13|SHIFTER:inst2|inst2[31]~0                                                                             ; |Computador_MIC|CPU:inst1|DATAPATH:inst13|SHIFTER:inst2|inst2[31]~0                                                                       ; combout          ;
; |Computador_MIC|CPU:inst1|DATAPATH:inst13|ULA_32bit:inst1|ULA_8bit:inst3|ULA_1bit:inst13|inst11~0                                               ; |Computador_MIC|CPU:inst1|DATAPATH:inst13|ULA_32bit:inst1|ULA_8bit:inst3|ULA_1bit:inst13|inst11~0                                         ; combout          ;
; |Computador_MIC|CPU:inst1|DATAPATH:inst13|ULA_32bit:inst1|ULA_8bit:inst3|ULA_1bit:inst13|inst11~1                                               ; |Computador_MIC|CPU:inst1|DATAPATH:inst13|ULA_32bit:inst1|ULA_8bit:inst3|ULA_1bit:inst13|inst11~1                                         ; combout          ;
; |Computador_MIC|CPU:inst1|DATAPATH:inst13|ULA_32bit:inst1|ULA_8bit:inst4|ULA_1bit:inst13|inst11~0                                               ; |Computador_MIC|CPU:inst1|DATAPATH:inst13|ULA_32bit:inst1|ULA_8bit:inst4|ULA_1bit:inst13|inst11~0                                         ; combout          ;
; |Computador_MIC|CPU:inst1|DATAPATH:inst13|ULA_32bit:inst1|ULA_8bit:inst4|ULA_1bit:inst13|inst11~1                                               ; |Computador_MIC|CPU:inst1|DATAPATH:inst13|ULA_32bit:inst1|ULA_8bit:inst4|ULA_1bit:inst13|inst11~1                                         ; combout          ;
; |Computador_MIC|CPU:inst1|DATAPATH:inst13|SHIFTER:inst2|inst6~0                                                                                 ; |Computador_MIC|CPU:inst1|DATAPATH:inst13|SHIFTER:inst2|inst6~0                                                                           ; combout          ;
; |Computador_MIC|CPU:inst1|DATAPATH:inst13|SHIFTER:inst2|inst2[30]~1                                                                             ; |Computador_MIC|CPU:inst1|DATAPATH:inst13|SHIFTER:inst2|inst2[30]~1                                                                       ; combout          ;
; |Computador_MIC|CPU:inst1|DATAPATH:inst13|SHIFTER:inst2|inst2[30]                                                                               ; |Computador_MIC|CPU:inst1|DATAPATH:inst13|SHIFTER:inst2|inst2[30]                                                                         ; combout          ;
; |Computador_MIC|CPU:inst1|DATAPATH:inst13|ULA_32bit:inst1|ULA_8bit:inst4|ULA_1bit:inst12|inst11~0                                               ; |Computador_MIC|CPU:inst1|DATAPATH:inst13|ULA_32bit:inst1|ULA_8bit:inst4|ULA_1bit:inst12|inst11~0                                         ; combout          ;
; |Computador_MIC|CPU:inst1|DATAPATH:inst13|ULA_32bit:inst1|ULA_8bit:inst4|ULA_1bit:inst12|inst11~1                                               ; |Computador_MIC|CPU:inst1|DATAPATH:inst13|ULA_32bit:inst1|ULA_8bit:inst4|ULA_1bit:inst12|inst11~1                                         ; combout          ;
; |Computador_MIC|CPU:inst1|DATAPATH:inst13|ULA_32bit:inst1|ULA_8bit:inst3|ULA_1bit:inst12|inst11~0                                               ; |Computador_MIC|CPU:inst1|DATAPATH:inst13|ULA_32bit:inst1|ULA_8bit:inst3|ULA_1bit:inst12|inst11~0                                         ; combout          ;
; |Computador_MIC|CPU:inst1|DATAPATH:inst13|ULA_32bit:inst1|ULA_8bit:inst3|ULA_1bit:inst12|inst11~1                                               ; |Computador_MIC|CPU:inst1|DATAPATH:inst13|ULA_32bit:inst1|ULA_8bit:inst3|ULA_1bit:inst12|inst11~1                                         ; combout          ;
; |Computador_MIC|CPU:inst1|DATAPATH:inst13|SHIFTER:inst2|inst2[29]~2                                                                             ; |Computador_MIC|CPU:inst1|DATAPATH:inst13|SHIFTER:inst2|inst2[29]~2                                                                       ; combout          ;
; |Computador_MIC|CPU:inst1|DATAPATH:inst13|ULA_32bit:inst1|ULA_8bit:inst4|ULA_1bit:inst11|inst11~0                                               ; |Computador_MIC|CPU:inst1|DATAPATH:inst13|ULA_32bit:inst1|ULA_8bit:inst4|ULA_1bit:inst11|inst11~0                                         ; combout          ;
; |Computador_MIC|CPU:inst1|DATAPATH:inst13|ULA_32bit:inst1|ULA_8bit:inst4|ULA_1bit:inst11|inst11~1                                               ; |Computador_MIC|CPU:inst1|DATAPATH:inst13|ULA_32bit:inst1|ULA_8bit:inst4|ULA_1bit:inst11|inst11~1                                         ; combout          ;
; |Computador_MIC|CPU:inst1|DATAPATH:inst13|ULA_32bit:inst1|ULA_8bit:inst3|ULA_1bit:inst11|inst11~0                                               ; |Computador_MIC|CPU:inst1|DATAPATH:inst13|ULA_32bit:inst1|ULA_8bit:inst3|ULA_1bit:inst11|inst11~0                                         ; combout          ;
; |Computador_MIC|CPU:inst1|DATAPATH:inst13|ULA_32bit:inst1|ULA_8bit:inst3|ULA_1bit:inst11|inst11~1                                               ; |Computador_MIC|CPU:inst1|DATAPATH:inst13|ULA_32bit:inst1|ULA_8bit:inst3|ULA_1bit:inst11|inst11~1                                         ; combout          ;
; |Computador_MIC|CPU:inst1|DATAPATH:inst13|SHIFTER:inst2|inst2[28]~3                                                                             ; |Computador_MIC|CPU:inst1|DATAPATH:inst13|SHIFTER:inst2|inst2[28]~3                                                                       ; combout          ;
; |Computador_MIC|CPU:inst1|DATAPATH:inst13|ULA_32bit:inst1|ULA_8bit:inst4|ULA_1bit:inst10|inst1                                                  ; |Computador_MIC|CPU:inst1|DATAPATH:inst13|ULA_32bit:inst1|ULA_8bit:inst4|ULA_1bit:inst10|inst1                                            ; combout          ;
; |Computador_MIC|CPU:inst1|DATAPATH:inst13|ULA_32bit:inst1|ULA_8bit:inst4|ULA_1bit:inst10|inst11~0                                               ; |Computador_MIC|CPU:inst1|DATAPATH:inst13|ULA_32bit:inst1|ULA_8bit:inst4|ULA_1bit:inst10|inst11~0                                         ; combout          ;
; |Computador_MIC|CPU:inst1|DATAPATH:inst13|ULA_32bit:inst1|ULA_8bit:inst4|ULA_1bit:inst9|FULL_ADDER_1bit:inst10|inst4                            ; |Computador_MIC|CPU:inst1|DATAPATH:inst13|ULA_32bit:inst1|ULA_8bit:inst4|ULA_1bit:inst9|FULL_ADDER_1bit:inst10|inst4                      ; combout          ;
; |Computador_MIC|CPU:inst1|DATAPATH:inst13|ULA_32bit:inst1|ULA_8bit:inst4|ULA_1bit:inst10|FULL_ADDER_1bit:inst10|inst                            ; |Computador_MIC|CPU:inst1|DATAPATH:inst13|ULA_32bit:inst1|ULA_8bit:inst4|ULA_1bit:inst10|FULL_ADDER_1bit:inst10|inst                      ; combout          ;
; |Computador_MIC|CPU:inst1|DATAPATH:inst13|ULA_32bit:inst1|ULA_8bit:inst4|ULA_1bit:inst10|inst11~1                                               ; |Computador_MIC|CPU:inst1|DATAPATH:inst13|ULA_32bit:inst1|ULA_8bit:inst4|ULA_1bit:inst10|inst11~1                                         ; combout          ;
; |Computador_MIC|CPU:inst1|DATAPATH:inst13|ULA_32bit:inst1|ULA_8bit:inst3|ULA_1bit:inst10|inst11~0                                               ; |Computador_MIC|CPU:inst1|DATAPATH:inst13|ULA_32bit:inst1|ULA_8bit:inst3|ULA_1bit:inst10|inst11~0                                         ; combout          ;
; |Computador_MIC|CPU:inst1|DATAPATH:inst13|ULA_32bit:inst1|ULA_8bit:inst3|ULA_1bit:inst10|inst11~1                                               ; |Computador_MIC|CPU:inst1|DATAPATH:inst13|ULA_32bit:inst1|ULA_8bit:inst3|ULA_1bit:inst10|inst11~1                                         ; combout          ;
; |Computador_MIC|CPU:inst1|DATAPATH:inst13|SHIFTER:inst2|inst2[27]~4                                                                             ; |Computador_MIC|CPU:inst1|DATAPATH:inst13|SHIFTER:inst2|inst2[27]~4                                                                       ; combout          ;
; |Computador_MIC|CPU:inst1|DATAPATH:inst13|ULA_32bit:inst1|ULA_8bit:inst4|ULA_1bit:inst9|inst11~0                                                ; |Computador_MIC|CPU:inst1|DATAPATH:inst13|ULA_32bit:inst1|ULA_8bit:inst4|ULA_1bit:inst9|inst11~0                                          ; combout          ;
; |Computador_MIC|CPU:inst1|DATAPATH:inst13|ULA_32bit:inst1|ULA_8bit:inst4|ULA_1bit:inst9|inst11~1                                                ; |Computador_MIC|CPU:inst1|DATAPATH:inst13|ULA_32bit:inst1|ULA_8bit:inst4|ULA_1bit:inst9|inst11~1                                          ; combout          ;
; |Computador_MIC|CPU:inst1|DATAPATH:inst13|ULA_32bit:inst1|ULA_8bit:inst3|ULA_1bit:inst9|inst11~0                                                ; |Computador_MIC|CPU:inst1|DATAPATH:inst13|ULA_32bit:inst1|ULA_8bit:inst3|ULA_1bit:inst9|inst11~0                                          ; combout          ;
; |Computador_MIC|CPU:inst1|DATAPATH:inst13|ULA_32bit:inst1|ULA_8bit:inst3|ULA_1bit:inst9|inst11~1                                                ; |Computador_MIC|CPU:inst1|DATAPATH:inst13|ULA_32bit:inst1|ULA_8bit:inst3|ULA_1bit:inst9|inst11~1                                          ; combout          ;
; |Computador_MIC|CPU:inst1|DATAPATH:inst13|SHIFTER:inst2|inst2[26]~5                                                                             ; |Computador_MIC|CPU:inst1|DATAPATH:inst13|SHIFTER:inst2|inst2[26]~5                                                                       ; combout          ;
; |Computador_MIC|CPU:inst1|DATAPATH:inst13|ULA_32bit:inst1|ULA_8bit:inst4|ULA_1bit:inst2|inst1                                                   ; |Computador_MIC|CPU:inst1|DATAPATH:inst13|ULA_32bit:inst1|ULA_8bit:inst4|ULA_1bit:inst2|inst1                                             ; combout          ;
; |Computador_MIC|CPU:inst1|DATAPATH:inst13|ULA_32bit:inst1|ULA_8bit:inst4|ULA_1bit:inst2|inst11~0                                                ; |Computador_MIC|CPU:inst1|DATAPATH:inst13|ULA_32bit:inst1|ULA_8bit:inst4|ULA_1bit:inst2|inst11~0                                          ; combout          ;
; |Computador_MIC|CPU:inst1|DATAPATH:inst13|ULA_32bit:inst1|ULA_8bit:inst4|ULA_1bit:inst2|FULL_ADDER_1bit:inst10|inst                             ; |Computador_MIC|CPU:inst1|DATAPATH:inst13|ULA_32bit:inst1|ULA_8bit:inst4|ULA_1bit:inst2|FULL_ADDER_1bit:inst10|inst                       ; combout          ;
; |Computador_MIC|CPU:inst1|DATAPATH:inst13|ULA_32bit:inst1|ULA_8bit:inst4|ULA_1bit:inst2|inst11~1                                                ; |Computador_MIC|CPU:inst1|DATAPATH:inst13|ULA_32bit:inst1|ULA_8bit:inst4|ULA_1bit:inst2|inst11~1                                          ; combout          ;
; |Computador_MIC|CPU:inst1|DATAPATH:inst13|ULA_32bit:inst1|ULA_8bit:inst3|ULA_1bit:inst2|inst11~0                                                ; |Computador_MIC|CPU:inst1|DATAPATH:inst13|ULA_32bit:inst1|ULA_8bit:inst3|ULA_1bit:inst2|inst11~0                                          ; combout          ;
; |Computador_MIC|CPU:inst1|DATAPATH:inst13|ULA_32bit:inst1|ULA_8bit:inst3|ULA_1bit:inst2|inst11~1                                                ; |Computador_MIC|CPU:inst1|DATAPATH:inst13|ULA_32bit:inst1|ULA_8bit:inst3|ULA_1bit:inst2|inst11~1                                          ; combout          ;
; |Computador_MIC|CPU:inst1|DATAPATH:inst13|SHIFTER:inst2|inst2[25]~6                                                                             ; |Computador_MIC|CPU:inst1|DATAPATH:inst13|SHIFTER:inst2|inst2[25]~6                                                                       ; combout          ;
; |Computador_MIC|CPU:inst1|DATAPATH:inst13|ULA_32bit:inst1|ULA_8bit:inst4|ULA_1bit:inst|inst11~0                                                 ; |Computador_MIC|CPU:inst1|DATAPATH:inst13|ULA_32bit:inst1|ULA_8bit:inst4|ULA_1bit:inst|inst11~0                                           ; combout          ;
; |Computador_MIC|CPU:inst1|DATAPATH:inst13|ULA_32bit:inst1|ULA_8bit:inst4|ULA_1bit:inst|inst11~1                                                 ; |Computador_MIC|CPU:inst1|DATAPATH:inst13|ULA_32bit:inst1|ULA_8bit:inst4|ULA_1bit:inst|inst11~1                                           ; combout          ;
; |Computador_MIC|CPU:inst1|DATAPATH:inst13|ULA_32bit:inst1|ULA_8bit:inst3|ULA_1bit:inst|inst11~0                                                 ; |Computador_MIC|CPU:inst1|DATAPATH:inst13|ULA_32bit:inst1|ULA_8bit:inst3|ULA_1bit:inst|inst11~0                                           ; combout          ;
; |Computador_MIC|CPU:inst1|DATAPATH:inst13|ULA_32bit:inst1|ULA_8bit:inst3|ULA_1bit:inst|inst11~1                                                 ; |Computador_MIC|CPU:inst1|DATAPATH:inst13|ULA_32bit:inst1|ULA_8bit:inst3|ULA_1bit:inst|inst11~1                                           ; combout          ;
; |Computador_MIC|CPU:inst1|DATAPATH:inst13|SHIFTER:inst2|inst2[24]~7                                                                             ; |Computador_MIC|CPU:inst1|DATAPATH:inst13|SHIFTER:inst2|inst2[24]~7                                                                       ; combout          ;
; |Computador_MIC|CPU:inst1|DATAPATH:inst13|ULA_32bit:inst1|ULA_8bit:inst2|ULA_1bit:inst14|inst11~0                                               ; |Computador_MIC|CPU:inst1|DATAPATH:inst13|ULA_32bit:inst1|ULA_8bit:inst2|ULA_1bit:inst14|inst11~0                                         ; combout          ;
; |Computador_MIC|CPU:inst1|DATAPATH:inst13|ULA_32bit:inst1|ULA_8bit:inst2|ULA_1bit:inst14|inst11~1                                               ; |Computador_MIC|CPU:inst1|DATAPATH:inst13|ULA_32bit:inst1|ULA_8bit:inst2|ULA_1bit:inst14|inst11~1                                         ; combout          ;
; |Computador_MIC|CPU:inst1|DATAPATH:inst13|SHIFTER:inst2|inst2[23]~8                                                                             ; |Computador_MIC|CPU:inst1|DATAPATH:inst13|SHIFTER:inst2|inst2[23]~8                                                                       ; combout          ;
; |Computador_MIC|CPU:inst1|DATAPATH:inst13|ULA_32bit:inst1|ULA_8bit:inst2|ULA_1bit:inst13|inst11~0                                               ; |Computador_MIC|CPU:inst1|DATAPATH:inst13|ULA_32bit:inst1|ULA_8bit:inst2|ULA_1bit:inst13|inst11~0                                         ; combout          ;
; |Computador_MIC|CPU:inst1|DATAPATH:inst13|ULA_32bit:inst1|ULA_8bit:inst2|ULA_1bit:inst13|inst11~1                                               ; |Computador_MIC|CPU:inst1|DATAPATH:inst13|ULA_32bit:inst1|ULA_8bit:inst2|ULA_1bit:inst13|inst11~1                                         ; combout          ;
; |Computador_MIC|CPU:inst1|DATAPATH:inst13|SHIFTER:inst2|inst2[22]~9                                                                             ; |Computador_MIC|CPU:inst1|DATAPATH:inst13|SHIFTER:inst2|inst2[22]~9                                                                       ; combout          ;
; |Computador_MIC|CPU:inst1|DATAPATH:inst13|ULA_32bit:inst1|ULA_8bit:inst2|ULA_1bit:inst12|inst11~0                                               ; |Computador_MIC|CPU:inst1|DATAPATH:inst13|ULA_32bit:inst1|ULA_8bit:inst2|ULA_1bit:inst12|inst11~0                                         ; combout          ;
; |Computador_MIC|CPU:inst1|DATAPATH:inst13|ULA_32bit:inst1|ULA_8bit:inst2|ULA_1bit:inst12|inst11~1                                               ; |Computador_MIC|CPU:inst1|DATAPATH:inst13|ULA_32bit:inst1|ULA_8bit:inst2|ULA_1bit:inst12|inst11~1                                         ; combout          ;
; |Computador_MIC|CPU:inst1|DATAPATH:inst13|SHIFTER:inst2|inst2[21]~10                                                                            ; |Computador_MIC|CPU:inst1|DATAPATH:inst13|SHIFTER:inst2|inst2[21]~10                                                                      ; combout          ;
; |Computador_MIC|CPU:inst1|DATAPATH:inst13|ULA_32bit:inst1|ULA_8bit:inst2|ULA_1bit:inst11|inst11~0                                               ; |Computador_MIC|CPU:inst1|DATAPATH:inst13|ULA_32bit:inst1|ULA_8bit:inst2|ULA_1bit:inst11|inst11~0                                         ; combout          ;
; |Computador_MIC|CPU:inst1|DATAPATH:inst13|ULA_32bit:inst1|ULA_8bit:inst2|ULA_1bit:inst11|inst11~1                                               ; |Computador_MIC|CPU:inst1|DATAPATH:inst13|ULA_32bit:inst1|ULA_8bit:inst2|ULA_1bit:inst11|inst11~1                                         ; combout          ;
; |Computador_MIC|CPU:inst1|DATAPATH:inst13|SHIFTER:inst2|inst2[20]~11                                                                            ; |Computador_MIC|CPU:inst1|DATAPATH:inst13|SHIFTER:inst2|inst2[20]~11                                                                      ; combout          ;
; |Computador_MIC|CPU:inst1|DATAPATH:inst13|ULA_32bit:inst1|ULA_8bit:inst2|ULA_1bit:inst10|inst11~0                                               ; |Computador_MIC|CPU:inst1|DATAPATH:inst13|ULA_32bit:inst1|ULA_8bit:inst2|ULA_1bit:inst10|inst11~0                                         ; combout          ;
; |Computador_MIC|CPU:inst1|DATAPATH:inst13|ULA_32bit:inst1|ULA_8bit:inst2|ULA_1bit:inst2|FULL_ADDER_1bit:inst10|inst4                            ; |Computador_MIC|CPU:inst1|DATAPATH:inst13|ULA_32bit:inst1|ULA_8bit:inst2|ULA_1bit:inst2|FULL_ADDER_1bit:inst10|inst4                      ; combout          ;
; |Computador_MIC|CPU:inst1|DATAPATH:inst13|ULA_32bit:inst1|ULA_8bit:inst2|ULA_1bit:inst9|inst1                                                   ; |Computador_MIC|CPU:inst1|DATAPATH:inst13|ULA_32bit:inst1|ULA_8bit:inst2|ULA_1bit:inst9|inst1                                             ; combout          ;
; |Computador_MIC|CPU:inst1|DATAPATH:inst13|ULA_32bit:inst1|ULA_8bit:inst2|ULA_1bit:inst9|FULL_ADDER_1bit:inst10|inst4                            ; |Computador_MIC|CPU:inst1|DATAPATH:inst13|ULA_32bit:inst1|ULA_8bit:inst2|ULA_1bit:inst9|FULL_ADDER_1bit:inst10|inst4                      ; combout          ;
; |Computador_MIC|CPU:inst1|DATAPATH:inst13|ULA_32bit:inst1|ULA_8bit:inst2|ULA_1bit:inst10|inst11~1                                               ; |Computador_MIC|CPU:inst1|DATAPATH:inst13|ULA_32bit:inst1|ULA_8bit:inst2|ULA_1bit:inst10|inst11~1                                         ; combout          ;
; |Computador_MIC|CPU:inst1|DATAPATH:inst13|SHIFTER:inst2|inst2[19]~12                                                                            ; |Computador_MIC|CPU:inst1|DATAPATH:inst13|SHIFTER:inst2|inst2[19]~12                                                                      ; combout          ;
; |Computador_MIC|CPU:inst1|DATAPATH:inst13|ULA_32bit:inst1|ULA_8bit:inst2|ULA_1bit:inst9|inst11~0                                                ; |Computador_MIC|CPU:inst1|DATAPATH:inst13|ULA_32bit:inst1|ULA_8bit:inst2|ULA_1bit:inst9|inst11~0                                          ; combout          ;
; |Computador_MIC|CPU:inst1|DATAPATH:inst13|ULA_32bit:inst1|ULA_8bit:inst2|ULA_1bit:inst9|FULL_ADDER_1bit:inst10|inst                             ; |Computador_MIC|CPU:inst1|DATAPATH:inst13|ULA_32bit:inst1|ULA_8bit:inst2|ULA_1bit:inst9|FULL_ADDER_1bit:inst10|inst                       ; combout          ;
; |Computador_MIC|CPU:inst1|DATAPATH:inst13|ULA_32bit:inst1|ULA_8bit:inst2|ULA_1bit:inst9|inst11~1                                                ; |Computador_MIC|CPU:inst1|DATAPATH:inst13|ULA_32bit:inst1|ULA_8bit:inst2|ULA_1bit:inst9|inst11~1                                          ; combout          ;
; |Computador_MIC|CPU:inst1|DATAPATH:inst13|SHIFTER:inst2|inst2[18]~13                                                                            ; |Computador_MIC|CPU:inst1|DATAPATH:inst13|SHIFTER:inst2|inst2[18]~13                                                                      ; combout          ;
; |Computador_MIC|CPU:inst1|DATAPATH:inst13|ULA_32bit:inst1|ULA_8bit:inst2|ULA_1bit:inst2|inst1                                                   ; |Computador_MIC|CPU:inst1|DATAPATH:inst13|ULA_32bit:inst1|ULA_8bit:inst2|ULA_1bit:inst2|inst1                                             ; combout          ;
; |Computador_MIC|CPU:inst1|DATAPATH:inst13|ULA_32bit:inst1|ULA_8bit:inst2|ULA_1bit:inst2|inst11~0                                                ; |Computador_MIC|CPU:inst1|DATAPATH:inst13|ULA_32bit:inst1|ULA_8bit:inst2|ULA_1bit:inst2|inst11~0                                          ; combout          ;
; |Computador_MIC|CPU:inst1|DATAPATH:inst13|ULA_32bit:inst1|ULA_8bit:inst2|ULA_1bit:inst2|FULL_ADDER_1bit:inst10|inst                             ; |Computador_MIC|CPU:inst1|DATAPATH:inst13|ULA_32bit:inst1|ULA_8bit:inst2|ULA_1bit:inst2|FULL_ADDER_1bit:inst10|inst                       ; combout          ;
; |Computador_MIC|CPU:inst1|DATAPATH:inst13|ULA_32bit:inst1|ULA_8bit:inst2|ULA_1bit:inst2|inst11~1                                                ; |Computador_MIC|CPU:inst1|DATAPATH:inst13|ULA_32bit:inst1|ULA_8bit:inst2|ULA_1bit:inst2|inst11~1                                          ; combout          ;
; |Computador_MIC|CPU:inst1|DATAPATH:inst13|SHIFTER:inst2|inst2[17]~14                                                                            ; |Computador_MIC|CPU:inst1|DATAPATH:inst13|SHIFTER:inst2|inst2[17]~14                                                                      ; combout          ;
; |Computador_MIC|CPU:inst1|DATAPATH:inst13|ULA_32bit:inst1|ULA_8bit:inst2|ULA_1bit:inst|inst11~0                                                 ; |Computador_MIC|CPU:inst1|DATAPATH:inst13|ULA_32bit:inst1|ULA_8bit:inst2|ULA_1bit:inst|inst11~0                                           ; combout          ;
; |Computador_MIC|CPU:inst1|DATAPATH:inst13|ULA_32bit:inst1|ULA_8bit:inst2|ULA_1bit:inst|inst11~1                                                 ; |Computador_MIC|CPU:inst1|DATAPATH:inst13|ULA_32bit:inst1|ULA_8bit:inst2|ULA_1bit:inst|inst11~1                                           ; combout          ;
; |Computador_MIC|CPU:inst1|DATAPATH:inst13|SHIFTER:inst2|inst2[16]~15                                                                            ; |Computador_MIC|CPU:inst1|DATAPATH:inst13|SHIFTER:inst2|inst2[16]~15                                                                      ; combout          ;
; |Computador_MIC|CPU:inst1|DATAPATH:inst13|ULA_32bit:inst1|ULA_8bit:inst|ULA_1bit:inst14|inst11~0                                                ; |Computador_MIC|CPU:inst1|DATAPATH:inst13|ULA_32bit:inst1|ULA_8bit:inst|ULA_1bit:inst14|inst11~0                                          ; combout          ;
; |Computador_MIC|CPU:inst1|DATAPATH:inst13|ULA_32bit:inst1|ULA_8bit:inst|ULA_1bit:inst14|inst11~1                                                ; |Computador_MIC|CPU:inst1|DATAPATH:inst13|ULA_32bit:inst1|ULA_8bit:inst|ULA_1bit:inst14|inst11~1                                          ; combout          ;
; |Computador_MIC|CPU:inst1|DATAPATH:inst13|SHIFTER:inst2|inst2[15]~16                                                                            ; |Computador_MIC|CPU:inst1|DATAPATH:inst13|SHIFTER:inst2|inst2[15]~16                                                                      ; combout          ;
; |Computador_MIC|CPU:inst1|DATAPATH:inst13|ULA_32bit:inst1|ULA_8bit:inst|ULA_1bit:inst13|inst11~0                                                ; |Computador_MIC|CPU:inst1|DATAPATH:inst13|ULA_32bit:inst1|ULA_8bit:inst|ULA_1bit:inst13|inst11~0                                          ; combout          ;
; |Computador_MIC|CPU:inst1|DATAPATH:inst13|ULA_32bit:inst1|ULA_8bit:inst|ULA_1bit:inst13|inst11~1                                                ; |Computador_MIC|CPU:inst1|DATAPATH:inst13|ULA_32bit:inst1|ULA_8bit:inst|ULA_1bit:inst13|inst11~1                                          ; combout          ;
; |Computador_MIC|CPU:inst1|DATAPATH:inst13|SHIFTER:inst2|inst2[14]~17                                                                            ; |Computador_MIC|CPU:inst1|DATAPATH:inst13|SHIFTER:inst2|inst2[14]~17                                                                      ; combout          ;
; |Computador_MIC|CPU:inst1|DATAPATH:inst13|ULA_32bit:inst1|ULA_8bit:inst|ULA_1bit:inst12|inst11~0                                                ; |Computador_MIC|CPU:inst1|DATAPATH:inst13|ULA_32bit:inst1|ULA_8bit:inst|ULA_1bit:inst12|inst11~0                                          ; combout          ;
; |Computador_MIC|CPU:inst1|DATAPATH:inst13|ULA_32bit:inst1|ULA_8bit:inst|ULA_1bit:inst11|FULL_ADDER_1bit:inst10|inst4                            ; |Computador_MIC|CPU:inst1|DATAPATH:inst13|ULA_32bit:inst1|ULA_8bit:inst|ULA_1bit:inst11|FULL_ADDER_1bit:inst10|inst4                      ; combout          ;
; |Computador_MIC|CPU:inst1|DATAPATH:inst13|ULA_32bit:inst1|ULA_8bit:inst|ULA_1bit:inst12|inst11~1                                                ; |Computador_MIC|CPU:inst1|DATAPATH:inst13|ULA_32bit:inst1|ULA_8bit:inst|ULA_1bit:inst12|inst11~1                                          ; combout          ;
; |Computador_MIC|CPU:inst1|DATAPATH:inst13|SHIFTER:inst2|inst2[13]~18                                                                            ; |Computador_MIC|CPU:inst1|DATAPATH:inst13|SHIFTER:inst2|inst2[13]~18                                                                      ; combout          ;
; |Computador_MIC|CPU:inst1|DATAPATH:inst13|SHIFTER:inst2|inst2[12]~19                                                                            ; |Computador_MIC|CPU:inst1|DATAPATH:inst13|SHIFTER:inst2|inst2[12]~19                                                                      ; combout          ;
; |Computador_MIC|CPU:inst1|DATAPATH:inst13|ULA_32bit:inst1|ULA_8bit:inst|ULA_1bit:inst10|inst11~0                                                ; |Computador_MIC|CPU:inst1|DATAPATH:inst13|ULA_32bit:inst1|ULA_8bit:inst|ULA_1bit:inst10|inst11~0                                          ; combout          ;
; |Computador_MIC|CPU:inst1|DATAPATH:inst13|ULA_32bit:inst1|ULA_8bit:inst|ULA_1bit:inst9|FULL_ADDER_1bit:inst10|inst4                             ; |Computador_MIC|CPU:inst1|DATAPATH:inst13|ULA_32bit:inst1|ULA_8bit:inst|ULA_1bit:inst9|FULL_ADDER_1bit:inst10|inst4                       ; combout          ;
; |Computador_MIC|CPU:inst1|DATAPATH:inst13|ULA_32bit:inst1|ULA_8bit:inst|ULA_1bit:inst10|inst11~1                                                ; |Computador_MIC|CPU:inst1|DATAPATH:inst13|ULA_32bit:inst1|ULA_8bit:inst|ULA_1bit:inst10|inst11~1                                          ; combout          ;
; |Computador_MIC|CPU:inst1|DATAPATH:inst13|SHIFTER:inst2|inst2[11]~20                                                                            ; |Computador_MIC|CPU:inst1|DATAPATH:inst13|SHIFTER:inst2|inst2[11]~20                                                                      ; combout          ;
; |Computador_MIC|CPU:inst1|DATAPATH:inst13|ULA_32bit:inst1|ULA_8bit:inst|ULA_1bit:inst9|inst11~0                                                 ; |Computador_MIC|CPU:inst1|DATAPATH:inst13|ULA_32bit:inst1|ULA_8bit:inst|ULA_1bit:inst9|inst11~0                                           ; combout          ;
; |Computador_MIC|CPU:inst1|DATAPATH:inst13|ULA_32bit:inst1|ULA_8bit:inst|ULA_1bit:inst9|inst11~1                                                 ; |Computador_MIC|CPU:inst1|DATAPATH:inst13|ULA_32bit:inst1|ULA_8bit:inst|ULA_1bit:inst9|inst11~1                                           ; combout          ;
; |Computador_MIC|CPU:inst1|DATAPATH:inst13|SHIFTER:inst2|inst2[10]~21                                                                            ; |Computador_MIC|CPU:inst1|DATAPATH:inst13|SHIFTER:inst2|inst2[10]~21                                                                      ; combout          ;
; |Computador_MIC|CPU:inst1|DATAPATH:inst13|ULA_32bit:inst1|ULA_8bit:inst|ULA_1bit:inst2|inst11~0                                                 ; |Computador_MIC|CPU:inst1|DATAPATH:inst13|ULA_32bit:inst1|ULA_8bit:inst|ULA_1bit:inst2|inst11~0                                           ; combout          ;
; |Computador_MIC|CPU:inst1|DATAPATH:inst13|ULA_32bit:inst1|ULA_8bit:inst|ULA_1bit:inst2|inst11~1                                                 ; |Computador_MIC|CPU:inst1|DATAPATH:inst13|ULA_32bit:inst1|ULA_8bit:inst|ULA_1bit:inst2|inst11~1                                           ; combout          ;
; |Computador_MIC|CPU:inst1|DATAPATH:inst13|SHIFTER:inst2|inst2[9]~22                                                                             ; |Computador_MIC|CPU:inst1|DATAPATH:inst13|SHIFTER:inst2|inst2[9]~22                                                                       ; combout          ;
; |Computador_MIC|CPU:inst1|DATAPATH:inst13|ULA_32bit:inst1|ULA_8bit:inst|ULA_1bit:inst|inst11~0                                                  ; |Computador_MIC|CPU:inst1|DATAPATH:inst13|ULA_32bit:inst1|ULA_8bit:inst|ULA_1bit:inst|inst11~0                                            ; combout          ;
; |Computador_MIC|CPU:inst1|DATAPATH:inst13|ULA_32bit:inst1|ULA_8bit:inst|ULA_1bit:inst|inst11~1                                                  ; |Computador_MIC|CPU:inst1|DATAPATH:inst13|ULA_32bit:inst1|ULA_8bit:inst|ULA_1bit:inst|inst11~1                                            ; combout          ;
; |Computador_MIC|CPU:inst1|DATAPATH:inst13|ULA_32bit:inst1|ULA_8bit:inst|ULA_1bit:inst|inst11~2                                                  ; |Computador_MIC|CPU:inst1|DATAPATH:inst13|ULA_32bit:inst1|ULA_8bit:inst|ULA_1bit:inst|inst11~2                                            ; combout          ;
; |Computador_MIC|CPU:inst1|DATAPATH:inst13|SHIFTER:inst2|inst2[8]~23                                                                             ; |Computador_MIC|CPU:inst1|DATAPATH:inst13|SHIFTER:inst2|inst2[8]~23                                                                       ; combout          ;
; |Computador_MIC|CPU:inst1|DATAPATH:inst13|SHIFTER:inst2|inst2[7]                                                                                ; |Computador_MIC|CPU:inst1|DATAPATH:inst13|SHIFTER:inst2|inst2[7]                                                                          ; combout          ;
; |Computador_MIC|CPU:inst1|DATAPATH:inst13|SHIFTER:inst2|inst2[6]                                                                                ; |Computador_MIC|CPU:inst1|DATAPATH:inst13|SHIFTER:inst2|inst2[6]                                                                          ; combout          ;
; |Computador_MIC|CPU:inst1|DATAPATH:inst13|SHIFTER:inst2|inst2[5]                                                                                ; |Computador_MIC|CPU:inst1|DATAPATH:inst13|SHIFTER:inst2|inst2[5]                                                                          ; combout          ;
; |Computador_MIC|CPU:inst1|DATAPATH:inst13|SHIFTER:inst2|inst2[4]                                                                                ; |Computador_MIC|CPU:inst1|DATAPATH:inst13|SHIFTER:inst2|inst2[4]                                                                          ; combout          ;
; |Computador_MIC|CPU:inst1|DATAPATH:inst13|SHIFTER:inst2|inst2[3]                                                                                ; |Computador_MIC|CPU:inst1|DATAPATH:inst13|SHIFTER:inst2|inst2[3]                                                                          ; combout          ;
; |Computador_MIC|CPU:inst1|DATAPATH:inst13|SHIFTER:inst2|inst2[2]                                                                                ; |Computador_MIC|CPU:inst1|DATAPATH:inst13|SHIFTER:inst2|inst2[2]                                                                          ; combout          ;
; |Computador_MIC|CPU:inst1|DATAPATH:inst13|SHIFTER:inst2|inst2[1]                                                                                ; |Computador_MIC|CPU:inst1|DATAPATH:inst13|SHIFTER:inst2|inst2[1]                                                                          ; combout          ;
; |Computador_MIC|CPU:inst1|DATAPATH:inst13|SHIFTER:inst2|inst2[0]                                                                                ; |Computador_MIC|CPU:inst1|DATAPATH:inst13|SHIFTER:inst2|inst2[0]                                                                          ; combout          ;
; |Computador_MIC|CPU:inst1|CONTROL_UNIT:inst|mpc_generator:inst1|inst1                                                                           ; |Computador_MIC|CPU:inst1|CONTROL_UNIT:inst|mpc_generator:inst1|inst1                                                                     ; regout           ;
; |Computador_MIC|CPU:inst1|CONTROL_UNIT:inst|mpc_generator:inst1|inst5~0                                                                         ; |Computador_MIC|CPU:inst1|CONTROL_UNIT:inst|mpc_generator:inst1|inst5~0                                                                   ; combout          ;
; |Computador_MIC|CPU:inst1|CONTROL_UNIT:inst|mpc_generator:inst1|inst5                                                                           ; |Computador_MIC|CPU:inst1|CONTROL_UNIT:inst|mpc_generator:inst1|inst5                                                                     ; combout          ;
; |Computador_MIC|CPU:inst1|CONTROL_UNIT:inst|mpc_generator:inst1|inst2[7]                                                                        ; |Computador_MIC|CPU:inst1|CONTROL_UNIT:inst|mpc_generator:inst1|inst2[7]                                                                  ; regout           ;
; |Computador_MIC|CPU:inst1|CONTROL_UNIT:inst|mpc_generator:inst1|inst7[7]                                                                        ; |Computador_MIC|CPU:inst1|CONTROL_UNIT:inst|mpc_generator:inst1|inst7[7]                                                                  ; combout          ;
; |Computador_MIC|CPU:inst1|CONTROL_UNIT:inst|mpc_generator:inst1|inst2[6]                                                                        ; |Computador_MIC|CPU:inst1|CONTROL_UNIT:inst|mpc_generator:inst1|inst2[6]                                                                  ; regout           ;
; |Computador_MIC|CPU:inst1|CONTROL_UNIT:inst|mpc_generator:inst1|inst7[6]                                                                        ; |Computador_MIC|CPU:inst1|CONTROL_UNIT:inst|mpc_generator:inst1|inst7[6]                                                                  ; combout          ;
; |Computador_MIC|CPU:inst1|CONTROL_UNIT:inst|mpc_generator:inst1|inst2[5]                                                                        ; |Computador_MIC|CPU:inst1|CONTROL_UNIT:inst|mpc_generator:inst1|inst2[5]                                                                  ; regout           ;
; |Computador_MIC|CPU:inst1|CONTROL_UNIT:inst|mpc_generator:inst1|inst7[5]                                                                        ; |Computador_MIC|CPU:inst1|CONTROL_UNIT:inst|mpc_generator:inst1|inst7[5]                                                                  ; combout          ;
; |Computador_MIC|CPU:inst1|CONTROL_UNIT:inst|mpc_generator:inst1|inst2[4]                                                                        ; |Computador_MIC|CPU:inst1|CONTROL_UNIT:inst|mpc_generator:inst1|inst2[4]                                                                  ; regout           ;
; |Computador_MIC|CPU:inst1|CONTROL_UNIT:inst|mpc_generator:inst1|inst7[4]                                                                        ; |Computador_MIC|CPU:inst1|CONTROL_UNIT:inst|mpc_generator:inst1|inst7[4]                                                                  ; combout          ;
; |Computador_MIC|CPU:inst1|CONTROL_UNIT:inst|mpc_generator:inst1|inst2[3]                                                                        ; |Computador_MIC|CPU:inst1|CONTROL_UNIT:inst|mpc_generator:inst1|inst2[3]                                                                  ; regout           ;
; |Computador_MIC|CPU:inst1|CONTROL_UNIT:inst|mpc_generator:inst1|inst7[3]                                                                        ; |Computador_MIC|CPU:inst1|CONTROL_UNIT:inst|mpc_generator:inst1|inst7[3]                                                                  ; combout          ;
; |Computador_MIC|CPU:inst1|CONTROL_UNIT:inst|mpc_generator:inst1|inst2[2]                                                                        ; |Computador_MIC|CPU:inst1|CONTROL_UNIT:inst|mpc_generator:inst1|inst2[2]                                                                  ; regout           ;
; |Computador_MIC|CPU:inst1|CONTROL_UNIT:inst|mpc_generator:inst1|inst7[2]                                                                        ; |Computador_MIC|CPU:inst1|CONTROL_UNIT:inst|mpc_generator:inst1|inst7[2]                                                                  ; combout          ;
; |Computador_MIC|CPU:inst1|CONTROL_UNIT:inst|mpc_generator:inst1|inst2[1]                                                                        ; |Computador_MIC|CPU:inst1|CONTROL_UNIT:inst|mpc_generator:inst1|inst2[1]                                                                  ; regout           ;
; |Computador_MIC|CPU:inst1|CONTROL_UNIT:inst|mpc_generator:inst1|inst7[1]                                                                        ; |Computador_MIC|CPU:inst1|CONTROL_UNIT:inst|mpc_generator:inst1|inst7[1]                                                                  ; combout          ;
; |Computador_MIC|CPU:inst1|CONTROL_UNIT:inst|mpc_generator:inst1|inst2[0]                                                                        ; |Computador_MIC|CPU:inst1|CONTROL_UNIT:inst|mpc_generator:inst1|inst2[0]                                                                  ; regout           ;
; |Computador_MIC|CPU:inst1|CONTROL_UNIT:inst|mpc_generator:inst1|inst7[0]                                                                        ; |Computador_MIC|CPU:inst1|CONTROL_UNIT:inst|mpc_generator:inst1|inst7[0]                                                                  ; combout          ;
; |Computador_MIC|CPU:inst1|DATAPATH:inst13|BANK:inst|MDR:inst1|inst13                                                                            ; |Computador_MIC|CPU:inst1|DATAPATH:inst13|BANK:inst|MDR:inst1|inst13                                                                      ; regout           ;
; |Computador_MIC|CPU:inst1|DATAPATH:inst13|BANK:inst|MDR:inst1|REGISTER32bit:inst1|inst16[30]~0                                                  ; |Computador_MIC|CPU:inst1|DATAPATH:inst13|BANK:inst|MDR:inst1|REGISTER32bit:inst1|inst16[30]~0                                            ; combout          ;
; |Computador_MIC|CPU:inst1|DATAPATH:inst13|BANK:inst|MDR:inst1|REGISTER32bit:inst1|inst16[5]~1                                                   ; |Computador_MIC|CPU:inst1|DATAPATH:inst13|BANK:inst|MDR:inst1|REGISTER32bit:inst1|inst16[5]~1                                             ; combout          ;
; |Computador_MIC|CPU:inst1|DATAPATH:inst13|BANK:inst|MDR:inst1|REGISTER32bit:inst1|inst16[4]~2                                                   ; |Computador_MIC|CPU:inst1|DATAPATH:inst13|BANK:inst|MDR:inst1|REGISTER32bit:inst1|inst16[4]~2                                             ; combout          ;
; |Computador_MIC|CPU:inst1|DATAPATH:inst13|BANK:inst|MDR:inst1|REGISTER32bit:inst1|inst16[3]~3                                                   ; |Computador_MIC|CPU:inst1|DATAPATH:inst13|BANK:inst|MDR:inst1|REGISTER32bit:inst1|inst16[3]~3                                             ; combout          ;
; |Computador_MIC|CPU:inst1|DATAPATH:inst13|BANK:inst|MDR:inst1|REGISTER32bit:inst1|inst16[2]~4                                                   ; |Computador_MIC|CPU:inst1|DATAPATH:inst13|BANK:inst|MDR:inst1|REGISTER32bit:inst1|inst16[2]~4                                             ; combout          ;
; |Computador_MIC|CPU:inst1|DATAPATH:inst13|BANK:inst|MDR:inst1|REGISTER32bit:inst1|inst16[1]~5                                                   ; |Computador_MIC|CPU:inst1|DATAPATH:inst13|BANK:inst|MDR:inst1|REGISTER32bit:inst1|inst16[1]~5                                             ; combout          ;
; |Computador_MIC|CPU:inst1|DATAPATH:inst13|BANK:inst|MDR:inst1|REGISTER32bit:inst1|inst16[0]~6                                                   ; |Computador_MIC|CPU:inst1|DATAPATH:inst13|BANK:inst|MDR:inst1|REGISTER32bit:inst1|inst16[0]~6                                             ; combout          ;
; |Computador_MIC|CPU:inst1|DATAPATH:inst13|BANK:inst|MDR:inst1|REGISTER32bit:inst1|inst16[6]~7                                                   ; |Computador_MIC|CPU:inst1|DATAPATH:inst13|BANK:inst|MDR:inst1|REGISTER32bit:inst1|inst16[6]~7                                             ; combout          ;
; |Computador_MIC|CPU:inst1|DATAPATH:inst13|BANK:inst|MDR:inst1|REGISTER32bit:inst1|inst16[7]~8                                                   ; |Computador_MIC|CPU:inst1|DATAPATH:inst13|BANK:inst|MDR:inst1|REGISTER32bit:inst1|inst16[7]~8                                             ; combout          ;
; |Computador_MIC|CPU:inst1|DATAPATH:inst13|SHIFTER:inst2|inst11~0                                                                                ; |Computador_MIC|CPU:inst1|DATAPATH:inst13|SHIFTER:inst2|inst11~0                                                                          ; combout          ;
; |Computador_MIC|CPU:inst1|DATAPATH:inst13|SHIFTER:inst2|inst11~1                                                                                ; |Computador_MIC|CPU:inst1|DATAPATH:inst13|SHIFTER:inst2|inst11~1                                                                          ; combout          ;
; |Computador_MIC|CPU:inst1|DATAPATH:inst13|SHIFTER:inst2|inst11~2                                                                                ; |Computador_MIC|CPU:inst1|DATAPATH:inst13|SHIFTER:inst2|inst11~2                                                                          ; combout          ;
; |Computador_MIC|CPU:inst1|DATAPATH:inst13|SHIFTER:inst2|inst11~3                                                                                ; |Computador_MIC|CPU:inst1|DATAPATH:inst13|SHIFTER:inst2|inst11~3                                                                          ; combout          ;
; |Computador_MIC|CPU:inst1|DATAPATH:inst13|SHIFTER:inst2|inst11~4                                                                                ; |Computador_MIC|CPU:inst1|DATAPATH:inst13|SHIFTER:inst2|inst11~4                                                                          ; combout          ;
; |Computador_MIC|CPU:inst1|DATAPATH:inst13|SHIFTER:inst2|inst11~5                                                                                ; |Computador_MIC|CPU:inst1|DATAPATH:inst13|SHIFTER:inst2|inst11~5                                                                          ; combout          ;
; |Computador_MIC|CPU:inst1|DATAPATH:inst13|SHIFTER:inst2|inst11~6                                                                                ; |Computador_MIC|CPU:inst1|DATAPATH:inst13|SHIFTER:inst2|inst11~6                                                                          ; combout          ;
; |Computador_MIC|CPU:inst1|DATAPATH:inst13|SHIFTER:inst2|inst11~7                                                                                ; |Computador_MIC|CPU:inst1|DATAPATH:inst13|SHIFTER:inst2|inst11~7                                                                          ; combout          ;
; |Computador_MIC|CPU:inst1|DATAPATH:inst13|SHIFTER:inst2|inst11~8                                                                                ; |Computador_MIC|CPU:inst1|DATAPATH:inst13|SHIFTER:inst2|inst11~8                                                                          ; combout          ;
; |Computador_MIC|CPU:inst1|DATAPATH:inst13|SHIFTER:inst2|inst11~9                                                                                ; |Computador_MIC|CPU:inst1|DATAPATH:inst13|SHIFTER:inst2|inst11~9                                                                          ; combout          ;
; |Computador_MIC|CPU:inst1|DATAPATH:inst13|SHIFTER:inst2|inst11~10                                                                               ; |Computador_MIC|CPU:inst1|DATAPATH:inst13|SHIFTER:inst2|inst11~10                                                                         ; combout          ;
; |Computador_MIC|CPU:inst1|DATAPATH:inst13|SHIFTER:inst2|inst11~11                                                                               ; |Computador_MIC|CPU:inst1|DATAPATH:inst13|SHIFTER:inst2|inst11~11                                                                         ; combout          ;
; |Computador_MIC|CPU:inst1|DATAPATH:inst13|SHIFTER:inst2|inst11                                                                                  ; |Computador_MIC|CPU:inst1|DATAPATH:inst13|SHIFTER:inst2|inst11                                                                            ; combout          ;
; |Computador_MIC|CPU:inst1|DATAPATH:inst13|BANK:inst|PC:inst2|REGISTER32bit:inst1|inst4                                                          ; |Computador_MIC|CPU:inst1|DATAPATH:inst13|BANK:inst|PC:inst2|REGISTER32bit:inst1|inst4                                                    ; combout          ;
; |Computador_MIC|CPU:inst1|DATAPATH:inst13|BANK:inst|MAR:inst|REGISTER32bit:inst1|inst4                                                          ; |Computador_MIC|CPU:inst1|DATAPATH:inst13|BANK:inst|MAR:inst|REGISTER32bit:inst1|inst4                                                    ; combout          ;
; |Computador_MIC|CPU:inst1|DATAPATH:inst13|BANK:inst|H:inst8|REGISTER32bit:inst1|inst4                                                           ; |Computador_MIC|CPU:inst1|DATAPATH:inst13|BANK:inst|H:inst8|REGISTER32bit:inst1|inst4                                                     ; combout          ;
; |Computador_MIC|CPU:inst1|DATAPATH:inst13|BANK:inst|TOS:inst6|REGISTER32bit:inst1|inst4                                                         ; |Computador_MIC|CPU:inst1|DATAPATH:inst13|BANK:inst|TOS:inst6|REGISTER32bit:inst1|inst4                                                   ; combout          ;
; |Computador_MIC|CPU:inst1|DATAPATH:inst13|BANK:inst|OPC:inst7|REGISTER32bit:inst1|inst4                                                         ; |Computador_MIC|CPU:inst1|DATAPATH:inst13|BANK:inst|OPC:inst7|REGISTER32bit:inst1|inst4                                                   ; combout          ;
; |Computador_MIC|CPU:inst1|DATAPATH:inst13|BANK:inst|LV:inst4|REGISTER32bit:inst1|inst4                                                          ; |Computador_MIC|CPU:inst1|DATAPATH:inst13|BANK:inst|LV:inst4|REGISTER32bit:inst1|inst4                                                    ; combout          ;
; |Computador_MIC|CPU:inst1|DATAPATH:inst13|BANK:inst|MBR:inst9|inst13                                                                            ; |Computador_MIC|CPU:inst1|DATAPATH:inst13|BANK:inst|MBR:inst9|inst13                                                                      ; regout           ;
; |Computador_MIC|CPU:inst1|DATAPATH:inst13|BANK:inst|MBR:inst9|REGISTER32bit:inst1|inst4                                                         ; |Computador_MIC|CPU:inst1|DATAPATH:inst13|BANK:inst|MBR:inst9|REGISTER32bit:inst1|inst4                                                   ; combout          ;
; |Computador_MIC|CPU:inst1|DATAPATH:inst13|BANK:inst|SP:inst3|REGISTER32bit:inst1|inst4                                                          ; |Computador_MIC|CPU:inst1|DATAPATH:inst13|BANK:inst|SP:inst3|REGISTER32bit:inst1|inst4                                                    ; combout          ;
; |Computador_MIC|CPU:inst1|DATAPATH:inst13|BANK:inst|MDR:inst1|REGISTER32bit:inst1|inst4                                                         ; |Computador_MIC|CPU:inst1|DATAPATH:inst13|BANK:inst|MDR:inst1|REGISTER32bit:inst1|inst4                                                   ; combout          ;
; |Computador_MIC|CPU:inst1|DATAPATH:inst13|ULA_32bit:inst1|ULA_8bit:inst|ULA_1bit:inst11|FULL_ADDER_1bit:inst10|inst3~2                          ; |Computador_MIC|CPU:inst1|DATAPATH:inst13|ULA_32bit:inst1|ULA_8bit:inst|ULA_1bit:inst11|FULL_ADDER_1bit:inst10|inst3~2                    ; combout          ;
; |Computador_MIC|CPU:inst1|DATAPATH:inst13|ULA_32bit:inst1|ULA_8bit:inst|ULA_1bit:inst10|FULL_ADDER_1bit:inst10|inst2                            ; |Computador_MIC|CPU:inst1|DATAPATH:inst13|ULA_32bit:inst1|ULA_8bit:inst|ULA_1bit:inst10|FULL_ADDER_1bit:inst10|inst2                      ; combout          ;
; |Computador_MIC|CPU:inst1|DATAPATH:inst13|ULA_32bit:inst1|ULA_8bit:inst|ULA_1bit:inst11|FULL_ADDER_1bit:inst10|inst2                            ; |Computador_MIC|CPU:inst1|DATAPATH:inst13|ULA_32bit:inst1|ULA_8bit:inst|ULA_1bit:inst11|FULL_ADDER_1bit:inst10|inst2                      ; combout          ;
; |Computador_MIC|CPU:inst1|DATAPATH:inst13|ULA_32bit:inst1|ULA_8bit:inst|ULA_1bit:inst10|FULL_ADDER_1bit:inst10|inst3~2                          ; |Computador_MIC|CPU:inst1|DATAPATH:inst13|ULA_32bit:inst1|ULA_8bit:inst|ULA_1bit:inst10|FULL_ADDER_1bit:inst10|inst3~2                    ; combout          ;
; |Computador_MIC|CPU:inst1|DATAPATH:inst13|ULA_32bit:inst1|ULA_8bit:inst|ULA_1bit:inst9|FULL_ADDER_1bit:inst10|inst2                             ; |Computador_MIC|CPU:inst1|DATAPATH:inst13|ULA_32bit:inst1|ULA_8bit:inst|ULA_1bit:inst9|FULL_ADDER_1bit:inst10|inst2                       ; combout          ;
; |Computador_MIC|CPU:inst1|DATAPATH:inst13|ULA_32bit:inst1|ULA_8bit:inst|ULA_1bit:inst9|FULL_ADDER_1bit:inst10|inst3~2                           ; |Computador_MIC|CPU:inst1|DATAPATH:inst13|ULA_32bit:inst1|ULA_8bit:inst|ULA_1bit:inst9|FULL_ADDER_1bit:inst10|inst3~2                     ; combout          ;
; |Computador_MIC|CPU:inst1|DATAPATH:inst13|ULA_32bit:inst1|ULA_8bit:inst4|ULA_1bit:inst14|inst11~3                                               ; |Computador_MIC|CPU:inst1|DATAPATH:inst13|ULA_32bit:inst1|ULA_8bit:inst4|ULA_1bit:inst14|inst11~3                                         ; combout          ;
; |Computador_MIC|CPU:inst1|DATAPATH:inst13|ULA_32bit:inst1|ULA_8bit:inst3|ULA_1bit:inst14|FULL_ADDER_1bit:inst10|inst                            ; |Computador_MIC|CPU:inst1|DATAPATH:inst13|ULA_32bit:inst1|ULA_8bit:inst3|ULA_1bit:inst14|FULL_ADDER_1bit:inst10|inst                      ; combout          ;
; |Computador_MIC|CPU:inst1|DATAPATH:inst13|ULA_32bit:inst1|ULA_8bit:inst3|ULA_1bit:inst13|FULL_ADDER_1bit:inst10|inst                            ; |Computador_MIC|CPU:inst1|DATAPATH:inst13|ULA_32bit:inst1|ULA_8bit:inst3|ULA_1bit:inst13|FULL_ADDER_1bit:inst10|inst                      ; combout          ;
; |Computador_MIC|CPU:inst1|DATAPATH:inst13|ULA_32bit:inst1|ULA_8bit:inst4|ULA_1bit:inst13|FULL_ADDER_1bit:inst10|inst                            ; |Computador_MIC|CPU:inst1|DATAPATH:inst13|ULA_32bit:inst1|ULA_8bit:inst4|ULA_1bit:inst13|FULL_ADDER_1bit:inst10|inst                      ; combout          ;
; |Computador_MIC|CPU:inst1|DATAPATH:inst13|ULA_32bit:inst1|ULA_8bit:inst4|ULA_1bit:inst12|FULL_ADDER_1bit:inst10|inst                            ; |Computador_MIC|CPU:inst1|DATAPATH:inst13|ULA_32bit:inst1|ULA_8bit:inst4|ULA_1bit:inst12|FULL_ADDER_1bit:inst10|inst                      ; combout          ;
; |Computador_MIC|CPU:inst1|DATAPATH:inst13|ULA_32bit:inst1|ULA_8bit:inst3|ULA_1bit:inst12|FULL_ADDER_1bit:inst10|inst                            ; |Computador_MIC|CPU:inst1|DATAPATH:inst13|ULA_32bit:inst1|ULA_8bit:inst3|ULA_1bit:inst12|FULL_ADDER_1bit:inst10|inst                      ; combout          ;
; |Computador_MIC|CPU:inst1|DATAPATH:inst13|ULA_32bit:inst1|ULA_8bit:inst4|ULA_1bit:inst11|FULL_ADDER_1bit:inst10|inst                            ; |Computador_MIC|CPU:inst1|DATAPATH:inst13|ULA_32bit:inst1|ULA_8bit:inst4|ULA_1bit:inst11|FULL_ADDER_1bit:inst10|inst                      ; combout          ;
; |Computador_MIC|CPU:inst1|DATAPATH:inst13|ULA_32bit:inst1|ULA_8bit:inst3|ULA_1bit:inst11|FULL_ADDER_1bit:inst10|inst                            ; |Computador_MIC|CPU:inst1|DATAPATH:inst13|ULA_32bit:inst1|ULA_8bit:inst3|ULA_1bit:inst11|FULL_ADDER_1bit:inst10|inst                      ; combout          ;
; |Computador_MIC|CPU:inst1|DATAPATH:inst13|ULA_32bit:inst1|ULA_8bit:inst3|ULA_1bit:inst10|FULL_ADDER_1bit:inst10|inst                            ; |Computador_MIC|CPU:inst1|DATAPATH:inst13|ULA_32bit:inst1|ULA_8bit:inst3|ULA_1bit:inst10|FULL_ADDER_1bit:inst10|inst                      ; combout          ;
; |Computador_MIC|CPU:inst1|DATAPATH:inst13|ULA_32bit:inst1|ULA_8bit:inst4|ULA_1bit:inst9|FULL_ADDER_1bit:inst10|inst                             ; |Computador_MIC|CPU:inst1|DATAPATH:inst13|ULA_32bit:inst1|ULA_8bit:inst4|ULA_1bit:inst9|FULL_ADDER_1bit:inst10|inst                       ; combout          ;
; |Computador_MIC|CPU:inst1|DATAPATH:inst13|ULA_32bit:inst1|ULA_8bit:inst3|ULA_1bit:inst9|FULL_ADDER_1bit:inst10|inst                             ; |Computador_MIC|CPU:inst1|DATAPATH:inst13|ULA_32bit:inst1|ULA_8bit:inst3|ULA_1bit:inst9|FULL_ADDER_1bit:inst10|inst                       ; combout          ;
; |Computador_MIC|CPU:inst1|DATAPATH:inst13|ULA_32bit:inst1|ULA_8bit:inst3|ULA_1bit:inst2|FULL_ADDER_1bit:inst10|inst                             ; |Computador_MIC|CPU:inst1|DATAPATH:inst13|ULA_32bit:inst1|ULA_8bit:inst3|ULA_1bit:inst2|FULL_ADDER_1bit:inst10|inst                       ; combout          ;
; |Computador_MIC|CPU:inst1|DATAPATH:inst13|ULA_32bit:inst1|ULA_8bit:inst4|ULA_1bit:inst|FULL_ADDER_1bit:inst10|inst                              ; |Computador_MIC|CPU:inst1|DATAPATH:inst13|ULA_32bit:inst1|ULA_8bit:inst4|ULA_1bit:inst|FULL_ADDER_1bit:inst10|inst                        ; combout          ;
; |Computador_MIC|CPU:inst1|DATAPATH:inst13|ULA_32bit:inst1|ULA_8bit:inst3|ULA_1bit:inst|FULL_ADDER_1bit:inst10|inst                              ; |Computador_MIC|CPU:inst1|DATAPATH:inst13|ULA_32bit:inst1|ULA_8bit:inst3|ULA_1bit:inst|FULL_ADDER_1bit:inst10|inst                        ; combout          ;
; |Computador_MIC|CPU:inst1|DATAPATH:inst13|ULA_32bit:inst1|ULA_8bit:inst2|ULA_1bit:inst14|FULL_ADDER_1bit:inst10|inst                            ; |Computador_MIC|CPU:inst1|DATAPATH:inst13|ULA_32bit:inst1|ULA_8bit:inst2|ULA_1bit:inst14|FULL_ADDER_1bit:inst10|inst                      ; combout          ;
; |Computador_MIC|CPU:inst1|DATAPATH:inst13|ULA_32bit:inst1|ULA_8bit:inst2|ULA_1bit:inst13|FULL_ADDER_1bit:inst10|inst                            ; |Computador_MIC|CPU:inst1|DATAPATH:inst13|ULA_32bit:inst1|ULA_8bit:inst2|ULA_1bit:inst13|FULL_ADDER_1bit:inst10|inst                      ; combout          ;
; |Computador_MIC|CPU:inst1|DATAPATH:inst13|ULA_32bit:inst1|ULA_8bit:inst2|ULA_1bit:inst12|FULL_ADDER_1bit:inst10|inst                            ; |Computador_MIC|CPU:inst1|DATAPATH:inst13|ULA_32bit:inst1|ULA_8bit:inst2|ULA_1bit:inst12|FULL_ADDER_1bit:inst10|inst                      ; combout          ;
; |Computador_MIC|CPU:inst1|DATAPATH:inst13|ULA_32bit:inst1|ULA_8bit:inst2|ULA_1bit:inst11|FULL_ADDER_1bit:inst10|inst                            ; |Computador_MIC|CPU:inst1|DATAPATH:inst13|ULA_32bit:inst1|ULA_8bit:inst2|ULA_1bit:inst11|FULL_ADDER_1bit:inst10|inst                      ; combout          ;
; |Computador_MIC|CPU:inst1|DATAPATH:inst13|ULA_32bit:inst1|ULA_8bit:inst2|ULA_1bit:inst10|FULL_ADDER_1bit:inst10|inst                            ; |Computador_MIC|CPU:inst1|DATAPATH:inst13|ULA_32bit:inst1|ULA_8bit:inst2|ULA_1bit:inst10|FULL_ADDER_1bit:inst10|inst                      ; combout          ;
; |Computador_MIC|CPU:inst1|DATAPATH:inst13|ULA_32bit:inst1|ULA_8bit:inst2|ULA_1bit:inst|FULL_ADDER_1bit:inst10|inst                              ; |Computador_MIC|CPU:inst1|DATAPATH:inst13|ULA_32bit:inst1|ULA_8bit:inst2|ULA_1bit:inst|FULL_ADDER_1bit:inst10|inst                        ; combout          ;
; |Computador_MIC|CPU:inst1|DATAPATH:inst13|ULA_32bit:inst1|ULA_8bit:inst|ULA_1bit:inst14|FULL_ADDER_1bit:inst10|inst                             ; |Computador_MIC|CPU:inst1|DATAPATH:inst13|ULA_32bit:inst1|ULA_8bit:inst|ULA_1bit:inst14|FULL_ADDER_1bit:inst10|inst                       ; combout          ;
; |Computador_MIC|CPU:inst1|DATAPATH:inst13|ULA_32bit:inst1|ULA_8bit:inst|ULA_1bit:inst13|FULL_ADDER_1bit:inst10|inst                             ; |Computador_MIC|CPU:inst1|DATAPATH:inst13|ULA_32bit:inst1|ULA_8bit:inst|ULA_1bit:inst13|FULL_ADDER_1bit:inst10|inst                       ; combout          ;
; |Computador_MIC|CPU:inst1|DATAPATH:inst13|ULA_32bit:inst1|ULA_8bit:inst|ULA_1bit:inst12|FULL_ADDER_1bit:inst10|inst                             ; |Computador_MIC|CPU:inst1|DATAPATH:inst13|ULA_32bit:inst1|ULA_8bit:inst|ULA_1bit:inst12|FULL_ADDER_1bit:inst10|inst                       ; combout          ;
; |Computador_MIC|CPU:inst1|DATAPATH:inst13|ULA_32bit:inst1|ULA_8bit:inst|ULA_1bit:inst10|FULL_ADDER_1bit:inst10|inst                             ; |Computador_MIC|CPU:inst1|DATAPATH:inst13|ULA_32bit:inst1|ULA_8bit:inst|ULA_1bit:inst10|FULL_ADDER_1bit:inst10|inst                       ; combout          ;
; |Computador_MIC|CPU:inst1|DATAPATH:inst13|ULA_32bit:inst1|ULA_8bit:inst|ULA_1bit:inst9|FULL_ADDER_1bit:inst10|inst                              ; |Computador_MIC|CPU:inst1|DATAPATH:inst13|ULA_32bit:inst1|ULA_8bit:inst|ULA_1bit:inst9|FULL_ADDER_1bit:inst10|inst                        ; combout          ;
; |Computador_MIC|CPU:inst1|DATAPATH:inst13|ULA_32bit:inst1|ULA_8bit:inst|ULA_1bit:inst2|FULL_ADDER_1bit:inst10|inst                              ; |Computador_MIC|CPU:inst1|DATAPATH:inst13|ULA_32bit:inst1|ULA_8bit:inst|ULA_1bit:inst2|FULL_ADDER_1bit:inst10|inst                        ; combout          ;
; |Computador_MIC|CPU:inst1|DATAPATH:inst13|ULA_32bit:inst1|ULA_8bit:inst|ULA_1bit:inst11|inst11~2                                                ; |Computador_MIC|CPU:inst1|DATAPATH:inst13|ULA_32bit:inst1|ULA_8bit:inst|ULA_1bit:inst11|inst11~2                                          ; combout          ;
; |Computador_MIC|CPU:inst1|DATAPATH:inst13|ULA_32bit:inst1|ULA_8bit:inst|ULA_1bit:inst11|inst11~3                                                ; |Computador_MIC|CPU:inst1|DATAPATH:inst13|ULA_32bit:inst1|ULA_8bit:inst|ULA_1bit:inst11|inst11~3                                          ; combout          ;
; |Computador_MIC|CPU:inst1|DATAPATH:inst13|ULA_32bit:inst1|ULA_8bit:inst4|ULA_1bit:inst10|FULL_ADDER_1bit:inst10|inst4~3                         ; |Computador_MIC|CPU:inst1|DATAPATH:inst13|ULA_32bit:inst1|ULA_8bit:inst4|ULA_1bit:inst10|FULL_ADDER_1bit:inst10|inst4~3                   ; combout          ;
; |Computador_MIC|CPU:inst1|DATAPATH:inst13|ULA_32bit:inst1|ULA_8bit:inst4|ULA_1bit:inst10|FULL_ADDER_1bit:inst10|inst4~4                         ; |Computador_MIC|CPU:inst1|DATAPATH:inst13|ULA_32bit:inst1|ULA_8bit:inst4|ULA_1bit:inst10|FULL_ADDER_1bit:inst10|inst4~4                   ; combout          ;
; |Computador_MIC|CPU:inst1|DATAPATH:inst13|BANK:inst|CPP:inst5|REGISTER32bit:inst1|REGISTER8bit:inst20|inst5~0                                   ; |Computador_MIC|CPU:inst1|DATAPATH:inst13|BANK:inst|CPP:inst5|REGISTER32bit:inst1|REGISTER8bit:inst20|inst5~0                             ; combout          ;
; |Computador_MIC|CPU:inst1|DATAPATH:inst13|BANK:inst|CPP:inst5|REGISTER32bit:inst1|REGISTER8bit:inst|inst20~0                                    ; |Computador_MIC|CPU:inst1|DATAPATH:inst13|BANK:inst|CPP:inst5|REGISTER32bit:inst1|REGISTER8bit:inst|inst20~0                              ; combout          ;
; |Computador_MIC|CPU:inst1|DATAPATH:inst13|BANK:inst|CPP:inst5|REGISTER32bit:inst1|REGISTER8bit:inst|inst16~0                                    ; |Computador_MIC|CPU:inst1|DATAPATH:inst13|BANK:inst|CPP:inst5|REGISTER32bit:inst1|REGISTER8bit:inst|inst16~0                              ; combout          ;
; |Computador_MIC|CPU:inst1|DATAPATH:inst13|BANK:inst|CPP:inst5|REGISTER32bit:inst1|REGISTER8bit:inst|inst24~0                                    ; |Computador_MIC|CPU:inst1|DATAPATH:inst13|BANK:inst|CPP:inst5|REGISTER32bit:inst1|REGISTER8bit:inst|inst24~0                              ; combout          ;
; |Computador_MIC|CPU:inst1|DATAPATH:inst13|BANK:inst|LV:inst4|REGISTER32bit:inst1|REGISTER8bit:inst|inst24~0                                     ; |Computador_MIC|CPU:inst1|DATAPATH:inst13|BANK:inst|LV:inst4|REGISTER32bit:inst1|REGISTER8bit:inst|inst24~0                               ; combout          ;
; |Computador_MIC|CPU:inst1|DATAPATH:inst13|BANK:inst|SP:inst3|REGISTER32bit:inst1|REGISTER8bit:inst|inst24~0                                     ; |Computador_MIC|CPU:inst1|DATAPATH:inst13|BANK:inst|SP:inst3|REGISTER32bit:inst1|REGISTER8bit:inst|inst24~0                               ; combout          ;
; |Computador_MIC|CPU:inst1|DATAPATH:inst13|BANK:inst|CPP:inst5|REGISTER32bit:inst1|REGISTER8bit:inst|inst28~0                                    ; |Computador_MIC|CPU:inst1|DATAPATH:inst13|BANK:inst|CPP:inst5|REGISTER32bit:inst1|REGISTER8bit:inst|inst28~0                              ; combout          ;
; |Computador_MIC|CPU:inst1|DATAPATH:inst13|BANK:inst|CPP:inst5|REGISTER32bit:inst1|REGISTER8bit:inst20|inst~0                                    ; |Computador_MIC|CPU:inst1|DATAPATH:inst13|BANK:inst|CPP:inst5|REGISTER32bit:inst1|REGISTER8bit:inst20|inst~0                              ; combout          ;
; |Computador_MIC|CPU:inst1|DATAPATH:inst13|BANK:inst|MBR:inst9|REGISTER32bit:inst42|inst4                                                        ; |Computador_MIC|CPU:inst1|DATAPATH:inst13|BANK:inst|MBR:inst9|REGISTER32bit:inst42|inst4                                                  ; combout          ;
; |Computador_MIC|DATA_MEM_write_enable                                                                                                           ; |Computador_MIC|DATA_MEM_write_enable                                                                                                     ; padio            ;
; |Computador_MIC|PC[6]                                                                                                                           ; |Computador_MIC|PC[6]                                                                                                                     ; padio            ;
; |Computador_MIC|PC[5]                                                                                                                           ; |Computador_MIC|PC[5]                                                                                                                     ; padio            ;
; |Computador_MIC|PC[4]                                                                                                                           ; |Computador_MIC|PC[4]                                                                                                                     ; padio            ;
; |Computador_MIC|PC[3]                                                                                                                           ; |Computador_MIC|PC[3]                                                                                                                     ; padio            ;
; |Computador_MIC|PC[2]                                                                                                                           ; |Computador_MIC|PC[2]                                                                                                                     ; padio            ;
; |Computador_MIC|PC[1]                                                                                                                           ; |Computador_MIC|PC[1]                                                                                                                     ; padio            ;
; |Computador_MIC|PC[0]                                                                                                                           ; |Computador_MIC|PC[0]                                                                                                                     ; padio            ;
; |Computador_MIC|DATA_MEM_ADDR[9]                                                                                                                ; |Computador_MIC|DATA_MEM_ADDR[9]                                                                                                          ; padio            ;
; |Computador_MIC|DATA_MEM_ADDR[8]                                                                                                                ; |Computador_MIC|DATA_MEM_ADDR[8]                                                                                                          ; padio            ;
; |Computador_MIC|DATA_MEM_ADDR[7]                                                                                                                ; |Computador_MIC|DATA_MEM_ADDR[7]                                                                                                          ; padio            ;
; |Computador_MIC|DATA_MEM_ADDR[5]                                                                                                                ; |Computador_MIC|DATA_MEM_ADDR[5]                                                                                                          ; padio            ;
; |Computador_MIC|DATA_MEM_ADDR[4]                                                                                                                ; |Computador_MIC|DATA_MEM_ADDR[4]                                                                                                          ; padio            ;
; |Computador_MIC|DATA_MEM_ADDR[3]                                                                                                                ; |Computador_MIC|DATA_MEM_ADDR[3]                                                                                                          ; padio            ;
; |Computador_MIC|DATA_MEM_ADDR[2]                                                                                                                ; |Computador_MIC|DATA_MEM_ADDR[2]                                                                                                          ; padio            ;
; |Computador_MIC|DATA_MEM_ADDR[1]                                                                                                                ; |Computador_MIC|DATA_MEM_ADDR[1]                                                                                                          ; padio            ;
; |Computador_MIC|DATA_MEM_ADDR[0]                                                                                                                ; |Computador_MIC|DATA_MEM_ADDR[0]                                                                                                          ; padio            ;
; |Computador_MIC|C_BUS[31]                                                                                                                       ; |Computador_MIC|C_BUS[31]                                                                                                                 ; padio            ;
; |Computador_MIC|C_BUS[30]                                                                                                                       ; |Computador_MIC|C_BUS[30]                                                                                                                 ; padio            ;
; |Computador_MIC|C_BUS[29]                                                                                                                       ; |Computador_MIC|C_BUS[29]                                                                                                                 ; padio            ;
; |Computador_MIC|C_BUS[28]                                                                                                                       ; |Computador_MIC|C_BUS[28]                                                                                                                 ; padio            ;
; |Computador_MIC|C_BUS[27]                                                                                                                       ; |Computador_MIC|C_BUS[27]                                                                                                                 ; padio            ;
; |Computador_MIC|C_BUS[26]                                                                                                                       ; |Computador_MIC|C_BUS[26]                                                                                                                 ; padio            ;
; |Computador_MIC|C_BUS[25]                                                                                                                       ; |Computador_MIC|C_BUS[25]                                                                                                                 ; padio            ;
; |Computador_MIC|C_BUS[24]                                                                                                                       ; |Computador_MIC|C_BUS[24]                                                                                                                 ; padio            ;
; |Computador_MIC|C_BUS[23]                                                                                                                       ; |Computador_MIC|C_BUS[23]                                                                                                                 ; padio            ;
; |Computador_MIC|C_BUS[22]                                                                                                                       ; |Computador_MIC|C_BUS[22]                                                                                                                 ; padio            ;
; |Computador_MIC|C_BUS[21]                                                                                                                       ; |Computador_MIC|C_BUS[21]                                                                                                                 ; padio            ;
; |Computador_MIC|C_BUS[20]                                                                                                                       ; |Computador_MIC|C_BUS[20]                                                                                                                 ; padio            ;
; |Computador_MIC|C_BUS[19]                                                                                                                       ; |Computador_MIC|C_BUS[19]                                                                                                                 ; padio            ;
; |Computador_MIC|C_BUS[18]                                                                                                                       ; |Computador_MIC|C_BUS[18]                                                                                                                 ; padio            ;
; |Computador_MIC|C_BUS[17]                                                                                                                       ; |Computador_MIC|C_BUS[17]                                                                                                                 ; padio            ;
; |Computador_MIC|C_BUS[16]                                                                                                                       ; |Computador_MIC|C_BUS[16]                                                                                                                 ; padio            ;
; |Computador_MIC|C_BUS[15]                                                                                                                       ; |Computador_MIC|C_BUS[15]                                                                                                                 ; padio            ;
; |Computador_MIC|C_BUS[14]                                                                                                                       ; |Computador_MIC|C_BUS[14]                                                                                                                 ; padio            ;
; |Computador_MIC|C_BUS[13]                                                                                                                       ; |Computador_MIC|C_BUS[13]                                                                                                                 ; padio            ;
; |Computador_MIC|C_BUS[12]                                                                                                                       ; |Computador_MIC|C_BUS[12]                                                                                                                 ; padio            ;
; |Computador_MIC|C_BUS[11]                                                                                                                       ; |Computador_MIC|C_BUS[11]                                                                                                                 ; padio            ;
; |Computador_MIC|C_BUS[10]                                                                                                                       ; |Computador_MIC|C_BUS[10]                                                                                                                 ; padio            ;
; |Computador_MIC|C_BUS[9]                                                                                                                        ; |Computador_MIC|C_BUS[9]                                                                                                                  ; padio            ;
; |Computador_MIC|C_BUS[8]                                                                                                                        ; |Computador_MIC|C_BUS[8]                                                                                                                  ; padio            ;
; |Computador_MIC|C_BUS[7]                                                                                                                        ; |Computador_MIC|C_BUS[7]                                                                                                                  ; padio            ;
; |Computador_MIC|C_BUS[6]                                                                                                                        ; |Computador_MIC|C_BUS[6]                                                                                                                  ; padio            ;
; |Computador_MIC|C_BUS[5]                                                                                                                        ; |Computador_MIC|C_BUS[5]                                                                                                                  ; padio            ;
; |Computador_MIC|C_BUS[4]                                                                                                                        ; |Computador_MIC|C_BUS[4]                                                                                                                  ; padio            ;
; |Computador_MIC|C_BUS[3]                                                                                                                        ; |Computador_MIC|C_BUS[3]                                                                                                                  ; padio            ;
; |Computador_MIC|C_BUS[2]                                                                                                                        ; |Computador_MIC|C_BUS[2]                                                                                                                  ; padio            ;
; |Computador_MIC|C_BUS[1]                                                                                                                        ; |Computador_MIC|C_BUS[1]                                                                                                                  ; padio            ;
; |Computador_MIC|C_BUS[0]                                                                                                                        ; |Computador_MIC|C_BUS[0]                                                                                                                  ; padio            ;
; |Computador_MIC|DATA_MEM_OUT[15]                                                                                                                ; |Computador_MIC|DATA_MEM_OUT[15]                                                                                                          ; padio            ;
; |Computador_MIC|DATA_MEM_OUT[14]                                                                                                                ; |Computador_MIC|DATA_MEM_OUT[14]                                                                                                          ; padio            ;
; |Computador_MIC|DATA_MEM_OUT[11]                                                                                                                ; |Computador_MIC|DATA_MEM_OUT[11]                                                                                                          ; padio            ;
; |Computador_MIC|DATA_MEM_OUT[9]                                                                                                                 ; |Computador_MIC|DATA_MEM_OUT[9]                                                                                                           ; padio            ;
; |Computador_MIC|DATA_MEM_OUT[7]                                                                                                                 ; |Computador_MIC|DATA_MEM_OUT[7]                                                                                                           ; padio            ;
; |Computador_MIC|DATA_MEM_OUT[6]                                                                                                                 ; |Computador_MIC|DATA_MEM_OUT[6]                                                                                                           ; padio            ;
; |Computador_MIC|DATA_MEM_OUT[5]                                                                                                                 ; |Computador_MIC|DATA_MEM_OUT[5]                                                                                                           ; padio            ;
; |Computador_MIC|DATA_MEM_OUT[4]                                                                                                                 ; |Computador_MIC|DATA_MEM_OUT[4]                                                                                                           ; padio            ;
; |Computador_MIC|DATA_MEM_OUT[3]                                                                                                                 ; |Computador_MIC|DATA_MEM_OUT[3]                                                                                                           ; padio            ;
; |Computador_MIC|DATA_MEM_OUT[2]                                                                                                                 ; |Computador_MIC|DATA_MEM_OUT[2]                                                                                                           ; padio            ;
; |Computador_MIC|DATA_MEM_OUT[1]                                                                                                                 ; |Computador_MIC|DATA_MEM_OUT[1]                                                                                                           ; padio            ;
; |Computador_MIC|DATA_MEM_OUT[0]                                                                                                                 ; |Computador_MIC|DATA_MEM_OUT[0]                                                                                                           ; padio            ;
; |Computador_MIC|MBR_OUT[7]                                                                                                                      ; |Computador_MIC|MBR_OUT[7]                                                                                                                ; padio            ;
; |Computador_MIC|MBR_OUT[6]                                                                                                                      ; |Computador_MIC|MBR_OUT[6]                                                                                                                ; padio            ;
; |Computador_MIC|MBR_OUT[5]                                                                                                                      ; |Computador_MIC|MBR_OUT[5]                                                                                                                ; padio            ;
; |Computador_MIC|MBR_OUT[4]                                                                                                                      ; |Computador_MIC|MBR_OUT[4]                                                                                                                ; padio            ;
; |Computador_MIC|MBR_OUT[3]                                                                                                                      ; |Computador_MIC|MBR_OUT[3]                                                                                                                ; padio            ;
; |Computador_MIC|MBR_OUT[2]                                                                                                                      ; |Computador_MIC|MBR_OUT[2]                                                                                                                ; padio            ;
; |Computador_MIC|MBR_OUT[1]                                                                                                                      ; |Computador_MIC|MBR_OUT[1]                                                                                                                ; padio            ;
; |Computador_MIC|MBR_OUT[0]                                                                                                                      ; |Computador_MIC|MBR_OUT[0]                                                                                                                ; padio            ;
; |Computador_MIC|MIR[34]                                                                                                                         ; |Computador_MIC|MIR[34]                                                                                                                   ; padio            ;
; |Computador_MIC|MIR[33]                                                                                                                         ; |Computador_MIC|MIR[33]                                                                                                                   ; padio            ;
; |Computador_MIC|MIR[32]                                                                                                                         ; |Computador_MIC|MIR[32]                                                                                                                   ; padio            ;
; |Computador_MIC|MIR[31]                                                                                                                         ; |Computador_MIC|MIR[31]                                                                                                                   ; padio            ;
; |Computador_MIC|MIR[30]                                                                                                                         ; |Computador_MIC|MIR[30]                                                                                                                   ; padio            ;
; |Computador_MIC|MIR[29]                                                                                                                         ; |Computador_MIC|MIR[29]                                                                                                                   ; padio            ;
; |Computador_MIC|MIR[28]                                                                                                                         ; |Computador_MIC|MIR[28]                                                                                                                   ; padio            ;
; |Computador_MIC|MIR[27]                                                                                                                         ; |Computador_MIC|MIR[27]                                                                                                                   ; padio            ;
; |Computador_MIC|MIR[26]                                                                                                                         ; |Computador_MIC|MIR[26]                                                                                                                   ; padio            ;
; |Computador_MIC|MIR[24]                                                                                                                         ; |Computador_MIC|MIR[24]                                                                                                                   ; padio            ;
; |Computador_MIC|MIR[23]                                                                                                                         ; |Computador_MIC|MIR[23]                                                                                                                   ; padio            ;
; |Computador_MIC|MIR[21]                                                                                                                         ; |Computador_MIC|MIR[21]                                                                                                                   ; padio            ;
; |Computador_MIC|MIR[20]                                                                                                                         ; |Computador_MIC|MIR[20]                                                                                                                   ; padio            ;
; |Computador_MIC|MIR[19]                                                                                                                         ; |Computador_MIC|MIR[19]                                                                                                                   ; padio            ;
; |Computador_MIC|MIR[18]                                                                                                                         ; |Computador_MIC|MIR[18]                                                                                                                   ; padio            ;
; |Computador_MIC|MIR[17]                                                                                                                         ; |Computador_MIC|MIR[17]                                                                                                                   ; padio            ;
; |Computador_MIC|MIR[16]                                                                                                                         ; |Computador_MIC|MIR[16]                                                                                                                   ; padio            ;
; |Computador_MIC|MIR[15]                                                                                                                         ; |Computador_MIC|MIR[15]                                                                                                                   ; padio            ;
; |Computador_MIC|MIR[14]                                                                                                                         ; |Computador_MIC|MIR[14]                                                                                                                   ; padio            ;
; |Computador_MIC|MIR[13]                                                                                                                         ; |Computador_MIC|MIR[13]                                                                                                                   ; padio            ;
; |Computador_MIC|MIR[11]                                                                                                                         ; |Computador_MIC|MIR[11]                                                                                                                   ; padio            ;
; |Computador_MIC|MIR[10]                                                                                                                         ; |Computador_MIC|MIR[10]                                                                                                                   ; padio            ;
; |Computador_MIC|MIR[9]                                                                                                                          ; |Computador_MIC|MIR[9]                                                                                                                    ; padio            ;
; |Computador_MIC|MIR[8]                                                                                                                          ; |Computador_MIC|MIR[8]                                                                                                                    ; padio            ;
; |Computador_MIC|MIR[7]                                                                                                                          ; |Computador_MIC|MIR[7]                                                                                                                    ; padio            ;
; |Computador_MIC|MIR[6]                                                                                                                          ; |Computador_MIC|MIR[6]                                                                                                                    ; padio            ;
; |Computador_MIC|MIR[5]                                                                                                                          ; |Computador_MIC|MIR[5]                                                                                                                    ; padio            ;
; |Computador_MIC|MIR[4]                                                                                                                          ; |Computador_MIC|MIR[4]                                                                                                                    ; padio            ;
; |Computador_MIC|MIR[3]                                                                                                                          ; |Computador_MIC|MIR[3]                                                                                                                    ; padio            ;
; |Computador_MIC|MIR[2]                                                                                                                          ; |Computador_MIC|MIR[2]                                                                                                                    ; padio            ;
; |Computador_MIC|MIR[1]                                                                                                                          ; |Computador_MIC|MIR[1]                                                                                                                    ; padio            ;
; |Computador_MIC|MIR[0]                                                                                                                          ; |Computador_MIC|MIR[0]                                                                                                                    ; padio            ;
; |Computador_MIC|MPC[8]                                                                                                                          ; |Computador_MIC|MPC[8]                                                                                                                    ; padio            ;
; |Computador_MIC|MPC[7]                                                                                                                          ; |Computador_MIC|MPC[7]                                                                                                                    ; padio            ;
; |Computador_MIC|MPC[6]                                                                                                                          ; |Computador_MIC|MPC[6]                                                                                                                    ; padio            ;
; |Computador_MIC|MPC[5]                                                                                                                          ; |Computador_MIC|MPC[5]                                                                                                                    ; padio            ;
; |Computador_MIC|MPC[4]                                                                                                                          ; |Computador_MIC|MPC[4]                                                                                                                    ; padio            ;
; |Computador_MIC|MPC[3]                                                                                                                          ; |Computador_MIC|MPC[3]                                                                                                                    ; padio            ;
; |Computador_MIC|MPC[2]                                                                                                                          ; |Computador_MIC|MPC[2]                                                                                                                    ; padio            ;
; |Computador_MIC|MPC[1]                                                                                                                          ; |Computador_MIC|MPC[1]                                                                                                                    ; padio            ;
; |Computador_MIC|MPC[0]                                                                                                                          ; |Computador_MIC|MPC[0]                                                                                                                    ; padio            ;
; |Computador_MIC|CLOCK                                                                                                                           ; |Computador_MIC|CLOCK~corein                                                                                                              ; combout          ;
; |Computador_MIC|CLOCK~clkctrl                                                                                                                   ; |Computador_MIC|CLOCK~clkctrl                                                                                                             ; outclk           ;
; |Computador_MIC|CPU:inst1|DATAPATH:inst13|BANK:inst|H:inst8|REGISTER32bit:inst1|inst4~clkctrl                                                   ; |Computador_MIC|CPU:inst1|DATAPATH:inst13|BANK:inst|H:inst8|REGISTER32bit:inst1|inst4~clkctrl                                             ; outclk           ;
; |Computador_MIC|CPU:inst1|DATAPATH:inst13|BANK:inst|LV:inst4|REGISTER32bit:inst1|inst4~clkctrl                                                  ; |Computador_MIC|CPU:inst1|DATAPATH:inst13|BANK:inst|LV:inst4|REGISTER32bit:inst1|inst4~clkctrl                                            ; outclk           ;
; |Computador_MIC|CPU:inst1|DATAPATH:inst13|BANK:inst|SP:inst3|REGISTER32bit:inst1|inst4~clkctrl                                                  ; |Computador_MIC|CPU:inst1|DATAPATH:inst13|BANK:inst|SP:inst3|REGISTER32bit:inst1|inst4~clkctrl                                            ; outclk           ;
; |Computador_MIC|CPU:inst1|DATAPATH:inst13|BANK:inst|MAR:inst|REGISTER32bit:inst1|inst4~clkctrl                                                  ; |Computador_MIC|CPU:inst1|DATAPATH:inst13|BANK:inst|MAR:inst|REGISTER32bit:inst1|inst4~clkctrl                                            ; outclk           ;
; |Computador_MIC|CPU:inst1|DATAPATH:inst13|BANK:inst|OPC:inst7|REGISTER32bit:inst1|inst4~clkctrl                                                 ; |Computador_MIC|CPU:inst1|DATAPATH:inst13|BANK:inst|OPC:inst7|REGISTER32bit:inst1|inst4~clkctrl                                           ; outclk           ;
; |Computador_MIC|CPU:inst1|DATAPATH:inst13|BANK:inst|MBR:inst9|REGISTER32bit:inst1|inst4~clkctrl                                                 ; |Computador_MIC|CPU:inst1|DATAPATH:inst13|BANK:inst|MBR:inst9|REGISTER32bit:inst1|inst4~clkctrl                                           ; outclk           ;
; |Computador_MIC|CPU:inst1|DATAPATH:inst13|BANK:inst|PC:inst2|REGISTER32bit:inst1|inst4~clkctrl                                                  ; |Computador_MIC|CPU:inst1|DATAPATH:inst13|BANK:inst|PC:inst2|REGISTER32bit:inst1|inst4~clkctrl                                            ; outclk           ;
; |Computador_MIC|CPU:inst1|DATAPATH:inst13|BANK:inst|MDR:inst1|REGISTER32bit:inst1|inst4~clkctrl                                                 ; |Computador_MIC|CPU:inst1|DATAPATH:inst13|BANK:inst|MDR:inst1|REGISTER32bit:inst1|inst4~clkctrl                                           ; outclk           ;
; |Computador_MIC|CPU:inst1|DATAPATH:inst13|BANK:inst|MBR:inst9|REGISTER32bit:inst42|inst4~clkctrl                                                ; |Computador_MIC|CPU:inst1|DATAPATH:inst13|BANK:inst|MBR:inst9|REGISTER32bit:inst42|inst4~clkctrl                                          ; outclk           ;
; |Computador_MIC|CPU:inst1|DATAPATH:inst13|BANK:inst|TOS:inst6|REGISTER32bit:inst1|inst4~clkctrl                                                 ; |Computador_MIC|CPU:inst1|DATAPATH:inst13|BANK:inst|TOS:inst6|REGISTER32bit:inst1|inst4~clkctrl                                           ; outclk           ;
; |Computador_MIC|CPU:inst1|DATAPATH:inst13|BANK:inst|CPP:inst5|REGISTER32bit:inst1|REGISTER8bit:inst23|inst28~feeder                             ; |Computador_MIC|CPU:inst1|DATAPATH:inst13|BANK:inst|CPP:inst5|REGISTER32bit:inst1|REGISTER8bit:inst23|inst28~feeder                       ; combout          ;
; |Computador_MIC|CPU:inst1|DATAPATH:inst13|BANK:inst|PC:inst2|REGISTER32bit:inst1|REGISTER8bit:inst23|inst28~feeder                              ; |Computador_MIC|CPU:inst1|DATAPATH:inst13|BANK:inst|PC:inst2|REGISTER32bit:inst1|REGISTER8bit:inst23|inst28~feeder                        ; combout          ;
; |Computador_MIC|CPU:inst1|DATAPATH:inst13|BANK:inst|MDR:inst1|REGISTER32bit:inst1|REGISTER8bit:inst23|inst28~feeder                             ; |Computador_MIC|CPU:inst1|DATAPATH:inst13|BANK:inst|MDR:inst1|REGISTER32bit:inst1|REGISTER8bit:inst23|inst28~feeder                       ; combout          ;
; |Computador_MIC|CPU:inst1|DATAPATH:inst13|BANK:inst|MAR:inst|REGISTER32bit:inst1|REGISTER8bit:inst23|inst28~feeder                              ; |Computador_MIC|CPU:inst1|DATAPATH:inst13|BANK:inst|MAR:inst|REGISTER32bit:inst1|REGISTER8bit:inst23|inst28~feeder                        ; combout          ;
; |Computador_MIC|CPU:inst1|DATAPATH:inst13|BANK:inst|MDR:inst1|REGISTER32bit:inst1|REGISTER8bit:inst23|inst20~feeder                             ; |Computador_MIC|CPU:inst1|DATAPATH:inst13|BANK:inst|MDR:inst1|REGISTER32bit:inst1|REGISTER8bit:inst23|inst20~feeder                       ; combout          ;
; |Computador_MIC|CPU:inst1|DATAPATH:inst13|BANK:inst|MAR:inst|REGISTER32bit:inst1|REGISTER8bit:inst23|inst20~feeder                              ; |Computador_MIC|CPU:inst1|DATAPATH:inst13|BANK:inst|MAR:inst|REGISTER32bit:inst1|REGISTER8bit:inst23|inst20~feeder                        ; combout          ;
; |Computador_MIC|CPU:inst1|DATAPATH:inst13|BANK:inst|TOS:inst6|REGISTER32bit:inst1|REGISTER8bit:inst23|inst20~feeder                             ; |Computador_MIC|CPU:inst1|DATAPATH:inst13|BANK:inst|TOS:inst6|REGISTER32bit:inst1|REGISTER8bit:inst23|inst20~feeder                       ; combout          ;
; |Computador_MIC|CPU:inst1|DATAPATH:inst13|BANK:inst|MDR:inst1|REGISTER32bit:inst1|REGISTER8bit:inst23|inst16~feeder                             ; |Computador_MIC|CPU:inst1|DATAPATH:inst13|BANK:inst|MDR:inst1|REGISTER32bit:inst1|REGISTER8bit:inst23|inst16~feeder                       ; combout          ;
; |Computador_MIC|CPU:inst1|DATAPATH:inst13|BANK:inst|SP:inst3|REGISTER32bit:inst1|REGISTER8bit:inst23|inst16~feeder                              ; |Computador_MIC|CPU:inst1|DATAPATH:inst13|BANK:inst|SP:inst3|REGISTER32bit:inst1|REGISTER8bit:inst23|inst16~feeder                        ; combout          ;
; |Computador_MIC|CPU:inst1|DATAPATH:inst13|BANK:inst|MAR:inst|REGISTER32bit:inst1|REGISTER8bit:inst23|inst12~feeder                              ; |Computador_MIC|CPU:inst1|DATAPATH:inst13|BANK:inst|MAR:inst|REGISTER32bit:inst1|REGISTER8bit:inst23|inst12~feeder                        ; combout          ;
; |Computador_MIC|CPU:inst1|DATAPATH:inst13|BANK:inst|CPP:inst5|REGISTER32bit:inst1|REGISTER8bit:inst23|inst12~feeder                             ; |Computador_MIC|CPU:inst1|DATAPATH:inst13|BANK:inst|CPP:inst5|REGISTER32bit:inst1|REGISTER8bit:inst23|inst12~feeder                       ; combout          ;
; |Computador_MIC|CPU:inst1|DATAPATH:inst13|BANK:inst|MDR:inst1|REGISTER32bit:inst1|REGISTER8bit:inst23|inst12~feeder                             ; |Computador_MIC|CPU:inst1|DATAPATH:inst13|BANK:inst|MDR:inst1|REGISTER32bit:inst1|REGISTER8bit:inst23|inst12~feeder                       ; combout          ;
; |Computador_MIC|CPU:inst1|DATAPATH:inst13|BANK:inst|H:inst8|REGISTER32bit:inst1|REGISTER8bit:inst23|inst8~feeder                                ; |Computador_MIC|CPU:inst1|DATAPATH:inst13|BANK:inst|H:inst8|REGISTER32bit:inst1|REGISTER8bit:inst23|inst8~feeder                          ; combout          ;
; |Computador_MIC|CPU:inst1|DATAPATH:inst13|BANK:inst|PC:inst2|REGISTER32bit:inst1|REGISTER8bit:inst23|inst8~feeder                               ; |Computador_MIC|CPU:inst1|DATAPATH:inst13|BANK:inst|PC:inst2|REGISTER32bit:inst1|REGISTER8bit:inst23|inst8~feeder                         ; combout          ;
; |Computador_MIC|CPU:inst1|DATAPATH:inst13|BANK:inst|MDR:inst1|REGISTER32bit:inst1|REGISTER8bit:inst23|inst8~feeder                              ; |Computador_MIC|CPU:inst1|DATAPATH:inst13|BANK:inst|MDR:inst1|REGISTER32bit:inst1|REGISTER8bit:inst23|inst8~feeder                        ; combout          ;
; |Computador_MIC|CPU:inst1|DATAPATH:inst13|BANK:inst|MDR:inst1|REGISTER32bit:inst1|REGISTER8bit:inst23|inst5~feeder                              ; |Computador_MIC|CPU:inst1|DATAPATH:inst13|BANK:inst|MDR:inst1|REGISTER32bit:inst1|REGISTER8bit:inst23|inst5~feeder                        ; combout          ;
; |Computador_MIC|CPU:inst1|DATAPATH:inst13|BANK:inst|SP:inst3|REGISTER32bit:inst1|REGISTER8bit:inst23|inst5~feeder                               ; |Computador_MIC|CPU:inst1|DATAPATH:inst13|BANK:inst|SP:inst3|REGISTER32bit:inst1|REGISTER8bit:inst23|inst5~feeder                         ; combout          ;
; |Computador_MIC|CPU:inst1|DATAPATH:inst13|BANK:inst|CPP:inst5|REGISTER32bit:inst1|REGISTER8bit:inst23|inst~feeder                               ; |Computador_MIC|CPU:inst1|DATAPATH:inst13|BANK:inst|CPP:inst5|REGISTER32bit:inst1|REGISTER8bit:inst23|inst~feeder                         ; combout          ;
; |Computador_MIC|CPU:inst1|DATAPATH:inst13|BANK:inst|MDR:inst1|REGISTER32bit:inst1|REGISTER8bit:inst23|inst~feeder                               ; |Computador_MIC|CPU:inst1|DATAPATH:inst13|BANK:inst|MDR:inst1|REGISTER32bit:inst1|REGISTER8bit:inst23|inst~feeder                         ; combout          ;
; |Computador_MIC|CPU:inst1|DATAPATH:inst13|BANK:inst|MDR:inst1|REGISTER32bit:inst1|REGISTER8bit:inst22|inst28~feeder                             ; |Computador_MIC|CPU:inst1|DATAPATH:inst13|BANK:inst|MDR:inst1|REGISTER32bit:inst1|REGISTER8bit:inst22|inst28~feeder                       ; combout          ;
; |Computador_MIC|CPU:inst1|DATAPATH:inst13|BANK:inst|MDR:inst1|REGISTER32bit:inst1|REGISTER8bit:inst22|inst24~feeder                             ; |Computador_MIC|CPU:inst1|DATAPATH:inst13|BANK:inst|MDR:inst1|REGISTER32bit:inst1|REGISTER8bit:inst22|inst24~feeder                       ; combout          ;
; |Computador_MIC|CPU:inst1|DATAPATH:inst13|BANK:inst|MDR:inst1|REGISTER32bit:inst1|REGISTER8bit:inst22|inst20~feeder                             ; |Computador_MIC|CPU:inst1|DATAPATH:inst13|BANK:inst|MDR:inst1|REGISTER32bit:inst1|REGISTER8bit:inst22|inst20~feeder                       ; combout          ;
; |Computador_MIC|CPU:inst1|DATAPATH:inst13|BANK:inst|MAR:inst|REGISTER32bit:inst1|REGISTER8bit:inst22|inst16~feeder                              ; |Computador_MIC|CPU:inst1|DATAPATH:inst13|BANK:inst|MAR:inst|REGISTER32bit:inst1|REGISTER8bit:inst22|inst16~feeder                        ; combout          ;
; |Computador_MIC|CPU:inst1|DATAPATH:inst13|BANK:inst|MDR:inst1|REGISTER32bit:inst1|REGISTER8bit:inst22|inst16~feeder                             ; |Computador_MIC|CPU:inst1|DATAPATH:inst13|BANK:inst|MDR:inst1|REGISTER32bit:inst1|REGISTER8bit:inst22|inst16~feeder                       ; combout          ;
; |Computador_MIC|CPU:inst1|DATAPATH:inst13|BANK:inst|MAR:inst|REGISTER32bit:inst1|REGISTER8bit:inst22|inst12~feeder                              ; |Computador_MIC|CPU:inst1|DATAPATH:inst13|BANK:inst|MAR:inst|REGISTER32bit:inst1|REGISTER8bit:inst22|inst12~feeder                        ; combout          ;
; |Computador_MIC|CPU:inst1|DATAPATH:inst13|BANK:inst|MDR:inst1|REGISTER32bit:inst1|REGISTER8bit:inst22|inst12~feeder                             ; |Computador_MIC|CPU:inst1|DATAPATH:inst13|BANK:inst|MDR:inst1|REGISTER32bit:inst1|REGISTER8bit:inst22|inst12~feeder                       ; combout          ;
; |Computador_MIC|CPU:inst1|DATAPATH:inst13|BANK:inst|H:inst8|REGISTER32bit:inst1|REGISTER8bit:inst22|inst8~feeder                                ; |Computador_MIC|CPU:inst1|DATAPATH:inst13|BANK:inst|H:inst8|REGISTER32bit:inst1|REGISTER8bit:inst22|inst8~feeder                          ; combout          ;
; |Computador_MIC|CPU:inst1|DATAPATH:inst13|BANK:inst|MDR:inst1|REGISTER32bit:inst1|REGISTER8bit:inst22|inst8~feeder                              ; |Computador_MIC|CPU:inst1|DATAPATH:inst13|BANK:inst|MDR:inst1|REGISTER32bit:inst1|REGISTER8bit:inst22|inst8~feeder                        ; combout          ;
; |Computador_MIC|CPU:inst1|DATAPATH:inst13|BANK:inst|SP:inst3|REGISTER32bit:inst1|REGISTER8bit:inst22|inst8~feeder                               ; |Computador_MIC|CPU:inst1|DATAPATH:inst13|BANK:inst|SP:inst3|REGISTER32bit:inst1|REGISTER8bit:inst22|inst8~feeder                         ; combout          ;
; |Computador_MIC|CPU:inst1|DATAPATH:inst13|BANK:inst|MDR:inst1|REGISTER32bit:inst1|REGISTER8bit:inst22|inst5~feeder                              ; |Computador_MIC|CPU:inst1|DATAPATH:inst13|BANK:inst|MDR:inst1|REGISTER32bit:inst1|REGISTER8bit:inst22|inst5~feeder                        ; combout          ;
; |Computador_MIC|CPU:inst1|DATAPATH:inst13|BANK:inst|MDR:inst1|REGISTER32bit:inst1|REGISTER8bit:inst22|inst~feeder                               ; |Computador_MIC|CPU:inst1|DATAPATH:inst13|BANK:inst|MDR:inst1|REGISTER32bit:inst1|REGISTER8bit:inst22|inst~feeder                         ; combout          ;
; |Computador_MIC|CPU:inst1|DATAPATH:inst13|BANK:inst|MAR:inst|REGISTER32bit:inst1|REGISTER8bit:inst22|inst~feeder                                ; |Computador_MIC|CPU:inst1|DATAPATH:inst13|BANK:inst|MAR:inst|REGISTER32bit:inst1|REGISTER8bit:inst22|inst~feeder                          ; combout          ;
; |Computador_MIC|CPU:inst1|DATAPATH:inst13|BANK:inst|MAR:inst|REGISTER32bit:inst1|REGISTER8bit:inst20|inst28~feeder                              ; |Computador_MIC|CPU:inst1|DATAPATH:inst13|BANK:inst|MAR:inst|REGISTER32bit:inst1|REGISTER8bit:inst20|inst28~feeder                        ; combout          ;
; |Computador_MIC|CPU:inst1|DATAPATH:inst13|BANK:inst|H:inst8|REGISTER32bit:inst1|REGISTER8bit:inst20|inst24~feeder                               ; |Computador_MIC|CPU:inst1|DATAPATH:inst13|BANK:inst|H:inst8|REGISTER32bit:inst1|REGISTER8bit:inst20|inst24~feeder                         ; combout          ;
; |Computador_MIC|CPU:inst1|DATAPATH:inst13|BANK:inst|MDR:inst1|REGISTER32bit:inst1|REGISTER8bit:inst20|inst24~feeder                             ; |Computador_MIC|CPU:inst1|DATAPATH:inst13|BANK:inst|MDR:inst1|REGISTER32bit:inst1|REGISTER8bit:inst20|inst24~feeder                       ; combout          ;
; |Computador_MIC|CPU:inst1|DATAPATH:inst13|BANK:inst|MAR:inst|REGISTER32bit:inst1|REGISTER8bit:inst20|inst24~feeder                              ; |Computador_MIC|CPU:inst1|DATAPATH:inst13|BANK:inst|MAR:inst|REGISTER32bit:inst1|REGISTER8bit:inst20|inst24~feeder                        ; combout          ;
; |Computador_MIC|CPU:inst1|DATAPATH:inst13|BANK:inst|LV:inst4|REGISTER32bit:inst1|REGISTER8bit:inst20|inst24~feeder                              ; |Computador_MIC|CPU:inst1|DATAPATH:inst13|BANK:inst|LV:inst4|REGISTER32bit:inst1|REGISTER8bit:inst20|inst24~feeder                        ; combout          ;
; |Computador_MIC|CPU:inst1|DATAPATH:inst13|BANK:inst|CPP:inst5|REGISTER32bit:inst1|REGISTER8bit:inst20|inst24~feeder                             ; |Computador_MIC|CPU:inst1|DATAPATH:inst13|BANK:inst|CPP:inst5|REGISTER32bit:inst1|REGISTER8bit:inst20|inst24~feeder                       ; combout          ;
; |Computador_MIC|CPU:inst1|DATAPATH:inst13|BANK:inst|H:inst8|REGISTER32bit:inst1|REGISTER8bit:inst20|inst20~feeder                               ; |Computador_MIC|CPU:inst1|DATAPATH:inst13|BANK:inst|H:inst8|REGISTER32bit:inst1|REGISTER8bit:inst20|inst20~feeder                         ; combout          ;
; |Computador_MIC|CPU:inst1|DATAPATH:inst13|BANK:inst|MAR:inst|REGISTER32bit:inst1|REGISTER8bit:inst20|inst20~feeder                              ; |Computador_MIC|CPU:inst1|DATAPATH:inst13|BANK:inst|MAR:inst|REGISTER32bit:inst1|REGISTER8bit:inst20|inst20~feeder                        ; combout          ;
; |Computador_MIC|CPU:inst1|DATAPATH:inst13|BANK:inst|PC:inst2|REGISTER32bit:inst1|REGISTER8bit:inst20|inst20~feeder                              ; |Computador_MIC|CPU:inst1|DATAPATH:inst13|BANK:inst|PC:inst2|REGISTER32bit:inst1|REGISTER8bit:inst20|inst20~feeder                        ; combout          ;
; |Computador_MIC|CPU:inst1|DATAPATH:inst13|BANK:inst|LV:inst4|REGISTER32bit:inst1|REGISTER8bit:inst20|inst20~feeder                              ; |Computador_MIC|CPU:inst1|DATAPATH:inst13|BANK:inst|LV:inst4|REGISTER32bit:inst1|REGISTER8bit:inst20|inst20~feeder                        ; combout          ;
; |Computador_MIC|CPU:inst1|DATAPATH:inst13|BANK:inst|PC:inst2|REGISTER32bit:inst1|REGISTER8bit:inst20|inst16~feeder                              ; |Computador_MIC|CPU:inst1|DATAPATH:inst13|BANK:inst|PC:inst2|REGISTER32bit:inst1|REGISTER8bit:inst20|inst16~feeder                        ; combout          ;
; |Computador_MIC|CPU:inst1|DATAPATH:inst13|BANK:inst|SP:inst3|REGISTER32bit:inst1|REGISTER8bit:inst20|inst16~feeder                              ; |Computador_MIC|CPU:inst1|DATAPATH:inst13|BANK:inst|SP:inst3|REGISTER32bit:inst1|REGISTER8bit:inst20|inst16~feeder                        ; combout          ;
; |Computador_MIC|CPU:inst1|DATAPATH:inst13|BANK:inst|CPP:inst5|REGISTER32bit:inst1|REGISTER8bit:inst20|inst16~feeder                             ; |Computador_MIC|CPU:inst1|DATAPATH:inst13|BANK:inst|CPP:inst5|REGISTER32bit:inst1|REGISTER8bit:inst20|inst16~feeder                       ; combout          ;
; |Computador_MIC|CPU:inst1|DATAPATH:inst13|BANK:inst|MAR:inst|REGISTER32bit:inst1|REGISTER8bit:inst20|inst16~feeder                              ; |Computador_MIC|CPU:inst1|DATAPATH:inst13|BANK:inst|MAR:inst|REGISTER32bit:inst1|REGISTER8bit:inst20|inst16~feeder                        ; combout          ;
; |Computador_MIC|CPU:inst1|DATAPATH:inst13|BANK:inst|MAR:inst|REGISTER32bit:inst1|REGISTER8bit:inst20|inst12~feeder                              ; |Computador_MIC|CPU:inst1|DATAPATH:inst13|BANK:inst|MAR:inst|REGISTER32bit:inst1|REGISTER8bit:inst20|inst12~feeder                        ; combout          ;
; |Computador_MIC|CPU:inst1|DATAPATH:inst13|BANK:inst|PC:inst2|REGISTER32bit:inst1|REGISTER8bit:inst20|inst12~feeder                              ; |Computador_MIC|CPU:inst1|DATAPATH:inst13|BANK:inst|PC:inst2|REGISTER32bit:inst1|REGISTER8bit:inst20|inst12~feeder                        ; combout          ;
; |Computador_MIC|CPU:inst1|DATAPATH:inst13|BANK:inst|MDR:inst1|REGISTER32bit:inst1|REGISTER8bit:inst20|inst12~feeder                             ; |Computador_MIC|CPU:inst1|DATAPATH:inst13|BANK:inst|MDR:inst1|REGISTER32bit:inst1|REGISTER8bit:inst20|inst12~feeder                       ; combout          ;
; |Computador_MIC|CPU:inst1|DATAPATH:inst13|BANK:inst|MAR:inst|REGISTER32bit:inst1|REGISTER8bit:inst20|inst8~feeder                               ; |Computador_MIC|CPU:inst1|DATAPATH:inst13|BANK:inst|MAR:inst|REGISTER32bit:inst1|REGISTER8bit:inst20|inst8~feeder                         ; combout          ;
; |Computador_MIC|CPU:inst1|DATAPATH:inst13|BANK:inst|LV:inst4|REGISTER32bit:inst1|REGISTER8bit:inst20|inst8~feeder                               ; |Computador_MIC|CPU:inst1|DATAPATH:inst13|BANK:inst|LV:inst4|REGISTER32bit:inst1|REGISTER8bit:inst20|inst8~feeder                         ; combout          ;
; |Computador_MIC|CPU:inst1|DATAPATH:inst13|BANK:inst|MDR:inst1|REGISTER32bit:inst1|REGISTER8bit:inst20|inst8~feeder                              ; |Computador_MIC|CPU:inst1|DATAPATH:inst13|BANK:inst|MDR:inst1|REGISTER32bit:inst1|REGISTER8bit:inst20|inst8~feeder                        ; combout          ;
; |Computador_MIC|CPU:inst1|DATAPATH:inst13|BANK:inst|CPP:inst5|REGISTER32bit:inst1|REGISTER8bit:inst20|inst8~feeder                              ; |Computador_MIC|CPU:inst1|DATAPATH:inst13|BANK:inst|CPP:inst5|REGISTER32bit:inst1|REGISTER8bit:inst20|inst8~feeder                        ; combout          ;
; |Computador_MIC|CPU:inst1|DATAPATH:inst13|BANK:inst|PC:inst2|REGISTER32bit:inst1|REGISTER8bit:inst20|inst5~feeder                               ; |Computador_MIC|CPU:inst1|DATAPATH:inst13|BANK:inst|PC:inst2|REGISTER32bit:inst1|REGISTER8bit:inst20|inst5~feeder                         ; combout          ;
; |Computador_MIC|CPU:inst1|DATAPATH:inst13|BANK:inst|MDR:inst1|REGISTER32bit:inst1|REGISTER8bit:inst20|inst5~feeder                              ; |Computador_MIC|CPU:inst1|DATAPATH:inst13|BANK:inst|MDR:inst1|REGISTER32bit:inst1|REGISTER8bit:inst20|inst5~feeder                        ; combout          ;
; |Computador_MIC|CPU:inst1|DATAPATH:inst13|BANK:inst|MAR:inst|REGISTER32bit:inst1|REGISTER8bit:inst20|inst5~feeder                               ; |Computador_MIC|CPU:inst1|DATAPATH:inst13|BANK:inst|MAR:inst|REGISTER32bit:inst1|REGISTER8bit:inst20|inst5~feeder                         ; combout          ;
; |Computador_MIC|CPU:inst1|DATAPATH:inst13|BANK:inst|MAR:inst|REGISTER32bit:inst1|REGISTER8bit:inst20|inst~feeder                                ; |Computador_MIC|CPU:inst1|DATAPATH:inst13|BANK:inst|MAR:inst|REGISTER32bit:inst1|REGISTER8bit:inst20|inst~feeder                          ; combout          ;
; |Computador_MIC|CPU:inst1|DATAPATH:inst13|BANK:inst|MDR:inst1|REGISTER32bit:inst1|REGISTER8bit:inst20|inst~feeder                               ; |Computador_MIC|CPU:inst1|DATAPATH:inst13|BANK:inst|MDR:inst1|REGISTER32bit:inst1|REGISTER8bit:inst20|inst~feeder                         ; combout          ;
; |Computador_MIC|CPU:inst1|DATAPATH:inst13|BANK:inst|H:inst8|REGISTER32bit:inst1|REGISTER8bit:inst20|inst~feeder                                 ; |Computador_MIC|CPU:inst1|DATAPATH:inst13|BANK:inst|H:inst8|REGISTER32bit:inst1|REGISTER8bit:inst20|inst~feeder                           ; combout          ;
; |Computador_MIC|CPU:inst1|DATAPATH:inst13|BANK:inst|SP:inst3|REGISTER32bit:inst1|REGISTER8bit:inst20|inst~feeder                                ; |Computador_MIC|CPU:inst1|DATAPATH:inst13|BANK:inst|SP:inst3|REGISTER32bit:inst1|REGISTER8bit:inst20|inst~feeder                          ; combout          ;
; |Computador_MIC|CPU:inst1|DATAPATH:inst13|BANK:inst|PC:inst2|REGISTER32bit:inst1|REGISTER8bit:inst20|inst~feeder                                ; |Computador_MIC|CPU:inst1|DATAPATH:inst13|BANK:inst|PC:inst2|REGISTER32bit:inst1|REGISTER8bit:inst20|inst~feeder                          ; combout          ;
; |Computador_MIC|CPU:inst1|CONTROL_UNIT:inst|inst3~feeder                                                                                        ; |Computador_MIC|CPU:inst1|CONTROL_UNIT:inst|inst3~feeder                                                                                  ; combout          ;
; |Computador_MIC|CPU:inst1|DATAPATH:inst13|BANK:inst|MDR:inst1|inst13~feeder                                                                     ; |Computador_MIC|CPU:inst1|DATAPATH:inst13|BANK:inst|MDR:inst1|inst13~feeder                                                               ; combout          ;
; |Computador_MIC|CPU:inst1|DATAPATH:inst13|BANK:inst|MBR:inst9|REGISTER32bit:inst1|REGISTER8bit:inst|inst5~feeder                                ; |Computador_MIC|CPU:inst1|DATAPATH:inst13|BANK:inst|MBR:inst9|REGISTER32bit:inst1|REGISTER8bit:inst|inst5~feeder                          ; combout          ;
; |Computador_MIC|CPU:inst1|DATAPATH:inst13|BANK:inst|MAR:inst|REGISTER32bit:inst1|REGISTER8bit:inst23|inst24~feeder                              ; |Computador_MIC|CPU:inst1|DATAPATH:inst13|BANK:inst|MAR:inst|REGISTER32bit:inst1|REGISTER8bit:inst23|inst24~feeder                        ; combout          ;
; |Computador_MIC|CPU:inst1|DATAPATH:inst13|BANK:inst|CPP:inst5|REGISTER32bit:inst1|REGISTER8bit:inst23|inst24~feeder                             ; |Computador_MIC|CPU:inst1|DATAPATH:inst13|BANK:inst|CPP:inst5|REGISTER32bit:inst1|REGISTER8bit:inst23|inst24~feeder                       ; combout          ;
; |Computador_MIC|CPU:inst1|DATAPATH:inst13|BANK:inst|SP:inst3|REGISTER32bit:inst1|REGISTER8bit:inst23|inst24~feeder                              ; |Computador_MIC|CPU:inst1|DATAPATH:inst13|BANK:inst|SP:inst3|REGISTER32bit:inst1|REGISTER8bit:inst23|inst24~feeder                        ; combout          ;
; |Computador_MIC|CPU:inst1|DATAPATH:inst13|BANK:inst|MAR:inst|REGISTER32bit:inst1|REGISTER8bit:inst|inst28~feeder                                ; |Computador_MIC|CPU:inst1|DATAPATH:inst13|BANK:inst|MAR:inst|REGISTER32bit:inst1|REGISTER8bit:inst|inst28~feeder                          ; combout          ;
; |Computador_MIC|CPU:inst1|DATAPATH:inst13|BANK:inst|MAR:inst|REGISTER32bit:inst1|REGISTER8bit:inst|inst24~feeder                                ; |Computador_MIC|CPU:inst1|DATAPATH:inst13|BANK:inst|MAR:inst|REGISTER32bit:inst1|REGISTER8bit:inst|inst24~feeder                          ; combout          ;
; |Computador_MIC|CPU:inst1|DATAPATH:inst13|BANK:inst|PC:inst2|REGISTER32bit:inst1|REGISTER8bit:inst|inst24~feeder                                ; |Computador_MIC|CPU:inst1|DATAPATH:inst13|BANK:inst|PC:inst2|REGISTER32bit:inst1|REGISTER8bit:inst|inst24~feeder                          ; combout          ;
; |Computador_MIC|CPU:inst1|DATAPATH:inst13|BANK:inst|TOS:inst6|REGISTER32bit:inst1|REGISTER8bit:inst|inst24~feeder                               ; |Computador_MIC|CPU:inst1|DATAPATH:inst13|BANK:inst|TOS:inst6|REGISTER32bit:inst1|REGISTER8bit:inst|inst24~feeder                         ; combout          ;
; |Computador_MIC|CPU:inst1|DATAPATH:inst13|BANK:inst|MAR:inst|REGISTER32bit:inst1|REGISTER8bit:inst|inst20~feeder                                ; |Computador_MIC|CPU:inst1|DATAPATH:inst13|BANK:inst|MAR:inst|REGISTER32bit:inst1|REGISTER8bit:inst|inst20~feeder                          ; combout          ;
; |Computador_MIC|CPU:inst1|DATAPATH:inst13|BANK:inst|PC:inst2|REGISTER32bit:inst1|REGISTER8bit:inst|inst20~feeder                                ; |Computador_MIC|CPU:inst1|DATAPATH:inst13|BANK:inst|PC:inst2|REGISTER32bit:inst1|REGISTER8bit:inst|inst20~feeder                          ; combout          ;
; |Computador_MIC|CPU:inst1|DATAPATH:inst13|BANK:inst|MAR:inst|REGISTER32bit:inst1|REGISTER8bit:inst|inst12~feeder                                ; |Computador_MIC|CPU:inst1|DATAPATH:inst13|BANK:inst|MAR:inst|REGISTER32bit:inst1|REGISTER8bit:inst|inst12~feeder                          ; combout          ;
; |Computador_MIC|CPU:inst1|DATAPATH:inst13|BANK:inst|PC:inst2|REGISTER32bit:inst1|REGISTER8bit:inst|inst12~feeder                                ; |Computador_MIC|CPU:inst1|DATAPATH:inst13|BANK:inst|PC:inst2|REGISTER32bit:inst1|REGISTER8bit:inst|inst12~feeder                          ; combout          ;
; |Computador_MIC|CPU:inst1|DATAPATH:inst13|BANK:inst|MAR:inst|REGISTER32bit:inst1|REGISTER8bit:inst|inst8~feeder                                 ; |Computador_MIC|CPU:inst1|DATAPATH:inst13|BANK:inst|MAR:inst|REGISTER32bit:inst1|REGISTER8bit:inst|inst8~feeder                           ; combout          ;
; |Computador_MIC|CPU:inst1|DATAPATH:inst13|BANK:inst|MAR:inst|REGISTER32bit:inst1|REGISTER8bit:inst|inst5~feeder                                 ; |Computador_MIC|CPU:inst1|DATAPATH:inst13|BANK:inst|MAR:inst|REGISTER32bit:inst1|REGISTER8bit:inst|inst5~feeder                           ; combout          ;
; |Computador_MIC|CPU:inst1|DATAPATH:inst13|BANK:inst|PC:inst2|REGISTER32bit:inst1|REGISTER8bit:inst|inst~feeder                                  ; |Computador_MIC|CPU:inst1|DATAPATH:inst13|BANK:inst|PC:inst2|REGISTER32bit:inst1|REGISTER8bit:inst|inst~feeder                            ; combout          ;
+-------------------------------------------------------------------------------------------------------------------------------------------------+-------------------------------------------------------------------------------------------------------------------------------------------+------------------+


The following table displays output ports that do not toggle to 1 during simulation.
+----------------------------------------------------------------------------------------------------------------------------------------------------------------------------------------------------------------------------------------------------------------------------------------------------------------+
; Missing 1-Value Coverage                                                                                                                                                                                                                                                                                       ;
+-------------------------------------------------------------------------------------------------------------------------------------------------+-------------------------------------------------------------------------------------------------------------------------------------------+------------------+
; Node Name                                                                                                                                       ; Output Port Name                                                                                                                          ; Output Port Type ;
+-------------------------------------------------------------------------------------------------------------------------------------------------+-------------------------------------------------------------------------------------------------------------------------------------------+------------------+
; |Computador_MIC|CPU:inst1|DATAPATH:inst13|BANK:inst|MDR:inst1|REGISTER32bit:inst1|REGISTER8bit:inst23|inst28                                    ; |Computador_MIC|CPU:inst1|DATAPATH:inst13|BANK:inst|MDR:inst1|REGISTER32bit:inst1|REGISTER8bit:inst23|inst28                              ; regout           ;
; |Computador_MIC|CPU:inst1|DATAPATH:inst13|BANK:inst|MDR:inst1|REGISTER32bit:inst1|REGISTER8bit:inst23|inst8                                     ; |Computador_MIC|CPU:inst1|DATAPATH:inst13|BANK:inst|MDR:inst1|REGISTER32bit:inst1|REGISTER8bit:inst23|inst8                               ; regout           ;
; |Computador_MIC|CPU:inst1|DATAPATH:inst13|BANK:inst|MDR:inst1|REGISTER32bit:inst1|REGISTER8bit:inst23|inst5                                     ; |Computador_MIC|CPU:inst1|DATAPATH:inst13|BANK:inst|MDR:inst1|REGISTER32bit:inst1|REGISTER8bit:inst23|inst5                               ; regout           ;
; |Computador_MIC|CPU:inst1|DATAPATH:inst13|BANK:inst|MDR:inst1|REGISTER32bit:inst1|REGISTER8bit:inst20|inst8                                     ; |Computador_MIC|CPU:inst1|DATAPATH:inst13|BANK:inst|MDR:inst1|REGISTER32bit:inst1|REGISTER8bit:inst20|inst8                               ; regout           ;
; |Computador_MIC|CPU:inst1|CONTROL_UNIT:inst|mc_compiler:inst123132|altsyncram:altsyncram_component|altsyncram_c881:auto_generated|ram_block1a16 ; |Computador_MIC|CPU:inst1|CONTROL_UNIT:inst|mc_compiler:inst123132|altsyncram:altsyncram_component|altsyncram_c881:auto_generated|q_a[22] ; portadataout1    ;
; |Computador_MIC|CPU:inst1|CONTROL_UNIT:inst|mc_compiler:inst123132|altsyncram:altsyncram_component|altsyncram_c881:auto_generated|ram_block1a16 ; |Computador_MIC|CPU:inst1|CONTROL_UNIT:inst|mc_compiler:inst123132|altsyncram:altsyncram_component|altsyncram_c881:auto_generated|q_a[35] ; portadataout8    ;
; |Computador_MIC|CPU:inst1|DATAPATH:inst13|BANK:inst|MDR:inst1|REGISTER32bit:inst1|REGISTER8bit:inst20|inst                                      ; |Computador_MIC|CPU:inst1|DATAPATH:inst13|BANK:inst|MDR:inst1|REGISTER32bit:inst1|REGISTER8bit:inst20|inst                                ; regout           ;
; |Computador_MIC|CPU:inst1|DATAPATH:inst13|BANK:inst|MDR:inst1|REGISTER32bit:inst1|REGISTER8bit:inst20|inst16                                    ; |Computador_MIC|CPU:inst1|DATAPATH:inst13|BANK:inst|MDR:inst1|REGISTER32bit:inst1|REGISTER8bit:inst20|inst16                              ; regout           ;
; |Computador_MIC|CPU:inst1|DATAPATH:inst13|BANK:inst|MDR:inst1|REGISTER32bit:inst1|REGISTER8bit:inst20|inst20                                    ; |Computador_MIC|CPU:inst1|DATAPATH:inst13|BANK:inst|MDR:inst1|REGISTER32bit:inst1|REGISTER8bit:inst20|inst20                              ; regout           ;
; |Computador_MIC|CPU:inst1|DATAPATH:inst13|BANK:inst|MDR:inst1|REGISTER32bit:inst1|REGISTER8bit:inst22|inst                                      ; |Computador_MIC|CPU:inst1|DATAPATH:inst13|BANK:inst|MDR:inst1|REGISTER32bit:inst1|REGISTER8bit:inst22|inst                                ; regout           ;
; |Computador_MIC|CPU:inst1|DATAPATH:inst13|BANK:inst|MDR:inst1|REGISTER32bit:inst1|REGISTER8bit:inst22|inst5                                     ; |Computador_MIC|CPU:inst1|DATAPATH:inst13|BANK:inst|MDR:inst1|REGISTER32bit:inst1|REGISTER8bit:inst22|inst5                               ; regout           ;
; |Computador_MIC|CPU:inst1|DATAPATH:inst13|BANK:inst|MDR:inst1|REGISTER32bit:inst1|REGISTER8bit:inst22|inst8                                     ; |Computador_MIC|CPU:inst1|DATAPATH:inst13|BANK:inst|MDR:inst1|REGISTER32bit:inst1|REGISTER8bit:inst22|inst8                               ; regout           ;
; |Computador_MIC|CPU:inst1|DATAPATH:inst13|BANK:inst|MDR:inst1|REGISTER32bit:inst1|REGISTER8bit:inst22|inst12                                    ; |Computador_MIC|CPU:inst1|DATAPATH:inst13|BANK:inst|MDR:inst1|REGISTER32bit:inst1|REGISTER8bit:inst22|inst12                              ; regout           ;
; |Computador_MIC|CPU:inst1|DATAPATH:inst13|BANK:inst|MDR:inst1|REGISTER32bit:inst1|REGISTER8bit:inst22|inst16                                    ; |Computador_MIC|CPU:inst1|DATAPATH:inst13|BANK:inst|MDR:inst1|REGISTER32bit:inst1|REGISTER8bit:inst22|inst16                              ; regout           ;
; |Computador_MIC|CPU:inst1|DATAPATH:inst13|BANK:inst|MDR:inst1|REGISTER32bit:inst1|REGISTER8bit:inst22|inst20                                    ; |Computador_MIC|CPU:inst1|DATAPATH:inst13|BANK:inst|MDR:inst1|REGISTER32bit:inst1|REGISTER8bit:inst22|inst20                              ; regout           ;
; |Computador_MIC|CPU:inst1|DATAPATH:inst13|BANK:inst|MDR:inst1|REGISTER32bit:inst1|REGISTER8bit:inst22|inst24                                    ; |Computador_MIC|CPU:inst1|DATAPATH:inst13|BANK:inst|MDR:inst1|REGISTER32bit:inst1|REGISTER8bit:inst22|inst24                              ; regout           ;
; |Computador_MIC|CPU:inst1|DATAPATH:inst13|BANK:inst|MDR:inst1|REGISTER32bit:inst1|REGISTER8bit:inst22|inst28                                    ; |Computador_MIC|CPU:inst1|DATAPATH:inst13|BANK:inst|MDR:inst1|REGISTER32bit:inst1|REGISTER8bit:inst22|inst28                              ; regout           ;
; |Computador_MIC|CPU:inst1|DATAPATH:inst13|BANK:inst|MDR:inst1|REGISTER32bit:inst1|REGISTER8bit:inst23|inst                                      ; |Computador_MIC|CPU:inst1|DATAPATH:inst13|BANK:inst|MDR:inst1|REGISTER32bit:inst1|REGISTER8bit:inst23|inst                                ; regout           ;
; |Computador_MIC|CPU:inst1|DATAPATH:inst13|BANK:inst|MDR:inst1|REGISTER32bit:inst1|REGISTER8bit:inst23|inst12                                    ; |Computador_MIC|CPU:inst1|DATAPATH:inst13|BANK:inst|MDR:inst1|REGISTER32bit:inst1|REGISTER8bit:inst23|inst12                              ; regout           ;
; |Computador_MIC|CPU:inst1|DATAPATH:inst13|BANK:inst|MDR:inst1|REGISTER32bit:inst1|REGISTER8bit:inst23|inst16                                    ; |Computador_MIC|CPU:inst1|DATAPATH:inst13|BANK:inst|MDR:inst1|REGISTER32bit:inst1|REGISTER8bit:inst23|inst16                              ; regout           ;
; |Computador_MIC|CPU:inst1|DATAPATH:inst13|BANK:inst|MDR:inst1|REGISTER32bit:inst1|REGISTER8bit:inst23|inst20                                    ; |Computador_MIC|CPU:inst1|DATAPATH:inst13|BANK:inst|MDR:inst1|REGISTER32bit:inst1|REGISTER8bit:inst23|inst20                              ; regout           ;
; |Computador_MIC|CPU:inst1|CONTROL_UNIT:inst|mc_compiler:inst123132|altsyncram:altsyncram_component|altsyncram_c881:auto_generated|ram_block1a7  ; |Computador_MIC|CPU:inst1|CONTROL_UNIT:inst|mc_compiler:inst123132|altsyncram:altsyncram_component|altsyncram_c881:auto_generated|q_a[12] ; portadataout5    ;
; |Computador_MIC|CPU:inst1|CONTROL_UNIT:inst|mc_compiler:inst123132|altsyncram:altsyncram_component|altsyncram_c881:auto_generated|ram_block1a4  ; |Computador_MIC|CPU:inst1|CONTROL_UNIT:inst|mc_compiler:inst123132|altsyncram:altsyncram_component|altsyncram_c881:auto_generated|q_a[25] ; portadataout4    ;
; |Computador_MIC|RAM:inst|altsyncram:altsyncram_component|altsyncram_hcb2:auto_generated|ram_block1a7                                            ; |Computador_MIC|RAM:inst|altsyncram:altsyncram_component|altsyncram_hcb2:auto_generated|q_b[23]                                           ; portbdataout2    ;
; |Computador_MIC|RAM:inst|altsyncram:altsyncram_component|altsyncram_hcb2:auto_generated|ram_block1a7                                            ; |Computador_MIC|RAM:inst|altsyncram:altsyncram_component|altsyncram_hcb2:auto_generated|q_b[31]                                           ; portbdataout3    ;
; |Computador_MIC|RAM:inst|altsyncram:altsyncram_component|altsyncram_hcb2:auto_generated|ram_block1a6                                            ; |Computador_MIC|RAM:inst|altsyncram:altsyncram_component|altsyncram_hcb2:auto_generated|q_b[22]                                           ; portbdataout2    ;
; |Computador_MIC|RAM:inst|altsyncram:altsyncram_component|altsyncram_hcb2:auto_generated|ram_block1a6                                            ; |Computador_MIC|RAM:inst|altsyncram:altsyncram_component|altsyncram_hcb2:auto_generated|q_b[30]                                           ; portbdataout3    ;
; |Computador_MIC|RAM:inst|altsyncram:altsyncram_component|altsyncram_hcb2:auto_generated|ram_block1a2                                            ; |Computador_MIC|RAM:inst|altsyncram:altsyncram_component|altsyncram_hcb2:auto_generated|q_b[10]                                           ; portbdataout1    ;
; |Computador_MIC|RAM:inst|altsyncram:altsyncram_component|altsyncram_hcb2:auto_generated|ram_block1a2                                            ; |Computador_MIC|RAM:inst|altsyncram:altsyncram_component|altsyncram_hcb2:auto_generated|q_b[18]                                           ; portbdataout2    ;
; |Computador_MIC|RAM:inst|altsyncram:altsyncram_component|altsyncram_hcb2:auto_generated|ram_block1a2                                            ; |Computador_MIC|RAM:inst|altsyncram:altsyncram_component|altsyncram_hcb2:auto_generated|q_b[26]                                           ; portbdataout3    ;
; |Computador_MIC|RAM:inst|altsyncram:altsyncram_component|altsyncram_hcb2:auto_generated|ram_block1a1                                            ; |Computador_MIC|RAM:inst|altsyncram:altsyncram_component|altsyncram_hcb2:auto_generated|q_b[17]                                           ; portbdataout2    ;
; |Computador_MIC|RAM:inst|altsyncram:altsyncram_component|altsyncram_hcb2:auto_generated|ram_block1a1                                            ; |Computador_MIC|RAM:inst|altsyncram:altsyncram_component|altsyncram_hcb2:auto_generated|q_b[25]                                           ; portbdataout3    ;
; |Computador_MIC|RAM:inst|altsyncram:altsyncram_component|altsyncram_hcb2:auto_generated|ram_block1a3                                            ; |Computador_MIC|RAM:inst|altsyncram:altsyncram_component|altsyncram_hcb2:auto_generated|q_b[19]                                           ; portbdataout2    ;
; |Computador_MIC|RAM:inst|altsyncram:altsyncram_component|altsyncram_hcb2:auto_generated|ram_block1a3                                            ; |Computador_MIC|RAM:inst|altsyncram:altsyncram_component|altsyncram_hcb2:auto_generated|q_b[27]                                           ; portbdataout3    ;
; |Computador_MIC|RAM:inst|altsyncram:altsyncram_component|altsyncram_hcb2:auto_generated|ram_block1a5                                            ; |Computador_MIC|RAM:inst|altsyncram:altsyncram_component|altsyncram_hcb2:auto_generated|q_b[13]                                           ; portbdataout1    ;
; |Computador_MIC|RAM:inst|altsyncram:altsyncram_component|altsyncram_hcb2:auto_generated|ram_block1a5                                            ; |Computador_MIC|RAM:inst|altsyncram:altsyncram_component|altsyncram_hcb2:auto_generated|q_b[21]                                           ; portbdataout2    ;
; |Computador_MIC|RAM:inst|altsyncram:altsyncram_component|altsyncram_hcb2:auto_generated|ram_block1a5                                            ; |Computador_MIC|RAM:inst|altsyncram:altsyncram_component|altsyncram_hcb2:auto_generated|q_b[29]                                           ; portbdataout3    ;
; |Computador_MIC|RAM:inst|altsyncram:altsyncram_component|altsyncram_hcb2:auto_generated|ram_block1a4                                            ; |Computador_MIC|RAM:inst|altsyncram:altsyncram_component|altsyncram_hcb2:auto_generated|q_b[12]                                           ; portbdataout1    ;
; |Computador_MIC|RAM:inst|altsyncram:altsyncram_component|altsyncram_hcb2:auto_generated|ram_block1a4                                            ; |Computador_MIC|RAM:inst|altsyncram:altsyncram_component|altsyncram_hcb2:auto_generated|q_b[20]                                           ; portbdataout2    ;
; |Computador_MIC|RAM:inst|altsyncram:altsyncram_component|altsyncram_hcb2:auto_generated|ram_block1a4                                            ; |Computador_MIC|RAM:inst|altsyncram:altsyncram_component|altsyncram_hcb2:auto_generated|q_b[28]                                           ; portbdataout3    ;
; |Computador_MIC|RAM:inst|altsyncram:altsyncram_component|altsyncram_hcb2:auto_generated|ram_block1a0                                            ; |Computador_MIC|RAM:inst|altsyncram:altsyncram_component|altsyncram_hcb2:auto_generated|q_b[8]                                            ; portbdataout1    ;
; |Computador_MIC|RAM:inst|altsyncram:altsyncram_component|altsyncram_hcb2:auto_generated|ram_block1a0                                            ; |Computador_MIC|RAM:inst|altsyncram:altsyncram_component|altsyncram_hcb2:auto_generated|q_b[16]                                           ; portbdataout2    ;
; |Computador_MIC|RAM:inst|altsyncram:altsyncram_component|altsyncram_hcb2:auto_generated|ram_block1a0                                            ; |Computador_MIC|RAM:inst|altsyncram:altsyncram_component|altsyncram_hcb2:auto_generated|q_b[24]                                           ; portbdataout3    ;
; |Computador_MIC|CPU:inst1|DATAPATH:inst13|BANK:inst|PC:inst2|REGISTER32bit:inst1|REGISTER8bit:inst23|inst28                                     ; |Computador_MIC|CPU:inst1|DATAPATH:inst13|BANK:inst|PC:inst2|REGISTER32bit:inst1|REGISTER8bit:inst23|inst28                               ; regout           ;
; |Computador_MIC|CPU:inst1|DATAPATH:inst13|BANK:inst|PC:inst2|REGISTER32bit:inst1|REGISTER8bit:inst23|inst24                                     ; |Computador_MIC|CPU:inst1|DATAPATH:inst13|BANK:inst|PC:inst2|REGISTER32bit:inst1|REGISTER8bit:inst23|inst24                               ; regout           ;
; |Computador_MIC|CPU:inst1|DATAPATH:inst13|BANK:inst|PC:inst2|REGISTER32bit:inst1|REGISTER8bit:inst23|inst20                                     ; |Computador_MIC|CPU:inst1|DATAPATH:inst13|BANK:inst|PC:inst2|REGISTER32bit:inst1|REGISTER8bit:inst23|inst20                               ; regout           ;
; |Computador_MIC|CPU:inst1|DATAPATH:inst13|BANK:inst|PC:inst2|REGISTER32bit:inst1|REGISTER8bit:inst23|inst16                                     ; |Computador_MIC|CPU:inst1|DATAPATH:inst13|BANK:inst|PC:inst2|REGISTER32bit:inst1|REGISTER8bit:inst23|inst16                               ; regout           ;
; |Computador_MIC|CPU:inst1|DATAPATH:inst13|BANK:inst|PC:inst2|REGISTER32bit:inst1|REGISTER8bit:inst23|inst12                                     ; |Computador_MIC|CPU:inst1|DATAPATH:inst13|BANK:inst|PC:inst2|REGISTER32bit:inst1|REGISTER8bit:inst23|inst12                               ; regout           ;
; |Computador_MIC|CPU:inst1|DATAPATH:inst13|BANK:inst|PC:inst2|REGISTER32bit:inst1|REGISTER8bit:inst23|inst8                                      ; |Computador_MIC|CPU:inst1|DATAPATH:inst13|BANK:inst|PC:inst2|REGISTER32bit:inst1|REGISTER8bit:inst23|inst8                                ; regout           ;
; |Computador_MIC|CPU:inst1|DATAPATH:inst13|BANK:inst|PC:inst2|REGISTER32bit:inst1|REGISTER8bit:inst23|inst5                                      ; |Computador_MIC|CPU:inst1|DATAPATH:inst13|BANK:inst|PC:inst2|REGISTER32bit:inst1|REGISTER8bit:inst23|inst5                                ; regout           ;
; |Computador_MIC|CPU:inst1|DATAPATH:inst13|BANK:inst|PC:inst2|REGISTER32bit:inst1|REGISTER8bit:inst23|inst                                       ; |Computador_MIC|CPU:inst1|DATAPATH:inst13|BANK:inst|PC:inst2|REGISTER32bit:inst1|REGISTER8bit:inst23|inst                                 ; regout           ;
; |Computador_MIC|CPU:inst1|DATAPATH:inst13|BANK:inst|PC:inst2|REGISTER32bit:inst1|REGISTER8bit:inst22|inst28                                     ; |Computador_MIC|CPU:inst1|DATAPATH:inst13|BANK:inst|PC:inst2|REGISTER32bit:inst1|REGISTER8bit:inst22|inst28                               ; regout           ;
; |Computador_MIC|CPU:inst1|DATAPATH:inst13|BANK:inst|PC:inst2|REGISTER32bit:inst1|REGISTER8bit:inst22|inst24                                     ; |Computador_MIC|CPU:inst1|DATAPATH:inst13|BANK:inst|PC:inst2|REGISTER32bit:inst1|REGISTER8bit:inst22|inst24                               ; regout           ;
; |Computador_MIC|CPU:inst1|DATAPATH:inst13|BANK:inst|PC:inst2|REGISTER32bit:inst1|REGISTER8bit:inst22|inst20                                     ; |Computador_MIC|CPU:inst1|DATAPATH:inst13|BANK:inst|PC:inst2|REGISTER32bit:inst1|REGISTER8bit:inst22|inst20                               ; regout           ;
; |Computador_MIC|CPU:inst1|DATAPATH:inst13|BANK:inst|PC:inst2|REGISTER32bit:inst1|REGISTER8bit:inst22|inst16                                     ; |Computador_MIC|CPU:inst1|DATAPATH:inst13|BANK:inst|PC:inst2|REGISTER32bit:inst1|REGISTER8bit:inst22|inst16                               ; regout           ;
; |Computador_MIC|CPU:inst1|DATAPATH:inst13|BANK:inst|PC:inst2|REGISTER32bit:inst1|REGISTER8bit:inst22|inst12                                     ; |Computador_MIC|CPU:inst1|DATAPATH:inst13|BANK:inst|PC:inst2|REGISTER32bit:inst1|REGISTER8bit:inst22|inst12                               ; regout           ;
; |Computador_MIC|CPU:inst1|DATAPATH:inst13|BANK:inst|PC:inst2|REGISTER32bit:inst1|REGISTER8bit:inst22|inst8                                      ; |Computador_MIC|CPU:inst1|DATAPATH:inst13|BANK:inst|PC:inst2|REGISTER32bit:inst1|REGISTER8bit:inst22|inst8                                ; regout           ;
; |Computador_MIC|CPU:inst1|DATAPATH:inst13|BANK:inst|PC:inst2|REGISTER32bit:inst1|REGISTER8bit:inst22|inst5                                      ; |Computador_MIC|CPU:inst1|DATAPATH:inst13|BANK:inst|PC:inst2|REGISTER32bit:inst1|REGISTER8bit:inst22|inst5                                ; regout           ;
; |Computador_MIC|CPU:inst1|DATAPATH:inst13|BANK:inst|PC:inst2|REGISTER32bit:inst1|REGISTER8bit:inst22|inst                                       ; |Computador_MIC|CPU:inst1|DATAPATH:inst13|BANK:inst|PC:inst2|REGISTER32bit:inst1|REGISTER8bit:inst22|inst                                 ; regout           ;
; |Computador_MIC|CPU:inst1|DATAPATH:inst13|BANK:inst|PC:inst2|REGISTER32bit:inst1|REGISTER8bit:inst20|inst28                                     ; |Computador_MIC|CPU:inst1|DATAPATH:inst13|BANK:inst|PC:inst2|REGISTER32bit:inst1|REGISTER8bit:inst20|inst28                               ; regout           ;
; |Computador_MIC|CPU:inst1|DATAPATH:inst13|BANK:inst|PC:inst2|REGISTER32bit:inst1|REGISTER8bit:inst20|inst24                                     ; |Computador_MIC|CPU:inst1|DATAPATH:inst13|BANK:inst|PC:inst2|REGISTER32bit:inst1|REGISTER8bit:inst20|inst24                               ; regout           ;
; |Computador_MIC|CPU:inst1|DATAPATH:inst13|BANK:inst|PC:inst2|REGISTER32bit:inst1|REGISTER8bit:inst20|inst20                                     ; |Computador_MIC|CPU:inst1|DATAPATH:inst13|BANK:inst|PC:inst2|REGISTER32bit:inst1|REGISTER8bit:inst20|inst20                               ; regout           ;
; |Computador_MIC|CPU:inst1|DATAPATH:inst13|BANK:inst|PC:inst2|REGISTER32bit:inst1|REGISTER8bit:inst20|inst16                                     ; |Computador_MIC|CPU:inst1|DATAPATH:inst13|BANK:inst|PC:inst2|REGISTER32bit:inst1|REGISTER8bit:inst20|inst16                               ; regout           ;
; |Computador_MIC|CPU:inst1|DATAPATH:inst13|BANK:inst|PC:inst2|REGISTER32bit:inst1|REGISTER8bit:inst20|inst12                                     ; |Computador_MIC|CPU:inst1|DATAPATH:inst13|BANK:inst|PC:inst2|REGISTER32bit:inst1|REGISTER8bit:inst20|inst12                               ; regout           ;
; |Computador_MIC|CPU:inst1|DATAPATH:inst13|BANK:inst|PC:inst2|REGISTER32bit:inst1|REGISTER8bit:inst20|inst8                                      ; |Computador_MIC|CPU:inst1|DATAPATH:inst13|BANK:inst|PC:inst2|REGISTER32bit:inst1|REGISTER8bit:inst20|inst8                                ; regout           ;
; |Computador_MIC|CPU:inst1|DATAPATH:inst13|BANK:inst|PC:inst2|REGISTER32bit:inst1|REGISTER8bit:inst20|inst5                                      ; |Computador_MIC|CPU:inst1|DATAPATH:inst13|BANK:inst|PC:inst2|REGISTER32bit:inst1|REGISTER8bit:inst20|inst5                                ; regout           ;
; |Computador_MIC|CPU:inst1|DATAPATH:inst13|BANK:inst|PC:inst2|REGISTER32bit:inst1|REGISTER8bit:inst20|inst                                       ; |Computador_MIC|CPU:inst1|DATAPATH:inst13|BANK:inst|PC:inst2|REGISTER32bit:inst1|REGISTER8bit:inst20|inst                                 ; regout           ;
; |Computador_MIC|CPU:inst1|DATAPATH:inst13|BANK:inst|PC:inst2|REGISTER32bit:inst1|REGISTER8bit:inst|inst28                                       ; |Computador_MIC|CPU:inst1|DATAPATH:inst13|BANK:inst|PC:inst2|REGISTER32bit:inst1|REGISTER8bit:inst|inst28                                 ; regout           ;
; |Computador_MIC|CPU:inst1|DATAPATH:inst13|BANK:inst|MAR:inst|REGISTER32bit:inst1|REGISTER8bit:inst23|inst28                                     ; |Computador_MIC|CPU:inst1|DATAPATH:inst13|BANK:inst|MAR:inst|REGISTER32bit:inst1|REGISTER8bit:inst23|inst28                               ; regout           ;
; |Computador_MIC|CPU:inst1|DATAPATH:inst13|BANK:inst|MAR:inst|REGISTER32bit:inst1|REGISTER8bit:inst23|inst24                                     ; |Computador_MIC|CPU:inst1|DATAPATH:inst13|BANK:inst|MAR:inst|REGISTER32bit:inst1|REGISTER8bit:inst23|inst24                               ; regout           ;
; |Computador_MIC|CPU:inst1|DATAPATH:inst13|BANK:inst|MAR:inst|REGISTER32bit:inst1|REGISTER8bit:inst23|inst20                                     ; |Computador_MIC|CPU:inst1|DATAPATH:inst13|BANK:inst|MAR:inst|REGISTER32bit:inst1|REGISTER8bit:inst23|inst20                               ; regout           ;
; |Computador_MIC|CPU:inst1|DATAPATH:inst13|BANK:inst|MAR:inst|REGISTER32bit:inst1|REGISTER8bit:inst23|inst16                                     ; |Computador_MIC|CPU:inst1|DATAPATH:inst13|BANK:inst|MAR:inst|REGISTER32bit:inst1|REGISTER8bit:inst23|inst16                               ; regout           ;
; |Computador_MIC|CPU:inst1|DATAPATH:inst13|BANK:inst|MAR:inst|REGISTER32bit:inst1|REGISTER8bit:inst23|inst12                                     ; |Computador_MIC|CPU:inst1|DATAPATH:inst13|BANK:inst|MAR:inst|REGISTER32bit:inst1|REGISTER8bit:inst23|inst12                               ; regout           ;
; |Computador_MIC|CPU:inst1|DATAPATH:inst13|BANK:inst|MAR:inst|REGISTER32bit:inst1|REGISTER8bit:inst23|inst8                                      ; |Computador_MIC|CPU:inst1|DATAPATH:inst13|BANK:inst|MAR:inst|REGISTER32bit:inst1|REGISTER8bit:inst23|inst8                                ; regout           ;
; |Computador_MIC|CPU:inst1|DATAPATH:inst13|BANK:inst|MAR:inst|REGISTER32bit:inst1|REGISTER8bit:inst23|inst5                                      ; |Computador_MIC|CPU:inst1|DATAPATH:inst13|BANK:inst|MAR:inst|REGISTER32bit:inst1|REGISTER8bit:inst23|inst5                                ; regout           ;
; |Computador_MIC|CPU:inst1|DATAPATH:inst13|BANK:inst|MAR:inst|REGISTER32bit:inst1|REGISTER8bit:inst23|inst                                       ; |Computador_MIC|CPU:inst1|DATAPATH:inst13|BANK:inst|MAR:inst|REGISTER32bit:inst1|REGISTER8bit:inst23|inst                                 ; regout           ;
; |Computador_MIC|CPU:inst1|DATAPATH:inst13|BANK:inst|MAR:inst|REGISTER32bit:inst1|REGISTER8bit:inst22|inst28                                     ; |Computador_MIC|CPU:inst1|DATAPATH:inst13|BANK:inst|MAR:inst|REGISTER32bit:inst1|REGISTER8bit:inst22|inst28                               ; regout           ;
; |Computador_MIC|CPU:inst1|DATAPATH:inst13|BANK:inst|MAR:inst|REGISTER32bit:inst1|REGISTER8bit:inst22|inst24                                     ; |Computador_MIC|CPU:inst1|DATAPATH:inst13|BANK:inst|MAR:inst|REGISTER32bit:inst1|REGISTER8bit:inst22|inst24                               ; regout           ;
; |Computador_MIC|CPU:inst1|DATAPATH:inst13|BANK:inst|MAR:inst|REGISTER32bit:inst1|REGISTER8bit:inst22|inst20                                     ; |Computador_MIC|CPU:inst1|DATAPATH:inst13|BANK:inst|MAR:inst|REGISTER32bit:inst1|REGISTER8bit:inst22|inst20                               ; regout           ;
; |Computador_MIC|CPU:inst1|DATAPATH:inst13|BANK:inst|MAR:inst|REGISTER32bit:inst1|REGISTER8bit:inst22|inst16                                     ; |Computador_MIC|CPU:inst1|DATAPATH:inst13|BANK:inst|MAR:inst|REGISTER32bit:inst1|REGISTER8bit:inst22|inst16                               ; regout           ;
; |Computador_MIC|CPU:inst1|DATAPATH:inst13|BANK:inst|MAR:inst|REGISTER32bit:inst1|REGISTER8bit:inst22|inst12                                     ; |Computador_MIC|CPU:inst1|DATAPATH:inst13|BANK:inst|MAR:inst|REGISTER32bit:inst1|REGISTER8bit:inst22|inst12                               ; regout           ;
; |Computador_MIC|CPU:inst1|DATAPATH:inst13|BANK:inst|MAR:inst|REGISTER32bit:inst1|REGISTER8bit:inst22|inst8                                      ; |Computador_MIC|CPU:inst1|DATAPATH:inst13|BANK:inst|MAR:inst|REGISTER32bit:inst1|REGISTER8bit:inst22|inst8                                ; regout           ;
; |Computador_MIC|CPU:inst1|DATAPATH:inst13|BANK:inst|MAR:inst|REGISTER32bit:inst1|REGISTER8bit:inst22|inst5                                      ; |Computador_MIC|CPU:inst1|DATAPATH:inst13|BANK:inst|MAR:inst|REGISTER32bit:inst1|REGISTER8bit:inst22|inst5                                ; regout           ;
; |Computador_MIC|CPU:inst1|DATAPATH:inst13|BANK:inst|MAR:inst|REGISTER32bit:inst1|REGISTER8bit:inst22|inst                                       ; |Computador_MIC|CPU:inst1|DATAPATH:inst13|BANK:inst|MAR:inst|REGISTER32bit:inst1|REGISTER8bit:inst22|inst                                 ; regout           ;
; |Computador_MIC|CPU:inst1|DATAPATH:inst13|BANK:inst|MAR:inst|REGISTER32bit:inst1|REGISTER8bit:inst20|inst28                                     ; |Computador_MIC|CPU:inst1|DATAPATH:inst13|BANK:inst|MAR:inst|REGISTER32bit:inst1|REGISTER8bit:inst20|inst28                               ; regout           ;
; |Computador_MIC|CPU:inst1|DATAPATH:inst13|BANK:inst|MAR:inst|REGISTER32bit:inst1|REGISTER8bit:inst20|inst24                                     ; |Computador_MIC|CPU:inst1|DATAPATH:inst13|BANK:inst|MAR:inst|REGISTER32bit:inst1|REGISTER8bit:inst20|inst24                               ; regout           ;
; |Computador_MIC|CPU:inst1|DATAPATH:inst13|BANK:inst|MAR:inst|REGISTER32bit:inst1|REGISTER8bit:inst20|inst20                                     ; |Computador_MIC|CPU:inst1|DATAPATH:inst13|BANK:inst|MAR:inst|REGISTER32bit:inst1|REGISTER8bit:inst20|inst20                               ; regout           ;
; |Computador_MIC|CPU:inst1|DATAPATH:inst13|BANK:inst|MAR:inst|REGISTER32bit:inst1|REGISTER8bit:inst20|inst16                                     ; |Computador_MIC|CPU:inst1|DATAPATH:inst13|BANK:inst|MAR:inst|REGISTER32bit:inst1|REGISTER8bit:inst20|inst16                               ; regout           ;
; |Computador_MIC|CPU:inst1|DATAPATH:inst13|BANK:inst|MAR:inst|REGISTER32bit:inst1|REGISTER8bit:inst20|inst12                                     ; |Computador_MIC|CPU:inst1|DATAPATH:inst13|BANK:inst|MAR:inst|REGISTER32bit:inst1|REGISTER8bit:inst20|inst12                               ; regout           ;
; |Computador_MIC|CPU:inst1|DATAPATH:inst13|BANK:inst|MAR:inst|REGISTER32bit:inst1|REGISTER8bit:inst20|inst8                                      ; |Computador_MIC|CPU:inst1|DATAPATH:inst13|BANK:inst|MAR:inst|REGISTER32bit:inst1|REGISTER8bit:inst20|inst8                                ; regout           ;
; |Computador_MIC|CPU:inst1|DATAPATH:inst13|BANK:inst|H:inst8|REGISTER32bit:inst1|REGISTER8bit:inst23|inst28                                      ; |Computador_MIC|CPU:inst1|DATAPATH:inst13|BANK:inst|H:inst8|REGISTER32bit:inst1|REGISTER8bit:inst23|inst28                                ; regout           ;
; |Computador_MIC|CPU:inst1|DATAPATH:inst13|BANK:inst|TOS:inst6|REGISTER32bit:inst1|REGISTER8bit:inst23|inst28                                    ; |Computador_MIC|CPU:inst1|DATAPATH:inst13|BANK:inst|TOS:inst6|REGISTER32bit:inst1|REGISTER8bit:inst23|inst28                              ; regout           ;
; |Computador_MIC|CPU:inst1|DATAPATH:inst13|BANK:inst|OPC:inst7|REGISTER32bit:inst1|REGISTER8bit:inst23|inst28                                    ; |Computador_MIC|CPU:inst1|DATAPATH:inst13|BANK:inst|OPC:inst7|REGISTER32bit:inst1|REGISTER8bit:inst23|inst28                              ; regout           ;
; |Computador_MIC|CPU:inst1|DATAPATH:inst13|BANK:inst|OUT_B[31]~2                                                                                 ; |Computador_MIC|CPU:inst1|DATAPATH:inst13|BANK:inst|OUT_B[31]~2                                                                           ; combout          ;
; |Computador_MIC|CPU:inst1|DATAPATH:inst13|BANK:inst|LV:inst4|REGISTER32bit:inst1|REGISTER8bit:inst23|inst28                                     ; |Computador_MIC|CPU:inst1|DATAPATH:inst13|BANK:inst|LV:inst4|REGISTER32bit:inst1|REGISTER8bit:inst23|inst28                               ; regout           ;
; |Computador_MIC|CPU:inst1|DATAPATH:inst13|BANK:inst|CPP:inst5|REGISTER32bit:inst1|REGISTER8bit:inst23|inst28                                    ; |Computador_MIC|CPU:inst1|DATAPATH:inst13|BANK:inst|CPP:inst5|REGISTER32bit:inst1|REGISTER8bit:inst23|inst28                              ; regout           ;
; |Computador_MIC|CPU:inst1|DATAPATH:inst13|BANK:inst|OUT_B[31]~5                                                                                 ; |Computador_MIC|CPU:inst1|DATAPATH:inst13|BANK:inst|OUT_B[31]~5                                                                           ; combout          ;
; |Computador_MIC|CPU:inst1|DATAPATH:inst13|BANK:inst|SP:inst3|REGISTER32bit:inst1|REGISTER8bit:inst23|inst28                                     ; |Computador_MIC|CPU:inst1|DATAPATH:inst13|BANK:inst|SP:inst3|REGISTER32bit:inst1|REGISTER8bit:inst23|inst28                               ; regout           ;
; |Computador_MIC|CPU:inst1|DATAPATH:inst13|BANK:inst|OUT_B[31]~10                                                                                ; |Computador_MIC|CPU:inst1|DATAPATH:inst13|BANK:inst|OUT_B[31]~10                                                                          ; combout          ;
; |Computador_MIC|CPU:inst1|DATAPATH:inst13|BANK:inst|H:inst8|REGISTER32bit:inst1|REGISTER8bit:inst23|inst24                                      ; |Computador_MIC|CPU:inst1|DATAPATH:inst13|BANK:inst|H:inst8|REGISTER32bit:inst1|REGISTER8bit:inst23|inst24                                ; regout           ;
; |Computador_MIC|CPU:inst1|DATAPATH:inst13|BANK:inst|TOS:inst6|REGISTER32bit:inst1|REGISTER8bit:inst23|inst24                                    ; |Computador_MIC|CPU:inst1|DATAPATH:inst13|BANK:inst|TOS:inst6|REGISTER32bit:inst1|REGISTER8bit:inst23|inst24                              ; regout           ;
; |Computador_MIC|CPU:inst1|DATAPATH:inst13|BANK:inst|CPP:inst5|REGISTER32bit:inst1|REGISTER8bit:inst23|inst24                                    ; |Computador_MIC|CPU:inst1|DATAPATH:inst13|BANK:inst|CPP:inst5|REGISTER32bit:inst1|REGISTER8bit:inst23|inst24                              ; regout           ;
; |Computador_MIC|CPU:inst1|DATAPATH:inst13|BANK:inst|OUT_B[30]~13                                                                                ; |Computador_MIC|CPU:inst1|DATAPATH:inst13|BANK:inst|OUT_B[30]~13                                                                          ; combout          ;
; |Computador_MIC|CPU:inst1|DATAPATH:inst13|BANK:inst|OPC:inst7|REGISTER32bit:inst1|REGISTER8bit:inst23|inst24                                    ; |Computador_MIC|CPU:inst1|DATAPATH:inst13|BANK:inst|OPC:inst7|REGISTER32bit:inst1|REGISTER8bit:inst23|inst24                              ; regout           ;
; |Computador_MIC|CPU:inst1|DATAPATH:inst13|BANK:inst|LV:inst4|REGISTER32bit:inst1|REGISTER8bit:inst23|inst24                                     ; |Computador_MIC|CPU:inst1|DATAPATH:inst13|BANK:inst|LV:inst4|REGISTER32bit:inst1|REGISTER8bit:inst23|inst24                               ; regout           ;
; |Computador_MIC|CPU:inst1|DATAPATH:inst13|BANK:inst|SP:inst3|REGISTER32bit:inst1|REGISTER8bit:inst23|inst24                                     ; |Computador_MIC|CPU:inst1|DATAPATH:inst13|BANK:inst|SP:inst3|REGISTER32bit:inst1|REGISTER8bit:inst23|inst24                               ; regout           ;
; |Computador_MIC|CPU:inst1|DATAPATH:inst13|BANK:inst|OUT_B[30]~15                                                                                ; |Computador_MIC|CPU:inst1|DATAPATH:inst13|BANK:inst|OUT_B[30]~15                                                                          ; combout          ;
; |Computador_MIC|CPU:inst1|DATAPATH:inst13|BANK:inst|MDR:inst1|REGISTER32bit:inst1|REGISTER8bit:inst23|inst24                                    ; |Computador_MIC|CPU:inst1|DATAPATH:inst13|BANK:inst|MDR:inst1|REGISTER32bit:inst1|REGISTER8bit:inst23|inst24                              ; regout           ;
; |Computador_MIC|CPU:inst1|DATAPATH:inst13|BANK:inst|OUT_B[30]~16                                                                                ; |Computador_MIC|CPU:inst1|DATAPATH:inst13|BANK:inst|OUT_B[30]~16                                                                          ; combout          ;
; |Computador_MIC|CPU:inst1|DATAPATH:inst13|BANK:inst|H:inst8|REGISTER32bit:inst1|REGISTER8bit:inst23|inst8                                       ; |Computador_MIC|CPU:inst1|DATAPATH:inst13|BANK:inst|H:inst8|REGISTER32bit:inst1|REGISTER8bit:inst23|inst8                                 ; regout           ;
; |Computador_MIC|CPU:inst1|DATAPATH:inst13|BANK:inst|CPP:inst5|REGISTER32bit:inst1|REGISTER8bit:inst23|inst8                                     ; |Computador_MIC|CPU:inst1|DATAPATH:inst13|BANK:inst|CPP:inst5|REGISTER32bit:inst1|REGISTER8bit:inst23|inst8                               ; regout           ;
; |Computador_MIC|CPU:inst1|DATAPATH:inst13|BANK:inst|TOS:inst6|REGISTER32bit:inst1|REGISTER8bit:inst23|inst8                                     ; |Computador_MIC|CPU:inst1|DATAPATH:inst13|BANK:inst|TOS:inst6|REGISTER32bit:inst1|REGISTER8bit:inst23|inst8                               ; regout           ;
; |Computador_MIC|CPU:inst1|DATAPATH:inst13|BANK:inst|OUT_B[26]~17                                                                                ; |Computador_MIC|CPU:inst1|DATAPATH:inst13|BANK:inst|OUT_B[26]~17                                                                          ; combout          ;
; |Computador_MIC|CPU:inst1|DATAPATH:inst13|BANK:inst|OPC:inst7|REGISTER32bit:inst1|REGISTER8bit:inst23|inst8                                     ; |Computador_MIC|CPU:inst1|DATAPATH:inst13|BANK:inst|OPC:inst7|REGISTER32bit:inst1|REGISTER8bit:inst23|inst8                               ; regout           ;
; |Computador_MIC|CPU:inst1|DATAPATH:inst13|BANK:inst|SP:inst3|REGISTER32bit:inst1|REGISTER8bit:inst23|inst8                                      ; |Computador_MIC|CPU:inst1|DATAPATH:inst13|BANK:inst|SP:inst3|REGISTER32bit:inst1|REGISTER8bit:inst23|inst8                                ; regout           ;
; |Computador_MIC|CPU:inst1|DATAPATH:inst13|BANK:inst|LV:inst4|REGISTER32bit:inst1|REGISTER8bit:inst23|inst8                                      ; |Computador_MIC|CPU:inst1|DATAPATH:inst13|BANK:inst|LV:inst4|REGISTER32bit:inst1|REGISTER8bit:inst23|inst8                                ; regout           ;
; |Computador_MIC|CPU:inst1|DATAPATH:inst13|BANK:inst|OUT_B[26]~19                                                                                ; |Computador_MIC|CPU:inst1|DATAPATH:inst13|BANK:inst|OUT_B[26]~19                                                                          ; combout          ;
; |Computador_MIC|CPU:inst1|DATAPATH:inst13|BANK:inst|OUT_B[26]~20                                                                                ; |Computador_MIC|CPU:inst1|DATAPATH:inst13|BANK:inst|OUT_B[26]~20                                                                          ; combout          ;
; |Computador_MIC|CPU:inst1|DATAPATH:inst13|BANK:inst|H:inst8|REGISTER32bit:inst1|REGISTER8bit:inst23|inst5                                       ; |Computador_MIC|CPU:inst1|DATAPATH:inst13|BANK:inst|H:inst8|REGISTER32bit:inst1|REGISTER8bit:inst23|inst5                                 ; regout           ;
; |Computador_MIC|CPU:inst1|DATAPATH:inst13|BANK:inst|OPC:inst7|REGISTER32bit:inst1|REGISTER8bit:inst23|inst5                                     ; |Computador_MIC|CPU:inst1|DATAPATH:inst13|BANK:inst|OPC:inst7|REGISTER32bit:inst1|REGISTER8bit:inst23|inst5                               ; regout           ;
; |Computador_MIC|CPU:inst1|DATAPATH:inst13|BANK:inst|CPP:inst5|REGISTER32bit:inst1|REGISTER8bit:inst23|inst5                                     ; |Computador_MIC|CPU:inst1|DATAPATH:inst13|BANK:inst|CPP:inst5|REGISTER32bit:inst1|REGISTER8bit:inst23|inst5                               ; regout           ;
; |Computador_MIC|CPU:inst1|DATAPATH:inst13|BANK:inst|TOS:inst6|REGISTER32bit:inst1|REGISTER8bit:inst23|inst5                                     ; |Computador_MIC|CPU:inst1|DATAPATH:inst13|BANK:inst|TOS:inst6|REGISTER32bit:inst1|REGISTER8bit:inst23|inst5                               ; regout           ;
; |Computador_MIC|CPU:inst1|DATAPATH:inst13|BANK:inst|OUT_B[25]~22                                                                                ; |Computador_MIC|CPU:inst1|DATAPATH:inst13|BANK:inst|OUT_B[25]~22                                                                          ; combout          ;
; |Computador_MIC|CPU:inst1|DATAPATH:inst13|BANK:inst|SP:inst3|REGISTER32bit:inst1|REGISTER8bit:inst23|inst5                                      ; |Computador_MIC|CPU:inst1|DATAPATH:inst13|BANK:inst|SP:inst3|REGISTER32bit:inst1|REGISTER8bit:inst23|inst5                                ; regout           ;
; |Computador_MIC|CPU:inst1|DATAPATH:inst13|BANK:inst|LV:inst4|REGISTER32bit:inst1|REGISTER8bit:inst23|inst5                                      ; |Computador_MIC|CPU:inst1|DATAPATH:inst13|BANK:inst|LV:inst4|REGISTER32bit:inst1|REGISTER8bit:inst23|inst5                                ; regout           ;
; |Computador_MIC|CPU:inst1|DATAPATH:inst13|BANK:inst|OUT_B[25]~23                                                                                ; |Computador_MIC|CPU:inst1|DATAPATH:inst13|BANK:inst|OUT_B[25]~23                                                                          ; combout          ;
; |Computador_MIC|CPU:inst1|DATAPATH:inst13|BANK:inst|OUT_B[25]~24                                                                                ; |Computador_MIC|CPU:inst1|DATAPATH:inst13|BANK:inst|OUT_B[25]~24                                                                          ; combout          ;
; |Computador_MIC|CPU:inst1|DATAPATH:inst13|BANK:inst|H:inst8|REGISTER32bit:inst1|REGISTER8bit:inst20|inst12                                      ; |Computador_MIC|CPU:inst1|DATAPATH:inst13|BANK:inst|H:inst8|REGISTER32bit:inst1|REGISTER8bit:inst20|inst12                                ; regout           ;
; |Computador_MIC|CPU:inst1|DATAPATH:inst13|BANK:inst|CPP:inst5|REGISTER32bit:inst1|REGISTER8bit:inst20|inst12                                    ; |Computador_MIC|CPU:inst1|DATAPATH:inst13|BANK:inst|CPP:inst5|REGISTER32bit:inst1|REGISTER8bit:inst20|inst12                              ; regout           ;
; |Computador_MIC|CPU:inst1|DATAPATH:inst13|BANK:inst|OPC:inst7|REGISTER32bit:inst1|REGISTER8bit:inst20|inst12                                    ; |Computador_MIC|CPU:inst1|DATAPATH:inst13|BANK:inst|OPC:inst7|REGISTER32bit:inst1|REGISTER8bit:inst20|inst12                              ; regout           ;
; |Computador_MIC|CPU:inst1|DATAPATH:inst13|BANK:inst|SP:inst3|REGISTER32bit:inst1|REGISTER8bit:inst20|inst12                                     ; |Computador_MIC|CPU:inst1|DATAPATH:inst13|BANK:inst|SP:inst3|REGISTER32bit:inst1|REGISTER8bit:inst20|inst12                               ; regout           ;
; |Computador_MIC|CPU:inst1|DATAPATH:inst13|BANK:inst|LV:inst4|REGISTER32bit:inst1|REGISTER8bit:inst20|inst12                                     ; |Computador_MIC|CPU:inst1|DATAPATH:inst13|BANK:inst|LV:inst4|REGISTER32bit:inst1|REGISTER8bit:inst20|inst12                               ; regout           ;
; |Computador_MIC|CPU:inst1|DATAPATH:inst13|BANK:inst|OUT_B[11]~28                                                                                ; |Computador_MIC|CPU:inst1|DATAPATH:inst13|BANK:inst|OUT_B[11]~28                                                                          ; combout          ;
; |Computador_MIC|CPU:inst1|DATAPATH:inst13|BANK:inst|OPC:inst7|REGISTER32bit:inst1|REGISTER8bit:inst20|inst8                                     ; |Computador_MIC|CPU:inst1|DATAPATH:inst13|BANK:inst|OPC:inst7|REGISTER32bit:inst1|REGISTER8bit:inst20|inst8                               ; regout           ;
; |Computador_MIC|CPU:inst1|DATAPATH:inst13|BANK:inst|CPP:inst5|REGISTER32bit:inst1|REGISTER8bit:inst20|inst8                                     ; |Computador_MIC|CPU:inst1|DATAPATH:inst13|BANK:inst|CPP:inst5|REGISTER32bit:inst1|REGISTER8bit:inst20|inst8                               ; regout           ;
; |Computador_MIC|CPU:inst1|DATAPATH:inst13|BANK:inst|TOS:inst6|REGISTER32bit:inst1|REGISTER8bit:inst20|inst8                                     ; |Computador_MIC|CPU:inst1|DATAPATH:inst13|BANK:inst|TOS:inst6|REGISTER32bit:inst1|REGISTER8bit:inst20|inst8                               ; regout           ;
; |Computador_MIC|CPU:inst1|DATAPATH:inst13|BANK:inst|OUT_B[10]~31                                                                                ; |Computador_MIC|CPU:inst1|DATAPATH:inst13|BANK:inst|OUT_B[10]~31                                                                          ; combout          ;
; |Computador_MIC|CPU:inst1|DATAPATH:inst13|BANK:inst|SP:inst3|REGISTER32bit:inst1|REGISTER8bit:inst20|inst8                                      ; |Computador_MIC|CPU:inst1|DATAPATH:inst13|BANK:inst|SP:inst3|REGISTER32bit:inst1|REGISTER8bit:inst20|inst8                                ; regout           ;
; |Computador_MIC|CPU:inst1|DATAPATH:inst13|BANK:inst|LV:inst4|REGISTER32bit:inst1|REGISTER8bit:inst20|inst8                                      ; |Computador_MIC|CPU:inst1|DATAPATH:inst13|BANK:inst|LV:inst4|REGISTER32bit:inst1|REGISTER8bit:inst20|inst8                                ; regout           ;
; |Computador_MIC|CPU:inst1|DATAPATH:inst13|BANK:inst|OUT_B[10]~32                                                                                ; |Computador_MIC|CPU:inst1|DATAPATH:inst13|BANK:inst|OUT_B[10]~32                                                                          ; combout          ;
; |Computador_MIC|CPU:inst1|DATAPATH:inst13|BANK:inst|OUT_B[10]~33                                                                                ; |Computador_MIC|CPU:inst1|DATAPATH:inst13|BANK:inst|OUT_B[10]~33                                                                          ; combout          ;
; |Computador_MIC|CPU:inst1|DATAPATH:inst13|BANK:inst|H:inst8|REGISTER32bit:inst1|REGISTER8bit:inst20|inst8                                       ; |Computador_MIC|CPU:inst1|DATAPATH:inst13|BANK:inst|H:inst8|REGISTER32bit:inst1|REGISTER8bit:inst20|inst8                                 ; regout           ;
; |Computador_MIC|CPU:inst1|DATAPATH:inst13|BANK:inst|H:inst8|REGISTER32bit:inst1|REGISTER8bit:inst20|inst5                                       ; |Computador_MIC|CPU:inst1|DATAPATH:inst13|BANK:inst|H:inst8|REGISTER32bit:inst1|REGISTER8bit:inst20|inst5                                 ; regout           ;
; |Computador_MIC|CPU:inst1|DATAPATH:inst13|BANK:inst|OPC:inst7|REGISTER32bit:inst1|REGISTER8bit:inst20|inst5                                     ; |Computador_MIC|CPU:inst1|DATAPATH:inst13|BANK:inst|OPC:inst7|REGISTER32bit:inst1|REGISTER8bit:inst20|inst5                               ; regout           ;
; |Computador_MIC|CPU:inst1|DATAPATH:inst13|BANK:inst|CPP:inst5|REGISTER32bit:inst1|REGISTER8bit:inst20|inst5                                     ; |Computador_MIC|CPU:inst1|DATAPATH:inst13|BANK:inst|CPP:inst5|REGISTER32bit:inst1|REGISTER8bit:inst20|inst5                               ; regout           ;
; |Computador_MIC|CPU:inst1|DATAPATH:inst13|BANK:inst|SP:inst3|REGISTER32bit:inst1|REGISTER8bit:inst20|inst5                                      ; |Computador_MIC|CPU:inst1|DATAPATH:inst13|BANK:inst|SP:inst3|REGISTER32bit:inst1|REGISTER8bit:inst20|inst5                                ; regout           ;
; |Computador_MIC|CPU:inst1|DATAPATH:inst13|BANK:inst|LV:inst4|REGISTER32bit:inst1|REGISTER8bit:inst20|inst5                                      ; |Computador_MIC|CPU:inst1|DATAPATH:inst13|BANK:inst|LV:inst4|REGISTER32bit:inst1|REGISTER8bit:inst20|inst5                                ; regout           ;
; |Computador_MIC|CPU:inst1|DATAPATH:inst13|BANK:inst|OUT_B[9]~37                                                                                 ; |Computador_MIC|CPU:inst1|DATAPATH:inst13|BANK:inst|OUT_B[9]~37                                                                           ; combout          ;
; |Computador_MIC|CPU:inst1|DATAPATH:inst13|ULA_32bit:inst1|ULA_8bit:inst2|ULA_1bit:inst2|FULL_ADDER_1bit:inst10|inst2                            ; |Computador_MIC|CPU:inst1|DATAPATH:inst13|ULA_32bit:inst1|ULA_8bit:inst2|ULA_1bit:inst2|FULL_ADDER_1bit:inst10|inst2                      ; combout          ;
; |Computador_MIC|CPU:inst1|DATAPATH:inst13|BANK:inst|H:inst8|REGISTER32bit:inst1|REGISTER8bit:inst|inst20                                        ; |Computador_MIC|CPU:inst1|DATAPATH:inst13|BANK:inst|H:inst8|REGISTER32bit:inst1|REGISTER8bit:inst|inst20                                  ; regout           ;
; |Computador_MIC|CPU:inst1|DATAPATH:inst13|BANK:inst|LV:inst4|REGISTER32bit:inst1|REGISTER8bit:inst|inst20                                       ; |Computador_MIC|CPU:inst1|DATAPATH:inst13|BANK:inst|LV:inst4|REGISTER32bit:inst1|REGISTER8bit:inst|inst20                                 ; regout           ;
; |Computador_MIC|CPU:inst1|DATAPATH:inst13|BANK:inst|CPP:inst5|REGISTER32bit:inst1|REGISTER8bit:inst|inst20                                      ; |Computador_MIC|CPU:inst1|DATAPATH:inst13|BANK:inst|CPP:inst5|REGISTER32bit:inst1|REGISTER8bit:inst|inst20                                ; regout           ;
; |Computador_MIC|CPU:inst1|DATAPATH:inst13|BANK:inst|SP:inst3|REGISTER32bit:inst1|REGISTER8bit:inst|inst20                                       ; |Computador_MIC|CPU:inst1|DATAPATH:inst13|BANK:inst|SP:inst3|REGISTER32bit:inst1|REGISTER8bit:inst|inst20                                 ; regout           ;
; |Computador_MIC|CPU:inst1|DATAPATH:inst13|BANK:inst|CPP:inst5|REGISTER32bit:inst1|REGISTER8bit:inst|inst16                                      ; |Computador_MIC|CPU:inst1|DATAPATH:inst13|BANK:inst|CPP:inst5|REGISTER32bit:inst1|REGISTER8bit:inst|inst16                                ; regout           ;
; |Computador_MIC|CPU:inst1|DATAPATH:inst13|BANK:inst|CPP:inst5|REGISTER32bit:inst1|REGISTER8bit:inst|inst12                                      ; |Computador_MIC|CPU:inst1|DATAPATH:inst13|BANK:inst|CPP:inst5|REGISTER32bit:inst1|REGISTER8bit:inst|inst12                                ; regout           ;
; |Computador_MIC|CPU:inst1|DATAPATH:inst13|BANK:inst|CPP:inst5|REGISTER32bit:inst1|REGISTER8bit:inst|inst8                                       ; |Computador_MIC|CPU:inst1|DATAPATH:inst13|BANK:inst|CPP:inst5|REGISTER32bit:inst1|REGISTER8bit:inst|inst8                                 ; regout           ;
; |Computador_MIC|CPU:inst1|DATAPATH:inst13|BANK:inst|CPP:inst5|REGISTER32bit:inst1|REGISTER8bit:inst|inst5                                       ; |Computador_MIC|CPU:inst1|DATAPATH:inst13|BANK:inst|CPP:inst5|REGISTER32bit:inst1|REGISTER8bit:inst|inst5                                 ; regout           ;
; |Computador_MIC|CPU:inst1|DATAPATH:inst13|BANK:inst|CPP:inst5|REGISTER32bit:inst1|REGISTER8bit:inst|inst                                        ; |Computador_MIC|CPU:inst1|DATAPATH:inst13|BANK:inst|CPP:inst5|REGISTER32bit:inst1|REGISTER8bit:inst|inst                                  ; regout           ;
; |Computador_MIC|CPU:inst1|DATAPATH:inst13|BANK:inst|CPP:inst5|REGISTER32bit:inst1|REGISTER8bit:inst|inst24                                      ; |Computador_MIC|CPU:inst1|DATAPATH:inst13|BANK:inst|CPP:inst5|REGISTER32bit:inst1|REGISTER8bit:inst|inst24                                ; regout           ;
; |Computador_MIC|CPU:inst1|DATAPATH:inst13|BANK:inst|LV:inst4|REGISTER32bit:inst1|REGISTER8bit:inst|inst24                                       ; |Computador_MIC|CPU:inst1|DATAPATH:inst13|BANK:inst|LV:inst4|REGISTER32bit:inst1|REGISTER8bit:inst|inst24                                 ; regout           ;
; |Computador_MIC|CPU:inst1|DATAPATH:inst13|BANK:inst|SP:inst3|REGISTER32bit:inst1|REGISTER8bit:inst|inst24                                       ; |Computador_MIC|CPU:inst1|DATAPATH:inst13|BANK:inst|SP:inst3|REGISTER32bit:inst1|REGISTER8bit:inst|inst24                                 ; regout           ;
; |Computador_MIC|CPU:inst1|DATAPATH:inst13|BANK:inst|H:inst8|REGISTER32bit:inst1|REGISTER8bit:inst|inst28                                        ; |Computador_MIC|CPU:inst1|DATAPATH:inst13|BANK:inst|H:inst8|REGISTER32bit:inst1|REGISTER8bit:inst|inst28                                  ; regout           ;
; |Computador_MIC|CPU:inst1|DATAPATH:inst13|BANK:inst|OPC:inst7|REGISTER32bit:inst1|REGISTER8bit:inst|inst28                                      ; |Computador_MIC|CPU:inst1|DATAPATH:inst13|BANK:inst|OPC:inst7|REGISTER32bit:inst1|REGISTER8bit:inst|inst28                                ; regout           ;
; |Computador_MIC|CPU:inst1|DATAPATH:inst13|BANK:inst|CPP:inst5|REGISTER32bit:inst1|REGISTER8bit:inst|inst28                                      ; |Computador_MIC|CPU:inst1|DATAPATH:inst13|BANK:inst|CPP:inst5|REGISTER32bit:inst1|REGISTER8bit:inst|inst28                                ; regout           ;
; |Computador_MIC|CPU:inst1|DATAPATH:inst13|BANK:inst|SP:inst3|REGISTER32bit:inst1|REGISTER8bit:inst|inst28                                       ; |Computador_MIC|CPU:inst1|DATAPATH:inst13|BANK:inst|SP:inst3|REGISTER32bit:inst1|REGISTER8bit:inst|inst28                                 ; regout           ;
; |Computador_MIC|CPU:inst1|DATAPATH:inst13|BANK:inst|LV:inst4|REGISTER32bit:inst1|REGISTER8bit:inst|inst28                                       ; |Computador_MIC|CPU:inst1|DATAPATH:inst13|BANK:inst|LV:inst4|REGISTER32bit:inst1|REGISTER8bit:inst|inst28                                 ; regout           ;
; |Computador_MIC|CPU:inst1|DATAPATH:inst13|BANK:inst|OUT_B[7]~78                                                                                 ; |Computador_MIC|CPU:inst1|DATAPATH:inst13|BANK:inst|OUT_B[7]~78                                                                           ; combout          ;
; |Computador_MIC|CPU:inst1|DATAPATH:inst13|BANK:inst|H:inst8|REGISTER32bit:inst1|REGISTER8bit:inst20|inst                                        ; |Computador_MIC|CPU:inst1|DATAPATH:inst13|BANK:inst|H:inst8|REGISTER32bit:inst1|REGISTER8bit:inst20|inst                                  ; regout           ;
; |Computador_MIC|CPU:inst1|DATAPATH:inst13|BANK:inst|TOS:inst6|REGISTER32bit:inst1|REGISTER8bit:inst20|inst                                      ; |Computador_MIC|CPU:inst1|DATAPATH:inst13|BANK:inst|TOS:inst6|REGISTER32bit:inst1|REGISTER8bit:inst20|inst                                ; regout           ;
; |Computador_MIC|CPU:inst1|DATAPATH:inst13|BANK:inst|CPP:inst5|REGISTER32bit:inst1|REGISTER8bit:inst20|inst                                      ; |Computador_MIC|CPU:inst1|DATAPATH:inst13|BANK:inst|CPP:inst5|REGISTER32bit:inst1|REGISTER8bit:inst20|inst                                ; regout           ;
; |Computador_MIC|CPU:inst1|DATAPATH:inst13|BANK:inst|OPC:inst7|REGISTER32bit:inst1|REGISTER8bit:inst20|inst                                      ; |Computador_MIC|CPU:inst1|DATAPATH:inst13|BANK:inst|OPC:inst7|REGISTER32bit:inst1|REGISTER8bit:inst20|inst                                ; regout           ;
; |Computador_MIC|CPU:inst1|DATAPATH:inst13|BANK:inst|SP:inst3|REGISTER32bit:inst1|REGISTER8bit:inst20|inst                                       ; |Computador_MIC|CPU:inst1|DATAPATH:inst13|BANK:inst|SP:inst3|REGISTER32bit:inst1|REGISTER8bit:inst20|inst                                 ; regout           ;
; |Computador_MIC|CPU:inst1|DATAPATH:inst13|BANK:inst|LV:inst4|REGISTER32bit:inst1|REGISTER8bit:inst20|inst                                       ; |Computador_MIC|CPU:inst1|DATAPATH:inst13|BANK:inst|LV:inst4|REGISTER32bit:inst1|REGISTER8bit:inst20|inst                                 ; regout           ;
; |Computador_MIC|CPU:inst1|DATAPATH:inst13|BANK:inst|OUT_B[8]~83                                                                                 ; |Computador_MIC|CPU:inst1|DATAPATH:inst13|BANK:inst|OUT_B[8]~83                                                                           ; combout          ;
; |Computador_MIC|CPU:inst1|DATAPATH:inst13|BANK:inst|OUT_B[8]~84                                                                                 ; |Computador_MIC|CPU:inst1|DATAPATH:inst13|BANK:inst|OUT_B[8]~84                                                                           ; combout          ;
; |Computador_MIC|CPU:inst1|DATAPATH:inst13|BANK:inst|H:inst8|REGISTER32bit:inst1|REGISTER8bit:inst20|inst16                                      ; |Computador_MIC|CPU:inst1|DATAPATH:inst13|BANK:inst|H:inst8|REGISTER32bit:inst1|REGISTER8bit:inst20|inst16                                ; regout           ;
; |Computador_MIC|CPU:inst1|DATAPATH:inst13|BANK:inst|CPP:inst5|REGISTER32bit:inst1|REGISTER8bit:inst20|inst16                                    ; |Computador_MIC|CPU:inst1|DATAPATH:inst13|BANK:inst|CPP:inst5|REGISTER32bit:inst1|REGISTER8bit:inst20|inst16                              ; regout           ;
; |Computador_MIC|CPU:inst1|DATAPATH:inst13|BANK:inst|TOS:inst6|REGISTER32bit:inst1|REGISTER8bit:inst20|inst16                                    ; |Computador_MIC|CPU:inst1|DATAPATH:inst13|BANK:inst|TOS:inst6|REGISTER32bit:inst1|REGISTER8bit:inst20|inst16                              ; regout           ;
; |Computador_MIC|CPU:inst1|DATAPATH:inst13|BANK:inst|OUT_B[12]~85                                                                                ; |Computador_MIC|CPU:inst1|DATAPATH:inst13|BANK:inst|OUT_B[12]~85                                                                          ; combout          ;
; |Computador_MIC|CPU:inst1|DATAPATH:inst13|BANK:inst|OPC:inst7|REGISTER32bit:inst1|REGISTER8bit:inst20|inst16                                    ; |Computador_MIC|CPU:inst1|DATAPATH:inst13|BANK:inst|OPC:inst7|REGISTER32bit:inst1|REGISTER8bit:inst20|inst16                              ; regout           ;
; |Computador_MIC|CPU:inst1|DATAPATH:inst13|BANK:inst|SP:inst3|REGISTER32bit:inst1|REGISTER8bit:inst20|inst16                                     ; |Computador_MIC|CPU:inst1|DATAPATH:inst13|BANK:inst|SP:inst3|REGISTER32bit:inst1|REGISTER8bit:inst20|inst16                               ; regout           ;
; |Computador_MIC|CPU:inst1|DATAPATH:inst13|BANK:inst|LV:inst4|REGISTER32bit:inst1|REGISTER8bit:inst20|inst16                                     ; |Computador_MIC|CPU:inst1|DATAPATH:inst13|BANK:inst|LV:inst4|REGISTER32bit:inst1|REGISTER8bit:inst20|inst16                               ; regout           ;
; |Computador_MIC|CPU:inst1|DATAPATH:inst13|BANK:inst|OUT_B[12]~87                                                                                ; |Computador_MIC|CPU:inst1|DATAPATH:inst13|BANK:inst|OUT_B[12]~87                                                                          ; combout          ;
; |Computador_MIC|CPU:inst1|DATAPATH:inst13|BANK:inst|OUT_B[12]~88                                                                                ; |Computador_MIC|CPU:inst1|DATAPATH:inst13|BANK:inst|OUT_B[12]~88                                                                          ; combout          ;
; |Computador_MIC|CPU:inst1|DATAPATH:inst13|BANK:inst|H:inst8|REGISTER32bit:inst1|REGISTER8bit:inst20|inst20                                      ; |Computador_MIC|CPU:inst1|DATAPATH:inst13|BANK:inst|H:inst8|REGISTER32bit:inst1|REGISTER8bit:inst20|inst20                                ; regout           ;
; |Computador_MIC|CPU:inst1|DATAPATH:inst13|BANK:inst|CPP:inst5|REGISTER32bit:inst1|REGISTER8bit:inst20|inst20                                    ; |Computador_MIC|CPU:inst1|DATAPATH:inst13|BANK:inst|CPP:inst5|REGISTER32bit:inst1|REGISTER8bit:inst20|inst20                              ; regout           ;
; |Computador_MIC|CPU:inst1|DATAPATH:inst13|BANK:inst|TOS:inst6|REGISTER32bit:inst1|REGISTER8bit:inst20|inst20                                    ; |Computador_MIC|CPU:inst1|DATAPATH:inst13|BANK:inst|TOS:inst6|REGISTER32bit:inst1|REGISTER8bit:inst20|inst20                              ; regout           ;
; |Computador_MIC|CPU:inst1|DATAPATH:inst13|BANK:inst|OUT_B[13]~89                                                                                ; |Computador_MIC|CPU:inst1|DATAPATH:inst13|BANK:inst|OUT_B[13]~89                                                                          ; combout          ;
; |Computador_MIC|CPU:inst1|DATAPATH:inst13|BANK:inst|OPC:inst7|REGISTER32bit:inst1|REGISTER8bit:inst20|inst20                                    ; |Computador_MIC|CPU:inst1|DATAPATH:inst13|BANK:inst|OPC:inst7|REGISTER32bit:inst1|REGISTER8bit:inst20|inst20                              ; regout           ;
; |Computador_MIC|CPU:inst1|DATAPATH:inst13|BANK:inst|SP:inst3|REGISTER32bit:inst1|REGISTER8bit:inst20|inst20                                     ; |Computador_MIC|CPU:inst1|DATAPATH:inst13|BANK:inst|SP:inst3|REGISTER32bit:inst1|REGISTER8bit:inst20|inst20                               ; regout           ;
; |Computador_MIC|CPU:inst1|DATAPATH:inst13|BANK:inst|LV:inst4|REGISTER32bit:inst1|REGISTER8bit:inst20|inst20                                     ; |Computador_MIC|CPU:inst1|DATAPATH:inst13|BANK:inst|LV:inst4|REGISTER32bit:inst1|REGISTER8bit:inst20|inst20                               ; regout           ;
; |Computador_MIC|CPU:inst1|DATAPATH:inst13|BANK:inst|OUT_B[13]~91                                                                                ; |Computador_MIC|CPU:inst1|DATAPATH:inst13|BANK:inst|OUT_B[13]~91                                                                          ; combout          ;
; |Computador_MIC|CPU:inst1|DATAPATH:inst13|BANK:inst|OUT_B[13]~92                                                                                ; |Computador_MIC|CPU:inst1|DATAPATH:inst13|BANK:inst|OUT_B[13]~92                                                                          ; combout          ;
; |Computador_MIC|CPU:inst1|DATAPATH:inst13|BANK:inst|H:inst8|REGISTER32bit:inst1|REGISTER8bit:inst20|inst24                                      ; |Computador_MIC|CPU:inst1|DATAPATH:inst13|BANK:inst|H:inst8|REGISTER32bit:inst1|REGISTER8bit:inst20|inst24                                ; regout           ;
; |Computador_MIC|CPU:inst1|DATAPATH:inst13|BANK:inst|CPP:inst5|REGISTER32bit:inst1|REGISTER8bit:inst20|inst24                                    ; |Computador_MIC|CPU:inst1|DATAPATH:inst13|BANK:inst|CPP:inst5|REGISTER32bit:inst1|REGISTER8bit:inst20|inst24                              ; regout           ;
; |Computador_MIC|CPU:inst1|DATAPATH:inst13|BANK:inst|OPC:inst7|REGISTER32bit:inst1|REGISTER8bit:inst20|inst24                                    ; |Computador_MIC|CPU:inst1|DATAPATH:inst13|BANK:inst|OPC:inst7|REGISTER32bit:inst1|REGISTER8bit:inst20|inst24                              ; regout           ;
; |Computador_MIC|CPU:inst1|DATAPATH:inst13|BANK:inst|SP:inst3|REGISTER32bit:inst1|REGISTER8bit:inst20|inst24                                     ; |Computador_MIC|CPU:inst1|DATAPATH:inst13|BANK:inst|SP:inst3|REGISTER32bit:inst1|REGISTER8bit:inst20|inst24                               ; regout           ;
; |Computador_MIC|CPU:inst1|DATAPATH:inst13|BANK:inst|LV:inst4|REGISTER32bit:inst1|REGISTER8bit:inst20|inst24                                     ; |Computador_MIC|CPU:inst1|DATAPATH:inst13|BANK:inst|LV:inst4|REGISTER32bit:inst1|REGISTER8bit:inst20|inst24                               ; regout           ;
; |Computador_MIC|CPU:inst1|DATAPATH:inst13|BANK:inst|OUT_B[14]~95                                                                                ; |Computador_MIC|CPU:inst1|DATAPATH:inst13|BANK:inst|OUT_B[14]~95                                                                          ; combout          ;
; |Computador_MIC|CPU:inst1|DATAPATH:inst13|BANK:inst|H:inst8|REGISTER32bit:inst1|REGISTER8bit:inst20|inst28                                      ; |Computador_MIC|CPU:inst1|DATAPATH:inst13|BANK:inst|H:inst8|REGISTER32bit:inst1|REGISTER8bit:inst20|inst28                                ; regout           ;
; |Computador_MIC|CPU:inst1|DATAPATH:inst13|BANK:inst|CPP:inst5|REGISTER32bit:inst1|REGISTER8bit:inst20|inst28                                    ; |Computador_MIC|CPU:inst1|DATAPATH:inst13|BANK:inst|CPP:inst5|REGISTER32bit:inst1|REGISTER8bit:inst20|inst28                              ; regout           ;
; |Computador_MIC|CPU:inst1|DATAPATH:inst13|BANK:inst|OPC:inst7|REGISTER32bit:inst1|REGISTER8bit:inst20|inst28                                    ; |Computador_MIC|CPU:inst1|DATAPATH:inst13|BANK:inst|OPC:inst7|REGISTER32bit:inst1|REGISTER8bit:inst20|inst28                              ; regout           ;
; |Computador_MIC|CPU:inst1|DATAPATH:inst13|BANK:inst|SP:inst3|REGISTER32bit:inst1|REGISTER8bit:inst20|inst28                                     ; |Computador_MIC|CPU:inst1|DATAPATH:inst13|BANK:inst|SP:inst3|REGISTER32bit:inst1|REGISTER8bit:inst20|inst28                               ; regout           ;
; |Computador_MIC|CPU:inst1|DATAPATH:inst13|BANK:inst|LV:inst4|REGISTER32bit:inst1|REGISTER8bit:inst20|inst28                                     ; |Computador_MIC|CPU:inst1|DATAPATH:inst13|BANK:inst|LV:inst4|REGISTER32bit:inst1|REGISTER8bit:inst20|inst28                               ; regout           ;
; |Computador_MIC|CPU:inst1|DATAPATH:inst13|BANK:inst|OUT_B[15]~99                                                                                ; |Computador_MIC|CPU:inst1|DATAPATH:inst13|BANK:inst|OUT_B[15]~99                                                                          ; combout          ;
; |Computador_MIC|CPU:inst1|DATAPATH:inst13|BANK:inst|H:inst8|REGISTER32bit:inst1|REGISTER8bit:inst22|inst                                        ; |Computador_MIC|CPU:inst1|DATAPATH:inst13|BANK:inst|H:inst8|REGISTER32bit:inst1|REGISTER8bit:inst22|inst                                  ; regout           ;
; |Computador_MIC|CPU:inst1|DATAPATH:inst13|BANK:inst|CPP:inst5|REGISTER32bit:inst1|REGISTER8bit:inst22|inst                                      ; |Computador_MIC|CPU:inst1|DATAPATH:inst13|BANK:inst|CPP:inst5|REGISTER32bit:inst1|REGISTER8bit:inst22|inst                                ; regout           ;
; |Computador_MIC|CPU:inst1|DATAPATH:inst13|BANK:inst|TOS:inst6|REGISTER32bit:inst1|REGISTER8bit:inst22|inst                                      ; |Computador_MIC|CPU:inst1|DATAPATH:inst13|BANK:inst|TOS:inst6|REGISTER32bit:inst1|REGISTER8bit:inst22|inst                                ; regout           ;
; |Computador_MIC|CPU:inst1|DATAPATH:inst13|BANK:inst|OUT_B[16]~101                                                                               ; |Computador_MIC|CPU:inst1|DATAPATH:inst13|BANK:inst|OUT_B[16]~101                                                                         ; combout          ;
; |Computador_MIC|CPU:inst1|DATAPATH:inst13|BANK:inst|OPC:inst7|REGISTER32bit:inst1|REGISTER8bit:inst22|inst                                      ; |Computador_MIC|CPU:inst1|DATAPATH:inst13|BANK:inst|OPC:inst7|REGISTER32bit:inst1|REGISTER8bit:inst22|inst                                ; regout           ;
; |Computador_MIC|CPU:inst1|DATAPATH:inst13|BANK:inst|SP:inst3|REGISTER32bit:inst1|REGISTER8bit:inst22|inst                                       ; |Computador_MIC|CPU:inst1|DATAPATH:inst13|BANK:inst|SP:inst3|REGISTER32bit:inst1|REGISTER8bit:inst22|inst                                 ; regout           ;
; |Computador_MIC|CPU:inst1|DATAPATH:inst13|BANK:inst|LV:inst4|REGISTER32bit:inst1|REGISTER8bit:inst22|inst                                       ; |Computador_MIC|CPU:inst1|DATAPATH:inst13|BANK:inst|LV:inst4|REGISTER32bit:inst1|REGISTER8bit:inst22|inst                                 ; regout           ;
; |Computador_MIC|CPU:inst1|DATAPATH:inst13|BANK:inst|OUT_B[16]~103                                                                               ; |Computador_MIC|CPU:inst1|DATAPATH:inst13|BANK:inst|OUT_B[16]~103                                                                         ; combout          ;
; |Computador_MIC|CPU:inst1|DATAPATH:inst13|BANK:inst|OUT_B[16]~104                                                                               ; |Computador_MIC|CPU:inst1|DATAPATH:inst13|BANK:inst|OUT_B[16]~104                                                                         ; combout          ;
; |Computador_MIC|CPU:inst1|DATAPATH:inst13|BANK:inst|H:inst8|REGISTER32bit:inst1|REGISTER8bit:inst22|inst5                                       ; |Computador_MIC|CPU:inst1|DATAPATH:inst13|BANK:inst|H:inst8|REGISTER32bit:inst1|REGISTER8bit:inst22|inst5                                 ; regout           ;
; |Computador_MIC|CPU:inst1|DATAPATH:inst13|BANK:inst|CPP:inst5|REGISTER32bit:inst1|REGISTER8bit:inst22|inst5                                     ; |Computador_MIC|CPU:inst1|DATAPATH:inst13|BANK:inst|CPP:inst5|REGISTER32bit:inst1|REGISTER8bit:inst22|inst5                               ; regout           ;
; |Computador_MIC|CPU:inst1|DATAPATH:inst13|BANK:inst|TOS:inst6|REGISTER32bit:inst1|REGISTER8bit:inst22|inst5                                     ; |Computador_MIC|CPU:inst1|DATAPATH:inst13|BANK:inst|TOS:inst6|REGISTER32bit:inst1|REGISTER8bit:inst22|inst5                               ; regout           ;
; |Computador_MIC|CPU:inst1|DATAPATH:inst13|BANK:inst|OUT_B[17]~105                                                                               ; |Computador_MIC|CPU:inst1|DATAPATH:inst13|BANK:inst|OUT_B[17]~105                                                                         ; combout          ;
; |Computador_MIC|CPU:inst1|DATAPATH:inst13|BANK:inst|OPC:inst7|REGISTER32bit:inst1|REGISTER8bit:inst22|inst5                                     ; |Computador_MIC|CPU:inst1|DATAPATH:inst13|BANK:inst|OPC:inst7|REGISTER32bit:inst1|REGISTER8bit:inst22|inst5                               ; regout           ;
; |Computador_MIC|CPU:inst1|DATAPATH:inst13|BANK:inst|SP:inst3|REGISTER32bit:inst1|REGISTER8bit:inst22|inst5                                      ; |Computador_MIC|CPU:inst1|DATAPATH:inst13|BANK:inst|SP:inst3|REGISTER32bit:inst1|REGISTER8bit:inst22|inst5                                ; regout           ;
; |Computador_MIC|CPU:inst1|DATAPATH:inst13|BANK:inst|LV:inst4|REGISTER32bit:inst1|REGISTER8bit:inst22|inst5                                      ; |Computador_MIC|CPU:inst1|DATAPATH:inst13|BANK:inst|LV:inst4|REGISTER32bit:inst1|REGISTER8bit:inst22|inst5                                ; regout           ;
; |Computador_MIC|CPU:inst1|DATAPATH:inst13|BANK:inst|OUT_B[17]~107                                                                               ; |Computador_MIC|CPU:inst1|DATAPATH:inst13|BANK:inst|OUT_B[17]~107                                                                         ; combout          ;
; |Computador_MIC|CPU:inst1|DATAPATH:inst13|BANK:inst|OUT_B[17]~108                                                                               ; |Computador_MIC|CPU:inst1|DATAPATH:inst13|BANK:inst|OUT_B[17]~108                                                                         ; combout          ;
; |Computador_MIC|CPU:inst1|DATAPATH:inst13|BANK:inst|H:inst8|REGISTER32bit:inst1|REGISTER8bit:inst22|inst8                                       ; |Computador_MIC|CPU:inst1|DATAPATH:inst13|BANK:inst|H:inst8|REGISTER32bit:inst1|REGISTER8bit:inst22|inst8                                 ; regout           ;
; |Computador_MIC|CPU:inst1|DATAPATH:inst13|BANK:inst|CPP:inst5|REGISTER32bit:inst1|REGISTER8bit:inst22|inst8                                     ; |Computador_MIC|CPU:inst1|DATAPATH:inst13|BANK:inst|CPP:inst5|REGISTER32bit:inst1|REGISTER8bit:inst22|inst8                               ; regout           ;
; |Computador_MIC|CPU:inst1|DATAPATH:inst13|BANK:inst|TOS:inst6|REGISTER32bit:inst1|REGISTER8bit:inst22|inst8                                     ; |Computador_MIC|CPU:inst1|DATAPATH:inst13|BANK:inst|TOS:inst6|REGISTER32bit:inst1|REGISTER8bit:inst22|inst8                               ; regout           ;
; |Computador_MIC|CPU:inst1|DATAPATH:inst13|BANK:inst|OUT_B[18]~109                                                                               ; |Computador_MIC|CPU:inst1|DATAPATH:inst13|BANK:inst|OUT_B[18]~109                                                                         ; combout          ;
; |Computador_MIC|CPU:inst1|DATAPATH:inst13|BANK:inst|OPC:inst7|REGISTER32bit:inst1|REGISTER8bit:inst22|inst8                                     ; |Computador_MIC|CPU:inst1|DATAPATH:inst13|BANK:inst|OPC:inst7|REGISTER32bit:inst1|REGISTER8bit:inst22|inst8                               ; regout           ;
; |Computador_MIC|CPU:inst1|DATAPATH:inst13|BANK:inst|SP:inst3|REGISTER32bit:inst1|REGISTER8bit:inst22|inst8                                      ; |Computador_MIC|CPU:inst1|DATAPATH:inst13|BANK:inst|SP:inst3|REGISTER32bit:inst1|REGISTER8bit:inst22|inst8                                ; regout           ;
; |Computador_MIC|CPU:inst1|DATAPATH:inst13|BANK:inst|LV:inst4|REGISTER32bit:inst1|REGISTER8bit:inst22|inst8                                      ; |Computador_MIC|CPU:inst1|DATAPATH:inst13|BANK:inst|LV:inst4|REGISTER32bit:inst1|REGISTER8bit:inst22|inst8                                ; regout           ;
; |Computador_MIC|CPU:inst1|DATAPATH:inst13|BANK:inst|OUT_B[18]~111                                                                               ; |Computador_MIC|CPU:inst1|DATAPATH:inst13|BANK:inst|OUT_B[18]~111                                                                         ; combout          ;
; |Computador_MIC|CPU:inst1|DATAPATH:inst13|BANK:inst|OUT_B[18]~112                                                                               ; |Computador_MIC|CPU:inst1|DATAPATH:inst13|BANK:inst|OUT_B[18]~112                                                                         ; combout          ;
; |Computador_MIC|CPU:inst1|DATAPATH:inst13|BANK:inst|H:inst8|REGISTER32bit:inst1|REGISTER8bit:inst22|inst12                                      ; |Computador_MIC|CPU:inst1|DATAPATH:inst13|BANK:inst|H:inst8|REGISTER32bit:inst1|REGISTER8bit:inst22|inst12                                ; regout           ;
; |Computador_MIC|CPU:inst1|DATAPATH:inst13|BANK:inst|CPP:inst5|REGISTER32bit:inst1|REGISTER8bit:inst22|inst12                                    ; |Computador_MIC|CPU:inst1|DATAPATH:inst13|BANK:inst|CPP:inst5|REGISTER32bit:inst1|REGISTER8bit:inst22|inst12                              ; regout           ;
; |Computador_MIC|CPU:inst1|DATAPATH:inst13|BANK:inst|TOS:inst6|REGISTER32bit:inst1|REGISTER8bit:inst22|inst12                                    ; |Computador_MIC|CPU:inst1|DATAPATH:inst13|BANK:inst|TOS:inst6|REGISTER32bit:inst1|REGISTER8bit:inst22|inst12                              ; regout           ;
; |Computador_MIC|CPU:inst1|DATAPATH:inst13|BANK:inst|OUT_B[19]~113                                                                               ; |Computador_MIC|CPU:inst1|DATAPATH:inst13|BANK:inst|OUT_B[19]~113                                                                         ; combout          ;
; |Computador_MIC|CPU:inst1|DATAPATH:inst13|BANK:inst|OPC:inst7|REGISTER32bit:inst1|REGISTER8bit:inst22|inst12                                    ; |Computador_MIC|CPU:inst1|DATAPATH:inst13|BANK:inst|OPC:inst7|REGISTER32bit:inst1|REGISTER8bit:inst22|inst12                              ; regout           ;
; |Computador_MIC|CPU:inst1|DATAPATH:inst13|BANK:inst|SP:inst3|REGISTER32bit:inst1|REGISTER8bit:inst22|inst12                                     ; |Computador_MIC|CPU:inst1|DATAPATH:inst13|BANK:inst|SP:inst3|REGISTER32bit:inst1|REGISTER8bit:inst22|inst12                               ; regout           ;
; |Computador_MIC|CPU:inst1|DATAPATH:inst13|BANK:inst|LV:inst4|REGISTER32bit:inst1|REGISTER8bit:inst22|inst12                                     ; |Computador_MIC|CPU:inst1|DATAPATH:inst13|BANK:inst|LV:inst4|REGISTER32bit:inst1|REGISTER8bit:inst22|inst12                               ; regout           ;
; |Computador_MIC|CPU:inst1|DATAPATH:inst13|BANK:inst|OUT_B[19]~115                                                                               ; |Computador_MIC|CPU:inst1|DATAPATH:inst13|BANK:inst|OUT_B[19]~115                                                                         ; combout          ;
; |Computador_MIC|CPU:inst1|DATAPATH:inst13|BANK:inst|OUT_B[19]~116                                                                               ; |Computador_MIC|CPU:inst1|DATAPATH:inst13|BANK:inst|OUT_B[19]~116                                                                         ; combout          ;
; |Computador_MIC|CPU:inst1|DATAPATH:inst13|BANK:inst|H:inst8|REGISTER32bit:inst1|REGISTER8bit:inst22|inst16                                      ; |Computador_MIC|CPU:inst1|DATAPATH:inst13|BANK:inst|H:inst8|REGISTER32bit:inst1|REGISTER8bit:inst22|inst16                                ; regout           ;
; |Computador_MIC|CPU:inst1|DATAPATH:inst13|BANK:inst|CPP:inst5|REGISTER32bit:inst1|REGISTER8bit:inst22|inst16                                    ; |Computador_MIC|CPU:inst1|DATAPATH:inst13|BANK:inst|CPP:inst5|REGISTER32bit:inst1|REGISTER8bit:inst22|inst16                              ; regout           ;
; |Computador_MIC|CPU:inst1|DATAPATH:inst13|BANK:inst|TOS:inst6|REGISTER32bit:inst1|REGISTER8bit:inst22|inst16                                    ; |Computador_MIC|CPU:inst1|DATAPATH:inst13|BANK:inst|TOS:inst6|REGISTER32bit:inst1|REGISTER8bit:inst22|inst16                              ; regout           ;
; |Computador_MIC|CPU:inst1|DATAPATH:inst13|BANK:inst|OUT_B[20]~117                                                                               ; |Computador_MIC|CPU:inst1|DATAPATH:inst13|BANK:inst|OUT_B[20]~117                                                                         ; combout          ;
; |Computador_MIC|CPU:inst1|DATAPATH:inst13|BANK:inst|OPC:inst7|REGISTER32bit:inst1|REGISTER8bit:inst22|inst16                                    ; |Computador_MIC|CPU:inst1|DATAPATH:inst13|BANK:inst|OPC:inst7|REGISTER32bit:inst1|REGISTER8bit:inst22|inst16                              ; regout           ;
; |Computador_MIC|CPU:inst1|DATAPATH:inst13|BANK:inst|SP:inst3|REGISTER32bit:inst1|REGISTER8bit:inst22|inst16                                     ; |Computador_MIC|CPU:inst1|DATAPATH:inst13|BANK:inst|SP:inst3|REGISTER32bit:inst1|REGISTER8bit:inst22|inst16                               ; regout           ;
; |Computador_MIC|CPU:inst1|DATAPATH:inst13|BANK:inst|LV:inst4|REGISTER32bit:inst1|REGISTER8bit:inst22|inst16                                     ; |Computador_MIC|CPU:inst1|DATAPATH:inst13|BANK:inst|LV:inst4|REGISTER32bit:inst1|REGISTER8bit:inst22|inst16                               ; regout           ;
; |Computador_MIC|CPU:inst1|DATAPATH:inst13|BANK:inst|OUT_B[20]~119                                                                               ; |Computador_MIC|CPU:inst1|DATAPATH:inst13|BANK:inst|OUT_B[20]~119                                                                         ; combout          ;
; |Computador_MIC|CPU:inst1|DATAPATH:inst13|BANK:inst|OUT_B[20]~120                                                                               ; |Computador_MIC|CPU:inst1|DATAPATH:inst13|BANK:inst|OUT_B[20]~120                                                                         ; combout          ;
; |Computador_MIC|CPU:inst1|DATAPATH:inst13|BANK:inst|H:inst8|REGISTER32bit:inst1|REGISTER8bit:inst22|inst20                                      ; |Computador_MIC|CPU:inst1|DATAPATH:inst13|BANK:inst|H:inst8|REGISTER32bit:inst1|REGISTER8bit:inst22|inst20                                ; regout           ;
; |Computador_MIC|CPU:inst1|DATAPATH:inst13|BANK:inst|CPP:inst5|REGISTER32bit:inst1|REGISTER8bit:inst22|inst20                                    ; |Computador_MIC|CPU:inst1|DATAPATH:inst13|BANK:inst|CPP:inst5|REGISTER32bit:inst1|REGISTER8bit:inst22|inst20                              ; regout           ;
; |Computador_MIC|CPU:inst1|DATAPATH:inst13|BANK:inst|TOS:inst6|REGISTER32bit:inst1|REGISTER8bit:inst22|inst20                                    ; |Computador_MIC|CPU:inst1|DATAPATH:inst13|BANK:inst|TOS:inst6|REGISTER32bit:inst1|REGISTER8bit:inst22|inst20                              ; regout           ;
; |Computador_MIC|CPU:inst1|DATAPATH:inst13|BANK:inst|OUT_B[21]~121                                                                               ; |Computador_MIC|CPU:inst1|DATAPATH:inst13|BANK:inst|OUT_B[21]~121                                                                         ; combout          ;
; |Computador_MIC|CPU:inst1|DATAPATH:inst13|BANK:inst|OPC:inst7|REGISTER32bit:inst1|REGISTER8bit:inst22|inst20                                    ; |Computador_MIC|CPU:inst1|DATAPATH:inst13|BANK:inst|OPC:inst7|REGISTER32bit:inst1|REGISTER8bit:inst22|inst20                              ; regout           ;
; |Computador_MIC|CPU:inst1|DATAPATH:inst13|BANK:inst|SP:inst3|REGISTER32bit:inst1|REGISTER8bit:inst22|inst20                                     ; |Computador_MIC|CPU:inst1|DATAPATH:inst13|BANK:inst|SP:inst3|REGISTER32bit:inst1|REGISTER8bit:inst22|inst20                               ; regout           ;
; |Computador_MIC|CPU:inst1|DATAPATH:inst13|BANK:inst|LV:inst4|REGISTER32bit:inst1|REGISTER8bit:inst22|inst20                                     ; |Computador_MIC|CPU:inst1|DATAPATH:inst13|BANK:inst|LV:inst4|REGISTER32bit:inst1|REGISTER8bit:inst22|inst20                               ; regout           ;
; |Computador_MIC|CPU:inst1|DATAPATH:inst13|BANK:inst|OUT_B[21]~123                                                                               ; |Computador_MIC|CPU:inst1|DATAPATH:inst13|BANK:inst|OUT_B[21]~123                                                                         ; combout          ;
; |Computador_MIC|CPU:inst1|DATAPATH:inst13|BANK:inst|OUT_B[21]~124                                                                               ; |Computador_MIC|CPU:inst1|DATAPATH:inst13|BANK:inst|OUT_B[21]~124                                                                         ; combout          ;
; |Computador_MIC|CPU:inst1|DATAPATH:inst13|BANK:inst|H:inst8|REGISTER32bit:inst1|REGISTER8bit:inst22|inst24                                      ; |Computador_MIC|CPU:inst1|DATAPATH:inst13|BANK:inst|H:inst8|REGISTER32bit:inst1|REGISTER8bit:inst22|inst24                                ; regout           ;
; |Computador_MIC|CPU:inst1|DATAPATH:inst13|BANK:inst|CPP:inst5|REGISTER32bit:inst1|REGISTER8bit:inst22|inst24                                    ; |Computador_MIC|CPU:inst1|DATAPATH:inst13|BANK:inst|CPP:inst5|REGISTER32bit:inst1|REGISTER8bit:inst22|inst24                              ; regout           ;
; |Computador_MIC|CPU:inst1|DATAPATH:inst13|BANK:inst|TOS:inst6|REGISTER32bit:inst1|REGISTER8bit:inst22|inst24                                    ; |Computador_MIC|CPU:inst1|DATAPATH:inst13|BANK:inst|TOS:inst6|REGISTER32bit:inst1|REGISTER8bit:inst22|inst24                              ; regout           ;
; |Computador_MIC|CPU:inst1|DATAPATH:inst13|BANK:inst|OUT_B[22]~125                                                                               ; |Computador_MIC|CPU:inst1|DATAPATH:inst13|BANK:inst|OUT_B[22]~125                                                                         ; combout          ;
; |Computador_MIC|CPU:inst1|DATAPATH:inst13|BANK:inst|OPC:inst7|REGISTER32bit:inst1|REGISTER8bit:inst22|inst24                                    ; |Computador_MIC|CPU:inst1|DATAPATH:inst13|BANK:inst|OPC:inst7|REGISTER32bit:inst1|REGISTER8bit:inst22|inst24                              ; regout           ;
; |Computador_MIC|CPU:inst1|DATAPATH:inst13|BANK:inst|SP:inst3|REGISTER32bit:inst1|REGISTER8bit:inst22|inst24                                     ; |Computador_MIC|CPU:inst1|DATAPATH:inst13|BANK:inst|SP:inst3|REGISTER32bit:inst1|REGISTER8bit:inst22|inst24                               ; regout           ;
; |Computador_MIC|CPU:inst1|DATAPATH:inst13|BANK:inst|LV:inst4|REGISTER32bit:inst1|REGISTER8bit:inst22|inst24                                     ; |Computador_MIC|CPU:inst1|DATAPATH:inst13|BANK:inst|LV:inst4|REGISTER32bit:inst1|REGISTER8bit:inst22|inst24                               ; regout           ;
; |Computador_MIC|CPU:inst1|DATAPATH:inst13|BANK:inst|OUT_B[22]~127                                                                               ; |Computador_MIC|CPU:inst1|DATAPATH:inst13|BANK:inst|OUT_B[22]~127                                                                         ; combout          ;
; |Computador_MIC|CPU:inst1|DATAPATH:inst13|BANK:inst|OUT_B[22]~128                                                                               ; |Computador_MIC|CPU:inst1|DATAPATH:inst13|BANK:inst|OUT_B[22]~128                                                                         ; combout          ;
; |Computador_MIC|CPU:inst1|DATAPATH:inst13|BANK:inst|H:inst8|REGISTER32bit:inst1|REGISTER8bit:inst22|inst28                                      ; |Computador_MIC|CPU:inst1|DATAPATH:inst13|BANK:inst|H:inst8|REGISTER32bit:inst1|REGISTER8bit:inst22|inst28                                ; regout           ;
; |Computador_MIC|CPU:inst1|DATAPATH:inst13|BANK:inst|CPP:inst5|REGISTER32bit:inst1|REGISTER8bit:inst22|inst28                                    ; |Computador_MIC|CPU:inst1|DATAPATH:inst13|BANK:inst|CPP:inst5|REGISTER32bit:inst1|REGISTER8bit:inst22|inst28                              ; regout           ;
; |Computador_MIC|CPU:inst1|DATAPATH:inst13|BANK:inst|TOS:inst6|REGISTER32bit:inst1|REGISTER8bit:inst22|inst28                                    ; |Computador_MIC|CPU:inst1|DATAPATH:inst13|BANK:inst|TOS:inst6|REGISTER32bit:inst1|REGISTER8bit:inst22|inst28                              ; regout           ;
; |Computador_MIC|CPU:inst1|DATAPATH:inst13|BANK:inst|OUT_B[23]~129                                                                               ; |Computador_MIC|CPU:inst1|DATAPATH:inst13|BANK:inst|OUT_B[23]~129                                                                         ; combout          ;
; |Computador_MIC|CPU:inst1|DATAPATH:inst13|BANK:inst|OPC:inst7|REGISTER32bit:inst1|REGISTER8bit:inst22|inst28                                    ; |Computador_MIC|CPU:inst1|DATAPATH:inst13|BANK:inst|OPC:inst7|REGISTER32bit:inst1|REGISTER8bit:inst22|inst28                              ; regout           ;
; |Computador_MIC|CPU:inst1|DATAPATH:inst13|BANK:inst|SP:inst3|REGISTER32bit:inst1|REGISTER8bit:inst22|inst28                                     ; |Computador_MIC|CPU:inst1|DATAPATH:inst13|BANK:inst|SP:inst3|REGISTER32bit:inst1|REGISTER8bit:inst22|inst28                               ; regout           ;
; |Computador_MIC|CPU:inst1|DATAPATH:inst13|BANK:inst|LV:inst4|REGISTER32bit:inst1|REGISTER8bit:inst22|inst28                                     ; |Computador_MIC|CPU:inst1|DATAPATH:inst13|BANK:inst|LV:inst4|REGISTER32bit:inst1|REGISTER8bit:inst22|inst28                               ; regout           ;
; |Computador_MIC|CPU:inst1|DATAPATH:inst13|BANK:inst|OUT_B[23]~131                                                                               ; |Computador_MIC|CPU:inst1|DATAPATH:inst13|BANK:inst|OUT_B[23]~131                                                                         ; combout          ;
; |Computador_MIC|CPU:inst1|DATAPATH:inst13|BANK:inst|OUT_B[23]~132                                                                               ; |Computador_MIC|CPU:inst1|DATAPATH:inst13|BANK:inst|OUT_B[23]~132                                                                         ; combout          ;
; |Computador_MIC|CPU:inst1|DATAPATH:inst13|BANK:inst|H:inst8|REGISTER32bit:inst1|REGISTER8bit:inst23|inst                                        ; |Computador_MIC|CPU:inst1|DATAPATH:inst13|BANK:inst|H:inst8|REGISTER32bit:inst1|REGISTER8bit:inst23|inst                                  ; regout           ;
; |Computador_MIC|CPU:inst1|DATAPATH:inst13|BANK:inst|CPP:inst5|REGISTER32bit:inst1|REGISTER8bit:inst23|inst                                      ; |Computador_MIC|CPU:inst1|DATAPATH:inst13|BANK:inst|CPP:inst5|REGISTER32bit:inst1|REGISTER8bit:inst23|inst                                ; regout           ;
; |Computador_MIC|CPU:inst1|DATAPATH:inst13|BANK:inst|TOS:inst6|REGISTER32bit:inst1|REGISTER8bit:inst23|inst                                      ; |Computador_MIC|CPU:inst1|DATAPATH:inst13|BANK:inst|TOS:inst6|REGISTER32bit:inst1|REGISTER8bit:inst23|inst                                ; regout           ;
; |Computador_MIC|CPU:inst1|DATAPATH:inst13|BANK:inst|OUT_B[24]~133                                                                               ; |Computador_MIC|CPU:inst1|DATAPATH:inst13|BANK:inst|OUT_B[24]~133                                                                         ; combout          ;
; |Computador_MIC|CPU:inst1|DATAPATH:inst13|BANK:inst|OPC:inst7|REGISTER32bit:inst1|REGISTER8bit:inst23|inst                                      ; |Computador_MIC|CPU:inst1|DATAPATH:inst13|BANK:inst|OPC:inst7|REGISTER32bit:inst1|REGISTER8bit:inst23|inst                                ; regout           ;
; |Computador_MIC|CPU:inst1|DATAPATH:inst13|BANK:inst|SP:inst3|REGISTER32bit:inst1|REGISTER8bit:inst23|inst                                       ; |Computador_MIC|CPU:inst1|DATAPATH:inst13|BANK:inst|SP:inst3|REGISTER32bit:inst1|REGISTER8bit:inst23|inst                                 ; regout           ;
; |Computador_MIC|CPU:inst1|DATAPATH:inst13|BANK:inst|LV:inst4|REGISTER32bit:inst1|REGISTER8bit:inst23|inst                                       ; |Computador_MIC|CPU:inst1|DATAPATH:inst13|BANK:inst|LV:inst4|REGISTER32bit:inst1|REGISTER8bit:inst23|inst                                 ; regout           ;
; |Computador_MIC|CPU:inst1|DATAPATH:inst13|BANK:inst|OUT_B[24]~135                                                                               ; |Computador_MIC|CPU:inst1|DATAPATH:inst13|BANK:inst|OUT_B[24]~135                                                                         ; combout          ;
; |Computador_MIC|CPU:inst1|DATAPATH:inst13|BANK:inst|OUT_B[24]~136                                                                               ; |Computador_MIC|CPU:inst1|DATAPATH:inst13|BANK:inst|OUT_B[24]~136                                                                         ; combout          ;
; |Computador_MIC|CPU:inst1|DATAPATH:inst13|BANK:inst|H:inst8|REGISTER32bit:inst1|REGISTER8bit:inst23|inst12                                      ; |Computador_MIC|CPU:inst1|DATAPATH:inst13|BANK:inst|H:inst8|REGISTER32bit:inst1|REGISTER8bit:inst23|inst12                                ; regout           ;
; |Computador_MIC|CPU:inst1|DATAPATH:inst13|BANK:inst|OPC:inst7|REGISTER32bit:inst1|REGISTER8bit:inst23|inst12                                    ; |Computador_MIC|CPU:inst1|DATAPATH:inst13|BANK:inst|OPC:inst7|REGISTER32bit:inst1|REGISTER8bit:inst23|inst12                              ; regout           ;
; |Computador_MIC|CPU:inst1|DATAPATH:inst13|BANK:inst|CPP:inst5|REGISTER32bit:inst1|REGISTER8bit:inst23|inst12                                    ; |Computador_MIC|CPU:inst1|DATAPATH:inst13|BANK:inst|CPP:inst5|REGISTER32bit:inst1|REGISTER8bit:inst23|inst12                              ; regout           ;
; |Computador_MIC|CPU:inst1|DATAPATH:inst13|BANK:inst|TOS:inst6|REGISTER32bit:inst1|REGISTER8bit:inst23|inst12                                    ; |Computador_MIC|CPU:inst1|DATAPATH:inst13|BANK:inst|TOS:inst6|REGISTER32bit:inst1|REGISTER8bit:inst23|inst12                              ; regout           ;
; |Computador_MIC|CPU:inst1|DATAPATH:inst13|BANK:inst|OUT_B[27]~138                                                                               ; |Computador_MIC|CPU:inst1|DATAPATH:inst13|BANK:inst|OUT_B[27]~138                                                                         ; combout          ;
; |Computador_MIC|CPU:inst1|DATAPATH:inst13|BANK:inst|SP:inst3|REGISTER32bit:inst1|REGISTER8bit:inst23|inst12                                     ; |Computador_MIC|CPU:inst1|DATAPATH:inst13|BANK:inst|SP:inst3|REGISTER32bit:inst1|REGISTER8bit:inst23|inst12                               ; regout           ;
; |Computador_MIC|CPU:inst1|DATAPATH:inst13|BANK:inst|LV:inst4|REGISTER32bit:inst1|REGISTER8bit:inst23|inst12                                     ; |Computador_MIC|CPU:inst1|DATAPATH:inst13|BANK:inst|LV:inst4|REGISTER32bit:inst1|REGISTER8bit:inst23|inst12                               ; regout           ;
; |Computador_MIC|CPU:inst1|DATAPATH:inst13|BANK:inst|OUT_B[27]~139                                                                               ; |Computador_MIC|CPU:inst1|DATAPATH:inst13|BANK:inst|OUT_B[27]~139                                                                         ; combout          ;
; |Computador_MIC|CPU:inst1|DATAPATH:inst13|BANK:inst|OUT_B[27]~140                                                                               ; |Computador_MIC|CPU:inst1|DATAPATH:inst13|BANK:inst|OUT_B[27]~140                                                                         ; combout          ;
; |Computador_MIC|CPU:inst1|DATAPATH:inst13|BANK:inst|H:inst8|REGISTER32bit:inst1|REGISTER8bit:inst23|inst16                                      ; |Computador_MIC|CPU:inst1|DATAPATH:inst13|BANK:inst|H:inst8|REGISTER32bit:inst1|REGISTER8bit:inst23|inst16                                ; regout           ;
; |Computador_MIC|CPU:inst1|DATAPATH:inst13|BANK:inst|CPP:inst5|REGISTER32bit:inst1|REGISTER8bit:inst23|inst16                                    ; |Computador_MIC|CPU:inst1|DATAPATH:inst13|BANK:inst|CPP:inst5|REGISTER32bit:inst1|REGISTER8bit:inst23|inst16                              ; regout           ;
; |Computador_MIC|CPU:inst1|DATAPATH:inst13|BANK:inst|TOS:inst6|REGISTER32bit:inst1|REGISTER8bit:inst23|inst16                                    ; |Computador_MIC|CPU:inst1|DATAPATH:inst13|BANK:inst|TOS:inst6|REGISTER32bit:inst1|REGISTER8bit:inst23|inst16                              ; regout           ;
; |Computador_MIC|CPU:inst1|DATAPATH:inst13|BANK:inst|OUT_B[28]~142                                                                               ; |Computador_MIC|CPU:inst1|DATAPATH:inst13|BANK:inst|OUT_B[28]~142                                                                         ; combout          ;
; |Computador_MIC|CPU:inst1|DATAPATH:inst13|BANK:inst|OPC:inst7|REGISTER32bit:inst1|REGISTER8bit:inst23|inst16                                    ; |Computador_MIC|CPU:inst1|DATAPATH:inst13|BANK:inst|OPC:inst7|REGISTER32bit:inst1|REGISTER8bit:inst23|inst16                              ; regout           ;
; |Computador_MIC|CPU:inst1|DATAPATH:inst13|BANK:inst|SP:inst3|REGISTER32bit:inst1|REGISTER8bit:inst23|inst16                                     ; |Computador_MIC|CPU:inst1|DATAPATH:inst13|BANK:inst|SP:inst3|REGISTER32bit:inst1|REGISTER8bit:inst23|inst16                               ; regout           ;
; |Computador_MIC|CPU:inst1|DATAPATH:inst13|BANK:inst|LV:inst4|REGISTER32bit:inst1|REGISTER8bit:inst23|inst16                                     ; |Computador_MIC|CPU:inst1|DATAPATH:inst13|BANK:inst|LV:inst4|REGISTER32bit:inst1|REGISTER8bit:inst23|inst16                               ; regout           ;
; |Computador_MIC|CPU:inst1|DATAPATH:inst13|BANK:inst|OUT_B[28]~144                                                                               ; |Computador_MIC|CPU:inst1|DATAPATH:inst13|BANK:inst|OUT_B[28]~144                                                                         ; combout          ;
; |Computador_MIC|CPU:inst1|DATAPATH:inst13|BANK:inst|OUT_B[28]~145                                                                               ; |Computador_MIC|CPU:inst1|DATAPATH:inst13|BANK:inst|OUT_B[28]~145                                                                         ; combout          ;
; |Computador_MIC|CPU:inst1|DATAPATH:inst13|BANK:inst|H:inst8|REGISTER32bit:inst1|REGISTER8bit:inst23|inst20                                      ; |Computador_MIC|CPU:inst1|DATAPATH:inst13|BANK:inst|H:inst8|REGISTER32bit:inst1|REGISTER8bit:inst23|inst20                                ; regout           ;
; |Computador_MIC|CPU:inst1|DATAPATH:inst13|BANK:inst|CPP:inst5|REGISTER32bit:inst1|REGISTER8bit:inst23|inst20                                    ; |Computador_MIC|CPU:inst1|DATAPATH:inst13|BANK:inst|CPP:inst5|REGISTER32bit:inst1|REGISTER8bit:inst23|inst20                              ; regout           ;
; |Computador_MIC|CPU:inst1|DATAPATH:inst13|BANK:inst|TOS:inst6|REGISTER32bit:inst1|REGISTER8bit:inst23|inst20                                    ; |Computador_MIC|CPU:inst1|DATAPATH:inst13|BANK:inst|TOS:inst6|REGISTER32bit:inst1|REGISTER8bit:inst23|inst20                              ; regout           ;
; |Computador_MIC|CPU:inst1|DATAPATH:inst13|BANK:inst|OUT_B[29]~146                                                                               ; |Computador_MIC|CPU:inst1|DATAPATH:inst13|BANK:inst|OUT_B[29]~146                                                                         ; combout          ;
; |Computador_MIC|CPU:inst1|DATAPATH:inst13|BANK:inst|OPC:inst7|REGISTER32bit:inst1|REGISTER8bit:inst23|inst20                                    ; |Computador_MIC|CPU:inst1|DATAPATH:inst13|BANK:inst|OPC:inst7|REGISTER32bit:inst1|REGISTER8bit:inst23|inst20                              ; regout           ;
; |Computador_MIC|CPU:inst1|DATAPATH:inst13|BANK:inst|SP:inst3|REGISTER32bit:inst1|REGISTER8bit:inst23|inst20                                     ; |Computador_MIC|CPU:inst1|DATAPATH:inst13|BANK:inst|SP:inst3|REGISTER32bit:inst1|REGISTER8bit:inst23|inst20                               ; regout           ;
; |Computador_MIC|CPU:inst1|DATAPATH:inst13|BANK:inst|LV:inst4|REGISTER32bit:inst1|REGISTER8bit:inst23|inst20                                     ; |Computador_MIC|CPU:inst1|DATAPATH:inst13|BANK:inst|LV:inst4|REGISTER32bit:inst1|REGISTER8bit:inst23|inst20                               ; regout           ;
; |Computador_MIC|CPU:inst1|DATAPATH:inst13|BANK:inst|OUT_B[29]~148                                                                               ; |Computador_MIC|CPU:inst1|DATAPATH:inst13|BANK:inst|OUT_B[29]~148                                                                         ; combout          ;
; |Computador_MIC|CPU:inst1|DATAPATH:inst13|BANK:inst|OUT_B[29]~149                                                                               ; |Computador_MIC|CPU:inst1|DATAPATH:inst13|BANK:inst|OUT_B[29]~149                                                                         ; combout          ;
; |Computador_MIC|CPU:inst1|CONTROL_UNIT:inst|mpc_generator:inst1|inst                                                                            ; |Computador_MIC|CPU:inst1|CONTROL_UNIT:inst|mpc_generator:inst1|inst                                                                      ; regout           ;
; |Computador_MIC|CPU:inst1|DATAPATH:inst13|BANK:inst|CPP:inst5|REGISTER32bit:inst1|inst4                                                         ; |Computador_MIC|CPU:inst1|DATAPATH:inst13|BANK:inst|CPP:inst5|REGISTER32bit:inst1|inst4                                                   ; combout          ;
; |Computador_MIC|PC[31]                                                                                                                          ; |Computador_MIC|PC[31]                                                                                                                    ; padio            ;
; |Computador_MIC|PC[30]                                                                                                                          ; |Computador_MIC|PC[30]                                                                                                                    ; padio            ;
; |Computador_MIC|PC[29]                                                                                                                          ; |Computador_MIC|PC[29]                                                                                                                    ; padio            ;
; |Computador_MIC|PC[28]                                                                                                                          ; |Computador_MIC|PC[28]                                                                                                                    ; padio            ;
; |Computador_MIC|PC[27]                                                                                                                          ; |Computador_MIC|PC[27]                                                                                                                    ; padio            ;
; |Computador_MIC|PC[26]                                                                                                                          ; |Computador_MIC|PC[26]                                                                                                                    ; padio            ;
; |Computador_MIC|PC[25]                                                                                                                          ; |Computador_MIC|PC[25]                                                                                                                    ; padio            ;
; |Computador_MIC|PC[24]                                                                                                                          ; |Computador_MIC|PC[24]                                                                                                                    ; padio            ;
; |Computador_MIC|PC[23]                                                                                                                          ; |Computador_MIC|PC[23]                                                                                                                    ; padio            ;
; |Computador_MIC|PC[22]                                                                                                                          ; |Computador_MIC|PC[22]                                                                                                                    ; padio            ;
; |Computador_MIC|PC[21]                                                                                                                          ; |Computador_MIC|PC[21]                                                                                                                    ; padio            ;
; |Computador_MIC|PC[20]                                                                                                                          ; |Computador_MIC|PC[20]                                                                                                                    ; padio            ;
; |Computador_MIC|PC[19]                                                                                                                          ; |Computador_MIC|PC[19]                                                                                                                    ; padio            ;
; |Computador_MIC|PC[18]                                                                                                                          ; |Computador_MIC|PC[18]                                                                                                                    ; padio            ;
; |Computador_MIC|PC[17]                                                                                                                          ; |Computador_MIC|PC[17]                                                                                                                    ; padio            ;
; |Computador_MIC|PC[16]                                                                                                                          ; |Computador_MIC|PC[16]                                                                                                                    ; padio            ;
; |Computador_MIC|PC[15]                                                                                                                          ; |Computador_MIC|PC[15]                                                                                                                    ; padio            ;
; |Computador_MIC|PC[14]                                                                                                                          ; |Computador_MIC|PC[14]                                                                                                                    ; padio            ;
; |Computador_MIC|PC[13]                                                                                                                          ; |Computador_MIC|PC[13]                                                                                                                    ; padio            ;
; |Computador_MIC|PC[12]                                                                                                                          ; |Computador_MIC|PC[12]                                                                                                                    ; padio            ;
; |Computador_MIC|PC[11]                                                                                                                          ; |Computador_MIC|PC[11]                                                                                                                    ; padio            ;
; |Computador_MIC|PC[10]                                                                                                                          ; |Computador_MIC|PC[10]                                                                                                                    ; padio            ;
; |Computador_MIC|PC[9]                                                                                                                           ; |Computador_MIC|PC[9]                                                                                                                     ; padio            ;
; |Computador_MIC|PC[8]                                                                                                                           ; |Computador_MIC|PC[8]                                                                                                                     ; padio            ;
; |Computador_MIC|PC[7]                                                                                                                           ; |Computador_MIC|PC[7]                                                                                                                     ; padio            ;
; |Computador_MIC|DATA_MEM_ADDR[31]                                                                                                               ; |Computador_MIC|DATA_MEM_ADDR[31]                                                                                                         ; padio            ;
; |Computador_MIC|DATA_MEM_ADDR[30]                                                                                                               ; |Computador_MIC|DATA_MEM_ADDR[30]                                                                                                         ; padio            ;
; |Computador_MIC|DATA_MEM_ADDR[29]                                                                                                               ; |Computador_MIC|DATA_MEM_ADDR[29]                                                                                                         ; padio            ;
; |Computador_MIC|DATA_MEM_ADDR[28]                                                                                                               ; |Computador_MIC|DATA_MEM_ADDR[28]                                                                                                         ; padio            ;
; |Computador_MIC|DATA_MEM_ADDR[27]                                                                                                               ; |Computador_MIC|DATA_MEM_ADDR[27]                                                                                                         ; padio            ;
; |Computador_MIC|DATA_MEM_ADDR[26]                                                                                                               ; |Computador_MIC|DATA_MEM_ADDR[26]                                                                                                         ; padio            ;
; |Computador_MIC|DATA_MEM_ADDR[25]                                                                                                               ; |Computador_MIC|DATA_MEM_ADDR[25]                                                                                                         ; padio            ;
; |Computador_MIC|DATA_MEM_ADDR[24]                                                                                                               ; |Computador_MIC|DATA_MEM_ADDR[24]                                                                                                         ; padio            ;
; |Computador_MIC|DATA_MEM_ADDR[23]                                                                                                               ; |Computador_MIC|DATA_MEM_ADDR[23]                                                                                                         ; padio            ;
; |Computador_MIC|DATA_MEM_ADDR[22]                                                                                                               ; |Computador_MIC|DATA_MEM_ADDR[22]                                                                                                         ; padio            ;
; |Computador_MIC|DATA_MEM_ADDR[21]                                                                                                               ; |Computador_MIC|DATA_MEM_ADDR[21]                                                                                                         ; padio            ;
; |Computador_MIC|DATA_MEM_ADDR[20]                                                                                                               ; |Computador_MIC|DATA_MEM_ADDR[20]                                                                                                         ; padio            ;
; |Computador_MIC|DATA_MEM_ADDR[19]                                                                                                               ; |Computador_MIC|DATA_MEM_ADDR[19]                                                                                                         ; padio            ;
; |Computador_MIC|DATA_MEM_ADDR[18]                                                                                                               ; |Computador_MIC|DATA_MEM_ADDR[18]                                                                                                         ; padio            ;
; |Computador_MIC|DATA_MEM_ADDR[17]                                                                                                               ; |Computador_MIC|DATA_MEM_ADDR[17]                                                                                                         ; padio            ;
; |Computador_MIC|DATA_MEM_ADDR[16]                                                                                                               ; |Computador_MIC|DATA_MEM_ADDR[16]                                                                                                         ; padio            ;
; |Computador_MIC|DATA_MEM_ADDR[15]                                                                                                               ; |Computador_MIC|DATA_MEM_ADDR[15]                                                                                                         ; padio            ;
; |Computador_MIC|DATA_MEM_ADDR[14]                                                                                                               ; |Computador_MIC|DATA_MEM_ADDR[14]                                                                                                         ; padio            ;
; |Computador_MIC|DATA_MEM_ADDR[13]                                                                                                               ; |Computador_MIC|DATA_MEM_ADDR[13]                                                                                                         ; padio            ;
; |Computador_MIC|DATA_MEM_ADDR[12]                                                                                                               ; |Computador_MIC|DATA_MEM_ADDR[12]                                                                                                         ; padio            ;
; |Computador_MIC|DATA_MEM_ADDR[11]                                                                                                               ; |Computador_MIC|DATA_MEM_ADDR[11]                                                                                                         ; padio            ;
; |Computador_MIC|DATA_MEM_ADDR[10]                                                                                                               ; |Computador_MIC|DATA_MEM_ADDR[10]                                                                                                         ; padio            ;
; |Computador_MIC|DATA_MEM_OUT[31]                                                                                                                ; |Computador_MIC|DATA_MEM_OUT[31]                                                                                                          ; padio            ;
; |Computador_MIC|DATA_MEM_OUT[30]                                                                                                                ; |Computador_MIC|DATA_MEM_OUT[30]                                                                                                          ; padio            ;
; |Computador_MIC|DATA_MEM_OUT[29]                                                                                                                ; |Computador_MIC|DATA_MEM_OUT[29]                                                                                                          ; padio            ;
; |Computador_MIC|DATA_MEM_OUT[28]                                                                                                                ; |Computador_MIC|DATA_MEM_OUT[28]                                                                                                          ; padio            ;
; |Computador_MIC|DATA_MEM_OUT[27]                                                                                                                ; |Computador_MIC|DATA_MEM_OUT[27]                                                                                                          ; padio            ;
; |Computador_MIC|DATA_MEM_OUT[26]                                                                                                                ; |Computador_MIC|DATA_MEM_OUT[26]                                                                                                          ; padio            ;
; |Computador_MIC|DATA_MEM_OUT[25]                                                                                                                ; |Computador_MIC|DATA_MEM_OUT[25]                                                                                                          ; padio            ;
; |Computador_MIC|DATA_MEM_OUT[24]                                                                                                                ; |Computador_MIC|DATA_MEM_OUT[24]                                                                                                          ; padio            ;
; |Computador_MIC|DATA_MEM_OUT[23]                                                                                                                ; |Computador_MIC|DATA_MEM_OUT[23]                                                                                                          ; padio            ;
; |Computador_MIC|DATA_MEM_OUT[22]                                                                                                                ; |Computador_MIC|DATA_MEM_OUT[22]                                                                                                          ; padio            ;
; |Computador_MIC|DATA_MEM_OUT[21]                                                                                                                ; |Computador_MIC|DATA_MEM_OUT[21]                                                                                                          ; padio            ;
; |Computador_MIC|DATA_MEM_OUT[20]                                                                                                                ; |Computador_MIC|DATA_MEM_OUT[20]                                                                                                          ; padio            ;
; |Computador_MIC|DATA_MEM_OUT[19]                                                                                                                ; |Computador_MIC|DATA_MEM_OUT[19]                                                                                                          ; padio            ;
; |Computador_MIC|DATA_MEM_OUT[18]                                                                                                                ; |Computador_MIC|DATA_MEM_OUT[18]                                                                                                          ; padio            ;
; |Computador_MIC|DATA_MEM_OUT[17]                                                                                                                ; |Computador_MIC|DATA_MEM_OUT[17]                                                                                                          ; padio            ;
; |Computador_MIC|DATA_MEM_OUT[16]                                                                                                                ; |Computador_MIC|DATA_MEM_OUT[16]                                                                                                          ; padio            ;
; |Computador_MIC|DATA_MEM_OUT[13]                                                                                                                ; |Computador_MIC|DATA_MEM_OUT[13]                                                                                                          ; padio            ;
; |Computador_MIC|DATA_MEM_OUT[12]                                                                                                                ; |Computador_MIC|DATA_MEM_OUT[12]                                                                                                          ; padio            ;
; |Computador_MIC|DATA_MEM_OUT[10]                                                                                                                ; |Computador_MIC|DATA_MEM_OUT[10]                                                                                                          ; padio            ;
; |Computador_MIC|DATA_MEM_OUT[8]                                                                                                                 ; |Computador_MIC|DATA_MEM_OUT[8]                                                                                                           ; padio            ;
; |Computador_MIC|MIR[35]                                                                                                                         ; |Computador_MIC|MIR[35]                                                                                                                   ; padio            ;
; |Computador_MIC|MIR[25]                                                                                                                         ; |Computador_MIC|MIR[25]                                                                                                                   ; padio            ;
; |Computador_MIC|MIR[22]                                                                                                                         ; |Computador_MIC|MIR[22]                                                                                                                   ; padio            ;
; |Computador_MIC|MIR[12]                                                                                                                         ; |Computador_MIC|MIR[12]                                                                                                                   ; padio            ;
; |Computador_MIC|LOADN                                                                                                                           ; |Computador_MIC|LOADN~corein                                                                                                              ; combout          ;
; |Computador_MIC|CPU:inst1|DATAPATH:inst13|BANK:inst|CPP:inst5|REGISTER32bit:inst1|inst4~clkctrl                                                 ; |Computador_MIC|CPU:inst1|DATAPATH:inst13|BANK:inst|CPP:inst5|REGISTER32bit:inst1|inst4~clkctrl                                           ; outclk           ;
; |Computador_MIC|LOADN~clkctrl                                                                                                                   ; |Computador_MIC|LOADN~clkctrl                                                                                                             ; outclk           ;
+-------------------------------------------------------------------------------------------------------------------------------------------------+-------------------------------------------------------------------------------------------------------------------------------------------+------------------+


The following table displays output ports that do not toggle to 0 during simulation.
+----------------------------------------------------------------------------------------------------------------------------------------------------------------------------------------------------------------------------------------------------------------------------------------------------------------+
; Missing 0-Value Coverage                                                                                                                                                                                                                                                                                       ;
+-------------------------------------------------------------------------------------------------------------------------------------------------+-------------------------------------------------------------------------------------------------------------------------------------------+------------------+
; Node Name                                                                                                                                       ; Output Port Name                                                                                                                          ; Output Port Type ;
+-------------------------------------------------------------------------------------------------------------------------------------------------+-------------------------------------------------------------------------------------------------------------------------------------------+------------------+
; |Computador_MIC|CPU:inst1|DATAPATH:inst13|BANK:inst|MDR:inst1|REGISTER32bit:inst1|REGISTER8bit:inst23|inst28                                    ; |Computador_MIC|CPU:inst1|DATAPATH:inst13|BANK:inst|MDR:inst1|REGISTER32bit:inst1|REGISTER8bit:inst23|inst28                              ; regout           ;
; |Computador_MIC|CPU:inst1|DATAPATH:inst13|BANK:inst|MDR:inst1|REGISTER32bit:inst1|REGISTER8bit:inst23|inst8                                     ; |Computador_MIC|CPU:inst1|DATAPATH:inst13|BANK:inst|MDR:inst1|REGISTER32bit:inst1|REGISTER8bit:inst23|inst8                               ; regout           ;
; |Computador_MIC|CPU:inst1|DATAPATH:inst13|BANK:inst|MDR:inst1|REGISTER32bit:inst1|REGISTER8bit:inst23|inst5                                     ; |Computador_MIC|CPU:inst1|DATAPATH:inst13|BANK:inst|MDR:inst1|REGISTER32bit:inst1|REGISTER8bit:inst23|inst5                               ; regout           ;
; |Computador_MIC|CPU:inst1|DATAPATH:inst13|BANK:inst|MDR:inst1|REGISTER32bit:inst1|REGISTER8bit:inst20|inst8                                     ; |Computador_MIC|CPU:inst1|DATAPATH:inst13|BANK:inst|MDR:inst1|REGISTER32bit:inst1|REGISTER8bit:inst20|inst8                               ; regout           ;
; |Computador_MIC|CPU:inst1|CONTROL_UNIT:inst|mc_compiler:inst123132|altsyncram:altsyncram_component|altsyncram_c881:auto_generated|ram_block1a16 ; |Computador_MIC|CPU:inst1|CONTROL_UNIT:inst|mc_compiler:inst123132|altsyncram:altsyncram_component|altsyncram_c881:auto_generated|q_a[22] ; portadataout1    ;
; |Computador_MIC|CPU:inst1|CONTROL_UNIT:inst|mc_compiler:inst123132|altsyncram:altsyncram_component|altsyncram_c881:auto_generated|ram_block1a16 ; |Computador_MIC|CPU:inst1|CONTROL_UNIT:inst|mc_compiler:inst123132|altsyncram:altsyncram_component|altsyncram_c881:auto_generated|q_a[35] ; portadataout8    ;
; |Computador_MIC|CPU:inst1|DATAPATH:inst13|BANK:inst|MDR:inst1|REGISTER32bit:inst1|REGISTER8bit:inst20|inst                                      ; |Computador_MIC|CPU:inst1|DATAPATH:inst13|BANK:inst|MDR:inst1|REGISTER32bit:inst1|REGISTER8bit:inst20|inst                                ; regout           ;
; |Computador_MIC|CPU:inst1|DATAPATH:inst13|BANK:inst|MDR:inst1|REGISTER32bit:inst1|REGISTER8bit:inst20|inst16                                    ; |Computador_MIC|CPU:inst1|DATAPATH:inst13|BANK:inst|MDR:inst1|REGISTER32bit:inst1|REGISTER8bit:inst20|inst16                              ; regout           ;
; |Computador_MIC|CPU:inst1|DATAPATH:inst13|BANK:inst|MDR:inst1|REGISTER32bit:inst1|REGISTER8bit:inst20|inst20                                    ; |Computador_MIC|CPU:inst1|DATAPATH:inst13|BANK:inst|MDR:inst1|REGISTER32bit:inst1|REGISTER8bit:inst20|inst20                              ; regout           ;
; |Computador_MIC|CPU:inst1|DATAPATH:inst13|BANK:inst|MDR:inst1|REGISTER32bit:inst1|REGISTER8bit:inst22|inst                                      ; |Computador_MIC|CPU:inst1|DATAPATH:inst13|BANK:inst|MDR:inst1|REGISTER32bit:inst1|REGISTER8bit:inst22|inst                                ; regout           ;
; |Computador_MIC|CPU:inst1|DATAPATH:inst13|BANK:inst|MDR:inst1|REGISTER32bit:inst1|REGISTER8bit:inst22|inst5                                     ; |Computador_MIC|CPU:inst1|DATAPATH:inst13|BANK:inst|MDR:inst1|REGISTER32bit:inst1|REGISTER8bit:inst22|inst5                               ; regout           ;
; |Computador_MIC|CPU:inst1|DATAPATH:inst13|BANK:inst|MDR:inst1|REGISTER32bit:inst1|REGISTER8bit:inst22|inst8                                     ; |Computador_MIC|CPU:inst1|DATAPATH:inst13|BANK:inst|MDR:inst1|REGISTER32bit:inst1|REGISTER8bit:inst22|inst8                               ; regout           ;
; |Computador_MIC|CPU:inst1|DATAPATH:inst13|BANK:inst|MDR:inst1|REGISTER32bit:inst1|REGISTER8bit:inst22|inst12                                    ; |Computador_MIC|CPU:inst1|DATAPATH:inst13|BANK:inst|MDR:inst1|REGISTER32bit:inst1|REGISTER8bit:inst22|inst12                              ; regout           ;
; |Computador_MIC|CPU:inst1|DATAPATH:inst13|BANK:inst|MDR:inst1|REGISTER32bit:inst1|REGISTER8bit:inst22|inst16                                    ; |Computador_MIC|CPU:inst1|DATAPATH:inst13|BANK:inst|MDR:inst1|REGISTER32bit:inst1|REGISTER8bit:inst22|inst16                              ; regout           ;
; |Computador_MIC|CPU:inst1|DATAPATH:inst13|BANK:inst|MDR:inst1|REGISTER32bit:inst1|REGISTER8bit:inst22|inst20                                    ; |Computador_MIC|CPU:inst1|DATAPATH:inst13|BANK:inst|MDR:inst1|REGISTER32bit:inst1|REGISTER8bit:inst22|inst20                              ; regout           ;
; |Computador_MIC|CPU:inst1|DATAPATH:inst13|BANK:inst|MDR:inst1|REGISTER32bit:inst1|REGISTER8bit:inst22|inst24                                    ; |Computador_MIC|CPU:inst1|DATAPATH:inst13|BANK:inst|MDR:inst1|REGISTER32bit:inst1|REGISTER8bit:inst22|inst24                              ; regout           ;
; |Computador_MIC|CPU:inst1|DATAPATH:inst13|BANK:inst|MDR:inst1|REGISTER32bit:inst1|REGISTER8bit:inst22|inst28                                    ; |Computador_MIC|CPU:inst1|DATAPATH:inst13|BANK:inst|MDR:inst1|REGISTER32bit:inst1|REGISTER8bit:inst22|inst28                              ; regout           ;
; |Computador_MIC|CPU:inst1|DATAPATH:inst13|BANK:inst|MDR:inst1|REGISTER32bit:inst1|REGISTER8bit:inst23|inst                                      ; |Computador_MIC|CPU:inst1|DATAPATH:inst13|BANK:inst|MDR:inst1|REGISTER32bit:inst1|REGISTER8bit:inst23|inst                                ; regout           ;
; |Computador_MIC|CPU:inst1|DATAPATH:inst13|BANK:inst|MDR:inst1|REGISTER32bit:inst1|REGISTER8bit:inst23|inst12                                    ; |Computador_MIC|CPU:inst1|DATAPATH:inst13|BANK:inst|MDR:inst1|REGISTER32bit:inst1|REGISTER8bit:inst23|inst12                              ; regout           ;
; |Computador_MIC|CPU:inst1|DATAPATH:inst13|BANK:inst|MDR:inst1|REGISTER32bit:inst1|REGISTER8bit:inst23|inst16                                    ; |Computador_MIC|CPU:inst1|DATAPATH:inst13|BANK:inst|MDR:inst1|REGISTER32bit:inst1|REGISTER8bit:inst23|inst16                              ; regout           ;
; |Computador_MIC|CPU:inst1|DATAPATH:inst13|BANK:inst|MDR:inst1|REGISTER32bit:inst1|REGISTER8bit:inst23|inst20                                    ; |Computador_MIC|CPU:inst1|DATAPATH:inst13|BANK:inst|MDR:inst1|REGISTER32bit:inst1|REGISTER8bit:inst23|inst20                              ; regout           ;
; |Computador_MIC|CPU:inst1|CONTROL_UNIT:inst|mc_compiler:inst123132|altsyncram:altsyncram_component|altsyncram_c881:auto_generated|ram_block1a7  ; |Computador_MIC|CPU:inst1|CONTROL_UNIT:inst|mc_compiler:inst123132|altsyncram:altsyncram_component|altsyncram_c881:auto_generated|q_a[12] ; portadataout5    ;
; |Computador_MIC|CPU:inst1|CONTROL_UNIT:inst|mc_compiler:inst123132|altsyncram:altsyncram_component|altsyncram_c881:auto_generated|ram_block1a4  ; |Computador_MIC|CPU:inst1|CONTROL_UNIT:inst|mc_compiler:inst123132|altsyncram:altsyncram_component|altsyncram_c881:auto_generated|q_a[25] ; portadataout4    ;
; |Computador_MIC|RAM:inst|altsyncram:altsyncram_component|altsyncram_hcb2:auto_generated|ram_block1a7                                            ; |Computador_MIC|RAM:inst|altsyncram:altsyncram_component|altsyncram_hcb2:auto_generated|q_b[23]                                           ; portbdataout2    ;
; |Computador_MIC|RAM:inst|altsyncram:altsyncram_component|altsyncram_hcb2:auto_generated|ram_block1a7                                            ; |Computador_MIC|RAM:inst|altsyncram:altsyncram_component|altsyncram_hcb2:auto_generated|q_b[31]                                           ; portbdataout3    ;
; |Computador_MIC|RAM:inst|altsyncram:altsyncram_component|altsyncram_hcb2:auto_generated|ram_block1a6                                            ; |Computador_MIC|RAM:inst|altsyncram:altsyncram_component|altsyncram_hcb2:auto_generated|q_b[22]                                           ; portbdataout2    ;
; |Computador_MIC|RAM:inst|altsyncram:altsyncram_component|altsyncram_hcb2:auto_generated|ram_block1a6                                            ; |Computador_MIC|RAM:inst|altsyncram:altsyncram_component|altsyncram_hcb2:auto_generated|q_b[30]                                           ; portbdataout3    ;
; |Computador_MIC|RAM:inst|altsyncram:altsyncram_component|altsyncram_hcb2:auto_generated|ram_block1a2                                            ; |Computador_MIC|RAM:inst|altsyncram:altsyncram_component|altsyncram_hcb2:auto_generated|q_b[10]                                           ; portbdataout1    ;
; |Computador_MIC|RAM:inst|altsyncram:altsyncram_component|altsyncram_hcb2:auto_generated|ram_block1a2                                            ; |Computador_MIC|RAM:inst|altsyncram:altsyncram_component|altsyncram_hcb2:auto_generated|q_b[18]                                           ; portbdataout2    ;
; |Computador_MIC|RAM:inst|altsyncram:altsyncram_component|altsyncram_hcb2:auto_generated|ram_block1a2                                            ; |Computador_MIC|RAM:inst|altsyncram:altsyncram_component|altsyncram_hcb2:auto_generated|q_b[26]                                           ; portbdataout3    ;
; |Computador_MIC|RAM:inst|altsyncram:altsyncram_component|altsyncram_hcb2:auto_generated|ram_block1a1                                            ; |Computador_MIC|RAM:inst|altsyncram:altsyncram_component|altsyncram_hcb2:auto_generated|q_b[17]                                           ; portbdataout2    ;
; |Computador_MIC|RAM:inst|altsyncram:altsyncram_component|altsyncram_hcb2:auto_generated|ram_block1a1                                            ; |Computador_MIC|RAM:inst|altsyncram:altsyncram_component|altsyncram_hcb2:auto_generated|q_b[25]                                           ; portbdataout3    ;
; |Computador_MIC|RAM:inst|altsyncram:altsyncram_component|altsyncram_hcb2:auto_generated|ram_block1a3                                            ; |Computador_MIC|RAM:inst|altsyncram:altsyncram_component|altsyncram_hcb2:auto_generated|q_b[19]                                           ; portbdataout2    ;
; |Computador_MIC|RAM:inst|altsyncram:altsyncram_component|altsyncram_hcb2:auto_generated|ram_block1a3                                            ; |Computador_MIC|RAM:inst|altsyncram:altsyncram_component|altsyncram_hcb2:auto_generated|q_b[27]                                           ; portbdataout3    ;
; |Computador_MIC|RAM:inst|altsyncram:altsyncram_component|altsyncram_hcb2:auto_generated|ram_block1a5                                            ; |Computador_MIC|RAM:inst|altsyncram:altsyncram_component|altsyncram_hcb2:auto_generated|q_b[13]                                           ; portbdataout1    ;
; |Computador_MIC|RAM:inst|altsyncram:altsyncram_component|altsyncram_hcb2:auto_generated|ram_block1a5                                            ; |Computador_MIC|RAM:inst|altsyncram:altsyncram_component|altsyncram_hcb2:auto_generated|q_b[21]                                           ; portbdataout2    ;
; |Computador_MIC|RAM:inst|altsyncram:altsyncram_component|altsyncram_hcb2:auto_generated|ram_block1a5                                            ; |Computador_MIC|RAM:inst|altsyncram:altsyncram_component|altsyncram_hcb2:auto_generated|q_b[29]                                           ; portbdataout3    ;
; |Computador_MIC|RAM:inst|altsyncram:altsyncram_component|altsyncram_hcb2:auto_generated|ram_block1a4                                            ; |Computador_MIC|RAM:inst|altsyncram:altsyncram_component|altsyncram_hcb2:auto_generated|q_b[20]                                           ; portbdataout2    ;
; |Computador_MIC|RAM:inst|altsyncram:altsyncram_component|altsyncram_hcb2:auto_generated|ram_block1a4                                            ; |Computador_MIC|RAM:inst|altsyncram:altsyncram_component|altsyncram_hcb2:auto_generated|q_b[28]                                           ; portbdataout3    ;
; |Computador_MIC|RAM:inst|altsyncram:altsyncram_component|altsyncram_hcb2:auto_generated|ram_block1a0                                            ; |Computador_MIC|RAM:inst|altsyncram:altsyncram_component|altsyncram_hcb2:auto_generated|q_b[16]                                           ; portbdataout2    ;
; |Computador_MIC|RAM:inst|altsyncram:altsyncram_component|altsyncram_hcb2:auto_generated|ram_block1a0                                            ; |Computador_MIC|RAM:inst|altsyncram:altsyncram_component|altsyncram_hcb2:auto_generated|q_b[24]                                           ; portbdataout3    ;
; |Computador_MIC|CPU:inst1|DATAPATH:inst13|BANK:inst|PC:inst2|REGISTER32bit:inst1|REGISTER8bit:inst23|inst28                                     ; |Computador_MIC|CPU:inst1|DATAPATH:inst13|BANK:inst|PC:inst2|REGISTER32bit:inst1|REGISTER8bit:inst23|inst28                               ; regout           ;
; |Computador_MIC|CPU:inst1|DATAPATH:inst13|BANK:inst|PC:inst2|REGISTER32bit:inst1|REGISTER8bit:inst23|inst24                                     ; |Computador_MIC|CPU:inst1|DATAPATH:inst13|BANK:inst|PC:inst2|REGISTER32bit:inst1|REGISTER8bit:inst23|inst24                               ; regout           ;
; |Computador_MIC|CPU:inst1|DATAPATH:inst13|BANK:inst|PC:inst2|REGISTER32bit:inst1|REGISTER8bit:inst23|inst20                                     ; |Computador_MIC|CPU:inst1|DATAPATH:inst13|BANK:inst|PC:inst2|REGISTER32bit:inst1|REGISTER8bit:inst23|inst20                               ; regout           ;
; |Computador_MIC|CPU:inst1|DATAPATH:inst13|BANK:inst|PC:inst2|REGISTER32bit:inst1|REGISTER8bit:inst23|inst16                                     ; |Computador_MIC|CPU:inst1|DATAPATH:inst13|BANK:inst|PC:inst2|REGISTER32bit:inst1|REGISTER8bit:inst23|inst16                               ; regout           ;
; |Computador_MIC|CPU:inst1|DATAPATH:inst13|BANK:inst|PC:inst2|REGISTER32bit:inst1|REGISTER8bit:inst23|inst12                                     ; |Computador_MIC|CPU:inst1|DATAPATH:inst13|BANK:inst|PC:inst2|REGISTER32bit:inst1|REGISTER8bit:inst23|inst12                               ; regout           ;
; |Computador_MIC|CPU:inst1|DATAPATH:inst13|BANK:inst|PC:inst2|REGISTER32bit:inst1|REGISTER8bit:inst23|inst8                                      ; |Computador_MIC|CPU:inst1|DATAPATH:inst13|BANK:inst|PC:inst2|REGISTER32bit:inst1|REGISTER8bit:inst23|inst8                                ; regout           ;
; |Computador_MIC|CPU:inst1|DATAPATH:inst13|BANK:inst|PC:inst2|REGISTER32bit:inst1|REGISTER8bit:inst23|inst5                                      ; |Computador_MIC|CPU:inst1|DATAPATH:inst13|BANK:inst|PC:inst2|REGISTER32bit:inst1|REGISTER8bit:inst23|inst5                                ; regout           ;
; |Computador_MIC|CPU:inst1|DATAPATH:inst13|BANK:inst|PC:inst2|REGISTER32bit:inst1|REGISTER8bit:inst23|inst                                       ; |Computador_MIC|CPU:inst1|DATAPATH:inst13|BANK:inst|PC:inst2|REGISTER32bit:inst1|REGISTER8bit:inst23|inst                                 ; regout           ;
; |Computador_MIC|CPU:inst1|DATAPATH:inst13|BANK:inst|PC:inst2|REGISTER32bit:inst1|REGISTER8bit:inst22|inst28                                     ; |Computador_MIC|CPU:inst1|DATAPATH:inst13|BANK:inst|PC:inst2|REGISTER32bit:inst1|REGISTER8bit:inst22|inst28                               ; regout           ;
; |Computador_MIC|CPU:inst1|DATAPATH:inst13|BANK:inst|PC:inst2|REGISTER32bit:inst1|REGISTER8bit:inst22|inst24                                     ; |Computador_MIC|CPU:inst1|DATAPATH:inst13|BANK:inst|PC:inst2|REGISTER32bit:inst1|REGISTER8bit:inst22|inst24                               ; regout           ;
; |Computador_MIC|CPU:inst1|DATAPATH:inst13|BANK:inst|PC:inst2|REGISTER32bit:inst1|REGISTER8bit:inst22|inst20                                     ; |Computador_MIC|CPU:inst1|DATAPATH:inst13|BANK:inst|PC:inst2|REGISTER32bit:inst1|REGISTER8bit:inst22|inst20                               ; regout           ;
; |Computador_MIC|CPU:inst1|DATAPATH:inst13|BANK:inst|PC:inst2|REGISTER32bit:inst1|REGISTER8bit:inst22|inst16                                     ; |Computador_MIC|CPU:inst1|DATAPATH:inst13|BANK:inst|PC:inst2|REGISTER32bit:inst1|REGISTER8bit:inst22|inst16                               ; regout           ;
; |Computador_MIC|CPU:inst1|DATAPATH:inst13|BANK:inst|PC:inst2|REGISTER32bit:inst1|REGISTER8bit:inst22|inst12                                     ; |Computador_MIC|CPU:inst1|DATAPATH:inst13|BANK:inst|PC:inst2|REGISTER32bit:inst1|REGISTER8bit:inst22|inst12                               ; regout           ;
; |Computador_MIC|CPU:inst1|DATAPATH:inst13|BANK:inst|PC:inst2|REGISTER32bit:inst1|REGISTER8bit:inst22|inst8                                      ; |Computador_MIC|CPU:inst1|DATAPATH:inst13|BANK:inst|PC:inst2|REGISTER32bit:inst1|REGISTER8bit:inst22|inst8                                ; regout           ;
; |Computador_MIC|CPU:inst1|DATAPATH:inst13|BANK:inst|PC:inst2|REGISTER32bit:inst1|REGISTER8bit:inst22|inst5                                      ; |Computador_MIC|CPU:inst1|DATAPATH:inst13|BANK:inst|PC:inst2|REGISTER32bit:inst1|REGISTER8bit:inst22|inst5                                ; regout           ;
; |Computador_MIC|CPU:inst1|DATAPATH:inst13|BANK:inst|PC:inst2|REGISTER32bit:inst1|REGISTER8bit:inst22|inst                                       ; |Computador_MIC|CPU:inst1|DATAPATH:inst13|BANK:inst|PC:inst2|REGISTER32bit:inst1|REGISTER8bit:inst22|inst                                 ; regout           ;
; |Computador_MIC|CPU:inst1|DATAPATH:inst13|BANK:inst|PC:inst2|REGISTER32bit:inst1|REGISTER8bit:inst20|inst28                                     ; |Computador_MIC|CPU:inst1|DATAPATH:inst13|BANK:inst|PC:inst2|REGISTER32bit:inst1|REGISTER8bit:inst20|inst28                               ; regout           ;
; |Computador_MIC|CPU:inst1|DATAPATH:inst13|BANK:inst|PC:inst2|REGISTER32bit:inst1|REGISTER8bit:inst20|inst24                                     ; |Computador_MIC|CPU:inst1|DATAPATH:inst13|BANK:inst|PC:inst2|REGISTER32bit:inst1|REGISTER8bit:inst20|inst24                               ; regout           ;
; |Computador_MIC|CPU:inst1|DATAPATH:inst13|BANK:inst|PC:inst2|REGISTER32bit:inst1|REGISTER8bit:inst20|inst20                                     ; |Computador_MIC|CPU:inst1|DATAPATH:inst13|BANK:inst|PC:inst2|REGISTER32bit:inst1|REGISTER8bit:inst20|inst20                               ; regout           ;
; |Computador_MIC|CPU:inst1|DATAPATH:inst13|BANK:inst|PC:inst2|REGISTER32bit:inst1|REGISTER8bit:inst20|inst16                                     ; |Computador_MIC|CPU:inst1|DATAPATH:inst13|BANK:inst|PC:inst2|REGISTER32bit:inst1|REGISTER8bit:inst20|inst16                               ; regout           ;
; |Computador_MIC|CPU:inst1|DATAPATH:inst13|BANK:inst|PC:inst2|REGISTER32bit:inst1|REGISTER8bit:inst20|inst12                                     ; |Computador_MIC|CPU:inst1|DATAPATH:inst13|BANK:inst|PC:inst2|REGISTER32bit:inst1|REGISTER8bit:inst20|inst12                               ; regout           ;
; |Computador_MIC|CPU:inst1|DATAPATH:inst13|BANK:inst|PC:inst2|REGISTER32bit:inst1|REGISTER8bit:inst20|inst8                                      ; |Computador_MIC|CPU:inst1|DATAPATH:inst13|BANK:inst|PC:inst2|REGISTER32bit:inst1|REGISTER8bit:inst20|inst8                                ; regout           ;
; |Computador_MIC|CPU:inst1|DATAPATH:inst13|BANK:inst|PC:inst2|REGISTER32bit:inst1|REGISTER8bit:inst20|inst5                                      ; |Computador_MIC|CPU:inst1|DATAPATH:inst13|BANK:inst|PC:inst2|REGISTER32bit:inst1|REGISTER8bit:inst20|inst5                                ; regout           ;
; |Computador_MIC|CPU:inst1|DATAPATH:inst13|BANK:inst|PC:inst2|REGISTER32bit:inst1|REGISTER8bit:inst20|inst                                       ; |Computador_MIC|CPU:inst1|DATAPATH:inst13|BANK:inst|PC:inst2|REGISTER32bit:inst1|REGISTER8bit:inst20|inst                                 ; regout           ;
; |Computador_MIC|CPU:inst1|DATAPATH:inst13|BANK:inst|PC:inst2|REGISTER32bit:inst1|REGISTER8bit:inst|inst28                                       ; |Computador_MIC|CPU:inst1|DATAPATH:inst13|BANK:inst|PC:inst2|REGISTER32bit:inst1|REGISTER8bit:inst|inst28                                 ; regout           ;
; |Computador_MIC|CPU:inst1|DATAPATH:inst13|BANK:inst|MAR:inst|REGISTER32bit:inst1|REGISTER8bit:inst23|inst28                                     ; |Computador_MIC|CPU:inst1|DATAPATH:inst13|BANK:inst|MAR:inst|REGISTER32bit:inst1|REGISTER8bit:inst23|inst28                               ; regout           ;
; |Computador_MIC|CPU:inst1|DATAPATH:inst13|BANK:inst|MAR:inst|REGISTER32bit:inst1|REGISTER8bit:inst23|inst24                                     ; |Computador_MIC|CPU:inst1|DATAPATH:inst13|BANK:inst|MAR:inst|REGISTER32bit:inst1|REGISTER8bit:inst23|inst24                               ; regout           ;
; |Computador_MIC|CPU:inst1|DATAPATH:inst13|BANK:inst|MAR:inst|REGISTER32bit:inst1|REGISTER8bit:inst23|inst20                                     ; |Computador_MIC|CPU:inst1|DATAPATH:inst13|BANK:inst|MAR:inst|REGISTER32bit:inst1|REGISTER8bit:inst23|inst20                               ; regout           ;
; |Computador_MIC|CPU:inst1|DATAPATH:inst13|BANK:inst|MAR:inst|REGISTER32bit:inst1|REGISTER8bit:inst23|inst16                                     ; |Computador_MIC|CPU:inst1|DATAPATH:inst13|BANK:inst|MAR:inst|REGISTER32bit:inst1|REGISTER8bit:inst23|inst16                               ; regout           ;
; |Computador_MIC|CPU:inst1|DATAPATH:inst13|BANK:inst|MAR:inst|REGISTER32bit:inst1|REGISTER8bit:inst23|inst12                                     ; |Computador_MIC|CPU:inst1|DATAPATH:inst13|BANK:inst|MAR:inst|REGISTER32bit:inst1|REGISTER8bit:inst23|inst12                               ; regout           ;
; |Computador_MIC|CPU:inst1|DATAPATH:inst13|BANK:inst|MAR:inst|REGISTER32bit:inst1|REGISTER8bit:inst23|inst8                                      ; |Computador_MIC|CPU:inst1|DATAPATH:inst13|BANK:inst|MAR:inst|REGISTER32bit:inst1|REGISTER8bit:inst23|inst8                                ; regout           ;
; |Computador_MIC|CPU:inst1|DATAPATH:inst13|BANK:inst|MAR:inst|REGISTER32bit:inst1|REGISTER8bit:inst23|inst5                                      ; |Computador_MIC|CPU:inst1|DATAPATH:inst13|BANK:inst|MAR:inst|REGISTER32bit:inst1|REGISTER8bit:inst23|inst5                                ; regout           ;
; |Computador_MIC|CPU:inst1|DATAPATH:inst13|BANK:inst|MAR:inst|REGISTER32bit:inst1|REGISTER8bit:inst23|inst                                       ; |Computador_MIC|CPU:inst1|DATAPATH:inst13|BANK:inst|MAR:inst|REGISTER32bit:inst1|REGISTER8bit:inst23|inst                                 ; regout           ;
; |Computador_MIC|CPU:inst1|DATAPATH:inst13|BANK:inst|MAR:inst|REGISTER32bit:inst1|REGISTER8bit:inst22|inst28                                     ; |Computador_MIC|CPU:inst1|DATAPATH:inst13|BANK:inst|MAR:inst|REGISTER32bit:inst1|REGISTER8bit:inst22|inst28                               ; regout           ;
; |Computador_MIC|CPU:inst1|DATAPATH:inst13|BANK:inst|MAR:inst|REGISTER32bit:inst1|REGISTER8bit:inst22|inst24                                     ; |Computador_MIC|CPU:inst1|DATAPATH:inst13|BANK:inst|MAR:inst|REGISTER32bit:inst1|REGISTER8bit:inst22|inst24                               ; regout           ;
; |Computador_MIC|CPU:inst1|DATAPATH:inst13|BANK:inst|MAR:inst|REGISTER32bit:inst1|REGISTER8bit:inst22|inst20                                     ; |Computador_MIC|CPU:inst1|DATAPATH:inst13|BANK:inst|MAR:inst|REGISTER32bit:inst1|REGISTER8bit:inst22|inst20                               ; regout           ;
; |Computador_MIC|CPU:inst1|DATAPATH:inst13|BANK:inst|MAR:inst|REGISTER32bit:inst1|REGISTER8bit:inst22|inst16                                     ; |Computador_MIC|CPU:inst1|DATAPATH:inst13|BANK:inst|MAR:inst|REGISTER32bit:inst1|REGISTER8bit:inst22|inst16                               ; regout           ;
; |Computador_MIC|CPU:inst1|DATAPATH:inst13|BANK:inst|MAR:inst|REGISTER32bit:inst1|REGISTER8bit:inst22|inst12                                     ; |Computador_MIC|CPU:inst1|DATAPATH:inst13|BANK:inst|MAR:inst|REGISTER32bit:inst1|REGISTER8bit:inst22|inst12                               ; regout           ;
; |Computador_MIC|CPU:inst1|DATAPATH:inst13|BANK:inst|MAR:inst|REGISTER32bit:inst1|REGISTER8bit:inst22|inst8                                      ; |Computador_MIC|CPU:inst1|DATAPATH:inst13|BANK:inst|MAR:inst|REGISTER32bit:inst1|REGISTER8bit:inst22|inst8                                ; regout           ;
; |Computador_MIC|CPU:inst1|DATAPATH:inst13|BANK:inst|MAR:inst|REGISTER32bit:inst1|REGISTER8bit:inst22|inst5                                      ; |Computador_MIC|CPU:inst1|DATAPATH:inst13|BANK:inst|MAR:inst|REGISTER32bit:inst1|REGISTER8bit:inst22|inst5                                ; regout           ;
; |Computador_MIC|CPU:inst1|DATAPATH:inst13|BANK:inst|MAR:inst|REGISTER32bit:inst1|REGISTER8bit:inst22|inst                                       ; |Computador_MIC|CPU:inst1|DATAPATH:inst13|BANK:inst|MAR:inst|REGISTER32bit:inst1|REGISTER8bit:inst22|inst                                 ; regout           ;
; |Computador_MIC|CPU:inst1|DATAPATH:inst13|BANK:inst|MAR:inst|REGISTER32bit:inst1|REGISTER8bit:inst20|inst28                                     ; |Computador_MIC|CPU:inst1|DATAPATH:inst13|BANK:inst|MAR:inst|REGISTER32bit:inst1|REGISTER8bit:inst20|inst28                               ; regout           ;
; |Computador_MIC|CPU:inst1|DATAPATH:inst13|BANK:inst|MAR:inst|REGISTER32bit:inst1|REGISTER8bit:inst20|inst24                                     ; |Computador_MIC|CPU:inst1|DATAPATH:inst13|BANK:inst|MAR:inst|REGISTER32bit:inst1|REGISTER8bit:inst20|inst24                               ; regout           ;
; |Computador_MIC|CPU:inst1|DATAPATH:inst13|BANK:inst|MAR:inst|REGISTER32bit:inst1|REGISTER8bit:inst20|inst20                                     ; |Computador_MIC|CPU:inst1|DATAPATH:inst13|BANK:inst|MAR:inst|REGISTER32bit:inst1|REGISTER8bit:inst20|inst20                               ; regout           ;
; |Computador_MIC|CPU:inst1|DATAPATH:inst13|BANK:inst|MAR:inst|REGISTER32bit:inst1|REGISTER8bit:inst20|inst16                                     ; |Computador_MIC|CPU:inst1|DATAPATH:inst13|BANK:inst|MAR:inst|REGISTER32bit:inst1|REGISTER8bit:inst20|inst16                               ; regout           ;
; |Computador_MIC|CPU:inst1|DATAPATH:inst13|BANK:inst|MAR:inst|REGISTER32bit:inst1|REGISTER8bit:inst20|inst12                                     ; |Computador_MIC|CPU:inst1|DATAPATH:inst13|BANK:inst|MAR:inst|REGISTER32bit:inst1|REGISTER8bit:inst20|inst12                               ; regout           ;
; |Computador_MIC|CPU:inst1|DATAPATH:inst13|BANK:inst|MAR:inst|REGISTER32bit:inst1|REGISTER8bit:inst20|inst8                                      ; |Computador_MIC|CPU:inst1|DATAPATH:inst13|BANK:inst|MAR:inst|REGISTER32bit:inst1|REGISTER8bit:inst20|inst8                                ; regout           ;
; |Computador_MIC|CPU:inst1|DATAPATH:inst13|BANK:inst|MAR:inst|REGISTER32bit:inst1|REGISTER8bit:inst|inst24                                       ; |Computador_MIC|CPU:inst1|DATAPATH:inst13|BANK:inst|MAR:inst|REGISTER32bit:inst1|REGISTER8bit:inst|inst24                                 ; regout           ;
; |Computador_MIC|CPU:inst1|DATAPATH:inst13|BANK:inst|H:inst8|REGISTER32bit:inst1|REGISTER8bit:inst23|inst28                                      ; |Computador_MIC|CPU:inst1|DATAPATH:inst13|BANK:inst|H:inst8|REGISTER32bit:inst1|REGISTER8bit:inst23|inst28                                ; regout           ;
; |Computador_MIC|CPU:inst1|DATAPATH:inst13|BANK:inst|TOS:inst6|REGISTER32bit:inst1|REGISTER8bit:inst23|inst28                                    ; |Computador_MIC|CPU:inst1|DATAPATH:inst13|BANK:inst|TOS:inst6|REGISTER32bit:inst1|REGISTER8bit:inst23|inst28                              ; regout           ;
; |Computador_MIC|CPU:inst1|DATAPATH:inst13|BANK:inst|OPC:inst7|REGISTER32bit:inst1|REGISTER8bit:inst23|inst28                                    ; |Computador_MIC|CPU:inst1|DATAPATH:inst13|BANK:inst|OPC:inst7|REGISTER32bit:inst1|REGISTER8bit:inst23|inst28                              ; regout           ;
; |Computador_MIC|CPU:inst1|DATAPATH:inst13|BANK:inst|OUT_B[31]~2                                                                                 ; |Computador_MIC|CPU:inst1|DATAPATH:inst13|BANK:inst|OUT_B[31]~2                                                                           ; combout          ;
; |Computador_MIC|CPU:inst1|DATAPATH:inst13|BANK:inst|LV:inst4|REGISTER32bit:inst1|REGISTER8bit:inst23|inst28                                     ; |Computador_MIC|CPU:inst1|DATAPATH:inst13|BANK:inst|LV:inst4|REGISTER32bit:inst1|REGISTER8bit:inst23|inst28                               ; regout           ;
; |Computador_MIC|CPU:inst1|DATAPATH:inst13|BANK:inst|CPP:inst5|REGISTER32bit:inst1|REGISTER8bit:inst23|inst28                                    ; |Computador_MIC|CPU:inst1|DATAPATH:inst13|BANK:inst|CPP:inst5|REGISTER32bit:inst1|REGISTER8bit:inst23|inst28                              ; regout           ;
; |Computador_MIC|CPU:inst1|DATAPATH:inst13|BANK:inst|OUT_B[31]~5                                                                                 ; |Computador_MIC|CPU:inst1|DATAPATH:inst13|BANK:inst|OUT_B[31]~5                                                                           ; combout          ;
; |Computador_MIC|CPU:inst1|DATAPATH:inst13|BANK:inst|SP:inst3|REGISTER32bit:inst1|REGISTER8bit:inst23|inst28                                     ; |Computador_MIC|CPU:inst1|DATAPATH:inst13|BANK:inst|SP:inst3|REGISTER32bit:inst1|REGISTER8bit:inst23|inst28                               ; regout           ;
; |Computador_MIC|CPU:inst1|DATAPATH:inst13|BANK:inst|OUT_B[31]~10                                                                                ; |Computador_MIC|CPU:inst1|DATAPATH:inst13|BANK:inst|OUT_B[31]~10                                                                          ; combout          ;
; |Computador_MIC|CPU:inst1|DATAPATH:inst13|BANK:inst|H:inst8|REGISTER32bit:inst1|REGISTER8bit:inst23|inst24                                      ; |Computador_MIC|CPU:inst1|DATAPATH:inst13|BANK:inst|H:inst8|REGISTER32bit:inst1|REGISTER8bit:inst23|inst24                                ; regout           ;
; |Computador_MIC|CPU:inst1|DATAPATH:inst13|BANK:inst|TOS:inst6|REGISTER32bit:inst1|REGISTER8bit:inst23|inst24                                    ; |Computador_MIC|CPU:inst1|DATAPATH:inst13|BANK:inst|TOS:inst6|REGISTER32bit:inst1|REGISTER8bit:inst23|inst24                              ; regout           ;
; |Computador_MIC|CPU:inst1|DATAPATH:inst13|BANK:inst|CPP:inst5|REGISTER32bit:inst1|REGISTER8bit:inst23|inst24                                    ; |Computador_MIC|CPU:inst1|DATAPATH:inst13|BANK:inst|CPP:inst5|REGISTER32bit:inst1|REGISTER8bit:inst23|inst24                              ; regout           ;
; |Computador_MIC|CPU:inst1|DATAPATH:inst13|BANK:inst|OUT_B[30]~13                                                                                ; |Computador_MIC|CPU:inst1|DATAPATH:inst13|BANK:inst|OUT_B[30]~13                                                                          ; combout          ;
; |Computador_MIC|CPU:inst1|DATAPATH:inst13|BANK:inst|OPC:inst7|REGISTER32bit:inst1|REGISTER8bit:inst23|inst24                                    ; |Computador_MIC|CPU:inst1|DATAPATH:inst13|BANK:inst|OPC:inst7|REGISTER32bit:inst1|REGISTER8bit:inst23|inst24                              ; regout           ;
; |Computador_MIC|CPU:inst1|DATAPATH:inst13|BANK:inst|LV:inst4|REGISTER32bit:inst1|REGISTER8bit:inst23|inst24                                     ; |Computador_MIC|CPU:inst1|DATAPATH:inst13|BANK:inst|LV:inst4|REGISTER32bit:inst1|REGISTER8bit:inst23|inst24                               ; regout           ;
; |Computador_MIC|CPU:inst1|DATAPATH:inst13|BANK:inst|SP:inst3|REGISTER32bit:inst1|REGISTER8bit:inst23|inst24                                     ; |Computador_MIC|CPU:inst1|DATAPATH:inst13|BANK:inst|SP:inst3|REGISTER32bit:inst1|REGISTER8bit:inst23|inst24                               ; regout           ;
; |Computador_MIC|CPU:inst1|DATAPATH:inst13|BANK:inst|OUT_B[30]~15                                                                                ; |Computador_MIC|CPU:inst1|DATAPATH:inst13|BANK:inst|OUT_B[30]~15                                                                          ; combout          ;
; |Computador_MIC|CPU:inst1|DATAPATH:inst13|BANK:inst|MDR:inst1|REGISTER32bit:inst1|REGISTER8bit:inst23|inst24                                    ; |Computador_MIC|CPU:inst1|DATAPATH:inst13|BANK:inst|MDR:inst1|REGISTER32bit:inst1|REGISTER8bit:inst23|inst24                              ; regout           ;
; |Computador_MIC|CPU:inst1|DATAPATH:inst13|BANK:inst|OUT_B[30]~16                                                                                ; |Computador_MIC|CPU:inst1|DATAPATH:inst13|BANK:inst|OUT_B[30]~16                                                                          ; combout          ;
; |Computador_MIC|CPU:inst1|DATAPATH:inst13|BANK:inst|H:inst8|REGISTER32bit:inst1|REGISTER8bit:inst23|inst8                                       ; |Computador_MIC|CPU:inst1|DATAPATH:inst13|BANK:inst|H:inst8|REGISTER32bit:inst1|REGISTER8bit:inst23|inst8                                 ; regout           ;
; |Computador_MIC|CPU:inst1|DATAPATH:inst13|BANK:inst|CPP:inst5|REGISTER32bit:inst1|REGISTER8bit:inst23|inst8                                     ; |Computador_MIC|CPU:inst1|DATAPATH:inst13|BANK:inst|CPP:inst5|REGISTER32bit:inst1|REGISTER8bit:inst23|inst8                               ; regout           ;
; |Computador_MIC|CPU:inst1|DATAPATH:inst13|BANK:inst|TOS:inst6|REGISTER32bit:inst1|REGISTER8bit:inst23|inst8                                     ; |Computador_MIC|CPU:inst1|DATAPATH:inst13|BANK:inst|TOS:inst6|REGISTER32bit:inst1|REGISTER8bit:inst23|inst8                               ; regout           ;
; |Computador_MIC|CPU:inst1|DATAPATH:inst13|BANK:inst|OUT_B[26]~17                                                                                ; |Computador_MIC|CPU:inst1|DATAPATH:inst13|BANK:inst|OUT_B[26]~17                                                                          ; combout          ;
; |Computador_MIC|CPU:inst1|DATAPATH:inst13|BANK:inst|OPC:inst7|REGISTER32bit:inst1|REGISTER8bit:inst23|inst8                                     ; |Computador_MIC|CPU:inst1|DATAPATH:inst13|BANK:inst|OPC:inst7|REGISTER32bit:inst1|REGISTER8bit:inst23|inst8                               ; regout           ;
; |Computador_MIC|CPU:inst1|DATAPATH:inst13|BANK:inst|SP:inst3|REGISTER32bit:inst1|REGISTER8bit:inst23|inst8                                      ; |Computador_MIC|CPU:inst1|DATAPATH:inst13|BANK:inst|SP:inst3|REGISTER32bit:inst1|REGISTER8bit:inst23|inst8                                ; regout           ;
; |Computador_MIC|CPU:inst1|DATAPATH:inst13|BANK:inst|LV:inst4|REGISTER32bit:inst1|REGISTER8bit:inst23|inst8                                      ; |Computador_MIC|CPU:inst1|DATAPATH:inst13|BANK:inst|LV:inst4|REGISTER32bit:inst1|REGISTER8bit:inst23|inst8                                ; regout           ;
; |Computador_MIC|CPU:inst1|DATAPATH:inst13|BANK:inst|OUT_B[26]~19                                                                                ; |Computador_MIC|CPU:inst1|DATAPATH:inst13|BANK:inst|OUT_B[26]~19                                                                          ; combout          ;
; |Computador_MIC|CPU:inst1|DATAPATH:inst13|BANK:inst|OUT_B[26]~20                                                                                ; |Computador_MIC|CPU:inst1|DATAPATH:inst13|BANK:inst|OUT_B[26]~20                                                                          ; combout          ;
; |Computador_MIC|CPU:inst1|DATAPATH:inst13|BANK:inst|H:inst8|REGISTER32bit:inst1|REGISTER8bit:inst23|inst5                                       ; |Computador_MIC|CPU:inst1|DATAPATH:inst13|BANK:inst|H:inst8|REGISTER32bit:inst1|REGISTER8bit:inst23|inst5                                 ; regout           ;
; |Computador_MIC|CPU:inst1|DATAPATH:inst13|BANK:inst|OPC:inst7|REGISTER32bit:inst1|REGISTER8bit:inst23|inst5                                     ; |Computador_MIC|CPU:inst1|DATAPATH:inst13|BANK:inst|OPC:inst7|REGISTER32bit:inst1|REGISTER8bit:inst23|inst5                               ; regout           ;
; |Computador_MIC|CPU:inst1|DATAPATH:inst13|BANK:inst|CPP:inst5|REGISTER32bit:inst1|REGISTER8bit:inst23|inst5                                     ; |Computador_MIC|CPU:inst1|DATAPATH:inst13|BANK:inst|CPP:inst5|REGISTER32bit:inst1|REGISTER8bit:inst23|inst5                               ; regout           ;
; |Computador_MIC|CPU:inst1|DATAPATH:inst13|BANK:inst|TOS:inst6|REGISTER32bit:inst1|REGISTER8bit:inst23|inst5                                     ; |Computador_MIC|CPU:inst1|DATAPATH:inst13|BANK:inst|TOS:inst6|REGISTER32bit:inst1|REGISTER8bit:inst23|inst5                               ; regout           ;
; |Computador_MIC|CPU:inst1|DATAPATH:inst13|BANK:inst|OUT_B[25]~22                                                                                ; |Computador_MIC|CPU:inst1|DATAPATH:inst13|BANK:inst|OUT_B[25]~22                                                                          ; combout          ;
; |Computador_MIC|CPU:inst1|DATAPATH:inst13|BANK:inst|SP:inst3|REGISTER32bit:inst1|REGISTER8bit:inst23|inst5                                      ; |Computador_MIC|CPU:inst1|DATAPATH:inst13|BANK:inst|SP:inst3|REGISTER32bit:inst1|REGISTER8bit:inst23|inst5                                ; regout           ;
; |Computador_MIC|CPU:inst1|DATAPATH:inst13|BANK:inst|LV:inst4|REGISTER32bit:inst1|REGISTER8bit:inst23|inst5                                      ; |Computador_MIC|CPU:inst1|DATAPATH:inst13|BANK:inst|LV:inst4|REGISTER32bit:inst1|REGISTER8bit:inst23|inst5                                ; regout           ;
; |Computador_MIC|CPU:inst1|DATAPATH:inst13|BANK:inst|OUT_B[25]~23                                                                                ; |Computador_MIC|CPU:inst1|DATAPATH:inst13|BANK:inst|OUT_B[25]~23                                                                          ; combout          ;
; |Computador_MIC|CPU:inst1|DATAPATH:inst13|BANK:inst|OUT_B[25]~24                                                                                ; |Computador_MIC|CPU:inst1|DATAPATH:inst13|BANK:inst|OUT_B[25]~24                                                                          ; combout          ;
; |Computador_MIC|CPU:inst1|DATAPATH:inst13|BANK:inst|H:inst8|REGISTER32bit:inst1|REGISTER8bit:inst20|inst12                                      ; |Computador_MIC|CPU:inst1|DATAPATH:inst13|BANK:inst|H:inst8|REGISTER32bit:inst1|REGISTER8bit:inst20|inst12                                ; regout           ;
; |Computador_MIC|CPU:inst1|DATAPATH:inst13|BANK:inst|CPP:inst5|REGISTER32bit:inst1|REGISTER8bit:inst20|inst12                                    ; |Computador_MIC|CPU:inst1|DATAPATH:inst13|BANK:inst|CPP:inst5|REGISTER32bit:inst1|REGISTER8bit:inst20|inst12                              ; regout           ;
; |Computador_MIC|CPU:inst1|DATAPATH:inst13|BANK:inst|OPC:inst7|REGISTER32bit:inst1|REGISTER8bit:inst20|inst12                                    ; |Computador_MIC|CPU:inst1|DATAPATH:inst13|BANK:inst|OPC:inst7|REGISTER32bit:inst1|REGISTER8bit:inst20|inst12                              ; regout           ;
; |Computador_MIC|CPU:inst1|DATAPATH:inst13|BANK:inst|SP:inst3|REGISTER32bit:inst1|REGISTER8bit:inst20|inst12                                     ; |Computador_MIC|CPU:inst1|DATAPATH:inst13|BANK:inst|SP:inst3|REGISTER32bit:inst1|REGISTER8bit:inst20|inst12                               ; regout           ;
; |Computador_MIC|CPU:inst1|DATAPATH:inst13|BANK:inst|LV:inst4|REGISTER32bit:inst1|REGISTER8bit:inst20|inst12                                     ; |Computador_MIC|CPU:inst1|DATAPATH:inst13|BANK:inst|LV:inst4|REGISTER32bit:inst1|REGISTER8bit:inst20|inst12                               ; regout           ;
; |Computador_MIC|CPU:inst1|DATAPATH:inst13|BANK:inst|OUT_B[11]~28                                                                                ; |Computador_MIC|CPU:inst1|DATAPATH:inst13|BANK:inst|OUT_B[11]~28                                                                          ; combout          ;
; |Computador_MIC|CPU:inst1|DATAPATH:inst13|BANK:inst|OPC:inst7|REGISTER32bit:inst1|REGISTER8bit:inst20|inst8                                     ; |Computador_MIC|CPU:inst1|DATAPATH:inst13|BANK:inst|OPC:inst7|REGISTER32bit:inst1|REGISTER8bit:inst20|inst8                               ; regout           ;
; |Computador_MIC|CPU:inst1|DATAPATH:inst13|BANK:inst|CPP:inst5|REGISTER32bit:inst1|REGISTER8bit:inst20|inst8                                     ; |Computador_MIC|CPU:inst1|DATAPATH:inst13|BANK:inst|CPP:inst5|REGISTER32bit:inst1|REGISTER8bit:inst20|inst8                               ; regout           ;
; |Computador_MIC|CPU:inst1|DATAPATH:inst13|BANK:inst|TOS:inst6|REGISTER32bit:inst1|REGISTER8bit:inst20|inst8                                     ; |Computador_MIC|CPU:inst1|DATAPATH:inst13|BANK:inst|TOS:inst6|REGISTER32bit:inst1|REGISTER8bit:inst20|inst8                               ; regout           ;
; |Computador_MIC|CPU:inst1|DATAPATH:inst13|BANK:inst|OUT_B[10]~31                                                                                ; |Computador_MIC|CPU:inst1|DATAPATH:inst13|BANK:inst|OUT_B[10]~31                                                                          ; combout          ;
; |Computador_MIC|CPU:inst1|DATAPATH:inst13|BANK:inst|SP:inst3|REGISTER32bit:inst1|REGISTER8bit:inst20|inst8                                      ; |Computador_MIC|CPU:inst1|DATAPATH:inst13|BANK:inst|SP:inst3|REGISTER32bit:inst1|REGISTER8bit:inst20|inst8                                ; regout           ;
; |Computador_MIC|CPU:inst1|DATAPATH:inst13|BANK:inst|LV:inst4|REGISTER32bit:inst1|REGISTER8bit:inst20|inst8                                      ; |Computador_MIC|CPU:inst1|DATAPATH:inst13|BANK:inst|LV:inst4|REGISTER32bit:inst1|REGISTER8bit:inst20|inst8                                ; regout           ;
; |Computador_MIC|CPU:inst1|DATAPATH:inst13|BANK:inst|OUT_B[10]~32                                                                                ; |Computador_MIC|CPU:inst1|DATAPATH:inst13|BANK:inst|OUT_B[10]~32                                                                          ; combout          ;
; |Computador_MIC|CPU:inst1|DATAPATH:inst13|BANK:inst|OUT_B[10]~33                                                                                ; |Computador_MIC|CPU:inst1|DATAPATH:inst13|BANK:inst|OUT_B[10]~33                                                                          ; combout          ;
; |Computador_MIC|CPU:inst1|DATAPATH:inst13|BANK:inst|H:inst8|REGISTER32bit:inst1|REGISTER8bit:inst20|inst8                                       ; |Computador_MIC|CPU:inst1|DATAPATH:inst13|BANK:inst|H:inst8|REGISTER32bit:inst1|REGISTER8bit:inst20|inst8                                 ; regout           ;
; |Computador_MIC|CPU:inst1|DATAPATH:inst13|BANK:inst|H:inst8|REGISTER32bit:inst1|REGISTER8bit:inst20|inst5                                       ; |Computador_MIC|CPU:inst1|DATAPATH:inst13|BANK:inst|H:inst8|REGISTER32bit:inst1|REGISTER8bit:inst20|inst5                                 ; regout           ;
; |Computador_MIC|CPU:inst1|DATAPATH:inst13|BANK:inst|OPC:inst7|REGISTER32bit:inst1|REGISTER8bit:inst20|inst5                                     ; |Computador_MIC|CPU:inst1|DATAPATH:inst13|BANK:inst|OPC:inst7|REGISTER32bit:inst1|REGISTER8bit:inst20|inst5                               ; regout           ;
; |Computador_MIC|CPU:inst1|DATAPATH:inst13|BANK:inst|CPP:inst5|REGISTER32bit:inst1|REGISTER8bit:inst20|inst5                                     ; |Computador_MIC|CPU:inst1|DATAPATH:inst13|BANK:inst|CPP:inst5|REGISTER32bit:inst1|REGISTER8bit:inst20|inst5                               ; regout           ;
; |Computador_MIC|CPU:inst1|DATAPATH:inst13|BANK:inst|SP:inst3|REGISTER32bit:inst1|REGISTER8bit:inst20|inst5                                      ; |Computador_MIC|CPU:inst1|DATAPATH:inst13|BANK:inst|SP:inst3|REGISTER32bit:inst1|REGISTER8bit:inst20|inst5                                ; regout           ;
; |Computador_MIC|CPU:inst1|DATAPATH:inst13|BANK:inst|LV:inst4|REGISTER32bit:inst1|REGISTER8bit:inst20|inst5                                      ; |Computador_MIC|CPU:inst1|DATAPATH:inst13|BANK:inst|LV:inst4|REGISTER32bit:inst1|REGISTER8bit:inst20|inst5                                ; regout           ;
; |Computador_MIC|CPU:inst1|DATAPATH:inst13|BANK:inst|OUT_B[9]~37                                                                                 ; |Computador_MIC|CPU:inst1|DATAPATH:inst13|BANK:inst|OUT_B[9]~37                                                                           ; combout          ;
; |Computador_MIC|CPU:inst1|DATAPATH:inst13|ULA_32bit:inst1|ULA_8bit:inst2|ULA_1bit:inst2|FULL_ADDER_1bit:inst10|inst2                            ; |Computador_MIC|CPU:inst1|DATAPATH:inst13|ULA_32bit:inst1|ULA_8bit:inst2|ULA_1bit:inst2|FULL_ADDER_1bit:inst10|inst2                      ; combout          ;
; |Computador_MIC|CPU:inst1|DATAPATH:inst13|BANK:inst|H:inst8|REGISTER32bit:inst1|REGISTER8bit:inst|inst20                                        ; |Computador_MIC|CPU:inst1|DATAPATH:inst13|BANK:inst|H:inst8|REGISTER32bit:inst1|REGISTER8bit:inst|inst20                                  ; regout           ;
; |Computador_MIC|CPU:inst1|DATAPATH:inst13|BANK:inst|LV:inst4|REGISTER32bit:inst1|REGISTER8bit:inst|inst20                                       ; |Computador_MIC|CPU:inst1|DATAPATH:inst13|BANK:inst|LV:inst4|REGISTER32bit:inst1|REGISTER8bit:inst|inst20                                 ; regout           ;
; |Computador_MIC|CPU:inst1|DATAPATH:inst13|BANK:inst|CPP:inst5|REGISTER32bit:inst1|REGISTER8bit:inst|inst20                                      ; |Computador_MIC|CPU:inst1|DATAPATH:inst13|BANK:inst|CPP:inst5|REGISTER32bit:inst1|REGISTER8bit:inst|inst20                                ; regout           ;
; |Computador_MIC|CPU:inst1|DATAPATH:inst13|BANK:inst|SP:inst3|REGISTER32bit:inst1|REGISTER8bit:inst|inst20                                       ; |Computador_MIC|CPU:inst1|DATAPATH:inst13|BANK:inst|SP:inst3|REGISTER32bit:inst1|REGISTER8bit:inst|inst20                                 ; regout           ;
; |Computador_MIC|CPU:inst1|DATAPATH:inst13|BANK:inst|CPP:inst5|REGISTER32bit:inst1|REGISTER8bit:inst|inst16                                      ; |Computador_MIC|CPU:inst1|DATAPATH:inst13|BANK:inst|CPP:inst5|REGISTER32bit:inst1|REGISTER8bit:inst|inst16                                ; regout           ;
; |Computador_MIC|CPU:inst1|DATAPATH:inst13|BANK:inst|CPP:inst5|REGISTER32bit:inst1|REGISTER8bit:inst|inst12                                      ; |Computador_MIC|CPU:inst1|DATAPATH:inst13|BANK:inst|CPP:inst5|REGISTER32bit:inst1|REGISTER8bit:inst|inst12                                ; regout           ;
; |Computador_MIC|CPU:inst1|DATAPATH:inst13|BANK:inst|CPP:inst5|REGISTER32bit:inst1|REGISTER8bit:inst|inst8                                       ; |Computador_MIC|CPU:inst1|DATAPATH:inst13|BANK:inst|CPP:inst5|REGISTER32bit:inst1|REGISTER8bit:inst|inst8                                 ; regout           ;
; |Computador_MIC|CPU:inst1|DATAPATH:inst13|BANK:inst|CPP:inst5|REGISTER32bit:inst1|REGISTER8bit:inst|inst5                                       ; |Computador_MIC|CPU:inst1|DATAPATH:inst13|BANK:inst|CPP:inst5|REGISTER32bit:inst1|REGISTER8bit:inst|inst5                                 ; regout           ;
; |Computador_MIC|CPU:inst1|DATAPATH:inst13|BANK:inst|CPP:inst5|REGISTER32bit:inst1|REGISTER8bit:inst|inst                                        ; |Computador_MIC|CPU:inst1|DATAPATH:inst13|BANK:inst|CPP:inst5|REGISTER32bit:inst1|REGISTER8bit:inst|inst                                  ; regout           ;
; |Computador_MIC|CPU:inst1|DATAPATH:inst13|BANK:inst|CPP:inst5|REGISTER32bit:inst1|REGISTER8bit:inst|inst24                                      ; |Computador_MIC|CPU:inst1|DATAPATH:inst13|BANK:inst|CPP:inst5|REGISTER32bit:inst1|REGISTER8bit:inst|inst24                                ; regout           ;
; |Computador_MIC|CPU:inst1|DATAPATH:inst13|BANK:inst|LV:inst4|REGISTER32bit:inst1|REGISTER8bit:inst|inst24                                       ; |Computador_MIC|CPU:inst1|DATAPATH:inst13|BANK:inst|LV:inst4|REGISTER32bit:inst1|REGISTER8bit:inst|inst24                                 ; regout           ;
; |Computador_MIC|CPU:inst1|DATAPATH:inst13|BANK:inst|SP:inst3|REGISTER32bit:inst1|REGISTER8bit:inst|inst24                                       ; |Computador_MIC|CPU:inst1|DATAPATH:inst13|BANK:inst|SP:inst3|REGISTER32bit:inst1|REGISTER8bit:inst|inst24                                 ; regout           ;
; |Computador_MIC|CPU:inst1|DATAPATH:inst13|BANK:inst|H:inst8|REGISTER32bit:inst1|REGISTER8bit:inst|inst28                                        ; |Computador_MIC|CPU:inst1|DATAPATH:inst13|BANK:inst|H:inst8|REGISTER32bit:inst1|REGISTER8bit:inst|inst28                                  ; regout           ;
; |Computador_MIC|CPU:inst1|DATAPATH:inst13|BANK:inst|OPC:inst7|REGISTER32bit:inst1|REGISTER8bit:inst|inst28                                      ; |Computador_MIC|CPU:inst1|DATAPATH:inst13|BANK:inst|OPC:inst7|REGISTER32bit:inst1|REGISTER8bit:inst|inst28                                ; regout           ;
; |Computador_MIC|CPU:inst1|DATAPATH:inst13|BANK:inst|CPP:inst5|REGISTER32bit:inst1|REGISTER8bit:inst|inst28                                      ; |Computador_MIC|CPU:inst1|DATAPATH:inst13|BANK:inst|CPP:inst5|REGISTER32bit:inst1|REGISTER8bit:inst|inst28                                ; regout           ;
; |Computador_MIC|CPU:inst1|DATAPATH:inst13|BANK:inst|SP:inst3|REGISTER32bit:inst1|REGISTER8bit:inst|inst28                                       ; |Computador_MIC|CPU:inst1|DATAPATH:inst13|BANK:inst|SP:inst3|REGISTER32bit:inst1|REGISTER8bit:inst|inst28                                 ; regout           ;
; |Computador_MIC|CPU:inst1|DATAPATH:inst13|BANK:inst|LV:inst4|REGISTER32bit:inst1|REGISTER8bit:inst|inst28                                       ; |Computador_MIC|CPU:inst1|DATAPATH:inst13|BANK:inst|LV:inst4|REGISTER32bit:inst1|REGISTER8bit:inst|inst28                                 ; regout           ;
; |Computador_MIC|CPU:inst1|DATAPATH:inst13|BANK:inst|OUT_B[7]~78                                                                                 ; |Computador_MIC|CPU:inst1|DATAPATH:inst13|BANK:inst|OUT_B[7]~78                                                                           ; combout          ;
; |Computador_MIC|CPU:inst1|DATAPATH:inst13|BANK:inst|H:inst8|REGISTER32bit:inst1|REGISTER8bit:inst20|inst                                        ; |Computador_MIC|CPU:inst1|DATAPATH:inst13|BANK:inst|H:inst8|REGISTER32bit:inst1|REGISTER8bit:inst20|inst                                  ; regout           ;
; |Computador_MIC|CPU:inst1|DATAPATH:inst13|BANK:inst|TOS:inst6|REGISTER32bit:inst1|REGISTER8bit:inst20|inst                                      ; |Computador_MIC|CPU:inst1|DATAPATH:inst13|BANK:inst|TOS:inst6|REGISTER32bit:inst1|REGISTER8bit:inst20|inst                                ; regout           ;
; |Computador_MIC|CPU:inst1|DATAPATH:inst13|BANK:inst|CPP:inst5|REGISTER32bit:inst1|REGISTER8bit:inst20|inst                                      ; |Computador_MIC|CPU:inst1|DATAPATH:inst13|BANK:inst|CPP:inst5|REGISTER32bit:inst1|REGISTER8bit:inst20|inst                                ; regout           ;
; |Computador_MIC|CPU:inst1|DATAPATH:inst13|BANK:inst|OPC:inst7|REGISTER32bit:inst1|REGISTER8bit:inst20|inst                                      ; |Computador_MIC|CPU:inst1|DATAPATH:inst13|BANK:inst|OPC:inst7|REGISTER32bit:inst1|REGISTER8bit:inst20|inst                                ; regout           ;
; |Computador_MIC|CPU:inst1|DATAPATH:inst13|BANK:inst|SP:inst3|REGISTER32bit:inst1|REGISTER8bit:inst20|inst                                       ; |Computador_MIC|CPU:inst1|DATAPATH:inst13|BANK:inst|SP:inst3|REGISTER32bit:inst1|REGISTER8bit:inst20|inst                                 ; regout           ;
; |Computador_MIC|CPU:inst1|DATAPATH:inst13|BANK:inst|LV:inst4|REGISTER32bit:inst1|REGISTER8bit:inst20|inst                                       ; |Computador_MIC|CPU:inst1|DATAPATH:inst13|BANK:inst|LV:inst4|REGISTER32bit:inst1|REGISTER8bit:inst20|inst                                 ; regout           ;
; |Computador_MIC|CPU:inst1|DATAPATH:inst13|BANK:inst|OUT_B[8]~83                                                                                 ; |Computador_MIC|CPU:inst1|DATAPATH:inst13|BANK:inst|OUT_B[8]~83                                                                           ; combout          ;
; |Computador_MIC|CPU:inst1|DATAPATH:inst13|BANK:inst|OUT_B[8]~84                                                                                 ; |Computador_MIC|CPU:inst1|DATAPATH:inst13|BANK:inst|OUT_B[8]~84                                                                           ; combout          ;
; |Computador_MIC|CPU:inst1|DATAPATH:inst13|BANK:inst|H:inst8|REGISTER32bit:inst1|REGISTER8bit:inst20|inst16                                      ; |Computador_MIC|CPU:inst1|DATAPATH:inst13|BANK:inst|H:inst8|REGISTER32bit:inst1|REGISTER8bit:inst20|inst16                                ; regout           ;
; |Computador_MIC|CPU:inst1|DATAPATH:inst13|BANK:inst|CPP:inst5|REGISTER32bit:inst1|REGISTER8bit:inst20|inst16                                    ; |Computador_MIC|CPU:inst1|DATAPATH:inst13|BANK:inst|CPP:inst5|REGISTER32bit:inst1|REGISTER8bit:inst20|inst16                              ; regout           ;
; |Computador_MIC|CPU:inst1|DATAPATH:inst13|BANK:inst|TOS:inst6|REGISTER32bit:inst1|REGISTER8bit:inst20|inst16                                    ; |Computador_MIC|CPU:inst1|DATAPATH:inst13|BANK:inst|TOS:inst6|REGISTER32bit:inst1|REGISTER8bit:inst20|inst16                              ; regout           ;
; |Computador_MIC|CPU:inst1|DATAPATH:inst13|BANK:inst|OUT_B[12]~85                                                                                ; |Computador_MIC|CPU:inst1|DATAPATH:inst13|BANK:inst|OUT_B[12]~85                                                                          ; combout          ;
; |Computador_MIC|CPU:inst1|DATAPATH:inst13|BANK:inst|OPC:inst7|REGISTER32bit:inst1|REGISTER8bit:inst20|inst16                                    ; |Computador_MIC|CPU:inst1|DATAPATH:inst13|BANK:inst|OPC:inst7|REGISTER32bit:inst1|REGISTER8bit:inst20|inst16                              ; regout           ;
; |Computador_MIC|CPU:inst1|DATAPATH:inst13|BANK:inst|SP:inst3|REGISTER32bit:inst1|REGISTER8bit:inst20|inst16                                     ; |Computador_MIC|CPU:inst1|DATAPATH:inst13|BANK:inst|SP:inst3|REGISTER32bit:inst1|REGISTER8bit:inst20|inst16                               ; regout           ;
; |Computador_MIC|CPU:inst1|DATAPATH:inst13|BANK:inst|LV:inst4|REGISTER32bit:inst1|REGISTER8bit:inst20|inst16                                     ; |Computador_MIC|CPU:inst1|DATAPATH:inst13|BANK:inst|LV:inst4|REGISTER32bit:inst1|REGISTER8bit:inst20|inst16                               ; regout           ;
; |Computador_MIC|CPU:inst1|DATAPATH:inst13|BANK:inst|OUT_B[12]~87                                                                                ; |Computador_MIC|CPU:inst1|DATAPATH:inst13|BANK:inst|OUT_B[12]~87                                                                          ; combout          ;
; |Computador_MIC|CPU:inst1|DATAPATH:inst13|BANK:inst|OUT_B[12]~88                                                                                ; |Computador_MIC|CPU:inst1|DATAPATH:inst13|BANK:inst|OUT_B[12]~88                                                                          ; combout          ;
; |Computador_MIC|CPU:inst1|DATAPATH:inst13|BANK:inst|H:inst8|REGISTER32bit:inst1|REGISTER8bit:inst20|inst20                                      ; |Computador_MIC|CPU:inst1|DATAPATH:inst13|BANK:inst|H:inst8|REGISTER32bit:inst1|REGISTER8bit:inst20|inst20                                ; regout           ;
; |Computador_MIC|CPU:inst1|DATAPATH:inst13|BANK:inst|CPP:inst5|REGISTER32bit:inst1|REGISTER8bit:inst20|inst20                                    ; |Computador_MIC|CPU:inst1|DATAPATH:inst13|BANK:inst|CPP:inst5|REGISTER32bit:inst1|REGISTER8bit:inst20|inst20                              ; regout           ;
; |Computador_MIC|CPU:inst1|DATAPATH:inst13|BANK:inst|TOS:inst6|REGISTER32bit:inst1|REGISTER8bit:inst20|inst20                                    ; |Computador_MIC|CPU:inst1|DATAPATH:inst13|BANK:inst|TOS:inst6|REGISTER32bit:inst1|REGISTER8bit:inst20|inst20                              ; regout           ;
; |Computador_MIC|CPU:inst1|DATAPATH:inst13|BANK:inst|OUT_B[13]~89                                                                                ; |Computador_MIC|CPU:inst1|DATAPATH:inst13|BANK:inst|OUT_B[13]~89                                                                          ; combout          ;
; |Computador_MIC|CPU:inst1|DATAPATH:inst13|BANK:inst|OPC:inst7|REGISTER32bit:inst1|REGISTER8bit:inst20|inst20                                    ; |Computador_MIC|CPU:inst1|DATAPATH:inst13|BANK:inst|OPC:inst7|REGISTER32bit:inst1|REGISTER8bit:inst20|inst20                              ; regout           ;
; |Computador_MIC|CPU:inst1|DATAPATH:inst13|BANK:inst|SP:inst3|REGISTER32bit:inst1|REGISTER8bit:inst20|inst20                                     ; |Computador_MIC|CPU:inst1|DATAPATH:inst13|BANK:inst|SP:inst3|REGISTER32bit:inst1|REGISTER8bit:inst20|inst20                               ; regout           ;
; |Computador_MIC|CPU:inst1|DATAPATH:inst13|BANK:inst|LV:inst4|REGISTER32bit:inst1|REGISTER8bit:inst20|inst20                                     ; |Computador_MIC|CPU:inst1|DATAPATH:inst13|BANK:inst|LV:inst4|REGISTER32bit:inst1|REGISTER8bit:inst20|inst20                               ; regout           ;
; |Computador_MIC|CPU:inst1|DATAPATH:inst13|BANK:inst|OUT_B[13]~91                                                                                ; |Computador_MIC|CPU:inst1|DATAPATH:inst13|BANK:inst|OUT_B[13]~91                                                                          ; combout          ;
; |Computador_MIC|CPU:inst1|DATAPATH:inst13|BANK:inst|OUT_B[13]~92                                                                                ; |Computador_MIC|CPU:inst1|DATAPATH:inst13|BANK:inst|OUT_B[13]~92                                                                          ; combout          ;
; |Computador_MIC|CPU:inst1|DATAPATH:inst13|BANK:inst|H:inst8|REGISTER32bit:inst1|REGISTER8bit:inst20|inst24                                      ; |Computador_MIC|CPU:inst1|DATAPATH:inst13|BANK:inst|H:inst8|REGISTER32bit:inst1|REGISTER8bit:inst20|inst24                                ; regout           ;
; |Computador_MIC|CPU:inst1|DATAPATH:inst13|BANK:inst|CPP:inst5|REGISTER32bit:inst1|REGISTER8bit:inst20|inst24                                    ; |Computador_MIC|CPU:inst1|DATAPATH:inst13|BANK:inst|CPP:inst5|REGISTER32bit:inst1|REGISTER8bit:inst20|inst24                              ; regout           ;
; |Computador_MIC|CPU:inst1|DATAPATH:inst13|BANK:inst|OPC:inst7|REGISTER32bit:inst1|REGISTER8bit:inst20|inst24                                    ; |Computador_MIC|CPU:inst1|DATAPATH:inst13|BANK:inst|OPC:inst7|REGISTER32bit:inst1|REGISTER8bit:inst20|inst24                              ; regout           ;
; |Computador_MIC|CPU:inst1|DATAPATH:inst13|BANK:inst|SP:inst3|REGISTER32bit:inst1|REGISTER8bit:inst20|inst24                                     ; |Computador_MIC|CPU:inst1|DATAPATH:inst13|BANK:inst|SP:inst3|REGISTER32bit:inst1|REGISTER8bit:inst20|inst24                               ; regout           ;
; |Computador_MIC|CPU:inst1|DATAPATH:inst13|BANK:inst|LV:inst4|REGISTER32bit:inst1|REGISTER8bit:inst20|inst24                                     ; |Computador_MIC|CPU:inst1|DATAPATH:inst13|BANK:inst|LV:inst4|REGISTER32bit:inst1|REGISTER8bit:inst20|inst24                               ; regout           ;
; |Computador_MIC|CPU:inst1|DATAPATH:inst13|BANK:inst|OUT_B[14]~95                                                                                ; |Computador_MIC|CPU:inst1|DATAPATH:inst13|BANK:inst|OUT_B[14]~95                                                                          ; combout          ;
; |Computador_MIC|CPU:inst1|DATAPATH:inst13|BANK:inst|H:inst8|REGISTER32bit:inst1|REGISTER8bit:inst20|inst28                                      ; |Computador_MIC|CPU:inst1|DATAPATH:inst13|BANK:inst|H:inst8|REGISTER32bit:inst1|REGISTER8bit:inst20|inst28                                ; regout           ;
; |Computador_MIC|CPU:inst1|DATAPATH:inst13|BANK:inst|CPP:inst5|REGISTER32bit:inst1|REGISTER8bit:inst20|inst28                                    ; |Computador_MIC|CPU:inst1|DATAPATH:inst13|BANK:inst|CPP:inst5|REGISTER32bit:inst1|REGISTER8bit:inst20|inst28                              ; regout           ;
; |Computador_MIC|CPU:inst1|DATAPATH:inst13|BANK:inst|OPC:inst7|REGISTER32bit:inst1|REGISTER8bit:inst20|inst28                                    ; |Computador_MIC|CPU:inst1|DATAPATH:inst13|BANK:inst|OPC:inst7|REGISTER32bit:inst1|REGISTER8bit:inst20|inst28                              ; regout           ;
; |Computador_MIC|CPU:inst1|DATAPATH:inst13|BANK:inst|SP:inst3|REGISTER32bit:inst1|REGISTER8bit:inst20|inst28                                     ; |Computador_MIC|CPU:inst1|DATAPATH:inst13|BANK:inst|SP:inst3|REGISTER32bit:inst1|REGISTER8bit:inst20|inst28                               ; regout           ;
; |Computador_MIC|CPU:inst1|DATAPATH:inst13|BANK:inst|LV:inst4|REGISTER32bit:inst1|REGISTER8bit:inst20|inst28                                     ; |Computador_MIC|CPU:inst1|DATAPATH:inst13|BANK:inst|LV:inst4|REGISTER32bit:inst1|REGISTER8bit:inst20|inst28                               ; regout           ;
; |Computador_MIC|CPU:inst1|DATAPATH:inst13|BANK:inst|OUT_B[15]~99                                                                                ; |Computador_MIC|CPU:inst1|DATAPATH:inst13|BANK:inst|OUT_B[15]~99                                                                          ; combout          ;
; |Computador_MIC|CPU:inst1|DATAPATH:inst13|BANK:inst|H:inst8|REGISTER32bit:inst1|REGISTER8bit:inst22|inst                                        ; |Computador_MIC|CPU:inst1|DATAPATH:inst13|BANK:inst|H:inst8|REGISTER32bit:inst1|REGISTER8bit:inst22|inst                                  ; regout           ;
; |Computador_MIC|CPU:inst1|DATAPATH:inst13|BANK:inst|CPP:inst5|REGISTER32bit:inst1|REGISTER8bit:inst22|inst                                      ; |Computador_MIC|CPU:inst1|DATAPATH:inst13|BANK:inst|CPP:inst5|REGISTER32bit:inst1|REGISTER8bit:inst22|inst                                ; regout           ;
; |Computador_MIC|CPU:inst1|DATAPATH:inst13|BANK:inst|TOS:inst6|REGISTER32bit:inst1|REGISTER8bit:inst22|inst                                      ; |Computador_MIC|CPU:inst1|DATAPATH:inst13|BANK:inst|TOS:inst6|REGISTER32bit:inst1|REGISTER8bit:inst22|inst                                ; regout           ;
; |Computador_MIC|CPU:inst1|DATAPATH:inst13|BANK:inst|OUT_B[16]~101                                                                               ; |Computador_MIC|CPU:inst1|DATAPATH:inst13|BANK:inst|OUT_B[16]~101                                                                         ; combout          ;
; |Computador_MIC|CPU:inst1|DATAPATH:inst13|BANK:inst|OPC:inst7|REGISTER32bit:inst1|REGISTER8bit:inst22|inst                                      ; |Computador_MIC|CPU:inst1|DATAPATH:inst13|BANK:inst|OPC:inst7|REGISTER32bit:inst1|REGISTER8bit:inst22|inst                                ; regout           ;
; |Computador_MIC|CPU:inst1|DATAPATH:inst13|BANK:inst|SP:inst3|REGISTER32bit:inst1|REGISTER8bit:inst22|inst                                       ; |Computador_MIC|CPU:inst1|DATAPATH:inst13|BANK:inst|SP:inst3|REGISTER32bit:inst1|REGISTER8bit:inst22|inst                                 ; regout           ;
; |Computador_MIC|CPU:inst1|DATAPATH:inst13|BANK:inst|LV:inst4|REGISTER32bit:inst1|REGISTER8bit:inst22|inst                                       ; |Computador_MIC|CPU:inst1|DATAPATH:inst13|BANK:inst|LV:inst4|REGISTER32bit:inst1|REGISTER8bit:inst22|inst                                 ; regout           ;
; |Computador_MIC|CPU:inst1|DATAPATH:inst13|BANK:inst|OUT_B[16]~103                                                                               ; |Computador_MIC|CPU:inst1|DATAPATH:inst13|BANK:inst|OUT_B[16]~103                                                                         ; combout          ;
; |Computador_MIC|CPU:inst1|DATAPATH:inst13|BANK:inst|OUT_B[16]~104                                                                               ; |Computador_MIC|CPU:inst1|DATAPATH:inst13|BANK:inst|OUT_B[16]~104                                                                         ; combout          ;
; |Computador_MIC|CPU:inst1|DATAPATH:inst13|BANK:inst|H:inst8|REGISTER32bit:inst1|REGISTER8bit:inst22|inst5                                       ; |Computador_MIC|CPU:inst1|DATAPATH:inst13|BANK:inst|H:inst8|REGISTER32bit:inst1|REGISTER8bit:inst22|inst5                                 ; regout           ;
; |Computador_MIC|CPU:inst1|DATAPATH:inst13|BANK:inst|CPP:inst5|REGISTER32bit:inst1|REGISTER8bit:inst22|inst5                                     ; |Computador_MIC|CPU:inst1|DATAPATH:inst13|BANK:inst|CPP:inst5|REGISTER32bit:inst1|REGISTER8bit:inst22|inst5                               ; regout           ;
; |Computador_MIC|CPU:inst1|DATAPATH:inst13|BANK:inst|TOS:inst6|REGISTER32bit:inst1|REGISTER8bit:inst22|inst5                                     ; |Computador_MIC|CPU:inst1|DATAPATH:inst13|BANK:inst|TOS:inst6|REGISTER32bit:inst1|REGISTER8bit:inst22|inst5                               ; regout           ;
; |Computador_MIC|CPU:inst1|DATAPATH:inst13|BANK:inst|OUT_B[17]~105                                                                               ; |Computador_MIC|CPU:inst1|DATAPATH:inst13|BANK:inst|OUT_B[17]~105                                                                         ; combout          ;
; |Computador_MIC|CPU:inst1|DATAPATH:inst13|BANK:inst|OPC:inst7|REGISTER32bit:inst1|REGISTER8bit:inst22|inst5                                     ; |Computador_MIC|CPU:inst1|DATAPATH:inst13|BANK:inst|OPC:inst7|REGISTER32bit:inst1|REGISTER8bit:inst22|inst5                               ; regout           ;
; |Computador_MIC|CPU:inst1|DATAPATH:inst13|BANK:inst|SP:inst3|REGISTER32bit:inst1|REGISTER8bit:inst22|inst5                                      ; |Computador_MIC|CPU:inst1|DATAPATH:inst13|BANK:inst|SP:inst3|REGISTER32bit:inst1|REGISTER8bit:inst22|inst5                                ; regout           ;
; |Computador_MIC|CPU:inst1|DATAPATH:inst13|BANK:inst|LV:inst4|REGISTER32bit:inst1|REGISTER8bit:inst22|inst5                                      ; |Computador_MIC|CPU:inst1|DATAPATH:inst13|BANK:inst|LV:inst4|REGISTER32bit:inst1|REGISTER8bit:inst22|inst5                                ; regout           ;
; |Computador_MIC|CPU:inst1|DATAPATH:inst13|BANK:inst|OUT_B[17]~107                                                                               ; |Computador_MIC|CPU:inst1|DATAPATH:inst13|BANK:inst|OUT_B[17]~107                                                                         ; combout          ;
; |Computador_MIC|CPU:inst1|DATAPATH:inst13|BANK:inst|OUT_B[17]~108                                                                               ; |Computador_MIC|CPU:inst1|DATAPATH:inst13|BANK:inst|OUT_B[17]~108                                                                         ; combout          ;
; |Computador_MIC|CPU:inst1|DATAPATH:inst13|BANK:inst|H:inst8|REGISTER32bit:inst1|REGISTER8bit:inst22|inst8                                       ; |Computador_MIC|CPU:inst1|DATAPATH:inst13|BANK:inst|H:inst8|REGISTER32bit:inst1|REGISTER8bit:inst22|inst8                                 ; regout           ;
; |Computador_MIC|CPU:inst1|DATAPATH:inst13|BANK:inst|CPP:inst5|REGISTER32bit:inst1|REGISTER8bit:inst22|inst8                                     ; |Computador_MIC|CPU:inst1|DATAPATH:inst13|BANK:inst|CPP:inst5|REGISTER32bit:inst1|REGISTER8bit:inst22|inst8                               ; regout           ;
; |Computador_MIC|CPU:inst1|DATAPATH:inst13|BANK:inst|TOS:inst6|REGISTER32bit:inst1|REGISTER8bit:inst22|inst8                                     ; |Computador_MIC|CPU:inst1|DATAPATH:inst13|BANK:inst|TOS:inst6|REGISTER32bit:inst1|REGISTER8bit:inst22|inst8                               ; regout           ;
; |Computador_MIC|CPU:inst1|DATAPATH:inst13|BANK:inst|OUT_B[18]~109                                                                               ; |Computador_MIC|CPU:inst1|DATAPATH:inst13|BANK:inst|OUT_B[18]~109                                                                         ; combout          ;
; |Computador_MIC|CPU:inst1|DATAPATH:inst13|BANK:inst|OPC:inst7|REGISTER32bit:inst1|REGISTER8bit:inst22|inst8                                     ; |Computador_MIC|CPU:inst1|DATAPATH:inst13|BANK:inst|OPC:inst7|REGISTER32bit:inst1|REGISTER8bit:inst22|inst8                               ; regout           ;
; |Computador_MIC|CPU:inst1|DATAPATH:inst13|BANK:inst|SP:inst3|REGISTER32bit:inst1|REGISTER8bit:inst22|inst8                                      ; |Computador_MIC|CPU:inst1|DATAPATH:inst13|BANK:inst|SP:inst3|REGISTER32bit:inst1|REGISTER8bit:inst22|inst8                                ; regout           ;
; |Computador_MIC|CPU:inst1|DATAPATH:inst13|BANK:inst|LV:inst4|REGISTER32bit:inst1|REGISTER8bit:inst22|inst8                                      ; |Computador_MIC|CPU:inst1|DATAPATH:inst13|BANK:inst|LV:inst4|REGISTER32bit:inst1|REGISTER8bit:inst22|inst8                                ; regout           ;
; |Computador_MIC|CPU:inst1|DATAPATH:inst13|BANK:inst|OUT_B[18]~111                                                                               ; |Computador_MIC|CPU:inst1|DATAPATH:inst13|BANK:inst|OUT_B[18]~111                                                                         ; combout          ;
; |Computador_MIC|CPU:inst1|DATAPATH:inst13|BANK:inst|OUT_B[18]~112                                                                               ; |Computador_MIC|CPU:inst1|DATAPATH:inst13|BANK:inst|OUT_B[18]~112                                                                         ; combout          ;
; |Computador_MIC|CPU:inst1|DATAPATH:inst13|BANK:inst|H:inst8|REGISTER32bit:inst1|REGISTER8bit:inst22|inst12                                      ; |Computador_MIC|CPU:inst1|DATAPATH:inst13|BANK:inst|H:inst8|REGISTER32bit:inst1|REGISTER8bit:inst22|inst12                                ; regout           ;
; |Computador_MIC|CPU:inst1|DATAPATH:inst13|BANK:inst|CPP:inst5|REGISTER32bit:inst1|REGISTER8bit:inst22|inst12                                    ; |Computador_MIC|CPU:inst1|DATAPATH:inst13|BANK:inst|CPP:inst5|REGISTER32bit:inst1|REGISTER8bit:inst22|inst12                              ; regout           ;
; |Computador_MIC|CPU:inst1|DATAPATH:inst13|BANK:inst|TOS:inst6|REGISTER32bit:inst1|REGISTER8bit:inst22|inst12                                    ; |Computador_MIC|CPU:inst1|DATAPATH:inst13|BANK:inst|TOS:inst6|REGISTER32bit:inst1|REGISTER8bit:inst22|inst12                              ; regout           ;
; |Computador_MIC|CPU:inst1|DATAPATH:inst13|BANK:inst|OUT_B[19]~113                                                                               ; |Computador_MIC|CPU:inst1|DATAPATH:inst13|BANK:inst|OUT_B[19]~113                                                                         ; combout          ;
; |Computador_MIC|CPU:inst1|DATAPATH:inst13|BANK:inst|OPC:inst7|REGISTER32bit:inst1|REGISTER8bit:inst22|inst12                                    ; |Computador_MIC|CPU:inst1|DATAPATH:inst13|BANK:inst|OPC:inst7|REGISTER32bit:inst1|REGISTER8bit:inst22|inst12                              ; regout           ;
; |Computador_MIC|CPU:inst1|DATAPATH:inst13|BANK:inst|SP:inst3|REGISTER32bit:inst1|REGISTER8bit:inst22|inst12                                     ; |Computador_MIC|CPU:inst1|DATAPATH:inst13|BANK:inst|SP:inst3|REGISTER32bit:inst1|REGISTER8bit:inst22|inst12                               ; regout           ;
; |Computador_MIC|CPU:inst1|DATAPATH:inst13|BANK:inst|LV:inst4|REGISTER32bit:inst1|REGISTER8bit:inst22|inst12                                     ; |Computador_MIC|CPU:inst1|DATAPATH:inst13|BANK:inst|LV:inst4|REGISTER32bit:inst1|REGISTER8bit:inst22|inst12                               ; regout           ;
; |Computador_MIC|CPU:inst1|DATAPATH:inst13|BANK:inst|OUT_B[19]~115                                                                               ; |Computador_MIC|CPU:inst1|DATAPATH:inst13|BANK:inst|OUT_B[19]~115                                                                         ; combout          ;
; |Computador_MIC|CPU:inst1|DATAPATH:inst13|BANK:inst|OUT_B[19]~116                                                                               ; |Computador_MIC|CPU:inst1|DATAPATH:inst13|BANK:inst|OUT_B[19]~116                                                                         ; combout          ;
; |Computador_MIC|CPU:inst1|DATAPATH:inst13|BANK:inst|H:inst8|REGISTER32bit:inst1|REGISTER8bit:inst22|inst16                                      ; |Computador_MIC|CPU:inst1|DATAPATH:inst13|BANK:inst|H:inst8|REGISTER32bit:inst1|REGISTER8bit:inst22|inst16                                ; regout           ;
; |Computador_MIC|CPU:inst1|DATAPATH:inst13|BANK:inst|CPP:inst5|REGISTER32bit:inst1|REGISTER8bit:inst22|inst16                                    ; |Computador_MIC|CPU:inst1|DATAPATH:inst13|BANK:inst|CPP:inst5|REGISTER32bit:inst1|REGISTER8bit:inst22|inst16                              ; regout           ;
; |Computador_MIC|CPU:inst1|DATAPATH:inst13|BANK:inst|TOS:inst6|REGISTER32bit:inst1|REGISTER8bit:inst22|inst16                                    ; |Computador_MIC|CPU:inst1|DATAPATH:inst13|BANK:inst|TOS:inst6|REGISTER32bit:inst1|REGISTER8bit:inst22|inst16                              ; regout           ;
; |Computador_MIC|CPU:inst1|DATAPATH:inst13|BANK:inst|OUT_B[20]~117                                                                               ; |Computador_MIC|CPU:inst1|DATAPATH:inst13|BANK:inst|OUT_B[20]~117                                                                         ; combout          ;
; |Computador_MIC|CPU:inst1|DATAPATH:inst13|BANK:inst|OPC:inst7|REGISTER32bit:inst1|REGISTER8bit:inst22|inst16                                    ; |Computador_MIC|CPU:inst1|DATAPATH:inst13|BANK:inst|OPC:inst7|REGISTER32bit:inst1|REGISTER8bit:inst22|inst16                              ; regout           ;
; |Computador_MIC|CPU:inst1|DATAPATH:inst13|BANK:inst|SP:inst3|REGISTER32bit:inst1|REGISTER8bit:inst22|inst16                                     ; |Computador_MIC|CPU:inst1|DATAPATH:inst13|BANK:inst|SP:inst3|REGISTER32bit:inst1|REGISTER8bit:inst22|inst16                               ; regout           ;
; |Computador_MIC|CPU:inst1|DATAPATH:inst13|BANK:inst|LV:inst4|REGISTER32bit:inst1|REGISTER8bit:inst22|inst16                                     ; |Computador_MIC|CPU:inst1|DATAPATH:inst13|BANK:inst|LV:inst4|REGISTER32bit:inst1|REGISTER8bit:inst22|inst16                               ; regout           ;
; |Computador_MIC|CPU:inst1|DATAPATH:inst13|BANK:inst|OUT_B[20]~119                                                                               ; |Computador_MIC|CPU:inst1|DATAPATH:inst13|BANK:inst|OUT_B[20]~119                                                                         ; combout          ;
; |Computador_MIC|CPU:inst1|DATAPATH:inst13|BANK:inst|OUT_B[20]~120                                                                               ; |Computador_MIC|CPU:inst1|DATAPATH:inst13|BANK:inst|OUT_B[20]~120                                                                         ; combout          ;
; |Computador_MIC|CPU:inst1|DATAPATH:inst13|BANK:inst|H:inst8|REGISTER32bit:inst1|REGISTER8bit:inst22|inst20                                      ; |Computador_MIC|CPU:inst1|DATAPATH:inst13|BANK:inst|H:inst8|REGISTER32bit:inst1|REGISTER8bit:inst22|inst20                                ; regout           ;
; |Computador_MIC|CPU:inst1|DATAPATH:inst13|BANK:inst|CPP:inst5|REGISTER32bit:inst1|REGISTER8bit:inst22|inst20                                    ; |Computador_MIC|CPU:inst1|DATAPATH:inst13|BANK:inst|CPP:inst5|REGISTER32bit:inst1|REGISTER8bit:inst22|inst20                              ; regout           ;
; |Computador_MIC|CPU:inst1|DATAPATH:inst13|BANK:inst|TOS:inst6|REGISTER32bit:inst1|REGISTER8bit:inst22|inst20                                    ; |Computador_MIC|CPU:inst1|DATAPATH:inst13|BANK:inst|TOS:inst6|REGISTER32bit:inst1|REGISTER8bit:inst22|inst20                              ; regout           ;
; |Computador_MIC|CPU:inst1|DATAPATH:inst13|BANK:inst|OUT_B[21]~121                                                                               ; |Computador_MIC|CPU:inst1|DATAPATH:inst13|BANK:inst|OUT_B[21]~121                                                                         ; combout          ;
; |Computador_MIC|CPU:inst1|DATAPATH:inst13|BANK:inst|OPC:inst7|REGISTER32bit:inst1|REGISTER8bit:inst22|inst20                                    ; |Computador_MIC|CPU:inst1|DATAPATH:inst13|BANK:inst|OPC:inst7|REGISTER32bit:inst1|REGISTER8bit:inst22|inst20                              ; regout           ;
; |Computador_MIC|CPU:inst1|DATAPATH:inst13|BANK:inst|SP:inst3|REGISTER32bit:inst1|REGISTER8bit:inst22|inst20                                     ; |Computador_MIC|CPU:inst1|DATAPATH:inst13|BANK:inst|SP:inst3|REGISTER32bit:inst1|REGISTER8bit:inst22|inst20                               ; regout           ;
; |Computador_MIC|CPU:inst1|DATAPATH:inst13|BANK:inst|LV:inst4|REGISTER32bit:inst1|REGISTER8bit:inst22|inst20                                     ; |Computador_MIC|CPU:inst1|DATAPATH:inst13|BANK:inst|LV:inst4|REGISTER32bit:inst1|REGISTER8bit:inst22|inst20                               ; regout           ;
; |Computador_MIC|CPU:inst1|DATAPATH:inst13|BANK:inst|OUT_B[21]~123                                                                               ; |Computador_MIC|CPU:inst1|DATAPATH:inst13|BANK:inst|OUT_B[21]~123                                                                         ; combout          ;
; |Computador_MIC|CPU:inst1|DATAPATH:inst13|BANK:inst|OUT_B[21]~124                                                                               ; |Computador_MIC|CPU:inst1|DATAPATH:inst13|BANK:inst|OUT_B[21]~124                                                                         ; combout          ;
; |Computador_MIC|CPU:inst1|DATAPATH:inst13|BANK:inst|H:inst8|REGISTER32bit:inst1|REGISTER8bit:inst22|inst24                                      ; |Computador_MIC|CPU:inst1|DATAPATH:inst13|BANK:inst|H:inst8|REGISTER32bit:inst1|REGISTER8bit:inst22|inst24                                ; regout           ;
; |Computador_MIC|CPU:inst1|DATAPATH:inst13|BANK:inst|CPP:inst5|REGISTER32bit:inst1|REGISTER8bit:inst22|inst24                                    ; |Computador_MIC|CPU:inst1|DATAPATH:inst13|BANK:inst|CPP:inst5|REGISTER32bit:inst1|REGISTER8bit:inst22|inst24                              ; regout           ;
; |Computador_MIC|CPU:inst1|DATAPATH:inst13|BANK:inst|TOS:inst6|REGISTER32bit:inst1|REGISTER8bit:inst22|inst24                                    ; |Computador_MIC|CPU:inst1|DATAPATH:inst13|BANK:inst|TOS:inst6|REGISTER32bit:inst1|REGISTER8bit:inst22|inst24                              ; regout           ;
; |Computador_MIC|CPU:inst1|DATAPATH:inst13|BANK:inst|OUT_B[22]~125                                                                               ; |Computador_MIC|CPU:inst1|DATAPATH:inst13|BANK:inst|OUT_B[22]~125                                                                         ; combout          ;
; |Computador_MIC|CPU:inst1|DATAPATH:inst13|BANK:inst|OPC:inst7|REGISTER32bit:inst1|REGISTER8bit:inst22|inst24                                    ; |Computador_MIC|CPU:inst1|DATAPATH:inst13|BANK:inst|OPC:inst7|REGISTER32bit:inst1|REGISTER8bit:inst22|inst24                              ; regout           ;
; |Computador_MIC|CPU:inst1|DATAPATH:inst13|BANK:inst|SP:inst3|REGISTER32bit:inst1|REGISTER8bit:inst22|inst24                                     ; |Computador_MIC|CPU:inst1|DATAPATH:inst13|BANK:inst|SP:inst3|REGISTER32bit:inst1|REGISTER8bit:inst22|inst24                               ; regout           ;
; |Computador_MIC|CPU:inst1|DATAPATH:inst13|BANK:inst|LV:inst4|REGISTER32bit:inst1|REGISTER8bit:inst22|inst24                                     ; |Computador_MIC|CPU:inst1|DATAPATH:inst13|BANK:inst|LV:inst4|REGISTER32bit:inst1|REGISTER8bit:inst22|inst24                               ; regout           ;
; |Computador_MIC|CPU:inst1|DATAPATH:inst13|BANK:inst|OUT_B[22]~127                                                                               ; |Computador_MIC|CPU:inst1|DATAPATH:inst13|BANK:inst|OUT_B[22]~127                                                                         ; combout          ;
; |Computador_MIC|CPU:inst1|DATAPATH:inst13|BANK:inst|OUT_B[22]~128                                                                               ; |Computador_MIC|CPU:inst1|DATAPATH:inst13|BANK:inst|OUT_B[22]~128                                                                         ; combout          ;
; |Computador_MIC|CPU:inst1|DATAPATH:inst13|BANK:inst|H:inst8|REGISTER32bit:inst1|REGISTER8bit:inst22|inst28                                      ; |Computador_MIC|CPU:inst1|DATAPATH:inst13|BANK:inst|H:inst8|REGISTER32bit:inst1|REGISTER8bit:inst22|inst28                                ; regout           ;
; |Computador_MIC|CPU:inst1|DATAPATH:inst13|BANK:inst|CPP:inst5|REGISTER32bit:inst1|REGISTER8bit:inst22|inst28                                    ; |Computador_MIC|CPU:inst1|DATAPATH:inst13|BANK:inst|CPP:inst5|REGISTER32bit:inst1|REGISTER8bit:inst22|inst28                              ; regout           ;
; |Computador_MIC|CPU:inst1|DATAPATH:inst13|BANK:inst|TOS:inst6|REGISTER32bit:inst1|REGISTER8bit:inst22|inst28                                    ; |Computador_MIC|CPU:inst1|DATAPATH:inst13|BANK:inst|TOS:inst6|REGISTER32bit:inst1|REGISTER8bit:inst22|inst28                              ; regout           ;
; |Computador_MIC|CPU:inst1|DATAPATH:inst13|BANK:inst|OUT_B[23]~129                                                                               ; |Computador_MIC|CPU:inst1|DATAPATH:inst13|BANK:inst|OUT_B[23]~129                                                                         ; combout          ;
; |Computador_MIC|CPU:inst1|DATAPATH:inst13|BANK:inst|OPC:inst7|REGISTER32bit:inst1|REGISTER8bit:inst22|inst28                                    ; |Computador_MIC|CPU:inst1|DATAPATH:inst13|BANK:inst|OPC:inst7|REGISTER32bit:inst1|REGISTER8bit:inst22|inst28                              ; regout           ;
; |Computador_MIC|CPU:inst1|DATAPATH:inst13|BANK:inst|SP:inst3|REGISTER32bit:inst1|REGISTER8bit:inst22|inst28                                     ; |Computador_MIC|CPU:inst1|DATAPATH:inst13|BANK:inst|SP:inst3|REGISTER32bit:inst1|REGISTER8bit:inst22|inst28                               ; regout           ;
; |Computador_MIC|CPU:inst1|DATAPATH:inst13|BANK:inst|LV:inst4|REGISTER32bit:inst1|REGISTER8bit:inst22|inst28                                     ; |Computador_MIC|CPU:inst1|DATAPATH:inst13|BANK:inst|LV:inst4|REGISTER32bit:inst1|REGISTER8bit:inst22|inst28                               ; regout           ;
; |Computador_MIC|CPU:inst1|DATAPATH:inst13|BANK:inst|OUT_B[23]~131                                                                               ; |Computador_MIC|CPU:inst1|DATAPATH:inst13|BANK:inst|OUT_B[23]~131                                                                         ; combout          ;
; |Computador_MIC|CPU:inst1|DATAPATH:inst13|BANK:inst|OUT_B[23]~132                                                                               ; |Computador_MIC|CPU:inst1|DATAPATH:inst13|BANK:inst|OUT_B[23]~132                                                                         ; combout          ;
; |Computador_MIC|CPU:inst1|DATAPATH:inst13|BANK:inst|H:inst8|REGISTER32bit:inst1|REGISTER8bit:inst23|inst                                        ; |Computador_MIC|CPU:inst1|DATAPATH:inst13|BANK:inst|H:inst8|REGISTER32bit:inst1|REGISTER8bit:inst23|inst                                  ; regout           ;
; |Computador_MIC|CPU:inst1|DATAPATH:inst13|BANK:inst|CPP:inst5|REGISTER32bit:inst1|REGISTER8bit:inst23|inst                                      ; |Computador_MIC|CPU:inst1|DATAPATH:inst13|BANK:inst|CPP:inst5|REGISTER32bit:inst1|REGISTER8bit:inst23|inst                                ; regout           ;
; |Computador_MIC|CPU:inst1|DATAPATH:inst13|BANK:inst|TOS:inst6|REGISTER32bit:inst1|REGISTER8bit:inst23|inst                                      ; |Computador_MIC|CPU:inst1|DATAPATH:inst13|BANK:inst|TOS:inst6|REGISTER32bit:inst1|REGISTER8bit:inst23|inst                                ; regout           ;
; |Computador_MIC|CPU:inst1|DATAPATH:inst13|BANK:inst|OUT_B[24]~133                                                                               ; |Computador_MIC|CPU:inst1|DATAPATH:inst13|BANK:inst|OUT_B[24]~133                                                                         ; combout          ;
; |Computador_MIC|CPU:inst1|DATAPATH:inst13|BANK:inst|OPC:inst7|REGISTER32bit:inst1|REGISTER8bit:inst23|inst                                      ; |Computador_MIC|CPU:inst1|DATAPATH:inst13|BANK:inst|OPC:inst7|REGISTER32bit:inst1|REGISTER8bit:inst23|inst                                ; regout           ;
; |Computador_MIC|CPU:inst1|DATAPATH:inst13|BANK:inst|SP:inst3|REGISTER32bit:inst1|REGISTER8bit:inst23|inst                                       ; |Computador_MIC|CPU:inst1|DATAPATH:inst13|BANK:inst|SP:inst3|REGISTER32bit:inst1|REGISTER8bit:inst23|inst                                 ; regout           ;
; |Computador_MIC|CPU:inst1|DATAPATH:inst13|BANK:inst|LV:inst4|REGISTER32bit:inst1|REGISTER8bit:inst23|inst                                       ; |Computador_MIC|CPU:inst1|DATAPATH:inst13|BANK:inst|LV:inst4|REGISTER32bit:inst1|REGISTER8bit:inst23|inst                                 ; regout           ;
; |Computador_MIC|CPU:inst1|DATAPATH:inst13|BANK:inst|OUT_B[24]~135                                                                               ; |Computador_MIC|CPU:inst1|DATAPATH:inst13|BANK:inst|OUT_B[24]~135                                                                         ; combout          ;
; |Computador_MIC|CPU:inst1|DATAPATH:inst13|BANK:inst|OUT_B[24]~136                                                                               ; |Computador_MIC|CPU:inst1|DATAPATH:inst13|BANK:inst|OUT_B[24]~136                                                                         ; combout          ;
; |Computador_MIC|CPU:inst1|DATAPATH:inst13|BANK:inst|H:inst8|REGISTER32bit:inst1|REGISTER8bit:inst23|inst12                                      ; |Computador_MIC|CPU:inst1|DATAPATH:inst13|BANK:inst|H:inst8|REGISTER32bit:inst1|REGISTER8bit:inst23|inst12                                ; regout           ;
; |Computador_MIC|CPU:inst1|DATAPATH:inst13|BANK:inst|OPC:inst7|REGISTER32bit:inst1|REGISTER8bit:inst23|inst12                                    ; |Computador_MIC|CPU:inst1|DATAPATH:inst13|BANK:inst|OPC:inst7|REGISTER32bit:inst1|REGISTER8bit:inst23|inst12                              ; regout           ;
; |Computador_MIC|CPU:inst1|DATAPATH:inst13|BANK:inst|CPP:inst5|REGISTER32bit:inst1|REGISTER8bit:inst23|inst12                                    ; |Computador_MIC|CPU:inst1|DATAPATH:inst13|BANK:inst|CPP:inst5|REGISTER32bit:inst1|REGISTER8bit:inst23|inst12                              ; regout           ;
; |Computador_MIC|CPU:inst1|DATAPATH:inst13|BANK:inst|TOS:inst6|REGISTER32bit:inst1|REGISTER8bit:inst23|inst12                                    ; |Computador_MIC|CPU:inst1|DATAPATH:inst13|BANK:inst|TOS:inst6|REGISTER32bit:inst1|REGISTER8bit:inst23|inst12                              ; regout           ;
; |Computador_MIC|CPU:inst1|DATAPATH:inst13|BANK:inst|OUT_B[27]~138                                                                               ; |Computador_MIC|CPU:inst1|DATAPATH:inst13|BANK:inst|OUT_B[27]~138                                                                         ; combout          ;
; |Computador_MIC|CPU:inst1|DATAPATH:inst13|BANK:inst|SP:inst3|REGISTER32bit:inst1|REGISTER8bit:inst23|inst12                                     ; |Computador_MIC|CPU:inst1|DATAPATH:inst13|BANK:inst|SP:inst3|REGISTER32bit:inst1|REGISTER8bit:inst23|inst12                               ; regout           ;
; |Computador_MIC|CPU:inst1|DATAPATH:inst13|BANK:inst|LV:inst4|REGISTER32bit:inst1|REGISTER8bit:inst23|inst12                                     ; |Computador_MIC|CPU:inst1|DATAPATH:inst13|BANK:inst|LV:inst4|REGISTER32bit:inst1|REGISTER8bit:inst23|inst12                               ; regout           ;
; |Computador_MIC|CPU:inst1|DATAPATH:inst13|BANK:inst|OUT_B[27]~139                                                                               ; |Computador_MIC|CPU:inst1|DATAPATH:inst13|BANK:inst|OUT_B[27]~139                                                                         ; combout          ;
; |Computador_MIC|CPU:inst1|DATAPATH:inst13|BANK:inst|OUT_B[27]~140                                                                               ; |Computador_MIC|CPU:inst1|DATAPATH:inst13|BANK:inst|OUT_B[27]~140                                                                         ; combout          ;
; |Computador_MIC|CPU:inst1|DATAPATH:inst13|BANK:inst|H:inst8|REGISTER32bit:inst1|REGISTER8bit:inst23|inst16                                      ; |Computador_MIC|CPU:inst1|DATAPATH:inst13|BANK:inst|H:inst8|REGISTER32bit:inst1|REGISTER8bit:inst23|inst16                                ; regout           ;
; |Computador_MIC|CPU:inst1|DATAPATH:inst13|BANK:inst|CPP:inst5|REGISTER32bit:inst1|REGISTER8bit:inst23|inst16                                    ; |Computador_MIC|CPU:inst1|DATAPATH:inst13|BANK:inst|CPP:inst5|REGISTER32bit:inst1|REGISTER8bit:inst23|inst16                              ; regout           ;
; |Computador_MIC|CPU:inst1|DATAPATH:inst13|BANK:inst|TOS:inst6|REGISTER32bit:inst1|REGISTER8bit:inst23|inst16                                    ; |Computador_MIC|CPU:inst1|DATAPATH:inst13|BANK:inst|TOS:inst6|REGISTER32bit:inst1|REGISTER8bit:inst23|inst16                              ; regout           ;
; |Computador_MIC|CPU:inst1|DATAPATH:inst13|BANK:inst|OUT_B[28]~142                                                                               ; |Computador_MIC|CPU:inst1|DATAPATH:inst13|BANK:inst|OUT_B[28]~142                                                                         ; combout          ;
; |Computador_MIC|CPU:inst1|DATAPATH:inst13|BANK:inst|OPC:inst7|REGISTER32bit:inst1|REGISTER8bit:inst23|inst16                                    ; |Computador_MIC|CPU:inst1|DATAPATH:inst13|BANK:inst|OPC:inst7|REGISTER32bit:inst1|REGISTER8bit:inst23|inst16                              ; regout           ;
; |Computador_MIC|CPU:inst1|DATAPATH:inst13|BANK:inst|SP:inst3|REGISTER32bit:inst1|REGISTER8bit:inst23|inst16                                     ; |Computador_MIC|CPU:inst1|DATAPATH:inst13|BANK:inst|SP:inst3|REGISTER32bit:inst1|REGISTER8bit:inst23|inst16                               ; regout           ;
; |Computador_MIC|CPU:inst1|DATAPATH:inst13|BANK:inst|LV:inst4|REGISTER32bit:inst1|REGISTER8bit:inst23|inst16                                     ; |Computador_MIC|CPU:inst1|DATAPATH:inst13|BANK:inst|LV:inst4|REGISTER32bit:inst1|REGISTER8bit:inst23|inst16                               ; regout           ;
; |Computador_MIC|CPU:inst1|DATAPATH:inst13|BANK:inst|OUT_B[28]~144                                                                               ; |Computador_MIC|CPU:inst1|DATAPATH:inst13|BANK:inst|OUT_B[28]~144                                                                         ; combout          ;
; |Computador_MIC|CPU:inst1|DATAPATH:inst13|BANK:inst|OUT_B[28]~145                                                                               ; |Computador_MIC|CPU:inst1|DATAPATH:inst13|BANK:inst|OUT_B[28]~145                                                                         ; combout          ;
; |Computador_MIC|CPU:inst1|DATAPATH:inst13|BANK:inst|H:inst8|REGISTER32bit:inst1|REGISTER8bit:inst23|inst20                                      ; |Computador_MIC|CPU:inst1|DATAPATH:inst13|BANK:inst|H:inst8|REGISTER32bit:inst1|REGISTER8bit:inst23|inst20                                ; regout           ;
; |Computador_MIC|CPU:inst1|DATAPATH:inst13|BANK:inst|CPP:inst5|REGISTER32bit:inst1|REGISTER8bit:inst23|inst20                                    ; |Computador_MIC|CPU:inst1|DATAPATH:inst13|BANK:inst|CPP:inst5|REGISTER32bit:inst1|REGISTER8bit:inst23|inst20                              ; regout           ;
; |Computador_MIC|CPU:inst1|DATAPATH:inst13|BANK:inst|TOS:inst6|REGISTER32bit:inst1|REGISTER8bit:inst23|inst20                                    ; |Computador_MIC|CPU:inst1|DATAPATH:inst13|BANK:inst|TOS:inst6|REGISTER32bit:inst1|REGISTER8bit:inst23|inst20                              ; regout           ;
; |Computador_MIC|CPU:inst1|DATAPATH:inst13|BANK:inst|OUT_B[29]~146                                                                               ; |Computador_MIC|CPU:inst1|DATAPATH:inst13|BANK:inst|OUT_B[29]~146                                                                         ; combout          ;
; |Computador_MIC|CPU:inst1|DATAPATH:inst13|BANK:inst|OPC:inst7|REGISTER32bit:inst1|REGISTER8bit:inst23|inst20                                    ; |Computador_MIC|CPU:inst1|DATAPATH:inst13|BANK:inst|OPC:inst7|REGISTER32bit:inst1|REGISTER8bit:inst23|inst20                              ; regout           ;
; |Computador_MIC|CPU:inst1|DATAPATH:inst13|BANK:inst|SP:inst3|REGISTER32bit:inst1|REGISTER8bit:inst23|inst20                                     ; |Computador_MIC|CPU:inst1|DATAPATH:inst13|BANK:inst|SP:inst3|REGISTER32bit:inst1|REGISTER8bit:inst23|inst20                               ; regout           ;
; |Computador_MIC|CPU:inst1|DATAPATH:inst13|BANK:inst|LV:inst4|REGISTER32bit:inst1|REGISTER8bit:inst23|inst20                                     ; |Computador_MIC|CPU:inst1|DATAPATH:inst13|BANK:inst|LV:inst4|REGISTER32bit:inst1|REGISTER8bit:inst23|inst20                               ; regout           ;
; |Computador_MIC|CPU:inst1|DATAPATH:inst13|BANK:inst|OUT_B[29]~148                                                                               ; |Computador_MIC|CPU:inst1|DATAPATH:inst13|BANK:inst|OUT_B[29]~148                                                                         ; combout          ;
; |Computador_MIC|CPU:inst1|DATAPATH:inst13|BANK:inst|OUT_B[29]~149                                                                               ; |Computador_MIC|CPU:inst1|DATAPATH:inst13|BANK:inst|OUT_B[29]~149                                                                         ; combout          ;
; |Computador_MIC|CPU:inst1|CONTROL_UNIT:inst|mpc_generator:inst1|inst                                                                            ; |Computador_MIC|CPU:inst1|CONTROL_UNIT:inst|mpc_generator:inst1|inst                                                                      ; regout           ;
; |Computador_MIC|CPU:inst1|DATAPATH:inst13|BANK:inst|CPP:inst5|REGISTER32bit:inst1|inst4                                                         ; |Computador_MIC|CPU:inst1|DATAPATH:inst13|BANK:inst|CPP:inst5|REGISTER32bit:inst1|inst4                                                   ; combout          ;
; |Computador_MIC|PC[31]                                                                                                                          ; |Computador_MIC|PC[31]                                                                                                                    ; padio            ;
; |Computador_MIC|PC[30]                                                                                                                          ; |Computador_MIC|PC[30]                                                                                                                    ; padio            ;
; |Computador_MIC|PC[29]                                                                                                                          ; |Computador_MIC|PC[29]                                                                                                                    ; padio            ;
; |Computador_MIC|PC[28]                                                                                                                          ; |Computador_MIC|PC[28]                                                                                                                    ; padio            ;
; |Computador_MIC|PC[27]                                                                                                                          ; |Computador_MIC|PC[27]                                                                                                                    ; padio            ;
; |Computador_MIC|PC[26]                                                                                                                          ; |Computador_MIC|PC[26]                                                                                                                    ; padio            ;
; |Computador_MIC|PC[25]                                                                                                                          ; |Computador_MIC|PC[25]                                                                                                                    ; padio            ;
; |Computador_MIC|PC[24]                                                                                                                          ; |Computador_MIC|PC[24]                                                                                                                    ; padio            ;
; |Computador_MIC|PC[23]                                                                                                                          ; |Computador_MIC|PC[23]                                                                                                                    ; padio            ;
; |Computador_MIC|PC[22]                                                                                                                          ; |Computador_MIC|PC[22]                                                                                                                    ; padio            ;
; |Computador_MIC|PC[21]                                                                                                                          ; |Computador_MIC|PC[21]                                                                                                                    ; padio            ;
; |Computador_MIC|PC[20]                                                                                                                          ; |Computador_MIC|PC[20]                                                                                                                    ; padio            ;
; |Computador_MIC|PC[19]                                                                                                                          ; |Computador_MIC|PC[19]                                                                                                                    ; padio            ;
; |Computador_MIC|PC[18]                                                                                                                          ; |Computador_MIC|PC[18]                                                                                                                    ; padio            ;
; |Computador_MIC|PC[17]                                                                                                                          ; |Computador_MIC|PC[17]                                                                                                                    ; padio            ;
; |Computador_MIC|PC[16]                                                                                                                          ; |Computador_MIC|PC[16]                                                                                                                    ; padio            ;
; |Computador_MIC|PC[15]                                                                                                                          ; |Computador_MIC|PC[15]                                                                                                                    ; padio            ;
; |Computador_MIC|PC[14]                                                                                                                          ; |Computador_MIC|PC[14]                                                                                                                    ; padio            ;
; |Computador_MIC|PC[13]                                                                                                                          ; |Computador_MIC|PC[13]                                                                                                                    ; padio            ;
; |Computador_MIC|PC[12]                                                                                                                          ; |Computador_MIC|PC[12]                                                                                                                    ; padio            ;
; |Computador_MIC|PC[11]                                                                                                                          ; |Computador_MIC|PC[11]                                                                                                                    ; padio            ;
; |Computador_MIC|PC[10]                                                                                                                          ; |Computador_MIC|PC[10]                                                                                                                    ; padio            ;
; |Computador_MIC|PC[9]                                                                                                                           ; |Computador_MIC|PC[9]                                                                                                                     ; padio            ;
; |Computador_MIC|PC[8]                                                                                                                           ; |Computador_MIC|PC[8]                                                                                                                     ; padio            ;
; |Computador_MIC|PC[7]                                                                                                                           ; |Computador_MIC|PC[7]                                                                                                                     ; padio            ;
; |Computador_MIC|DATA_MEM_ADDR[31]                                                                                                               ; |Computador_MIC|DATA_MEM_ADDR[31]                                                                                                         ; padio            ;
; |Computador_MIC|DATA_MEM_ADDR[30]                                                                                                               ; |Computador_MIC|DATA_MEM_ADDR[30]                                                                                                         ; padio            ;
; |Computador_MIC|DATA_MEM_ADDR[29]                                                                                                               ; |Computador_MIC|DATA_MEM_ADDR[29]                                                                                                         ; padio            ;
; |Computador_MIC|DATA_MEM_ADDR[28]                                                                                                               ; |Computador_MIC|DATA_MEM_ADDR[28]                                                                                                         ; padio            ;
; |Computador_MIC|DATA_MEM_ADDR[27]                                                                                                               ; |Computador_MIC|DATA_MEM_ADDR[27]                                                                                                         ; padio            ;
; |Computador_MIC|DATA_MEM_ADDR[26]                                                                                                               ; |Computador_MIC|DATA_MEM_ADDR[26]                                                                                                         ; padio            ;
; |Computador_MIC|DATA_MEM_ADDR[25]                                                                                                               ; |Computador_MIC|DATA_MEM_ADDR[25]                                                                                                         ; padio            ;
; |Computador_MIC|DATA_MEM_ADDR[24]                                                                                                               ; |Computador_MIC|DATA_MEM_ADDR[24]                                                                                                         ; padio            ;
; |Computador_MIC|DATA_MEM_ADDR[23]                                                                                                               ; |Computador_MIC|DATA_MEM_ADDR[23]                                                                                                         ; padio            ;
; |Computador_MIC|DATA_MEM_ADDR[22]                                                                                                               ; |Computador_MIC|DATA_MEM_ADDR[22]                                                                                                         ; padio            ;
; |Computador_MIC|DATA_MEM_ADDR[21]                                                                                                               ; |Computador_MIC|DATA_MEM_ADDR[21]                                                                                                         ; padio            ;
; |Computador_MIC|DATA_MEM_ADDR[20]                                                                                                               ; |Computador_MIC|DATA_MEM_ADDR[20]                                                                                                         ; padio            ;
; |Computador_MIC|DATA_MEM_ADDR[19]                                                                                                               ; |Computador_MIC|DATA_MEM_ADDR[19]                                                                                                         ; padio            ;
; |Computador_MIC|DATA_MEM_ADDR[18]                                                                                                               ; |Computador_MIC|DATA_MEM_ADDR[18]                                                                                                         ; padio            ;
; |Computador_MIC|DATA_MEM_ADDR[17]                                                                                                               ; |Computador_MIC|DATA_MEM_ADDR[17]                                                                                                         ; padio            ;
; |Computador_MIC|DATA_MEM_ADDR[16]                                                                                                               ; |Computador_MIC|DATA_MEM_ADDR[16]                                                                                                         ; padio            ;
; |Computador_MIC|DATA_MEM_ADDR[15]                                                                                                               ; |Computador_MIC|DATA_MEM_ADDR[15]                                                                                                         ; padio            ;
; |Computador_MIC|DATA_MEM_ADDR[14]                                                                                                               ; |Computador_MIC|DATA_MEM_ADDR[14]                                                                                                         ; padio            ;
; |Computador_MIC|DATA_MEM_ADDR[13]                                                                                                               ; |Computador_MIC|DATA_MEM_ADDR[13]                                                                                                         ; padio            ;
; |Computador_MIC|DATA_MEM_ADDR[12]                                                                                                               ; |Computador_MIC|DATA_MEM_ADDR[12]                                                                                                         ; padio            ;
; |Computador_MIC|DATA_MEM_ADDR[11]                                                                                                               ; |Computador_MIC|DATA_MEM_ADDR[11]                                                                                                         ; padio            ;
; |Computador_MIC|DATA_MEM_ADDR[10]                                                                                                               ; |Computador_MIC|DATA_MEM_ADDR[10]                                                                                                         ; padio            ;
; |Computador_MIC|DATA_MEM_ADDR[6]                                                                                                                ; |Computador_MIC|DATA_MEM_ADDR[6]                                                                                                          ; padio            ;
; |Computador_MIC|DATA_MEM_OUT[31]                                                                                                                ; |Computador_MIC|DATA_MEM_OUT[31]                                                                                                          ; padio            ;
; |Computador_MIC|DATA_MEM_OUT[30]                                                                                                                ; |Computador_MIC|DATA_MEM_OUT[30]                                                                                                          ; padio            ;
; |Computador_MIC|DATA_MEM_OUT[29]                                                                                                                ; |Computador_MIC|DATA_MEM_OUT[29]                                                                                                          ; padio            ;
; |Computador_MIC|DATA_MEM_OUT[28]                                                                                                                ; |Computador_MIC|DATA_MEM_OUT[28]                                                                                                          ; padio            ;
; |Computador_MIC|DATA_MEM_OUT[27]                                                                                                                ; |Computador_MIC|DATA_MEM_OUT[27]                                                                                                          ; padio            ;
; |Computador_MIC|DATA_MEM_OUT[26]                                                                                                                ; |Computador_MIC|DATA_MEM_OUT[26]                                                                                                          ; padio            ;
; |Computador_MIC|DATA_MEM_OUT[25]                                                                                                                ; |Computador_MIC|DATA_MEM_OUT[25]                                                                                                          ; padio            ;
; |Computador_MIC|DATA_MEM_OUT[24]                                                                                                                ; |Computador_MIC|DATA_MEM_OUT[24]                                                                                                          ; padio            ;
; |Computador_MIC|DATA_MEM_OUT[23]                                                                                                                ; |Computador_MIC|DATA_MEM_OUT[23]                                                                                                          ; padio            ;
; |Computador_MIC|DATA_MEM_OUT[22]                                                                                                                ; |Computador_MIC|DATA_MEM_OUT[22]                                                                                                          ; padio            ;
; |Computador_MIC|DATA_MEM_OUT[21]                                                                                                                ; |Computador_MIC|DATA_MEM_OUT[21]                                                                                                          ; padio            ;
; |Computador_MIC|DATA_MEM_OUT[20]                                                                                                                ; |Computador_MIC|DATA_MEM_OUT[20]                                                                                                          ; padio            ;
; |Computador_MIC|DATA_MEM_OUT[19]                                                                                                                ; |Computador_MIC|DATA_MEM_OUT[19]                                                                                                          ; padio            ;
; |Computador_MIC|DATA_MEM_OUT[18]                                                                                                                ; |Computador_MIC|DATA_MEM_OUT[18]                                                                                                          ; padio            ;
; |Computador_MIC|DATA_MEM_OUT[17]                                                                                                                ; |Computador_MIC|DATA_MEM_OUT[17]                                                                                                          ; padio            ;
; |Computador_MIC|DATA_MEM_OUT[16]                                                                                                                ; |Computador_MIC|DATA_MEM_OUT[16]                                                                                                          ; padio            ;
; |Computador_MIC|DATA_MEM_OUT[13]                                                                                                                ; |Computador_MIC|DATA_MEM_OUT[13]                                                                                                          ; padio            ;
; |Computador_MIC|DATA_MEM_OUT[12]                                                                                                                ; |Computador_MIC|DATA_MEM_OUT[12]                                                                                                          ; padio            ;
; |Computador_MIC|DATA_MEM_OUT[10]                                                                                                                ; |Computador_MIC|DATA_MEM_OUT[10]                                                                                                          ; padio            ;
; |Computador_MIC|DATA_MEM_OUT[8]                                                                                                                 ; |Computador_MIC|DATA_MEM_OUT[8]                                                                                                           ; padio            ;
; |Computador_MIC|MIR[35]                                                                                                                         ; |Computador_MIC|MIR[35]                                                                                                                   ; padio            ;
; |Computador_MIC|MIR[25]                                                                                                                         ; |Computador_MIC|MIR[25]                                                                                                                   ; padio            ;
; |Computador_MIC|MIR[22]                                                                                                                         ; |Computador_MIC|MIR[22]                                                                                                                   ; padio            ;
; |Computador_MIC|MIR[12]                                                                                                                         ; |Computador_MIC|MIR[12]                                                                                                                   ; padio            ;
; |Computador_MIC|CPU:inst1|DATAPATH:inst13|BANK:inst|CPP:inst5|REGISTER32bit:inst1|inst4~clkctrl                                                 ; |Computador_MIC|CPU:inst1|DATAPATH:inst13|BANK:inst|CPP:inst5|REGISTER32bit:inst1|inst4~clkctrl                                           ; outclk           ;
+-------------------------------------------------------------------------------------------------------------------------------------------------+-------------------------------------------------------------------------------------------------------------------------------------------+------------------+


+---------------------+
; Simulator INI Usage ;
+--------+------------+
; Option ; Usage      ;
+--------+------------+


+--------------------+
; Simulator Messages ;
+--------------------+
Info: *******************************************************************
Info: Running Quartus II 64-Bit Simulator
    Info: Version 13.0.1 Build 232 06/12/2013 Service Pack 1 SJ Web Edition
    Info: Processing started: Mon Jan 20 17:16:26 2025
Info: Command: quartus_sim --simulation_results_format=VWF MC1 -c MC1
Info (324025): Using vector source file "C:/Users/Aluno/Desktop/ands/MIC-1-main/MIC1_recursive_sum.vwf"
Warning (328013): Ignored node in vector source file. Can't find corresponding node name "DATA_MEM[0]" in design.
Warning (328013): Ignored node in vector source file. Can't find corresponding node name "DATA_MEM[1]" in design.
Warning (328013): Ignored node in vector source file. Can't find corresponding node name "DATA_MEM[2]" in design.
Warning (328013): Ignored node in vector source file. Can't find corresponding node name "DATA_MEM[3]" in design.
Warning (328013): Ignored node in vector source file. Can't find corresponding node name "DATA_MEM[4]" in design.
Warning (328013): Ignored node in vector source file. Can't find corresponding node name "DATA_MEM[5]" in design.
Warning (328013): Ignored node in vector source file. Can't find corresponding node name "DATA_MEM[6]" in design.
Warning (328013): Ignored node in vector source file. Can't find corresponding node name "DATA_MEM[7]" in design.
Warning (328013): Ignored node in vector source file. Can't find corresponding node name "DATA_MEM[8]" in design.
Warning (328013): Ignored node in vector source file. Can't find corresponding node name "DATA_MEM[9]" in design.
Warning (328013): Ignored node in vector source file. Can't find corresponding node name "DATA_MEM[10]" in design.
Warning (328013): Ignored node in vector source file. Can't find corresponding node name "DATA_MEM[11]" in design.
Warning (328013): Ignored node in vector source file. Can't find corresponding node name "DATA_MEM[12]" in design.
Warning (328013): Ignored node in vector source file. Can't find corresponding node name "DATA_MEM[13]" in design.
Warning (328013): Ignored node in vector source file. Can't find corresponding node name "DATA_MEM[14]" in design.
Warning (328013): Ignored node in vector source file. Can't find corresponding node name "DATA_MEM[15]" in design.
Warning (328013): Ignored node in vector source file. Can't find corresponding node name "DATA_MEM[16]" in design.
Warning (328013): Ignored node in vector source file. Can't find corresponding node name "DATA_MEM[17]" in design.
Warning (328013): Ignored node in vector source file. Can't find corresponding node name "DATA_MEM[18]" in design.
Warning (328013): Ignored node in vector source file. Can't find corresponding node name "DATA_MEM[19]" in design.
Warning (328013): Ignored node in vector source file. Can't find corresponding node name "DATA_MEM[20]" in design.
Warning (328013): Ignored node in vector source file. Can't find corresponding node name "DATA_MEM[21]" in design.
Warning (328013): Ignored node in vector source file. Can't find corresponding node name "DATA_MEM[22]" in design.
Warning (328013): Ignored node in vector source file. Can't find corresponding node name "DATA_MEM[23]" in design.
Warning (328013): Ignored node in vector source file. Can't find corresponding node name "DATA_MEM[24]" in design.
Warning (328013): Ignored node in vector source file. Can't find corresponding node name "DATA_MEM[25]" in design.
Warning (328013): Ignored node in vector source file. Can't find corresponding node name "DATA_MEM[26]" in design.
Warning (328013): Ignored node in vector source file. Can't find corresponding node name "DATA_MEM[27]" in design.
Warning (328013): Ignored node in vector source file. Can't find corresponding node name "DATA_MEM[28]" in design.
Warning (328013): Ignored node in vector source file. Can't find corresponding node name "DATA_MEM[29]" in design.
Warning (328013): Ignored node in vector source file. Can't find corresponding node name "DATA_MEM[30]" in design.
Warning (328013): Ignored node in vector source file. Can't find corresponding node name "DATA_MEM[31]" in design.
Info (328054): Inverted registers were found during simulation
    Info (328055): Register: |Computador_MIC|CPU:inst1|DATAPATH:inst13|BANK:inst|CPP:inst5|REGISTER32bit:inst1|REGISTER8bit:inst20|inst5
    Info (328055): Register: |Computador_MIC|CPU:inst1|DATAPATH:inst13|BANK:inst|CPP:inst5|REGISTER32bit:inst1|REGISTER8bit:inst|inst20
    Info (328055): Register: |Computador_MIC|CPU:inst1|DATAPATH:inst13|BANK:inst|CPP:inst5|REGISTER32bit:inst1|REGISTER8bit:inst|inst16
    Info (328055): Register: |Computador_MIC|CPU:inst1|DATAPATH:inst13|BANK:inst|CPP:inst5|REGISTER32bit:inst1|REGISTER8bit:inst|inst24
    Info (328055): Register: |Computador_MIC|CPU:inst1|DATAPATH:inst13|BANK:inst|LV:inst4|REGISTER32bit:inst1|REGISTER8bit:inst|inst24
    Info (328055): Register: |Computador_MIC|CPU:inst1|DATAPATH:inst13|BANK:inst|SP:inst3|REGISTER32bit:inst1|REGISTER8bit:inst|inst24
    Info (328055): Register: |Computador_MIC|CPU:inst1|DATAPATH:inst13|BANK:inst|CPP:inst5|REGISTER32bit:inst1|REGISTER8bit:inst|inst28
    Info (328055): Register: |Computador_MIC|CPU:inst1|DATAPATH:inst13|BANK:inst|CPP:inst5|REGISTER32bit:inst1|REGISTER8bit:inst20|inst
Info (310003): Option to preserve fewer signal transitions to reduce memory requirements is enabled
    Info (310004): Simulation has been partitioned into sub-simulations according to the maximum transition count determined by the engine. Transitions from memory will be flushed out to disk at the end of each sub-simulation to reduce memory requirements.
Info (310002): Simulation partitioned into 1 sub-simulations
Info (328053): Simulation coverage is      65.43 %
Info (328052): Number of transitions in simulation is 146451
Info (324045): Vector file MC1.sim.vwf is saved in VWF text format. You can compress it into CVWF format in order to reduce file size. For more details please refer to the Quartus II Help.
Info: Quartus II 64-Bit Simulator was successful. 0 errors, 32 warnings
    Info: Peak virtual memory: 4496 megabytes
    Info: Processing ended: Mon Jan 20 17:16:27 2025
    Info: Elapsed time: 00:00:01
    Info: Total CPU time (on all processors): 00:00:01


