TimeQuest Timing Analyzer report for MC1
Mon Jan 20 17:15:19 2025
Quartus II 64-Bit Version 13.0.1 Build 232 06/12/2013 Service Pack 1 SJ Web Edition


---------------------
; Table of Contents ;
---------------------
  1. Legal Notice
  2. TimeQuest Timing Analyzer Summary
  3. Parallel Compilation
  4. Clocks
  5. Slow Model Fmax Summary
  6. Slow Model Setup Summary
  7. Slow Model Hold Summary
  8. Slow Model Recovery Summary
  9. Slow Model Removal Summary
 10. Slow Model Minimum Pulse Width Summary
 11. Slow Model Setup: 'CLOCK'
 12. Slow Model Hold: 'CLOCK'
 13. Slow Model Minimum Pulse Width: 'CLOCK'
 14. Clock to Output Times
 15. Minimum Clock to Output Times
 16. Fast Model Setup Summary
 17. Fast Model Hold Summary
 18. Fast Model Recovery Summary
 19. Fast Model Removal Summary
 20. Fast Model Minimum Pulse Width Summary
 21. Fast Model Setup: 'CLOCK'
 22. Fast Model Hold: 'CLOCK'
 23. Fast Model Minimum Pulse Width: 'CLOCK'
 24. Clock to Output Times
 25. Minimum Clock to Output Times
 26. Multicorner Timing Analysis Summary
 27. Clock to Output Times
 28. Minimum Clock to Output Times
 29. Setup Transfers
 30. Hold Transfers
 31. Report TCCS
 32. Report RSKM
 33. Unconstrained Paths
 34. TimeQuest Timing Analyzer Messages



----------------
; Legal Notice ;
----------------
Copyright (C) 1991-2013 Altera Corporation
Your use of Altera Corporation's design tools, logic functions 
and other software and tools, and its AMPP partner logic 
functions, and any output files from any of the foregoing 
(including device programming or simulation files), and any 
associated documentation or information are expressly subject 
to the terms and conditions of the Altera Program License 
Subscription Agreement, Altera MegaCore Function License 
Agreement, or other applicable license agreement, including, 
without limitation, that your use is for the sole purpose of 
programming logic devices manufactured by Altera and sold by 
Altera or its authorized distributors.  Please refer to the 
applicable agreement for further details.



+----------------------------------------------------------------------------------------+
; TimeQuest Timing Analyzer Summary                                                      ;
+--------------------+-------------------------------------------------------------------+
; Quartus II Version ; Version 13.0.1 Build 232 06/12/2013 Service Pack 1 SJ Web Edition ;
; Revision Name      ; MC1                                                               ;
; Device Family      ; Cyclone II                                                        ;
; Device Name        ; EP2C15AF484C6                                                     ;
; Timing Models      ; Final                                                             ;
; Delay Model        ; Combined                                                          ;
; Rise/Fall Delays   ; Unavailable                                                       ;
+--------------------+-------------------------------------------------------------------+


Parallel compilation was disabled, but you have multiple processors available. Enable parallel compilation to reduce compilation time.
+-------------------------------------+
; Parallel Compilation                ;
+----------------------------+--------+
; Processors                 ; Number ;
+----------------------------+--------+
; Number detected on machine ; 4      ;
; Maximum allowed            ; 1      ;
+----------------------------+--------+


+-----------------------------------------------------------------------------------------------------------------------------------------------------------------------------------+
; Clocks                                                                                                                                                                            ;
+------------+------+--------+------------+-------+-------+------------+-----------+-------------+-------+--------+-----------+------------+----------+--------+--------+-----------+
; Clock Name ; Type ; Period ; Frequency  ; Rise  ; Fall  ; Duty Cycle ; Divide by ; Multiply by ; Phase ; Offset ; Edge List ; Edge Shift ; Inverted ; Master ; Source ; Targets   ;
+------------+------+--------+------------+-------+-------+------------+-----------+-------------+-------+--------+-----------+------------+----------+--------+--------+-----------+
; CLOCK      ; Base ; 1.000  ; 1000.0 MHz ; 0.000 ; 0.500 ;            ;           ;             ;       ;        ;           ;            ;          ;        ;        ; { CLOCK } ;
+------------+------+--------+------------+-------+-------+------------+-----------+-------------+-------+--------+-----------+------------+----------+--------+--------+-----------+


+-------------------------------------------------+
; Slow Model Fmax Summary                         ;
+-----------+-----------------+------------+------+
; Fmax      ; Restricted Fmax ; Clock Name ; Note ;
+-----------+-----------------+------------+------+
; 20.39 MHz ; 20.39 MHz       ; CLOCK      ;      ;
+-----------+-----------------+------------+------+
This panel reports FMAX for every clock in the design, regardless of the user-specified clock periods.  FMAX is only computed for paths where the source and destination registers or ports are driven by the same clock.  Paths of different clocks, including generated clocks, are ignored.  For paths between a clock and its inversion, FMAX is computed as if the rising and falling edges are scaled along with FMAX, such that the duty cycle (in terms of a percentage) is maintained. Altera recommends that you always use clock constraints and other slack reports for sign-off analysis.


+---------------------------------+
; Slow Model Setup Summary        ;
+-------+---------+---------------+
; Clock ; Slack   ; End Point TNS ;
+-------+---------+---------------+
; CLOCK ; -24.025 ; -5387.759     ;
+-------+---------+---------------+


+--------------------------------+
; Slow Model Hold Summary        ;
+-------+--------+---------------+
; Clock ; Slack  ; End Point TNS ;
+-------+--------+---------------+
; CLOCK ; -1.144 ; -14.300       ;
+-------+--------+---------------+


-------------------------------
; Slow Model Recovery Summary ;
-------------------------------
No paths to report.


------------------------------
; Slow Model Removal Summary ;
------------------------------
No paths to report.


+----------------------------------------+
; Slow Model Minimum Pulse Width Summary ;
+-------+--------+-----------------------+
; Clock ; Slack  ; End Point TNS         ;
+-------+--------+-----------------------+
; CLOCK ; -2.000 ; -1476.836             ;
+-------+--------+-----------------------+


+-----------------------------------------------------------------------------------------------------------------------------------------------------------------------------------------------------------------------------------------------------------------------------------------------------------------------------------+
; Slow Model Setup: 'CLOCK'                                                                                                                                                                                                                                                                                                         ;
+---------+----------------------------------------------------------------------------------------------------------------------------------------------------+----------------------------------------------------------------------------------------------+--------------+-------------+--------------+------------+------------+
; Slack   ; From Node                                                                                                                                          ; To Node                                                                                      ; Launch Clock ; Latch Clock ; Relationship ; Clock Skew ; Data Delay ;
+---------+----------------------------------------------------------------------------------------------------------------------------------------------------+----------------------------------------------------------------------------------------------+--------------+-------------+--------------+------------+------------+
; -24.025 ; CPU:inst1|CONTROL_UNIT:inst|mc_compiler:inst123132|altsyncram:altsyncram_component|altsyncram_c881:auto_generated|ram_block1a0~porta_address_reg0  ; CPU:inst1|CONTROL_UNIT:inst|mpc_generator:inst1|inst1                                        ; CLOCK        ; CLOCK       ; 0.500        ; -0.054     ; 24.507     ;
; -24.025 ; CPU:inst1|CONTROL_UNIT:inst|mc_compiler:inst123132|altsyncram:altsyncram_component|altsyncram_c881:auto_generated|ram_block1a0~porta_address_reg1  ; CPU:inst1|CONTROL_UNIT:inst|mpc_generator:inst1|inst1                                        ; CLOCK        ; CLOCK       ; 0.500        ; -0.054     ; 24.507     ;
; -24.025 ; CPU:inst1|CONTROL_UNIT:inst|mc_compiler:inst123132|altsyncram:altsyncram_component|altsyncram_c881:auto_generated|ram_block1a0~porta_address_reg2  ; CPU:inst1|CONTROL_UNIT:inst|mpc_generator:inst1|inst1                                        ; CLOCK        ; CLOCK       ; 0.500        ; -0.054     ; 24.507     ;
; -24.025 ; CPU:inst1|CONTROL_UNIT:inst|mc_compiler:inst123132|altsyncram:altsyncram_component|altsyncram_c881:auto_generated|ram_block1a0~porta_address_reg3  ; CPU:inst1|CONTROL_UNIT:inst|mpc_generator:inst1|inst1                                        ; CLOCK        ; CLOCK       ; 0.500        ; -0.054     ; 24.507     ;
; -24.025 ; CPU:inst1|CONTROL_UNIT:inst|mc_compiler:inst123132|altsyncram:altsyncram_component|altsyncram_c881:auto_generated|ram_block1a0~porta_address_reg4  ; CPU:inst1|CONTROL_UNIT:inst|mpc_generator:inst1|inst1                                        ; CLOCK        ; CLOCK       ; 0.500        ; -0.054     ; 24.507     ;
; -24.025 ; CPU:inst1|CONTROL_UNIT:inst|mc_compiler:inst123132|altsyncram:altsyncram_component|altsyncram_c881:auto_generated|ram_block1a0~porta_address_reg5  ; CPU:inst1|CONTROL_UNIT:inst|mpc_generator:inst1|inst1                                        ; CLOCK        ; CLOCK       ; 0.500        ; -0.054     ; 24.507     ;
; -24.025 ; CPU:inst1|CONTROL_UNIT:inst|mc_compiler:inst123132|altsyncram:altsyncram_component|altsyncram_c881:auto_generated|ram_block1a0~porta_address_reg6  ; CPU:inst1|CONTROL_UNIT:inst|mpc_generator:inst1|inst1                                        ; CLOCK        ; CLOCK       ; 0.500        ; -0.054     ; 24.507     ;
; -24.025 ; CPU:inst1|CONTROL_UNIT:inst|mc_compiler:inst123132|altsyncram:altsyncram_component|altsyncram_c881:auto_generated|ram_block1a0~porta_address_reg7  ; CPU:inst1|CONTROL_UNIT:inst|mpc_generator:inst1|inst1                                        ; CLOCK        ; CLOCK       ; 0.500        ; -0.054     ; 24.507     ;
; -24.025 ; CPU:inst1|CONTROL_UNIT:inst|mc_compiler:inst123132|altsyncram:altsyncram_component|altsyncram_c881:auto_generated|ram_block1a0~porta_address_reg8  ; CPU:inst1|CONTROL_UNIT:inst|mpc_generator:inst1|inst1                                        ; CLOCK        ; CLOCK       ; 0.500        ; -0.054     ; 24.507     ;
; -22.945 ; CPU:inst1|DATAPATH:inst13|BANK:inst|MDR:inst1|REGISTER32bit:inst1|REGISTER8bit:inst|inst16                                                         ; CPU:inst1|CONTROL_UNIT:inst|mpc_generator:inst1|inst1                                        ; CLOCK        ; CLOCK       ; 1.000        ; -2.829     ; 21.152     ;
; -22.730 ; CPU:inst1|DATAPATH:inst13|BANK:inst|MDR:inst1|REGISTER32bit:inst1|REGISTER8bit:inst|inst8                                                          ; CPU:inst1|CONTROL_UNIT:inst|mpc_generator:inst1|inst1                                        ; CLOCK        ; CLOCK       ; 1.000        ; -2.809     ; 20.957     ;
; -22.727 ; CPU:inst1|DATAPATH:inst13|BANK:inst|MDR:inst1|REGISTER32bit:inst1|REGISTER8bit:inst|inst5                                                          ; CPU:inst1|CONTROL_UNIT:inst|mpc_generator:inst1|inst1                                        ; CLOCK        ; CLOCK       ; 1.000        ; -2.809     ; 20.954     ;
; -22.372 ; CPU:inst1|DATAPATH:inst13|BANK:inst|MDR:inst1|REGISTER32bit:inst1|REGISTER8bit:inst|inst                                                           ; CPU:inst1|CONTROL_UNIT:inst|mpc_generator:inst1|inst1                                        ; CLOCK        ; CLOCK       ; 1.000        ; -2.809     ; 20.599     ;
; -22.341 ; CPU:inst1|CONTROL_UNIT:inst|mc_compiler:inst123132|altsyncram:altsyncram_component|altsyncram_c881:auto_generated|ram_block1a0~porta_address_reg0  ; CPU:inst1|DATAPATH:inst13|BANK:inst|OPC:inst7|REGISTER32bit:inst1|REGISTER8bit:inst23|inst28 ; CLOCK        ; CLOCK       ; 0.500        ; 0.934      ; 23.811     ;
; -22.341 ; CPU:inst1|CONTROL_UNIT:inst|mc_compiler:inst123132|altsyncram:altsyncram_component|altsyncram_c881:auto_generated|ram_block1a0~porta_address_reg1  ; CPU:inst1|DATAPATH:inst13|BANK:inst|OPC:inst7|REGISTER32bit:inst1|REGISTER8bit:inst23|inst28 ; CLOCK        ; CLOCK       ; 0.500        ; 0.934      ; 23.811     ;
; -22.341 ; CPU:inst1|CONTROL_UNIT:inst|mc_compiler:inst123132|altsyncram:altsyncram_component|altsyncram_c881:auto_generated|ram_block1a0~porta_address_reg2  ; CPU:inst1|DATAPATH:inst13|BANK:inst|OPC:inst7|REGISTER32bit:inst1|REGISTER8bit:inst23|inst28 ; CLOCK        ; CLOCK       ; 0.500        ; 0.934      ; 23.811     ;
; -22.341 ; CPU:inst1|CONTROL_UNIT:inst|mc_compiler:inst123132|altsyncram:altsyncram_component|altsyncram_c881:auto_generated|ram_block1a0~porta_address_reg3  ; CPU:inst1|DATAPATH:inst13|BANK:inst|OPC:inst7|REGISTER32bit:inst1|REGISTER8bit:inst23|inst28 ; CLOCK        ; CLOCK       ; 0.500        ; 0.934      ; 23.811     ;
; -22.341 ; CPU:inst1|CONTROL_UNIT:inst|mc_compiler:inst123132|altsyncram:altsyncram_component|altsyncram_c881:auto_generated|ram_block1a0~porta_address_reg4  ; CPU:inst1|DATAPATH:inst13|BANK:inst|OPC:inst7|REGISTER32bit:inst1|REGISTER8bit:inst23|inst28 ; CLOCK        ; CLOCK       ; 0.500        ; 0.934      ; 23.811     ;
; -22.341 ; CPU:inst1|CONTROL_UNIT:inst|mc_compiler:inst123132|altsyncram:altsyncram_component|altsyncram_c881:auto_generated|ram_block1a0~porta_address_reg5  ; CPU:inst1|DATAPATH:inst13|BANK:inst|OPC:inst7|REGISTER32bit:inst1|REGISTER8bit:inst23|inst28 ; CLOCK        ; CLOCK       ; 0.500        ; 0.934      ; 23.811     ;
; -22.341 ; CPU:inst1|CONTROL_UNIT:inst|mc_compiler:inst123132|altsyncram:altsyncram_component|altsyncram_c881:auto_generated|ram_block1a0~porta_address_reg6  ; CPU:inst1|DATAPATH:inst13|BANK:inst|OPC:inst7|REGISTER32bit:inst1|REGISTER8bit:inst23|inst28 ; CLOCK        ; CLOCK       ; 0.500        ; 0.934      ; 23.811     ;
; -22.341 ; CPU:inst1|CONTROL_UNIT:inst|mc_compiler:inst123132|altsyncram:altsyncram_component|altsyncram_c881:auto_generated|ram_block1a0~porta_address_reg7  ; CPU:inst1|DATAPATH:inst13|BANK:inst|OPC:inst7|REGISTER32bit:inst1|REGISTER8bit:inst23|inst28 ; CLOCK        ; CLOCK       ; 0.500        ; 0.934      ; 23.811     ;
; -22.341 ; CPU:inst1|CONTROL_UNIT:inst|mc_compiler:inst123132|altsyncram:altsyncram_component|altsyncram_c881:auto_generated|ram_block1a0~porta_address_reg8  ; CPU:inst1|DATAPATH:inst13|BANK:inst|OPC:inst7|REGISTER32bit:inst1|REGISTER8bit:inst23|inst28 ; CLOCK        ; CLOCK       ; 0.500        ; 0.934      ; 23.811     ;
; -22.282 ; CPU:inst1|CONTROL_UNIT:inst|mc_compiler:inst123132|altsyncram:altsyncram_component|altsyncram_c881:auto_generated|ram_block1a0~porta_address_reg0  ; CPU:inst1|CONTROL_UNIT:inst|mpc_generator:inst1|inst                                         ; CLOCK        ; CLOCK       ; 0.500        ; -0.054     ; 22.764     ;
; -22.282 ; CPU:inst1|CONTROL_UNIT:inst|mc_compiler:inst123132|altsyncram:altsyncram_component|altsyncram_c881:auto_generated|ram_block1a0~porta_address_reg1  ; CPU:inst1|CONTROL_UNIT:inst|mpc_generator:inst1|inst                                         ; CLOCK        ; CLOCK       ; 0.500        ; -0.054     ; 22.764     ;
; -22.282 ; CPU:inst1|CONTROL_UNIT:inst|mc_compiler:inst123132|altsyncram:altsyncram_component|altsyncram_c881:auto_generated|ram_block1a0~porta_address_reg2  ; CPU:inst1|CONTROL_UNIT:inst|mpc_generator:inst1|inst                                         ; CLOCK        ; CLOCK       ; 0.500        ; -0.054     ; 22.764     ;
; -22.282 ; CPU:inst1|CONTROL_UNIT:inst|mc_compiler:inst123132|altsyncram:altsyncram_component|altsyncram_c881:auto_generated|ram_block1a0~porta_address_reg3  ; CPU:inst1|CONTROL_UNIT:inst|mpc_generator:inst1|inst                                         ; CLOCK        ; CLOCK       ; 0.500        ; -0.054     ; 22.764     ;
; -22.282 ; CPU:inst1|CONTROL_UNIT:inst|mc_compiler:inst123132|altsyncram:altsyncram_component|altsyncram_c881:auto_generated|ram_block1a0~porta_address_reg4  ; CPU:inst1|CONTROL_UNIT:inst|mpc_generator:inst1|inst                                         ; CLOCK        ; CLOCK       ; 0.500        ; -0.054     ; 22.764     ;
; -22.282 ; CPU:inst1|CONTROL_UNIT:inst|mc_compiler:inst123132|altsyncram:altsyncram_component|altsyncram_c881:auto_generated|ram_block1a0~porta_address_reg5  ; CPU:inst1|CONTROL_UNIT:inst|mpc_generator:inst1|inst                                         ; CLOCK        ; CLOCK       ; 0.500        ; -0.054     ; 22.764     ;
; -22.282 ; CPU:inst1|CONTROL_UNIT:inst|mc_compiler:inst123132|altsyncram:altsyncram_component|altsyncram_c881:auto_generated|ram_block1a0~porta_address_reg6  ; CPU:inst1|CONTROL_UNIT:inst|mpc_generator:inst1|inst                                         ; CLOCK        ; CLOCK       ; 0.500        ; -0.054     ; 22.764     ;
; -22.282 ; CPU:inst1|CONTROL_UNIT:inst|mc_compiler:inst123132|altsyncram:altsyncram_component|altsyncram_c881:auto_generated|ram_block1a0~porta_address_reg7  ; CPU:inst1|CONTROL_UNIT:inst|mpc_generator:inst1|inst                                         ; CLOCK        ; CLOCK       ; 0.500        ; -0.054     ; 22.764     ;
; -22.282 ; CPU:inst1|CONTROL_UNIT:inst|mc_compiler:inst123132|altsyncram:altsyncram_component|altsyncram_c881:auto_generated|ram_block1a0~porta_address_reg8  ; CPU:inst1|CONTROL_UNIT:inst|mpc_generator:inst1|inst                                         ; CLOCK        ; CLOCK       ; 0.500        ; -0.054     ; 22.764     ;
; -22.260 ; CPU:inst1|DATAPATH:inst13|BANK:inst|MDR:inst1|REGISTER32bit:inst1|REGISTER8bit:inst|inst12                                                         ; CPU:inst1|CONTROL_UNIT:inst|mpc_generator:inst1|inst1                                        ; CLOCK        ; CLOCK       ; 1.000        ; -2.809     ; 20.487     ;
; -22.159 ; CPU:inst1|DATAPATH:inst13|BANK:inst|CPP:inst5|REGISTER32bit:inst1|REGISTER8bit:inst|inst8                                                          ; CPU:inst1|CONTROL_UNIT:inst|mpc_generator:inst1|inst1                                        ; CLOCK        ; CLOCK       ; 1.000        ; -2.578     ; 20.617     ;
; -22.123 ; CPU:inst1|DATAPATH:inst13|BANK:inst|LV:inst4|REGISTER32bit:inst1|REGISTER8bit:inst|inst12                                                          ; CPU:inst1|CONTROL_UNIT:inst|mpc_generator:inst1|inst1                                        ; CLOCK        ; CLOCK       ; 1.000        ; -2.697     ; 20.462     ;
; -22.100 ; CPU:inst1|CONTROL_UNIT:inst|mc_compiler:inst123132|altsyncram:altsyncram_component|altsyncram_c881:auto_generated|ram_block1a0~porta_address_reg0  ; CPU:inst1|DATAPATH:inst13|BANK:inst|OPC:inst7|REGISTER32bit:inst1|REGISTER8bit:inst23|inst20 ; CLOCK        ; CLOCK       ; 0.500        ; 0.934      ; 23.570     ;
; -22.100 ; CPU:inst1|CONTROL_UNIT:inst|mc_compiler:inst123132|altsyncram:altsyncram_component|altsyncram_c881:auto_generated|ram_block1a0~porta_address_reg1  ; CPU:inst1|DATAPATH:inst13|BANK:inst|OPC:inst7|REGISTER32bit:inst1|REGISTER8bit:inst23|inst20 ; CLOCK        ; CLOCK       ; 0.500        ; 0.934      ; 23.570     ;
; -22.100 ; CPU:inst1|CONTROL_UNIT:inst|mc_compiler:inst123132|altsyncram:altsyncram_component|altsyncram_c881:auto_generated|ram_block1a0~porta_address_reg2  ; CPU:inst1|DATAPATH:inst13|BANK:inst|OPC:inst7|REGISTER32bit:inst1|REGISTER8bit:inst23|inst20 ; CLOCK        ; CLOCK       ; 0.500        ; 0.934      ; 23.570     ;
; -22.100 ; CPU:inst1|CONTROL_UNIT:inst|mc_compiler:inst123132|altsyncram:altsyncram_component|altsyncram_c881:auto_generated|ram_block1a0~porta_address_reg3  ; CPU:inst1|DATAPATH:inst13|BANK:inst|OPC:inst7|REGISTER32bit:inst1|REGISTER8bit:inst23|inst20 ; CLOCK        ; CLOCK       ; 0.500        ; 0.934      ; 23.570     ;
; -22.100 ; CPU:inst1|CONTROL_UNIT:inst|mc_compiler:inst123132|altsyncram:altsyncram_component|altsyncram_c881:auto_generated|ram_block1a0~porta_address_reg4  ; CPU:inst1|DATAPATH:inst13|BANK:inst|OPC:inst7|REGISTER32bit:inst1|REGISTER8bit:inst23|inst20 ; CLOCK        ; CLOCK       ; 0.500        ; 0.934      ; 23.570     ;
; -22.100 ; CPU:inst1|CONTROL_UNIT:inst|mc_compiler:inst123132|altsyncram:altsyncram_component|altsyncram_c881:auto_generated|ram_block1a0~porta_address_reg5  ; CPU:inst1|DATAPATH:inst13|BANK:inst|OPC:inst7|REGISTER32bit:inst1|REGISTER8bit:inst23|inst20 ; CLOCK        ; CLOCK       ; 0.500        ; 0.934      ; 23.570     ;
; -22.100 ; CPU:inst1|CONTROL_UNIT:inst|mc_compiler:inst123132|altsyncram:altsyncram_component|altsyncram_c881:auto_generated|ram_block1a0~porta_address_reg6  ; CPU:inst1|DATAPATH:inst13|BANK:inst|OPC:inst7|REGISTER32bit:inst1|REGISTER8bit:inst23|inst20 ; CLOCK        ; CLOCK       ; 0.500        ; 0.934      ; 23.570     ;
; -22.100 ; CPU:inst1|CONTROL_UNIT:inst|mc_compiler:inst123132|altsyncram:altsyncram_component|altsyncram_c881:auto_generated|ram_block1a0~porta_address_reg7  ; CPU:inst1|DATAPATH:inst13|BANK:inst|OPC:inst7|REGISTER32bit:inst1|REGISTER8bit:inst23|inst20 ; CLOCK        ; CLOCK       ; 0.500        ; 0.934      ; 23.570     ;
; -22.100 ; CPU:inst1|CONTROL_UNIT:inst|mc_compiler:inst123132|altsyncram:altsyncram_component|altsyncram_c881:auto_generated|ram_block1a0~porta_address_reg8  ; CPU:inst1|DATAPATH:inst13|BANK:inst|OPC:inst7|REGISTER32bit:inst1|REGISTER8bit:inst23|inst20 ; CLOCK        ; CLOCK       ; 0.500        ; 0.934      ; 23.570     ;
; -21.926 ; CPU:inst1|DATAPATH:inst13|BANK:inst|PC:inst2|REGISTER32bit:inst1|REGISTER8bit:inst|inst                                                            ; CPU:inst1|CONTROL_UNIT:inst|mpc_generator:inst1|inst1                                        ; CLOCK        ; CLOCK       ; 1.000        ; -2.374     ; 20.588     ;
; -21.885 ; CPU:inst1|CONTROL_UNIT:inst|mc_compiler:inst123132|altsyncram:altsyncram_component|altsyncram_c881:auto_generated|ram_block1a0~porta_address_reg0  ; CPU:inst1|DATAPATH:inst13|BANK:inst|OPC:inst7|REGISTER32bit:inst1|REGISTER8bit:inst23|inst24 ; CLOCK        ; CLOCK       ; 0.500        ; 0.934      ; 23.355     ;
; -21.885 ; CPU:inst1|CONTROL_UNIT:inst|mc_compiler:inst123132|altsyncram:altsyncram_component|altsyncram_c881:auto_generated|ram_block1a0~porta_address_reg1  ; CPU:inst1|DATAPATH:inst13|BANK:inst|OPC:inst7|REGISTER32bit:inst1|REGISTER8bit:inst23|inst24 ; CLOCK        ; CLOCK       ; 0.500        ; 0.934      ; 23.355     ;
; -21.885 ; CPU:inst1|CONTROL_UNIT:inst|mc_compiler:inst123132|altsyncram:altsyncram_component|altsyncram_c881:auto_generated|ram_block1a0~porta_address_reg2  ; CPU:inst1|DATAPATH:inst13|BANK:inst|OPC:inst7|REGISTER32bit:inst1|REGISTER8bit:inst23|inst24 ; CLOCK        ; CLOCK       ; 0.500        ; 0.934      ; 23.355     ;
; -21.885 ; CPU:inst1|CONTROL_UNIT:inst|mc_compiler:inst123132|altsyncram:altsyncram_component|altsyncram_c881:auto_generated|ram_block1a0~porta_address_reg3  ; CPU:inst1|DATAPATH:inst13|BANK:inst|OPC:inst7|REGISTER32bit:inst1|REGISTER8bit:inst23|inst24 ; CLOCK        ; CLOCK       ; 0.500        ; 0.934      ; 23.355     ;
; -21.885 ; CPU:inst1|CONTROL_UNIT:inst|mc_compiler:inst123132|altsyncram:altsyncram_component|altsyncram_c881:auto_generated|ram_block1a0~porta_address_reg4  ; CPU:inst1|DATAPATH:inst13|BANK:inst|OPC:inst7|REGISTER32bit:inst1|REGISTER8bit:inst23|inst24 ; CLOCK        ; CLOCK       ; 0.500        ; 0.934      ; 23.355     ;
; -21.885 ; CPU:inst1|CONTROL_UNIT:inst|mc_compiler:inst123132|altsyncram:altsyncram_component|altsyncram_c881:auto_generated|ram_block1a0~porta_address_reg5  ; CPU:inst1|DATAPATH:inst13|BANK:inst|OPC:inst7|REGISTER32bit:inst1|REGISTER8bit:inst23|inst24 ; CLOCK        ; CLOCK       ; 0.500        ; 0.934      ; 23.355     ;
; -21.885 ; CPU:inst1|CONTROL_UNIT:inst|mc_compiler:inst123132|altsyncram:altsyncram_component|altsyncram_c881:auto_generated|ram_block1a0~porta_address_reg6  ; CPU:inst1|DATAPATH:inst13|BANK:inst|OPC:inst7|REGISTER32bit:inst1|REGISTER8bit:inst23|inst24 ; CLOCK        ; CLOCK       ; 0.500        ; 0.934      ; 23.355     ;
; -21.885 ; CPU:inst1|CONTROL_UNIT:inst|mc_compiler:inst123132|altsyncram:altsyncram_component|altsyncram_c881:auto_generated|ram_block1a0~porta_address_reg7  ; CPU:inst1|DATAPATH:inst13|BANK:inst|OPC:inst7|REGISTER32bit:inst1|REGISTER8bit:inst23|inst24 ; CLOCK        ; CLOCK       ; 0.500        ; 0.934      ; 23.355     ;
; -21.885 ; CPU:inst1|CONTROL_UNIT:inst|mc_compiler:inst123132|altsyncram:altsyncram_component|altsyncram_c881:auto_generated|ram_block1a0~porta_address_reg8  ; CPU:inst1|DATAPATH:inst13|BANK:inst|OPC:inst7|REGISTER32bit:inst1|REGISTER8bit:inst23|inst24 ; CLOCK        ; CLOCK       ; 0.500        ; 0.934      ; 23.355     ;
; -21.865 ; CPU:inst1|CONTROL_UNIT:inst|mc_compiler:inst123132|altsyncram:altsyncram_component|altsyncram_c881:auto_generated|ram_block1a0~porta_address_reg0  ; CPU:inst1|DATAPATH:inst13|BANK:inst|OPC:inst7|REGISTER32bit:inst1|REGISTER8bit:inst23|inst16 ; CLOCK        ; CLOCK       ; 0.500        ; 0.934      ; 23.335     ;
; -21.865 ; CPU:inst1|CONTROL_UNIT:inst|mc_compiler:inst123132|altsyncram:altsyncram_component|altsyncram_c881:auto_generated|ram_block1a0~porta_address_reg1  ; CPU:inst1|DATAPATH:inst13|BANK:inst|OPC:inst7|REGISTER32bit:inst1|REGISTER8bit:inst23|inst16 ; CLOCK        ; CLOCK       ; 0.500        ; 0.934      ; 23.335     ;
; -21.865 ; CPU:inst1|CONTROL_UNIT:inst|mc_compiler:inst123132|altsyncram:altsyncram_component|altsyncram_c881:auto_generated|ram_block1a0~porta_address_reg2  ; CPU:inst1|DATAPATH:inst13|BANK:inst|OPC:inst7|REGISTER32bit:inst1|REGISTER8bit:inst23|inst16 ; CLOCK        ; CLOCK       ; 0.500        ; 0.934      ; 23.335     ;
; -21.865 ; CPU:inst1|CONTROL_UNIT:inst|mc_compiler:inst123132|altsyncram:altsyncram_component|altsyncram_c881:auto_generated|ram_block1a0~porta_address_reg3  ; CPU:inst1|DATAPATH:inst13|BANK:inst|OPC:inst7|REGISTER32bit:inst1|REGISTER8bit:inst23|inst16 ; CLOCK        ; CLOCK       ; 0.500        ; 0.934      ; 23.335     ;
; -21.865 ; CPU:inst1|CONTROL_UNIT:inst|mc_compiler:inst123132|altsyncram:altsyncram_component|altsyncram_c881:auto_generated|ram_block1a0~porta_address_reg4  ; CPU:inst1|DATAPATH:inst13|BANK:inst|OPC:inst7|REGISTER32bit:inst1|REGISTER8bit:inst23|inst16 ; CLOCK        ; CLOCK       ; 0.500        ; 0.934      ; 23.335     ;
; -21.865 ; CPU:inst1|CONTROL_UNIT:inst|mc_compiler:inst123132|altsyncram:altsyncram_component|altsyncram_c881:auto_generated|ram_block1a0~porta_address_reg5  ; CPU:inst1|DATAPATH:inst13|BANK:inst|OPC:inst7|REGISTER32bit:inst1|REGISTER8bit:inst23|inst16 ; CLOCK        ; CLOCK       ; 0.500        ; 0.934      ; 23.335     ;
; -21.865 ; CPU:inst1|CONTROL_UNIT:inst|mc_compiler:inst123132|altsyncram:altsyncram_component|altsyncram_c881:auto_generated|ram_block1a0~porta_address_reg6  ; CPU:inst1|DATAPATH:inst13|BANK:inst|OPC:inst7|REGISTER32bit:inst1|REGISTER8bit:inst23|inst16 ; CLOCK        ; CLOCK       ; 0.500        ; 0.934      ; 23.335     ;
; -21.865 ; CPU:inst1|CONTROL_UNIT:inst|mc_compiler:inst123132|altsyncram:altsyncram_component|altsyncram_c881:auto_generated|ram_block1a0~porta_address_reg7  ; CPU:inst1|DATAPATH:inst13|BANK:inst|OPC:inst7|REGISTER32bit:inst1|REGISTER8bit:inst23|inst16 ; CLOCK        ; CLOCK       ; 0.500        ; 0.934      ; 23.335     ;
; -21.865 ; CPU:inst1|CONTROL_UNIT:inst|mc_compiler:inst123132|altsyncram:altsyncram_component|altsyncram_c881:auto_generated|ram_block1a0~porta_address_reg8  ; CPU:inst1|DATAPATH:inst13|BANK:inst|OPC:inst7|REGISTER32bit:inst1|REGISTER8bit:inst23|inst16 ; CLOCK        ; CLOCK       ; 0.500        ; 0.934      ; 23.335     ;
; -21.857 ; CPU:inst1|DATAPATH:inst13|BANK:inst|CPP:inst5|REGISTER32bit:inst1|REGISTER8bit:inst|inst16                                                         ; CPU:inst1|CONTROL_UNIT:inst|mpc_generator:inst1|inst1                                        ; CLOCK        ; CLOCK       ; 1.000        ; -2.578     ; 20.315     ;
; -21.833 ; CPU:inst1|DATAPATH:inst13|BANK:inst|H:inst8|REGISTER32bit:inst1|REGISTER8bit:inst|inst                                                             ; CPU:inst1|CONTROL_UNIT:inst|mpc_generator:inst1|inst1                                        ; CLOCK        ; CLOCK       ; 1.000        ; -2.940     ; 19.929     ;
; -21.683 ; CPU:inst1|DATAPATH:inst13|BANK:inst|TOS:inst6|REGISTER32bit:inst1|REGISTER8bit:inst|inst12                                                         ; CPU:inst1|CONTROL_UNIT:inst|mpc_generator:inst1|inst1                                        ; CLOCK        ; CLOCK       ; 1.000        ; -2.752     ; 19.967     ;
; -21.657 ; CPU:inst1|DATAPATH:inst13|BANK:inst|LV:inst4|REGISTER32bit:inst1|REGISTER8bit:inst|inst8                                                           ; CPU:inst1|CONTROL_UNIT:inst|mpc_generator:inst1|inst1                                        ; CLOCK        ; CLOCK       ; 1.000        ; -2.704     ; 19.989     ;
; -21.577 ; CPU:inst1|DATAPATH:inst13|BANK:inst|SP:inst3|REGISTER32bit:inst1|REGISTER8bit:inst|inst16                                                          ; CPU:inst1|CONTROL_UNIT:inst|mpc_generator:inst1|inst1                                        ; CLOCK        ; CLOCK       ; 1.000        ; -2.607     ; 20.006     ;
; -21.561 ; CPU:inst1|DATAPATH:inst13|BANK:inst|CPP:inst5|REGISTER32bit:inst1|REGISTER8bit:inst|inst                                                           ; CPU:inst1|CONTROL_UNIT:inst|mpc_generator:inst1|inst1                                        ; CLOCK        ; CLOCK       ; 1.000        ; -2.578     ; 20.019     ;
; -21.547 ; CPU:inst1|DATAPATH:inst13|BANK:inst|PC:inst2|REGISTER32bit:inst1|REGISTER8bit:inst|inst16                                                          ; CPU:inst1|CONTROL_UNIT:inst|mpc_generator:inst1|inst1                                        ; CLOCK        ; CLOCK       ; 1.000        ; -2.374     ; 20.209     ;
; -21.495 ; CPU:inst1|DATAPATH:inst13|BANK:inst|TOS:inst6|REGISTER32bit:inst1|REGISTER8bit:inst|inst16                                                         ; CPU:inst1|CONTROL_UNIT:inst|mpc_generator:inst1|inst1                                        ; CLOCK        ; CLOCK       ; 1.000        ; -2.752     ; 19.779     ;
; -21.487 ; CPU:inst1|DATAPATH:inst13|BANK:inst|SP:inst3|REGISTER32bit:inst1|REGISTER8bit:inst|inst5                                                           ; CPU:inst1|CONTROL_UNIT:inst|mpc_generator:inst1|inst1                                        ; CLOCK        ; CLOCK       ; 1.000        ; -2.607     ; 19.916     ;
; -21.468 ; CPU:inst1|DATAPATH:inst13|BANK:inst|TOS:inst6|REGISTER32bit:inst1|REGISTER8bit:inst|inst8                                                          ; CPU:inst1|CONTROL_UNIT:inst|mpc_generator:inst1|inst1                                        ; CLOCK        ; CLOCK       ; 1.000        ; -2.746     ; 19.758     ;
; -21.447 ; CPU:inst1|CONTROL_UNIT:inst|mc_compiler:inst123132|altsyncram:altsyncram_component|altsyncram_c881:auto_generated|ram_block1a0~porta_address_reg0  ; CPU:inst1|DATAPATH:inst13|BANK:inst|OPC:inst7|REGISTER32bit:inst1|REGISTER8bit:inst23|inst12 ; CLOCK        ; CLOCK       ; 0.500        ; 0.934      ; 22.917     ;
; -21.447 ; CPU:inst1|CONTROL_UNIT:inst|mc_compiler:inst123132|altsyncram:altsyncram_component|altsyncram_c881:auto_generated|ram_block1a0~porta_address_reg1  ; CPU:inst1|DATAPATH:inst13|BANK:inst|OPC:inst7|REGISTER32bit:inst1|REGISTER8bit:inst23|inst12 ; CLOCK        ; CLOCK       ; 0.500        ; 0.934      ; 22.917     ;
; -21.447 ; CPU:inst1|CONTROL_UNIT:inst|mc_compiler:inst123132|altsyncram:altsyncram_component|altsyncram_c881:auto_generated|ram_block1a0~porta_address_reg2  ; CPU:inst1|DATAPATH:inst13|BANK:inst|OPC:inst7|REGISTER32bit:inst1|REGISTER8bit:inst23|inst12 ; CLOCK        ; CLOCK       ; 0.500        ; 0.934      ; 22.917     ;
; -21.447 ; CPU:inst1|CONTROL_UNIT:inst|mc_compiler:inst123132|altsyncram:altsyncram_component|altsyncram_c881:auto_generated|ram_block1a0~porta_address_reg3  ; CPU:inst1|DATAPATH:inst13|BANK:inst|OPC:inst7|REGISTER32bit:inst1|REGISTER8bit:inst23|inst12 ; CLOCK        ; CLOCK       ; 0.500        ; 0.934      ; 22.917     ;
; -21.447 ; CPU:inst1|CONTROL_UNIT:inst|mc_compiler:inst123132|altsyncram:altsyncram_component|altsyncram_c881:auto_generated|ram_block1a0~porta_address_reg4  ; CPU:inst1|DATAPATH:inst13|BANK:inst|OPC:inst7|REGISTER32bit:inst1|REGISTER8bit:inst23|inst12 ; CLOCK        ; CLOCK       ; 0.500        ; 0.934      ; 22.917     ;
; -21.447 ; CPU:inst1|CONTROL_UNIT:inst|mc_compiler:inst123132|altsyncram:altsyncram_component|altsyncram_c881:auto_generated|ram_block1a0~porta_address_reg5  ; CPU:inst1|DATAPATH:inst13|BANK:inst|OPC:inst7|REGISTER32bit:inst1|REGISTER8bit:inst23|inst12 ; CLOCK        ; CLOCK       ; 0.500        ; 0.934      ; 22.917     ;
; -21.447 ; CPU:inst1|CONTROL_UNIT:inst|mc_compiler:inst123132|altsyncram:altsyncram_component|altsyncram_c881:auto_generated|ram_block1a0~porta_address_reg6  ; CPU:inst1|DATAPATH:inst13|BANK:inst|OPC:inst7|REGISTER32bit:inst1|REGISTER8bit:inst23|inst12 ; CLOCK        ; CLOCK       ; 0.500        ; 0.934      ; 22.917     ;
; -21.447 ; CPU:inst1|CONTROL_UNIT:inst|mc_compiler:inst123132|altsyncram:altsyncram_component|altsyncram_c881:auto_generated|ram_block1a0~porta_address_reg7  ; CPU:inst1|DATAPATH:inst13|BANK:inst|OPC:inst7|REGISTER32bit:inst1|REGISTER8bit:inst23|inst12 ; CLOCK        ; CLOCK       ; 0.500        ; 0.934      ; 22.917     ;
; -21.447 ; CPU:inst1|CONTROL_UNIT:inst|mc_compiler:inst123132|altsyncram:altsyncram_component|altsyncram_c881:auto_generated|ram_block1a0~porta_address_reg8  ; CPU:inst1|DATAPATH:inst13|BANK:inst|OPC:inst7|REGISTER32bit:inst1|REGISTER8bit:inst23|inst12 ; CLOCK        ; CLOCK       ; 0.500        ; 0.934      ; 22.917     ;
; -21.428 ; CPU:inst1|DATAPATH:inst13|BANK:inst|CPP:inst5|REGISTER32bit:inst1|REGISTER8bit:inst|inst5                                                          ; CPU:inst1|CONTROL_UNIT:inst|mpc_generator:inst1|inst1                                        ; CLOCK        ; CLOCK       ; 1.000        ; -2.578     ; 19.886     ;
; -21.422 ; CPU:inst1|DATAPATH:inst13|BANK:inst|PC:inst2|REGISTER32bit:inst1|REGISTER8bit:inst|inst8                                                           ; CPU:inst1|CONTROL_UNIT:inst|mpc_generator:inst1|inst1                                        ; CLOCK        ; CLOCK       ; 1.000        ; -2.374     ; 20.084     ;
; -21.421 ; CPU:inst1|DATAPATH:inst13|BANK:inst|PC:inst2|REGISTER32bit:inst1|REGISTER8bit:inst|inst12                                                          ; CPU:inst1|CONTROL_UNIT:inst|mpc_generator:inst1|inst1                                        ; CLOCK        ; CLOCK       ; 1.000        ; -2.374     ; 20.083     ;
; -21.375 ; CPU:inst1|DATAPATH:inst13|BANK:inst|TOS:inst6|REGISTER32bit:inst1|REGISTER8bit:inst|inst5                                                          ; CPU:inst1|CONTROL_UNIT:inst|mpc_generator:inst1|inst1                                        ; CLOCK        ; CLOCK       ; 1.000        ; -2.746     ; 19.665     ;
; -21.372 ; CPU:inst1|DATAPATH:inst13|BANK:inst|LV:inst4|REGISTER32bit:inst1|REGISTER8bit:inst|inst16                                                          ; CPU:inst1|CONTROL_UNIT:inst|mpc_generator:inst1|inst1                                        ; CLOCK        ; CLOCK       ; 1.000        ; -2.704     ; 19.704     ;
; -21.322 ; CPU:inst1|DATAPATH:inst13|BANK:inst|TOS:inst6|REGISTER32bit:inst1|REGISTER8bit:inst|inst                                                           ; CPU:inst1|CONTROL_UNIT:inst|mpc_generator:inst1|inst1                                        ; CLOCK        ; CLOCK       ; 1.000        ; -2.746     ; 19.612     ;
; -21.305 ; CPU:inst1|DATAPATH:inst13|BANK:inst|H:inst8|REGISTER32bit:inst1|REGISTER8bit:inst|inst8                                                            ; CPU:inst1|CONTROL_UNIT:inst|mpc_generator:inst1|inst1                                        ; CLOCK        ; CLOCK       ; 1.000        ; -2.933     ; 19.408     ;
; -21.287 ; CPU:inst1|CONTROL_UNIT:inst|mc_compiler:inst123132|altsyncram:altsyncram_component|altsyncram_c881:auto_generated|ram_block1a16~porta_address_reg0 ; CPU:inst1|CONTROL_UNIT:inst|mpc_generator:inst1|inst1                                        ; CLOCK        ; CLOCK       ; 0.500        ; -0.054     ; 21.769     ;
; -21.287 ; CPU:inst1|CONTROL_UNIT:inst|mc_compiler:inst123132|altsyncram:altsyncram_component|altsyncram_c881:auto_generated|ram_block1a16~porta_address_reg1 ; CPU:inst1|CONTROL_UNIT:inst|mpc_generator:inst1|inst1                                        ; CLOCK        ; CLOCK       ; 0.500        ; -0.054     ; 21.769     ;
; -21.287 ; CPU:inst1|CONTROL_UNIT:inst|mc_compiler:inst123132|altsyncram:altsyncram_component|altsyncram_c881:auto_generated|ram_block1a16~porta_address_reg2 ; CPU:inst1|CONTROL_UNIT:inst|mpc_generator:inst1|inst1                                        ; CLOCK        ; CLOCK       ; 0.500        ; -0.054     ; 21.769     ;
; -21.287 ; CPU:inst1|CONTROL_UNIT:inst|mc_compiler:inst123132|altsyncram:altsyncram_component|altsyncram_c881:auto_generated|ram_block1a16~porta_address_reg3 ; CPU:inst1|CONTROL_UNIT:inst|mpc_generator:inst1|inst1                                        ; CLOCK        ; CLOCK       ; 0.500        ; -0.054     ; 21.769     ;
; -21.287 ; CPU:inst1|CONTROL_UNIT:inst|mc_compiler:inst123132|altsyncram:altsyncram_component|altsyncram_c881:auto_generated|ram_block1a16~porta_address_reg4 ; CPU:inst1|CONTROL_UNIT:inst|mpc_generator:inst1|inst1                                        ; CLOCK        ; CLOCK       ; 0.500        ; -0.054     ; 21.769     ;
; -21.287 ; CPU:inst1|CONTROL_UNIT:inst|mc_compiler:inst123132|altsyncram:altsyncram_component|altsyncram_c881:auto_generated|ram_block1a16~porta_address_reg5 ; CPU:inst1|CONTROL_UNIT:inst|mpc_generator:inst1|inst1                                        ; CLOCK        ; CLOCK       ; 0.500        ; -0.054     ; 21.769     ;
; -21.287 ; CPU:inst1|CONTROL_UNIT:inst|mc_compiler:inst123132|altsyncram:altsyncram_component|altsyncram_c881:auto_generated|ram_block1a16~porta_address_reg6 ; CPU:inst1|CONTROL_UNIT:inst|mpc_generator:inst1|inst1                                        ; CLOCK        ; CLOCK       ; 0.500        ; -0.054     ; 21.769     ;
; -21.287 ; CPU:inst1|CONTROL_UNIT:inst|mc_compiler:inst123132|altsyncram:altsyncram_component|altsyncram_c881:auto_generated|ram_block1a16~porta_address_reg7 ; CPU:inst1|CONTROL_UNIT:inst|mpc_generator:inst1|inst1                                        ; CLOCK        ; CLOCK       ; 0.500        ; -0.054     ; 21.769     ;
; -21.287 ; CPU:inst1|CONTROL_UNIT:inst|mc_compiler:inst123132|altsyncram:altsyncram_component|altsyncram_c881:auto_generated|ram_block1a16~porta_address_reg8 ; CPU:inst1|CONTROL_UNIT:inst|mpc_generator:inst1|inst1                                        ; CLOCK        ; CLOCK       ; 0.500        ; -0.054     ; 21.769     ;
; -21.261 ; CPU:inst1|DATAPATH:inst13|BANK:inst|MDR:inst1|REGISTER32bit:inst1|REGISTER8bit:inst|inst16                                                         ; CPU:inst1|DATAPATH:inst13|BANK:inst|OPC:inst7|REGISTER32bit:inst1|REGISTER8bit:inst23|inst28 ; CLOCK        ; CLOCK       ; 1.000        ; -1.841     ; 20.456     ;
; -21.248 ; CPU:inst1|DATAPATH:inst13|BANK:inst|LV:inst4|REGISTER32bit:inst1|REGISTER8bit:inst|inst                                                            ; CPU:inst1|CONTROL_UNIT:inst|mpc_generator:inst1|inst1                                        ; CLOCK        ; CLOCK       ; 1.000        ; -2.704     ; 19.580     ;
; -21.230 ; CPU:inst1|DATAPATH:inst13|BANK:inst|OPC:inst7|REGISTER32bit:inst1|REGISTER8bit:inst|inst                                                           ; CPU:inst1|CONTROL_UNIT:inst|mpc_generator:inst1|inst1                                        ; CLOCK        ; CLOCK       ; 1.000        ; -0.987     ; 21.279     ;
+---------+----------------------------------------------------------------------------------------------------------------------------------------------------+----------------------------------------------------------------------------------------------+--------------+-------------+--------------+------------+------------+


+---------------------------------------------------------------------------------------------------------------------------------------------------------------------------------------------------------------------------------------------------------------------------------------------------------------------------------------------+
; Slow Model Hold: 'CLOCK'                                                                                                                                                                                                                                                                                                                    ;
+--------+---------------------------------------------------------------------------------------------------------+----------------------------------------------------------------------------------------------------------------------------------------------------+--------------+-------------+--------------+------------+------------+
; Slack  ; From Node                                                                                               ; To Node                                                                                                                                            ; Launch Clock ; Latch Clock ; Relationship ; Clock Skew ; Data Delay ;
+--------+---------------------------------------------------------------------------------------------------------+----------------------------------------------------------------------------------------------------------------------------------------------------+--------------+-------------+--------------+------------+------------+
; -1.144 ; CPU:inst1|DATAPATH:inst13|BANK:inst|MDR:inst1|inst13                                                    ; CPU:inst1|DATAPATH:inst13|BANK:inst|MDR:inst1|REGISTER32bit:inst1|REGISTER8bit:inst|inst16                                                         ; CLOCK        ; CLOCK       ; -0.500       ; 2.949      ; 1.571      ;
; -1.044 ; CPU:inst1|DATAPATH:inst13|BANK:inst|MDR:inst1|inst13                                                    ; CPU:inst1|DATAPATH:inst13|BANK:inst|MDR:inst1|REGISTER32bit:inst1|REGISTER8bit:inst20|inst8                                                        ; CLOCK        ; CLOCK       ; -0.500       ; 2.949      ; 1.671      ;
; -0.749 ; CPU:inst1|DATAPATH:inst13|BANK:inst|MDR:inst1|inst13                                                    ; CPU:inst1|DATAPATH:inst13|BANK:inst|MDR:inst1|REGISTER32bit:inst1|REGISTER8bit:inst22|inst12                                                       ; CLOCK        ; CLOCK       ; -0.500       ; 2.954      ; 1.971      ;
; -0.749 ; CPU:inst1|DATAPATH:inst13|BANK:inst|MDR:inst1|inst13                                                    ; CPU:inst1|DATAPATH:inst13|BANK:inst|MDR:inst1|REGISTER32bit:inst1|REGISTER8bit:inst22|inst28                                                       ; CLOCK        ; CLOCK       ; -0.500       ; 2.954      ; 1.971      ;
; -0.699 ; CPU:inst1|DATAPATH:inst13|BANK:inst|MDR:inst1|inst13                                                    ; CPU:inst1|DATAPATH:inst13|BANK:inst|MDR:inst1|REGISTER32bit:inst1|REGISTER8bit:inst22|inst24                                                       ; CLOCK        ; CLOCK       ; -0.500       ; 2.950      ; 2.017      ;
; -0.651 ; CPU:inst1|DATAPATH:inst13|BANK:inst|MDR:inst1|inst13                                                    ; CPU:inst1|DATAPATH:inst13|BANK:inst|MDR:inst1|REGISTER32bit:inst1|REGISTER8bit:inst20|inst5                                                        ; CLOCK        ; CLOCK       ; -0.500       ; 2.942      ; 2.057      ;
; -0.651 ; CPU:inst1|DATAPATH:inst13|BANK:inst|MDR:inst1|inst13                                                    ; CPU:inst1|DATAPATH:inst13|BANK:inst|MDR:inst1|REGISTER32bit:inst1|REGISTER8bit:inst20|inst28                                                       ; CLOCK        ; CLOCK       ; -0.500       ; 2.942      ; 2.057      ;
; -0.651 ; CPU:inst1|DATAPATH:inst13|BANK:inst|MDR:inst1|inst13                                                    ; CPU:inst1|DATAPATH:inst13|BANK:inst|MDR:inst1|REGISTER32bit:inst1|REGISTER8bit:inst20|inst24                                                       ; CLOCK        ; CLOCK       ; -0.500       ; 2.942      ; 2.057      ;
; -0.651 ; CPU:inst1|DATAPATH:inst13|BANK:inst|MDR:inst1|inst13                                                    ; CPU:inst1|DATAPATH:inst13|BANK:inst|MDR:inst1|REGISTER32bit:inst1|REGISTER8bit:inst22|inst16                                                       ; CLOCK        ; CLOCK       ; -0.500       ; 2.942      ; 2.057      ;
; -0.651 ; CPU:inst1|DATAPATH:inst13|BANK:inst|MDR:inst1|inst13                                                    ; CPU:inst1|DATAPATH:inst13|BANK:inst|MDR:inst1|REGISTER32bit:inst1|REGISTER8bit:inst23|inst12                                                       ; CLOCK        ; CLOCK       ; -0.500       ; 2.942      ; 2.057      ;
; -0.651 ; CPU:inst1|DATAPATH:inst13|BANK:inst|MDR:inst1|inst13                                                    ; CPU:inst1|DATAPATH:inst13|BANK:inst|MDR:inst1|REGISTER32bit:inst1|REGISTER8bit:inst20|inst12                                                       ; CLOCK        ; CLOCK       ; -0.500       ; 2.942      ; 2.057      ;
; -0.651 ; CPU:inst1|DATAPATH:inst13|BANK:inst|MDR:inst1|inst13                                                    ; CPU:inst1|DATAPATH:inst13|BANK:inst|MDR:inst1|REGISTER32bit:inst1|REGISTER8bit:inst23|inst16                                                       ; CLOCK        ; CLOCK       ; -0.500       ; 2.942      ; 2.057      ;
; -0.651 ; CPU:inst1|DATAPATH:inst13|BANK:inst|MDR:inst1|inst13                                                    ; CPU:inst1|DATAPATH:inst13|BANK:inst|MDR:inst1|REGISTER32bit:inst1|REGISTER8bit:inst23|inst5                                                        ; CLOCK        ; CLOCK       ; -0.500       ; 2.942      ; 2.057      ;
; -0.398 ; CPU:inst1|DATAPATH:inst13|BANK:inst|MDR:inst1|inst13                                                    ; CPU:inst1|DATAPATH:inst13|BANK:inst|MDR:inst1|REGISTER32bit:inst1|REGISTER8bit:inst23|inst8                                                        ; CLOCK        ; CLOCK       ; -0.500       ; 2.962      ; 2.330      ;
; -0.398 ; CPU:inst1|DATAPATH:inst13|BANK:inst|MDR:inst1|inst13                                                    ; CPU:inst1|DATAPATH:inst13|BANK:inst|MDR:inst1|REGISTER32bit:inst1|REGISTER8bit:inst22|inst8                                                        ; CLOCK        ; CLOCK       ; -0.500       ; 2.962      ; 2.330      ;
; -0.324 ; CPU:inst1|DATAPATH:inst13|BANK:inst|MDR:inst1|inst13                                                    ; CPU:inst1|DATAPATH:inst13|BANK:inst|MDR:inst1|REGISTER32bit:inst1|REGISTER8bit:inst|inst28                                                         ; CLOCK        ; CLOCK       ; -0.500       ; 2.929      ; 2.371      ;
; -0.322 ; CPU:inst1|DATAPATH:inst13|BANK:inst|MDR:inst1|inst13                                                    ; CPU:inst1|DATAPATH:inst13|BANK:inst|MDR:inst1|REGISTER32bit:inst1|REGISTER8bit:inst|inst24                                                         ; CLOCK        ; CLOCK       ; -0.500       ; 2.929      ; 2.373      ;
; -0.322 ; CPU:inst1|DATAPATH:inst13|BANK:inst|MDR:inst1|inst13                                                    ; CPU:inst1|DATAPATH:inst13|BANK:inst|MDR:inst1|REGISTER32bit:inst1|REGISTER8bit:inst|inst12                                                         ; CLOCK        ; CLOCK       ; -0.500       ; 2.929      ; 2.373      ;
; -0.321 ; CPU:inst1|DATAPATH:inst13|BANK:inst|MDR:inst1|inst13                                                    ; CPU:inst1|DATAPATH:inst13|BANK:inst|MDR:inst1|REGISTER32bit:inst1|REGISTER8bit:inst|inst20                                                         ; CLOCK        ; CLOCK       ; -0.500       ; 2.929      ; 2.374      ;
; -0.320 ; CPU:inst1|DATAPATH:inst13|BANK:inst|MDR:inst1|inst13                                                    ; CPU:inst1|DATAPATH:inst13|BANK:inst|MDR:inst1|REGISTER32bit:inst1|REGISTER8bit:inst|inst8                                                          ; CLOCK        ; CLOCK       ; -0.500       ; 2.929      ; 2.375      ;
; -0.320 ; CPU:inst1|DATAPATH:inst13|BANK:inst|MDR:inst1|inst13                                                    ; CPU:inst1|DATAPATH:inst13|BANK:inst|MDR:inst1|REGISTER32bit:inst1|REGISTER8bit:inst23|inst24                                                       ; CLOCK        ; CLOCK       ; -0.500       ; 2.929      ; 2.375      ;
; -0.275 ; CPU:inst1|DATAPATH:inst13|BANK:inst|MDR:inst1|inst13                                                    ; CPU:inst1|DATAPATH:inst13|BANK:inst|MDR:inst1|REGISTER32bit:inst1|REGISTER8bit:inst23|inst20                                                       ; CLOCK        ; CLOCK       ; -0.500       ; 2.927      ; 2.418      ;
; -0.275 ; CPU:inst1|DATAPATH:inst13|BANK:inst|MDR:inst1|inst13                                                    ; CPU:inst1|DATAPATH:inst13|BANK:inst|MDR:inst1|REGISTER32bit:inst1|REGISTER8bit:inst23|inst                                                         ; CLOCK        ; CLOCK       ; -0.500       ; 2.927      ; 2.418      ;
; -0.275 ; CPU:inst1|DATAPATH:inst13|BANK:inst|MDR:inst1|inst13                                                    ; CPU:inst1|DATAPATH:inst13|BANK:inst|MDR:inst1|REGISTER32bit:inst1|REGISTER8bit:inst23|inst28                                                       ; CLOCK        ; CLOCK       ; -0.500       ; 2.927      ; 2.418      ;
; -0.275 ; CPU:inst1|DATAPATH:inst13|BANK:inst|MDR:inst1|inst13                                                    ; CPU:inst1|DATAPATH:inst13|BANK:inst|MDR:inst1|REGISTER32bit:inst1|REGISTER8bit:inst22|inst20                                                       ; CLOCK        ; CLOCK       ; -0.500       ; 2.927      ; 2.418      ;
; -0.237 ; CPU:inst1|DATAPATH:inst13|BANK:inst|MDR:inst1|inst13                                                    ; CPU:inst1|DATAPATH:inst13|BANK:inst|MDR:inst1|REGISTER32bit:inst1|REGISTER8bit:inst20|inst20                                                       ; CLOCK        ; CLOCK       ; -0.500       ; 2.959      ; 2.488      ;
; -0.237 ; CPU:inst1|DATAPATH:inst13|BANK:inst|MDR:inst1|inst13                                                    ; CPU:inst1|DATAPATH:inst13|BANK:inst|MDR:inst1|REGISTER32bit:inst1|REGISTER8bit:inst20|inst16                                                       ; CLOCK        ; CLOCK       ; -0.500       ; 2.959      ; 2.488      ;
; -0.203 ; CPU:inst1|DATAPATH:inst13|BANK:inst|MDR:inst1|inst13                                                    ; CPU:inst1|DATAPATH:inst13|BANK:inst|MDR:inst1|REGISTER32bit:inst1|REGISTER8bit:inst|inst5                                                          ; CLOCK        ; CLOCK       ; -0.500       ; 2.929      ; 2.492      ;
; -0.176 ; CPU:inst1|DATAPATH:inst13|BANK:inst|MDR:inst1|inst13                                                    ; CPU:inst1|DATAPATH:inst13|BANK:inst|MDR:inst1|REGISTER32bit:inst1|REGISTER8bit:inst|inst                                                           ; CLOCK        ; CLOCK       ; -0.500       ; 2.929      ; 2.519      ;
; -0.021 ; CPU:inst1|DATAPATH:inst13|BANK:inst|MDR:inst1|inst13                                                    ; CPU:inst1|DATAPATH:inst13|BANK:inst|MDR:inst1|REGISTER32bit:inst1|REGISTER8bit:inst22|inst                                                         ; CLOCK        ; CLOCK       ; -0.500       ; 2.929      ; 2.674      ;
; -0.004 ; CPU:inst1|DATAPATH:inst13|BANK:inst|MDR:inst1|inst13                                                    ; CPU:inst1|DATAPATH:inst13|BANK:inst|MDR:inst1|REGISTER32bit:inst1|REGISTER8bit:inst22|inst5                                                        ; CLOCK        ; CLOCK       ; -0.500       ; 2.934      ; 2.696      ;
; -0.004 ; CPU:inst1|DATAPATH:inst13|BANK:inst|MDR:inst1|inst13                                                    ; CPU:inst1|DATAPATH:inst13|BANK:inst|MDR:inst1|REGISTER32bit:inst1|REGISTER8bit:inst20|inst                                                         ; CLOCK        ; CLOCK       ; -0.500       ; 2.934      ; 2.696      ;
; 0.330  ; CPU:inst1|DATAPATH:inst13|BANK:inst|MBR:inst9|REGISTER32bit:inst1|REGISTER8bit:inst|inst16              ; CPU:inst1|DATAPATH:inst13|BANK:inst|MDR:inst1|REGISTER32bit:inst1|REGISTER8bit:inst|inst16                                                         ; CLOCK        ; CLOCK       ; 0.000        ; 1.727      ; 2.323      ;
; 0.784  ; CPU:inst1|DATAPATH:inst13|BANK:inst|MBR:inst9|REGISTER32bit:inst1|REGISTER8bit:inst|inst8               ; CPU:inst1|DATAPATH:inst13|BANK:inst|SP:inst3|REGISTER32bit:inst1|REGISTER8bit:inst|inst5                                                           ; CLOCK        ; CLOCK       ; 0.000        ; 1.511      ; 2.561      ;
; 0.862  ; CPU:inst1|DATAPATH:inst13|BANK:inst|MBR:inst9|REGISTER32bit:inst1|REGISTER8bit:inst|inst16              ; CPU:inst1|DATAPATH:inst13|BANK:inst|H:inst8|REGISTER32bit:inst1|REGISTER8bit:inst|inst16                                                           ; CLOCK        ; CLOCK       ; 0.000        ; 1.838      ; 2.966      ;
; 0.926  ; CPU:inst1|DATAPATH:inst13|BANK:inst|MBR:inst9|REGISTER32bit:inst1|REGISTER8bit:inst|inst16              ; CPU:inst1|DATAPATH:inst13|BANK:inst|MAR:inst|REGISTER32bit:inst1|REGISTER8bit:inst|inst12                                                          ; CLOCK        ; CLOCK       ; 0.000        ; 1.235      ; 2.427      ;
; 1.058  ; CPU:inst1|DATAPATH:inst13|BANK:inst|MBR:inst9|REGISTER32bit:inst1|REGISTER8bit:inst|inst16              ; CPU:inst1|DATAPATH:inst13|BANK:inst|TOS:inst6|REGISTER32bit:inst1|REGISTER8bit:inst|inst16                                                         ; CLOCK        ; CLOCK       ; 0.000        ; 1.650      ; 2.974      ;
; 1.067  ; CPU:inst1|DATAPATH:inst13|BANK:inst|OPC:inst7|REGISTER32bit:inst1|REGISTER8bit:inst20|inst20            ; CPU:inst1|DATAPATH:inst13|BANK:inst|MDR:inst1|REGISTER32bit:inst1|REGISTER8bit:inst20|inst20                                                       ; CLOCK        ; CLOCK       ; 0.000        ; 1.851      ; 3.184      ;
; 1.120  ; CPU:inst1|DATAPATH:inst13|BANK:inst|MBR:inst9|REGISTER32bit:inst1|REGISTER8bit:inst|inst16              ; CPU:inst1|DATAPATH:inst13|BANK:inst|H:inst8|REGISTER32bit:inst1|REGISTER8bit:inst|inst12                                                           ; CLOCK        ; CLOCK       ; 0.000        ; 1.831      ; 3.217      ;
; 1.203  ; CPU:inst1|DATAPATH:inst13|BANK:inst|OPC:inst7|REGISTER32bit:inst1|REGISTER8bit:inst23|inst              ; CPU:inst1|DATAPATH:inst13|BANK:inst|H:inst8|REGISTER32bit:inst1|REGISTER8bit:inst23|inst5                                                          ; CLOCK        ; CLOCK       ; 0.000        ; 1.947      ; 3.416      ;
; 1.256  ; CPU:inst1|DATAPATH:inst13|BANK:inst|MBR:inst9|REGISTER32bit:inst1|REGISTER8bit:inst|inst16              ; CPU:inst1|DATAPATH:inst13|BANK:inst|TOS:inst6|REGISTER32bit:inst1|REGISTER8bit:inst|inst12                                                         ; CLOCK        ; CLOCK       ; 0.000        ; 1.650      ; 3.172      ;
; 1.342  ; CPU:inst1|DATAPATH:inst13|BANK:inst|MBR:inst9|REGISTER32bit:inst1|REGISTER8bit:inst|inst16              ; CPU:inst1|DATAPATH:inst13|BANK:inst|MDR:inst1|REGISTER32bit:inst1|REGISTER8bit:inst|inst12                                                         ; CLOCK        ; CLOCK       ; 0.000        ; 1.707      ; 3.315      ;
; 1.380  ; CPU:inst1|DATAPATH:inst13|BANK:inst|MBR:inst9|REGISTER32bit:inst1|REGISTER8bit:inst|inst24              ; CPU:inst1|DATAPATH:inst13|BANK:inst|SP:inst3|REGISTER32bit:inst1|REGISTER8bit:inst|inst20                                                          ; CLOCK        ; CLOCK       ; 0.000        ; 1.505      ; 3.151      ;
; 1.393  ; CPU:inst1|DATAPATH:inst13|BANK:inst|MBR:inst9|REGISTER32bit:inst1|REGISTER8bit:inst|inst16              ; CPU:inst1|DATAPATH:inst13|BANK:inst|LV:inst4|REGISTER32bit:inst1|REGISTER8bit:inst|inst16                                                          ; CLOCK        ; CLOCK       ; 0.000        ; 1.602      ; 3.261      ;
; 1.434  ; CPU:inst1|DATAPATH:inst13|BANK:inst|OPC:inst7|REGISTER32bit:inst1|REGISTER8bit:inst|inst16              ; CPU:inst1|DATAPATH:inst13|BANK:inst|MDR:inst1|REGISTER32bit:inst1|REGISTER8bit:inst|inst16                                                         ; CLOCK        ; CLOCK       ; 0.000        ; 1.845      ; 3.545      ;
; 1.447  ; CPU:inst1|CONTROL_UNIT:inst|mpc_generator:inst1|inst2[7]                                                ; CPU:inst1|CONTROL_UNIT:inst|mc_compiler:inst123132|altsyncram:altsyncram_component|altsyncram_c881:auto_generated|ram_block1a16~porta_address_reg7 ; CLOCK        ; CLOCK       ; -0.500       ; 0.062      ; 1.243      ;
; 1.449  ; CPU:inst1|CONTROL_UNIT:inst|mpc_generator:inst1|inst2[4]                                                ; CPU:inst1|CONTROL_UNIT:inst|mc_compiler:inst123132|altsyncram:altsyncram_component|altsyncram_c881:auto_generated|ram_block1a16~porta_address_reg4 ; CLOCK        ; CLOCK       ; -0.500       ; 0.062      ; 1.245      ;
; 1.453  ; CPU:inst1|CONTROL_UNIT:inst|mpc_generator:inst1|inst2[3]                                                ; CPU:inst1|CONTROL_UNIT:inst|mc_compiler:inst123132|altsyncram:altsyncram_component|altsyncram_c881:auto_generated|ram_block1a16~porta_address_reg3 ; CLOCK        ; CLOCK       ; -0.500       ; 0.062      ; 1.249      ;
; 1.467  ; CPU:inst1|DATAPATH:inst13|BANK:inst|MBR:inst9|REGISTER32bit:inst1|REGISTER8bit:inst|inst16              ; CPU:inst1|DATAPATH:inst13|BANK:inst|MDR:inst1|REGISTER32bit:inst1|REGISTER8bit:inst20|inst16                                                       ; CLOCK        ; CLOCK       ; 0.000        ; 1.737      ; 3.470      ;
; 1.467  ; CPU:inst1|CONTROL_UNIT:inst|mpc_generator:inst1|inst2[5]                                                ; CPU:inst1|CONTROL_UNIT:inst|mc_compiler:inst123132|altsyncram:altsyncram_component|altsyncram_c881:auto_generated|ram_block1a16~porta_address_reg5 ; CLOCK        ; CLOCK       ; -0.500       ; 0.062      ; 1.263      ;
; 1.467  ; CPU:inst1|CONTROL_UNIT:inst|mpc_generator:inst1|inst2[2]                                                ; CPU:inst1|CONTROL_UNIT:inst|mc_compiler:inst123132|altsyncram:altsyncram_component|altsyncram_c881:auto_generated|ram_block1a16~porta_address_reg2 ; CLOCK        ; CLOCK       ; -0.500       ; 0.062      ; 1.263      ;
; 1.468  ; RAM:inst|altsyncram:altsyncram_component|altsyncram_hcb2:auto_generated|ram_block1a0~portb_we_reg       ; CPU:inst1|DATAPATH:inst13|BANK:inst|MDR:inst1|REGISTER32bit:inst1|REGISTER8bit:inst20|inst                                                         ; CLOCK        ; CLOCK       ; -0.500       ; 2.746      ; 3.980      ;
; 1.468  ; RAM:inst|altsyncram:altsyncram_component|altsyncram_hcb2:auto_generated|ram_block1a0~portb_address_reg0 ; CPU:inst1|DATAPATH:inst13|BANK:inst|MDR:inst1|REGISTER32bit:inst1|REGISTER8bit:inst20|inst                                                         ; CLOCK        ; CLOCK       ; -0.500       ; 2.746      ; 3.980      ;
; 1.468  ; RAM:inst|altsyncram:altsyncram_component|altsyncram_hcb2:auto_generated|ram_block1a0~portb_address_reg1 ; CPU:inst1|DATAPATH:inst13|BANK:inst|MDR:inst1|REGISTER32bit:inst1|REGISTER8bit:inst20|inst                                                         ; CLOCK        ; CLOCK       ; -0.500       ; 2.746      ; 3.980      ;
; 1.468  ; RAM:inst|altsyncram:altsyncram_component|altsyncram_hcb2:auto_generated|ram_block1a0~portb_address_reg2 ; CPU:inst1|DATAPATH:inst13|BANK:inst|MDR:inst1|REGISTER32bit:inst1|REGISTER8bit:inst20|inst                                                         ; CLOCK        ; CLOCK       ; -0.500       ; 2.746      ; 3.980      ;
; 1.468  ; RAM:inst|altsyncram:altsyncram_component|altsyncram_hcb2:auto_generated|ram_block1a0~portb_address_reg3 ; CPU:inst1|DATAPATH:inst13|BANK:inst|MDR:inst1|REGISTER32bit:inst1|REGISTER8bit:inst20|inst                                                         ; CLOCK        ; CLOCK       ; -0.500       ; 2.746      ; 3.980      ;
; 1.468  ; RAM:inst|altsyncram:altsyncram_component|altsyncram_hcb2:auto_generated|ram_block1a0~portb_address_reg4 ; CPU:inst1|DATAPATH:inst13|BANK:inst|MDR:inst1|REGISTER32bit:inst1|REGISTER8bit:inst20|inst                                                         ; CLOCK        ; CLOCK       ; -0.500       ; 2.746      ; 3.980      ;
; 1.468  ; RAM:inst|altsyncram:altsyncram_component|altsyncram_hcb2:auto_generated|ram_block1a0~portb_address_reg5 ; CPU:inst1|DATAPATH:inst13|BANK:inst|MDR:inst1|REGISTER32bit:inst1|REGISTER8bit:inst20|inst                                                         ; CLOCK        ; CLOCK       ; -0.500       ; 2.746      ; 3.980      ;
; 1.468  ; RAM:inst|altsyncram:altsyncram_component|altsyncram_hcb2:auto_generated|ram_block1a0~portb_address_reg6 ; CPU:inst1|DATAPATH:inst13|BANK:inst|MDR:inst1|REGISTER32bit:inst1|REGISTER8bit:inst20|inst                                                         ; CLOCK        ; CLOCK       ; -0.500       ; 2.746      ; 3.980      ;
; 1.468  ; RAM:inst|altsyncram:altsyncram_component|altsyncram_hcb2:auto_generated|ram_block1a0~portb_address_reg7 ; CPU:inst1|DATAPATH:inst13|BANK:inst|MDR:inst1|REGISTER32bit:inst1|REGISTER8bit:inst20|inst                                                         ; CLOCK        ; CLOCK       ; -0.500       ; 2.746      ; 3.980      ;
; 1.468  ; RAM:inst|altsyncram:altsyncram_component|altsyncram_hcb2:auto_generated|ram_block1a0~portb_address_reg8 ; CPU:inst1|DATAPATH:inst13|BANK:inst|MDR:inst1|REGISTER32bit:inst1|REGISTER8bit:inst20|inst                                                         ; CLOCK        ; CLOCK       ; -0.500       ; 2.746      ; 3.980      ;
; 1.468  ; RAM:inst|altsyncram:altsyncram_component|altsyncram_hcb2:auto_generated|ram_block1a0~portb_address_reg9 ; CPU:inst1|DATAPATH:inst13|BANK:inst|MDR:inst1|REGISTER32bit:inst1|REGISTER8bit:inst20|inst                                                         ; CLOCK        ; CLOCK       ; -0.500       ; 2.746      ; 3.980      ;
; 1.472  ; CPU:inst1|DATAPATH:inst13|BANK:inst|MBR:inst9|REGISTER32bit:inst1|REGISTER8bit:inst|inst16              ; CPU:inst1|DATAPATH:inst13|BANK:inst|MAR:inst|REGISTER32bit:inst1|REGISTER8bit:inst|inst16                                                          ; CLOCK        ; CLOCK       ; 0.000        ; 1.223      ; 2.961      ;
; 1.473  ; CPU:inst1|CONTROL_UNIT:inst|mpc_generator:inst1|inst2[6]                                                ; CPU:inst1|CONTROL_UNIT:inst|mc_compiler:inst123132|altsyncram:altsyncram_component|altsyncram_c881:auto_generated|ram_block1a16~porta_address_reg6 ; CLOCK        ; CLOCK       ; -0.500       ; 0.062      ; 1.269      ;
; 1.511  ; CPU:inst1|DATAPATH:inst13|BANK:inst|MBR:inst9|REGISTER32bit:inst1|REGISTER8bit:inst|inst16              ; CPU:inst1|DATAPATH:inst13|BANK:inst|CPP:inst5|REGISTER32bit:inst1|REGISTER8bit:inst|inst16                                                         ; CLOCK        ; CLOCK       ; 0.000        ; 1.476      ; 3.253      ;
; 1.543  ; CPU:inst1|DATAPATH:inst13|BANK:inst|MBR:inst9|REGISTER32bit:inst1|REGISTER8bit:inst|inst8               ; CPU:inst1|DATAPATH:inst13|BANK:inst|SP:inst3|REGISTER32bit:inst1|REGISTER8bit:inst|inst8                                                           ; CLOCK        ; CLOCK       ; 0.000        ; 1.511      ; 3.320      ;
; 1.591  ; CPU:inst1|CONTROL_UNIT:inst|inst3                                                                       ; RAM:inst|altsyncram:altsyncram_component|altsyncram_hcb2:auto_generated|ram_block1a3~portb_we_reg                                                  ; CLOCK        ; CLOCK       ; -0.500       ; 0.087      ; 1.412      ;
; 1.596  ; CPU:inst1|CONTROL_UNIT:inst|inst3                                                                       ; RAM:inst|altsyncram:altsyncram_component|altsyncram_hcb2:auto_generated|ram_block1a4~portb_we_reg                                                  ; CLOCK        ; CLOCK       ; -0.500       ; 0.089      ; 1.419      ;
; 1.613  ; RAM:inst|altsyncram:altsyncram_component|altsyncram_hcb2:auto_generated|ram_block1a4~portb_we_reg       ; CPU:inst1|DATAPATH:inst13|BANK:inst|MDR:inst1|REGISTER32bit:inst1|REGISTER8bit:inst|inst16                                                         ; CLOCK        ; CLOCK       ; -0.500       ; 2.749      ; 4.128      ;
; 1.613  ; RAM:inst|altsyncram:altsyncram_component|altsyncram_hcb2:auto_generated|ram_block1a4~portb_address_reg0 ; CPU:inst1|DATAPATH:inst13|BANK:inst|MDR:inst1|REGISTER32bit:inst1|REGISTER8bit:inst|inst16                                                         ; CLOCK        ; CLOCK       ; -0.500       ; 2.749      ; 4.128      ;
; 1.613  ; RAM:inst|altsyncram:altsyncram_component|altsyncram_hcb2:auto_generated|ram_block1a4~portb_address_reg1 ; CPU:inst1|DATAPATH:inst13|BANK:inst|MDR:inst1|REGISTER32bit:inst1|REGISTER8bit:inst|inst16                                                         ; CLOCK        ; CLOCK       ; -0.500       ; 2.749      ; 4.128      ;
; 1.613  ; RAM:inst|altsyncram:altsyncram_component|altsyncram_hcb2:auto_generated|ram_block1a4~portb_address_reg2 ; CPU:inst1|DATAPATH:inst13|BANK:inst|MDR:inst1|REGISTER32bit:inst1|REGISTER8bit:inst|inst16                                                         ; CLOCK        ; CLOCK       ; -0.500       ; 2.749      ; 4.128      ;
; 1.613  ; RAM:inst|altsyncram:altsyncram_component|altsyncram_hcb2:auto_generated|ram_block1a4~portb_address_reg3 ; CPU:inst1|DATAPATH:inst13|BANK:inst|MDR:inst1|REGISTER32bit:inst1|REGISTER8bit:inst|inst16                                                         ; CLOCK        ; CLOCK       ; -0.500       ; 2.749      ; 4.128      ;
; 1.613  ; RAM:inst|altsyncram:altsyncram_component|altsyncram_hcb2:auto_generated|ram_block1a4~portb_address_reg4 ; CPU:inst1|DATAPATH:inst13|BANK:inst|MDR:inst1|REGISTER32bit:inst1|REGISTER8bit:inst|inst16                                                         ; CLOCK        ; CLOCK       ; -0.500       ; 2.749      ; 4.128      ;
; 1.613  ; RAM:inst|altsyncram:altsyncram_component|altsyncram_hcb2:auto_generated|ram_block1a4~portb_address_reg5 ; CPU:inst1|DATAPATH:inst13|BANK:inst|MDR:inst1|REGISTER32bit:inst1|REGISTER8bit:inst|inst16                                                         ; CLOCK        ; CLOCK       ; -0.500       ; 2.749      ; 4.128      ;
; 1.613  ; RAM:inst|altsyncram:altsyncram_component|altsyncram_hcb2:auto_generated|ram_block1a4~portb_address_reg6 ; CPU:inst1|DATAPATH:inst13|BANK:inst|MDR:inst1|REGISTER32bit:inst1|REGISTER8bit:inst|inst16                                                         ; CLOCK        ; CLOCK       ; -0.500       ; 2.749      ; 4.128      ;
; 1.613  ; RAM:inst|altsyncram:altsyncram_component|altsyncram_hcb2:auto_generated|ram_block1a4~portb_address_reg7 ; CPU:inst1|DATAPATH:inst13|BANK:inst|MDR:inst1|REGISTER32bit:inst1|REGISTER8bit:inst|inst16                                                         ; CLOCK        ; CLOCK       ; -0.500       ; 2.749      ; 4.128      ;
; 1.613  ; RAM:inst|altsyncram:altsyncram_component|altsyncram_hcb2:auto_generated|ram_block1a4~portb_address_reg8 ; CPU:inst1|DATAPATH:inst13|BANK:inst|MDR:inst1|REGISTER32bit:inst1|REGISTER8bit:inst|inst16                                                         ; CLOCK        ; CLOCK       ; -0.500       ; 2.749      ; 4.128      ;
; 1.613  ; RAM:inst|altsyncram:altsyncram_component|altsyncram_hcb2:auto_generated|ram_block1a4~portb_address_reg9 ; CPU:inst1|DATAPATH:inst13|BANK:inst|MDR:inst1|REGISTER32bit:inst1|REGISTER8bit:inst|inst16                                                         ; CLOCK        ; CLOCK       ; -0.500       ; 2.749      ; 4.128      ;
; 1.616  ; CPU:inst1|DATAPATH:inst13|BANK:inst|MBR:inst9|REGISTER32bit:inst1|REGISTER8bit:inst|inst                ; CPU:inst1|DATAPATH:inst13|BANK:inst|SP:inst3|REGISTER32bit:inst1|REGISTER8bit:inst|inst5                                                           ; CLOCK        ; CLOCK       ; 0.000        ; 1.495      ; 3.377      ;
; 1.649  ; CPU:inst1|DATAPATH:inst13|BANK:inst|MBR:inst9|REGISTER32bit:inst1|REGISTER8bit:inst|inst24              ; CPU:inst1|DATAPATH:inst13|BANK:inst|TOS:inst6|REGISTER32bit:inst1|REGISTER8bit:inst|inst24                                                         ; CLOCK        ; CLOCK       ; 0.000        ; 1.642      ; 3.557      ;
; 1.676  ; CPU:inst1|DATAPATH:inst13|BANK:inst|MBR:inst9|REGISTER32bit:inst1|REGISTER8bit:inst|inst24              ; CPU:inst1|DATAPATH:inst13|BANK:inst|MAR:inst|REGISTER32bit:inst1|REGISTER8bit:inst|inst24                                                          ; CLOCK        ; CLOCK       ; 0.000        ; 1.235      ; 3.177      ;
; 1.690  ; CPU:inst1|DATAPATH:inst13|BANK:inst|MBR:inst9|REGISTER32bit:inst1|REGISTER8bit:inst|inst12              ; CPU:inst1|DATAPATH:inst13|BANK:inst|MDR:inst1|REGISTER32bit:inst1|REGISTER8bit:inst|inst16                                                         ; CLOCK        ; CLOCK       ; 0.000        ; 1.733      ; 3.689      ;
; 1.698  ; CPU:inst1|CONTROL_UNIT:inst|mpc_generator:inst1|inst2[0]                                                ; CPU:inst1|CONTROL_UNIT:inst|mc_compiler:inst123132|altsyncram:altsyncram_component|altsyncram_c881:auto_generated|ram_block1a16~porta_address_reg0 ; CLOCK        ; CLOCK       ; -0.500       ; 0.062      ; 1.494      ;
; 1.703  ; CPU:inst1|CONTROL_UNIT:inst|mpc_generator:inst1|inst2[1]                                                ; CPU:inst1|CONTROL_UNIT:inst|mc_compiler:inst123132|altsyncram:altsyncram_component|altsyncram_c881:auto_generated|ram_block1a16~porta_address_reg1 ; CLOCK        ; CLOCK       ; -0.500       ; 0.062      ; 1.499      ;
; 1.728  ; RAM:inst|altsyncram:altsyncram_component|altsyncram_hcb2:auto_generated|ram_block1a0~portb_we_reg       ; CPU:inst1|DATAPATH:inst13|BANK:inst|MDR:inst1|REGISTER32bit:inst1|REGISTER8bit:inst23|inst                                                         ; CLOCK        ; CLOCK       ; -0.500       ; 2.739      ; 4.233      ;
; 1.728  ; RAM:inst|altsyncram:altsyncram_component|altsyncram_hcb2:auto_generated|ram_block1a0~portb_we_reg       ; CPU:inst1|DATAPATH:inst13|BANK:inst|MDR:inst1|REGISTER32bit:inst1|REGISTER8bit:inst|inst                                                           ; CLOCK        ; CLOCK       ; -0.500       ; 2.741      ; 4.235      ;
; 1.728  ; RAM:inst|altsyncram:altsyncram_component|altsyncram_hcb2:auto_generated|ram_block1a0~portb_address_reg0 ; CPU:inst1|DATAPATH:inst13|BANK:inst|MDR:inst1|REGISTER32bit:inst1|REGISTER8bit:inst23|inst                                                         ; CLOCK        ; CLOCK       ; -0.500       ; 2.739      ; 4.233      ;
; 1.728  ; RAM:inst|altsyncram:altsyncram_component|altsyncram_hcb2:auto_generated|ram_block1a0~portb_address_reg1 ; CPU:inst1|DATAPATH:inst13|BANK:inst|MDR:inst1|REGISTER32bit:inst1|REGISTER8bit:inst23|inst                                                         ; CLOCK        ; CLOCK       ; -0.500       ; 2.739      ; 4.233      ;
; 1.728  ; RAM:inst|altsyncram:altsyncram_component|altsyncram_hcb2:auto_generated|ram_block1a0~portb_address_reg2 ; CPU:inst1|DATAPATH:inst13|BANK:inst|MDR:inst1|REGISTER32bit:inst1|REGISTER8bit:inst23|inst                                                         ; CLOCK        ; CLOCK       ; -0.500       ; 2.739      ; 4.233      ;
; 1.728  ; RAM:inst|altsyncram:altsyncram_component|altsyncram_hcb2:auto_generated|ram_block1a0~portb_address_reg3 ; CPU:inst1|DATAPATH:inst13|BANK:inst|MDR:inst1|REGISTER32bit:inst1|REGISTER8bit:inst23|inst                                                         ; CLOCK        ; CLOCK       ; -0.500       ; 2.739      ; 4.233      ;
; 1.728  ; RAM:inst|altsyncram:altsyncram_component|altsyncram_hcb2:auto_generated|ram_block1a0~portb_address_reg4 ; CPU:inst1|DATAPATH:inst13|BANK:inst|MDR:inst1|REGISTER32bit:inst1|REGISTER8bit:inst23|inst                                                         ; CLOCK        ; CLOCK       ; -0.500       ; 2.739      ; 4.233      ;
; 1.728  ; RAM:inst|altsyncram:altsyncram_component|altsyncram_hcb2:auto_generated|ram_block1a0~portb_address_reg5 ; CPU:inst1|DATAPATH:inst13|BANK:inst|MDR:inst1|REGISTER32bit:inst1|REGISTER8bit:inst23|inst                                                         ; CLOCK        ; CLOCK       ; -0.500       ; 2.739      ; 4.233      ;
; 1.728  ; RAM:inst|altsyncram:altsyncram_component|altsyncram_hcb2:auto_generated|ram_block1a0~portb_address_reg6 ; CPU:inst1|DATAPATH:inst13|BANK:inst|MDR:inst1|REGISTER32bit:inst1|REGISTER8bit:inst23|inst                                                         ; CLOCK        ; CLOCK       ; -0.500       ; 2.739      ; 4.233      ;
; 1.728  ; RAM:inst|altsyncram:altsyncram_component|altsyncram_hcb2:auto_generated|ram_block1a0~portb_address_reg7 ; CPU:inst1|DATAPATH:inst13|BANK:inst|MDR:inst1|REGISTER32bit:inst1|REGISTER8bit:inst23|inst                                                         ; CLOCK        ; CLOCK       ; -0.500       ; 2.739      ; 4.233      ;
; 1.728  ; RAM:inst|altsyncram:altsyncram_component|altsyncram_hcb2:auto_generated|ram_block1a0~portb_address_reg8 ; CPU:inst1|DATAPATH:inst13|BANK:inst|MDR:inst1|REGISTER32bit:inst1|REGISTER8bit:inst23|inst                                                         ; CLOCK        ; CLOCK       ; -0.500       ; 2.739      ; 4.233      ;
; 1.728  ; RAM:inst|altsyncram:altsyncram_component|altsyncram_hcb2:auto_generated|ram_block1a0~portb_address_reg9 ; CPU:inst1|DATAPATH:inst13|BANK:inst|MDR:inst1|REGISTER32bit:inst1|REGISTER8bit:inst23|inst                                                         ; CLOCK        ; CLOCK       ; -0.500       ; 2.739      ; 4.233      ;
; 1.728  ; RAM:inst|altsyncram:altsyncram_component|altsyncram_hcb2:auto_generated|ram_block1a0~portb_address_reg0 ; CPU:inst1|DATAPATH:inst13|BANK:inst|MDR:inst1|REGISTER32bit:inst1|REGISTER8bit:inst|inst                                                           ; CLOCK        ; CLOCK       ; -0.500       ; 2.741      ; 4.235      ;
; 1.728  ; RAM:inst|altsyncram:altsyncram_component|altsyncram_hcb2:auto_generated|ram_block1a0~portb_address_reg1 ; CPU:inst1|DATAPATH:inst13|BANK:inst|MDR:inst1|REGISTER32bit:inst1|REGISTER8bit:inst|inst                                                           ; CLOCK        ; CLOCK       ; -0.500       ; 2.741      ; 4.235      ;
; 1.728  ; RAM:inst|altsyncram:altsyncram_component|altsyncram_hcb2:auto_generated|ram_block1a0~portb_address_reg2 ; CPU:inst1|DATAPATH:inst13|BANK:inst|MDR:inst1|REGISTER32bit:inst1|REGISTER8bit:inst|inst                                                           ; CLOCK        ; CLOCK       ; -0.500       ; 2.741      ; 4.235      ;
+--------+---------------------------------------------------------------------------------------------------------+----------------------------------------------------------------------------------------------------------------------------------------------------+--------------+-------------+--------------+------------+------------+


+-------------------------------------------------------------------------------------------------------------------------------------------------------------------------------------------+
; Slow Model Minimum Pulse Width: 'CLOCK'                                                                                                                                                   ;
+--------+--------------+----------------+------------------+-------+------------+----------------------------------------------------------------------------------------------------------+
; Slack  ; Actual Width ; Required Width ; Type             ; Clock ; Clock Edge ; Target                                                                                                   ;
+--------+--------------+----------------+------------------+-------+------------+----------------------------------------------------------------------------------------------------------+
; -2.000 ; 0.500        ; 2.500          ; High Pulse Width ; CLOCK ; Fall       ; RAM:inst|altsyncram:altsyncram_component|altsyncram_hcb2:auto_generated|ram_block1a0~porta_address_reg0  ;
; -2.000 ; 0.500        ; 2.500          ; Low Pulse Width  ; CLOCK ; Fall       ; RAM:inst|altsyncram:altsyncram_component|altsyncram_hcb2:auto_generated|ram_block1a0~porta_address_reg0  ;
; -2.000 ; 0.500        ; 2.500          ; High Pulse Width ; CLOCK ; Fall       ; RAM:inst|altsyncram:altsyncram_component|altsyncram_hcb2:auto_generated|ram_block1a0~porta_address_reg1  ;
; -2.000 ; 0.500        ; 2.500          ; Low Pulse Width  ; CLOCK ; Fall       ; RAM:inst|altsyncram:altsyncram_component|altsyncram_hcb2:auto_generated|ram_block1a0~porta_address_reg1  ;
; -2.000 ; 0.500        ; 2.500          ; High Pulse Width ; CLOCK ; Fall       ; RAM:inst|altsyncram:altsyncram_component|altsyncram_hcb2:auto_generated|ram_block1a0~porta_address_reg10 ;
; -2.000 ; 0.500        ; 2.500          ; Low Pulse Width  ; CLOCK ; Fall       ; RAM:inst|altsyncram:altsyncram_component|altsyncram_hcb2:auto_generated|ram_block1a0~porta_address_reg10 ;
; -2.000 ; 0.500        ; 2.500          ; High Pulse Width ; CLOCK ; Fall       ; RAM:inst|altsyncram:altsyncram_component|altsyncram_hcb2:auto_generated|ram_block1a0~porta_address_reg11 ;
; -2.000 ; 0.500        ; 2.500          ; Low Pulse Width  ; CLOCK ; Fall       ; RAM:inst|altsyncram:altsyncram_component|altsyncram_hcb2:auto_generated|ram_block1a0~porta_address_reg11 ;
; -2.000 ; 0.500        ; 2.500          ; High Pulse Width ; CLOCK ; Fall       ; RAM:inst|altsyncram:altsyncram_component|altsyncram_hcb2:auto_generated|ram_block1a0~porta_address_reg2  ;
; -2.000 ; 0.500        ; 2.500          ; Low Pulse Width  ; CLOCK ; Fall       ; RAM:inst|altsyncram:altsyncram_component|altsyncram_hcb2:auto_generated|ram_block1a0~porta_address_reg2  ;
; -2.000 ; 0.500        ; 2.500          ; High Pulse Width ; CLOCK ; Fall       ; RAM:inst|altsyncram:altsyncram_component|altsyncram_hcb2:auto_generated|ram_block1a0~porta_address_reg3  ;
; -2.000 ; 0.500        ; 2.500          ; Low Pulse Width  ; CLOCK ; Fall       ; RAM:inst|altsyncram:altsyncram_component|altsyncram_hcb2:auto_generated|ram_block1a0~porta_address_reg3  ;
; -2.000 ; 0.500        ; 2.500          ; High Pulse Width ; CLOCK ; Fall       ; RAM:inst|altsyncram:altsyncram_component|altsyncram_hcb2:auto_generated|ram_block1a0~porta_address_reg4  ;
; -2.000 ; 0.500        ; 2.500          ; Low Pulse Width  ; CLOCK ; Fall       ; RAM:inst|altsyncram:altsyncram_component|altsyncram_hcb2:auto_generated|ram_block1a0~porta_address_reg4  ;
; -2.000 ; 0.500        ; 2.500          ; High Pulse Width ; CLOCK ; Fall       ; RAM:inst|altsyncram:altsyncram_component|altsyncram_hcb2:auto_generated|ram_block1a0~porta_address_reg5  ;
; -2.000 ; 0.500        ; 2.500          ; Low Pulse Width  ; CLOCK ; Fall       ; RAM:inst|altsyncram:altsyncram_component|altsyncram_hcb2:auto_generated|ram_block1a0~porta_address_reg5  ;
; -2.000 ; 0.500        ; 2.500          ; High Pulse Width ; CLOCK ; Fall       ; RAM:inst|altsyncram:altsyncram_component|altsyncram_hcb2:auto_generated|ram_block1a0~porta_address_reg6  ;
; -2.000 ; 0.500        ; 2.500          ; Low Pulse Width  ; CLOCK ; Fall       ; RAM:inst|altsyncram:altsyncram_component|altsyncram_hcb2:auto_generated|ram_block1a0~porta_address_reg6  ;
; -2.000 ; 0.500        ; 2.500          ; High Pulse Width ; CLOCK ; Fall       ; RAM:inst|altsyncram:altsyncram_component|altsyncram_hcb2:auto_generated|ram_block1a0~porta_address_reg7  ;
; -2.000 ; 0.500        ; 2.500          ; Low Pulse Width  ; CLOCK ; Fall       ; RAM:inst|altsyncram:altsyncram_component|altsyncram_hcb2:auto_generated|ram_block1a0~porta_address_reg7  ;
; -2.000 ; 0.500        ; 2.500          ; High Pulse Width ; CLOCK ; Fall       ; RAM:inst|altsyncram:altsyncram_component|altsyncram_hcb2:auto_generated|ram_block1a0~porta_address_reg8  ;
; -2.000 ; 0.500        ; 2.500          ; Low Pulse Width  ; CLOCK ; Fall       ; RAM:inst|altsyncram:altsyncram_component|altsyncram_hcb2:auto_generated|ram_block1a0~porta_address_reg8  ;
; -2.000 ; 0.500        ; 2.500          ; High Pulse Width ; CLOCK ; Fall       ; RAM:inst|altsyncram:altsyncram_component|altsyncram_hcb2:auto_generated|ram_block1a0~porta_address_reg9  ;
; -2.000 ; 0.500        ; 2.500          ; Low Pulse Width  ; CLOCK ; Fall       ; RAM:inst|altsyncram:altsyncram_component|altsyncram_hcb2:auto_generated|ram_block1a0~porta_address_reg9  ;
; -2.000 ; 0.500        ; 2.500          ; High Pulse Width ; CLOCK ; Fall       ; RAM:inst|altsyncram:altsyncram_component|altsyncram_hcb2:auto_generated|ram_block1a0~porta_datain_reg0   ;
; -2.000 ; 0.500        ; 2.500          ; Low Pulse Width  ; CLOCK ; Fall       ; RAM:inst|altsyncram:altsyncram_component|altsyncram_hcb2:auto_generated|ram_block1a0~porta_datain_reg0   ;
; -2.000 ; 0.500        ; 2.500          ; High Pulse Width ; CLOCK ; Fall       ; RAM:inst|altsyncram:altsyncram_component|altsyncram_hcb2:auto_generated|ram_block1a0~porta_memory_reg0   ;
; -2.000 ; 0.500        ; 2.500          ; Low Pulse Width  ; CLOCK ; Fall       ; RAM:inst|altsyncram:altsyncram_component|altsyncram_hcb2:auto_generated|ram_block1a0~porta_memory_reg0   ;
; -2.000 ; 0.500        ; 2.500          ; High Pulse Width ; CLOCK ; Fall       ; RAM:inst|altsyncram:altsyncram_component|altsyncram_hcb2:auto_generated|ram_block1a0~portb_address_reg0  ;
; -2.000 ; 0.500        ; 2.500          ; Low Pulse Width  ; CLOCK ; Fall       ; RAM:inst|altsyncram:altsyncram_component|altsyncram_hcb2:auto_generated|ram_block1a0~portb_address_reg0  ;
; -2.000 ; 0.500        ; 2.500          ; High Pulse Width ; CLOCK ; Fall       ; RAM:inst|altsyncram:altsyncram_component|altsyncram_hcb2:auto_generated|ram_block1a0~portb_address_reg1  ;
; -2.000 ; 0.500        ; 2.500          ; Low Pulse Width  ; CLOCK ; Fall       ; RAM:inst|altsyncram:altsyncram_component|altsyncram_hcb2:auto_generated|ram_block1a0~portb_address_reg1  ;
; -2.000 ; 0.500        ; 2.500          ; High Pulse Width ; CLOCK ; Fall       ; RAM:inst|altsyncram:altsyncram_component|altsyncram_hcb2:auto_generated|ram_block1a0~portb_address_reg2  ;
; -2.000 ; 0.500        ; 2.500          ; Low Pulse Width  ; CLOCK ; Fall       ; RAM:inst|altsyncram:altsyncram_component|altsyncram_hcb2:auto_generated|ram_block1a0~portb_address_reg2  ;
; -2.000 ; 0.500        ; 2.500          ; High Pulse Width ; CLOCK ; Fall       ; RAM:inst|altsyncram:altsyncram_component|altsyncram_hcb2:auto_generated|ram_block1a0~portb_address_reg3  ;
; -2.000 ; 0.500        ; 2.500          ; Low Pulse Width  ; CLOCK ; Fall       ; RAM:inst|altsyncram:altsyncram_component|altsyncram_hcb2:auto_generated|ram_block1a0~portb_address_reg3  ;
; -2.000 ; 0.500        ; 2.500          ; High Pulse Width ; CLOCK ; Fall       ; RAM:inst|altsyncram:altsyncram_component|altsyncram_hcb2:auto_generated|ram_block1a0~portb_address_reg4  ;
; -2.000 ; 0.500        ; 2.500          ; Low Pulse Width  ; CLOCK ; Fall       ; RAM:inst|altsyncram:altsyncram_component|altsyncram_hcb2:auto_generated|ram_block1a0~portb_address_reg4  ;
; -2.000 ; 0.500        ; 2.500          ; High Pulse Width ; CLOCK ; Fall       ; RAM:inst|altsyncram:altsyncram_component|altsyncram_hcb2:auto_generated|ram_block1a0~portb_address_reg5  ;
; -2.000 ; 0.500        ; 2.500          ; Low Pulse Width  ; CLOCK ; Fall       ; RAM:inst|altsyncram:altsyncram_component|altsyncram_hcb2:auto_generated|ram_block1a0~portb_address_reg5  ;
; -2.000 ; 0.500        ; 2.500          ; High Pulse Width ; CLOCK ; Fall       ; RAM:inst|altsyncram:altsyncram_component|altsyncram_hcb2:auto_generated|ram_block1a0~portb_address_reg6  ;
; -2.000 ; 0.500        ; 2.500          ; Low Pulse Width  ; CLOCK ; Fall       ; RAM:inst|altsyncram:altsyncram_component|altsyncram_hcb2:auto_generated|ram_block1a0~portb_address_reg6  ;
; -2.000 ; 0.500        ; 2.500          ; High Pulse Width ; CLOCK ; Fall       ; RAM:inst|altsyncram:altsyncram_component|altsyncram_hcb2:auto_generated|ram_block1a0~portb_address_reg7  ;
; -2.000 ; 0.500        ; 2.500          ; Low Pulse Width  ; CLOCK ; Fall       ; RAM:inst|altsyncram:altsyncram_component|altsyncram_hcb2:auto_generated|ram_block1a0~portb_address_reg7  ;
; -2.000 ; 0.500        ; 2.500          ; High Pulse Width ; CLOCK ; Fall       ; RAM:inst|altsyncram:altsyncram_component|altsyncram_hcb2:auto_generated|ram_block1a0~portb_address_reg8  ;
; -2.000 ; 0.500        ; 2.500          ; Low Pulse Width  ; CLOCK ; Fall       ; RAM:inst|altsyncram:altsyncram_component|altsyncram_hcb2:auto_generated|ram_block1a0~portb_address_reg8  ;
; -2.000 ; 0.500        ; 2.500          ; High Pulse Width ; CLOCK ; Fall       ; RAM:inst|altsyncram:altsyncram_component|altsyncram_hcb2:auto_generated|ram_block1a0~portb_address_reg9  ;
; -2.000 ; 0.500        ; 2.500          ; Low Pulse Width  ; CLOCK ; Fall       ; RAM:inst|altsyncram:altsyncram_component|altsyncram_hcb2:auto_generated|ram_block1a0~portb_address_reg9  ;
; -2.000 ; 0.500        ; 2.500          ; High Pulse Width ; CLOCK ; Fall       ; RAM:inst|altsyncram:altsyncram_component|altsyncram_hcb2:auto_generated|ram_block1a0~portb_datain_reg0   ;
; -2.000 ; 0.500        ; 2.500          ; Low Pulse Width  ; CLOCK ; Fall       ; RAM:inst|altsyncram:altsyncram_component|altsyncram_hcb2:auto_generated|ram_block1a0~portb_datain_reg0   ;
; -2.000 ; 0.500        ; 2.500          ; High Pulse Width ; CLOCK ; Fall       ; RAM:inst|altsyncram:altsyncram_component|altsyncram_hcb2:auto_generated|ram_block1a0~portb_datain_reg1   ;
; -2.000 ; 0.500        ; 2.500          ; Low Pulse Width  ; CLOCK ; Fall       ; RAM:inst|altsyncram:altsyncram_component|altsyncram_hcb2:auto_generated|ram_block1a0~portb_datain_reg1   ;
; -2.000 ; 0.500        ; 2.500          ; High Pulse Width ; CLOCK ; Fall       ; RAM:inst|altsyncram:altsyncram_component|altsyncram_hcb2:auto_generated|ram_block1a0~portb_datain_reg2   ;
; -2.000 ; 0.500        ; 2.500          ; Low Pulse Width  ; CLOCK ; Fall       ; RAM:inst|altsyncram:altsyncram_component|altsyncram_hcb2:auto_generated|ram_block1a0~portb_datain_reg2   ;
; -2.000 ; 0.500        ; 2.500          ; High Pulse Width ; CLOCK ; Fall       ; RAM:inst|altsyncram:altsyncram_component|altsyncram_hcb2:auto_generated|ram_block1a0~portb_datain_reg3   ;
; -2.000 ; 0.500        ; 2.500          ; Low Pulse Width  ; CLOCK ; Fall       ; RAM:inst|altsyncram:altsyncram_component|altsyncram_hcb2:auto_generated|ram_block1a0~portb_datain_reg3   ;
; -2.000 ; 0.500        ; 2.500          ; High Pulse Width ; CLOCK ; Fall       ; RAM:inst|altsyncram:altsyncram_component|altsyncram_hcb2:auto_generated|ram_block1a0~portb_memory_reg0   ;
; -2.000 ; 0.500        ; 2.500          ; Low Pulse Width  ; CLOCK ; Fall       ; RAM:inst|altsyncram:altsyncram_component|altsyncram_hcb2:auto_generated|ram_block1a0~portb_memory_reg0   ;
; -2.000 ; 0.500        ; 2.500          ; High Pulse Width ; CLOCK ; Fall       ; RAM:inst|altsyncram:altsyncram_component|altsyncram_hcb2:auto_generated|ram_block1a0~portb_memory_reg1   ;
; -2.000 ; 0.500        ; 2.500          ; Low Pulse Width  ; CLOCK ; Fall       ; RAM:inst|altsyncram:altsyncram_component|altsyncram_hcb2:auto_generated|ram_block1a0~portb_memory_reg1   ;
; -2.000 ; 0.500        ; 2.500          ; High Pulse Width ; CLOCK ; Fall       ; RAM:inst|altsyncram:altsyncram_component|altsyncram_hcb2:auto_generated|ram_block1a0~portb_memory_reg2   ;
; -2.000 ; 0.500        ; 2.500          ; Low Pulse Width  ; CLOCK ; Fall       ; RAM:inst|altsyncram:altsyncram_component|altsyncram_hcb2:auto_generated|ram_block1a0~portb_memory_reg2   ;
; -2.000 ; 0.500        ; 2.500          ; High Pulse Width ; CLOCK ; Fall       ; RAM:inst|altsyncram:altsyncram_component|altsyncram_hcb2:auto_generated|ram_block1a0~portb_memory_reg3   ;
; -2.000 ; 0.500        ; 2.500          ; Low Pulse Width  ; CLOCK ; Fall       ; RAM:inst|altsyncram:altsyncram_component|altsyncram_hcb2:auto_generated|ram_block1a0~portb_memory_reg3   ;
; -2.000 ; 0.500        ; 2.500          ; High Pulse Width ; CLOCK ; Fall       ; RAM:inst|altsyncram:altsyncram_component|altsyncram_hcb2:auto_generated|ram_block1a0~portb_we_reg        ;
; -2.000 ; 0.500        ; 2.500          ; Low Pulse Width  ; CLOCK ; Fall       ; RAM:inst|altsyncram:altsyncram_component|altsyncram_hcb2:auto_generated|ram_block1a0~portb_we_reg        ;
; -2.000 ; 0.500        ; 2.500          ; High Pulse Width ; CLOCK ; Fall       ; RAM:inst|altsyncram:altsyncram_component|altsyncram_hcb2:auto_generated|ram_block1a1~porta_address_reg0  ;
; -2.000 ; 0.500        ; 2.500          ; Low Pulse Width  ; CLOCK ; Fall       ; RAM:inst|altsyncram:altsyncram_component|altsyncram_hcb2:auto_generated|ram_block1a1~porta_address_reg0  ;
; -2.000 ; 0.500        ; 2.500          ; High Pulse Width ; CLOCK ; Fall       ; RAM:inst|altsyncram:altsyncram_component|altsyncram_hcb2:auto_generated|ram_block1a1~porta_address_reg1  ;
; -2.000 ; 0.500        ; 2.500          ; Low Pulse Width  ; CLOCK ; Fall       ; RAM:inst|altsyncram:altsyncram_component|altsyncram_hcb2:auto_generated|ram_block1a1~porta_address_reg1  ;
; -2.000 ; 0.500        ; 2.500          ; High Pulse Width ; CLOCK ; Fall       ; RAM:inst|altsyncram:altsyncram_component|altsyncram_hcb2:auto_generated|ram_block1a1~porta_address_reg10 ;
; -2.000 ; 0.500        ; 2.500          ; Low Pulse Width  ; CLOCK ; Fall       ; RAM:inst|altsyncram:altsyncram_component|altsyncram_hcb2:auto_generated|ram_block1a1~porta_address_reg10 ;
; -2.000 ; 0.500        ; 2.500          ; High Pulse Width ; CLOCK ; Fall       ; RAM:inst|altsyncram:altsyncram_component|altsyncram_hcb2:auto_generated|ram_block1a1~porta_address_reg11 ;
; -2.000 ; 0.500        ; 2.500          ; Low Pulse Width  ; CLOCK ; Fall       ; RAM:inst|altsyncram:altsyncram_component|altsyncram_hcb2:auto_generated|ram_block1a1~porta_address_reg11 ;
; -2.000 ; 0.500        ; 2.500          ; High Pulse Width ; CLOCK ; Fall       ; RAM:inst|altsyncram:altsyncram_component|altsyncram_hcb2:auto_generated|ram_block1a1~porta_address_reg2  ;
; -2.000 ; 0.500        ; 2.500          ; Low Pulse Width  ; CLOCK ; Fall       ; RAM:inst|altsyncram:altsyncram_component|altsyncram_hcb2:auto_generated|ram_block1a1~porta_address_reg2  ;
; -2.000 ; 0.500        ; 2.500          ; High Pulse Width ; CLOCK ; Fall       ; RAM:inst|altsyncram:altsyncram_component|altsyncram_hcb2:auto_generated|ram_block1a1~porta_address_reg3  ;
; -2.000 ; 0.500        ; 2.500          ; Low Pulse Width  ; CLOCK ; Fall       ; RAM:inst|altsyncram:altsyncram_component|altsyncram_hcb2:auto_generated|ram_block1a1~porta_address_reg3  ;
; -2.000 ; 0.500        ; 2.500          ; High Pulse Width ; CLOCK ; Fall       ; RAM:inst|altsyncram:altsyncram_component|altsyncram_hcb2:auto_generated|ram_block1a1~porta_address_reg4  ;
; -2.000 ; 0.500        ; 2.500          ; Low Pulse Width  ; CLOCK ; Fall       ; RAM:inst|altsyncram:altsyncram_component|altsyncram_hcb2:auto_generated|ram_block1a1~porta_address_reg4  ;
; -2.000 ; 0.500        ; 2.500          ; High Pulse Width ; CLOCK ; Fall       ; RAM:inst|altsyncram:altsyncram_component|altsyncram_hcb2:auto_generated|ram_block1a1~porta_address_reg5  ;
; -2.000 ; 0.500        ; 2.500          ; Low Pulse Width  ; CLOCK ; Fall       ; RAM:inst|altsyncram:altsyncram_component|altsyncram_hcb2:auto_generated|ram_block1a1~porta_address_reg5  ;
; -2.000 ; 0.500        ; 2.500          ; High Pulse Width ; CLOCK ; Fall       ; RAM:inst|altsyncram:altsyncram_component|altsyncram_hcb2:auto_generated|ram_block1a1~porta_address_reg6  ;
; -2.000 ; 0.500        ; 2.500          ; Low Pulse Width  ; CLOCK ; Fall       ; RAM:inst|altsyncram:altsyncram_component|altsyncram_hcb2:auto_generated|ram_block1a1~porta_address_reg6  ;
; -2.000 ; 0.500        ; 2.500          ; High Pulse Width ; CLOCK ; Fall       ; RAM:inst|altsyncram:altsyncram_component|altsyncram_hcb2:auto_generated|ram_block1a1~porta_address_reg7  ;
; -2.000 ; 0.500        ; 2.500          ; Low Pulse Width  ; CLOCK ; Fall       ; RAM:inst|altsyncram:altsyncram_component|altsyncram_hcb2:auto_generated|ram_block1a1~porta_address_reg7  ;
; -2.000 ; 0.500        ; 2.500          ; High Pulse Width ; CLOCK ; Fall       ; RAM:inst|altsyncram:altsyncram_component|altsyncram_hcb2:auto_generated|ram_block1a1~porta_address_reg8  ;
; -2.000 ; 0.500        ; 2.500          ; Low Pulse Width  ; CLOCK ; Fall       ; RAM:inst|altsyncram:altsyncram_component|altsyncram_hcb2:auto_generated|ram_block1a1~porta_address_reg8  ;
; -2.000 ; 0.500        ; 2.500          ; High Pulse Width ; CLOCK ; Fall       ; RAM:inst|altsyncram:altsyncram_component|altsyncram_hcb2:auto_generated|ram_block1a1~porta_address_reg9  ;
; -2.000 ; 0.500        ; 2.500          ; Low Pulse Width  ; CLOCK ; Fall       ; RAM:inst|altsyncram:altsyncram_component|altsyncram_hcb2:auto_generated|ram_block1a1~porta_address_reg9  ;
; -2.000 ; 0.500        ; 2.500          ; High Pulse Width ; CLOCK ; Fall       ; RAM:inst|altsyncram:altsyncram_component|altsyncram_hcb2:auto_generated|ram_block1a1~porta_datain_reg0   ;
; -2.000 ; 0.500        ; 2.500          ; Low Pulse Width  ; CLOCK ; Fall       ; RAM:inst|altsyncram:altsyncram_component|altsyncram_hcb2:auto_generated|ram_block1a1~porta_datain_reg0   ;
; -2.000 ; 0.500        ; 2.500          ; High Pulse Width ; CLOCK ; Fall       ; RAM:inst|altsyncram:altsyncram_component|altsyncram_hcb2:auto_generated|ram_block1a1~porta_memory_reg0   ;
; -2.000 ; 0.500        ; 2.500          ; Low Pulse Width  ; CLOCK ; Fall       ; RAM:inst|altsyncram:altsyncram_component|altsyncram_hcb2:auto_generated|ram_block1a1~porta_memory_reg0   ;
; -2.000 ; 0.500        ; 2.500          ; High Pulse Width ; CLOCK ; Fall       ; RAM:inst|altsyncram:altsyncram_component|altsyncram_hcb2:auto_generated|ram_block1a1~portb_address_reg0  ;
; -2.000 ; 0.500        ; 2.500          ; Low Pulse Width  ; CLOCK ; Fall       ; RAM:inst|altsyncram:altsyncram_component|altsyncram_hcb2:auto_generated|ram_block1a1~portb_address_reg0  ;
; -2.000 ; 0.500        ; 2.500          ; High Pulse Width ; CLOCK ; Fall       ; RAM:inst|altsyncram:altsyncram_component|altsyncram_hcb2:auto_generated|ram_block1a1~portb_address_reg1  ;
; -2.000 ; 0.500        ; 2.500          ; Low Pulse Width  ; CLOCK ; Fall       ; RAM:inst|altsyncram:altsyncram_component|altsyncram_hcb2:auto_generated|ram_block1a1~portb_address_reg1  ;
; -2.000 ; 0.500        ; 2.500          ; High Pulse Width ; CLOCK ; Fall       ; RAM:inst|altsyncram:altsyncram_component|altsyncram_hcb2:auto_generated|ram_block1a1~portb_address_reg2  ;
; -2.000 ; 0.500        ; 2.500          ; Low Pulse Width  ; CLOCK ; Fall       ; RAM:inst|altsyncram:altsyncram_component|altsyncram_hcb2:auto_generated|ram_block1a1~portb_address_reg2  ;
+--------+--------------+----------------+------------------+-------+------------+----------------------------------------------------------------------------------------------------------+


+-------------------------------------------------------------------------------------+
; Clock to Output Times                                                               ;
+-----------------------+------------+--------+--------+------------+-----------------+
; Data Port             ; Clock Port ; Rise   ; Fall   ; Clock Edge ; Clock Reference ;
+-----------------------+------------+--------+--------+------------+-----------------+
; C_BUS[*]              ; CLOCK      ; 29.212 ; 29.212 ; Rise       ; CLOCK           ;
;  C_BUS[0]             ; CLOCK      ; 17.365 ; 17.365 ; Rise       ; CLOCK           ;
;  C_BUS[1]             ; CLOCK      ; 16.692 ; 16.692 ; Rise       ; CLOCK           ;
;  C_BUS[2]             ; CLOCK      ; 17.289 ; 17.289 ; Rise       ; CLOCK           ;
;  C_BUS[3]             ; CLOCK      ; 17.807 ; 17.807 ; Rise       ; CLOCK           ;
;  C_BUS[4]             ; CLOCK      ; 17.966 ; 17.966 ; Rise       ; CLOCK           ;
;  C_BUS[5]             ; CLOCK      ; 18.189 ; 18.189 ; Rise       ; CLOCK           ;
;  C_BUS[6]             ; CLOCK      ; 18.646 ; 18.646 ; Rise       ; CLOCK           ;
;  C_BUS[7]             ; CLOCK      ; 19.543 ; 19.543 ; Rise       ; CLOCK           ;
;  C_BUS[8]             ; CLOCK      ; 19.600 ; 19.600 ; Rise       ; CLOCK           ;
;  C_BUS[9]             ; CLOCK      ; 20.782 ; 20.782 ; Rise       ; CLOCK           ;
;  C_BUS[10]            ; CLOCK      ; 20.460 ; 20.460 ; Rise       ; CLOCK           ;
;  C_BUS[11]            ; CLOCK      ; 21.199 ; 21.199 ; Rise       ; CLOCK           ;
;  C_BUS[12]            ; CLOCK      ; 20.990 ; 20.990 ; Rise       ; CLOCK           ;
;  C_BUS[13]            ; CLOCK      ; 21.307 ; 21.307 ; Rise       ; CLOCK           ;
;  C_BUS[14]            ; CLOCK      ; 22.269 ; 22.269 ; Rise       ; CLOCK           ;
;  C_BUS[15]            ; CLOCK      ; 23.443 ; 23.443 ; Rise       ; CLOCK           ;
;  C_BUS[16]            ; CLOCK      ; 23.347 ; 23.347 ; Rise       ; CLOCK           ;
;  C_BUS[17]            ; CLOCK      ; 22.871 ; 22.871 ; Rise       ; CLOCK           ;
;  C_BUS[18]            ; CLOCK      ; 23.311 ; 23.311 ; Rise       ; CLOCK           ;
;  C_BUS[19]            ; CLOCK      ; 23.607 ; 23.607 ; Rise       ; CLOCK           ;
;  C_BUS[20]            ; CLOCK      ; 24.471 ; 24.471 ; Rise       ; CLOCK           ;
;  C_BUS[21]            ; CLOCK      ; 25.826 ; 25.826 ; Rise       ; CLOCK           ;
;  C_BUS[22]            ; CLOCK      ; 25.002 ; 25.002 ; Rise       ; CLOCK           ;
;  C_BUS[23]            ; CLOCK      ; 25.943 ; 25.943 ; Rise       ; CLOCK           ;
;  C_BUS[24]            ; CLOCK      ; 26.500 ; 26.500 ; Rise       ; CLOCK           ;
;  C_BUS[25]            ; CLOCK      ; 27.058 ; 27.058 ; Rise       ; CLOCK           ;
;  C_BUS[26]            ; CLOCK      ; 27.064 ; 27.064 ; Rise       ; CLOCK           ;
;  C_BUS[27]            ; CLOCK      ; 28.063 ; 28.063 ; Rise       ; CLOCK           ;
;  C_BUS[28]            ; CLOCK      ; 28.100 ; 28.100 ; Rise       ; CLOCK           ;
;  C_BUS[29]            ; CLOCK      ; 29.212 ; 29.212 ; Rise       ; CLOCK           ;
;  C_BUS[30]            ; CLOCK      ; 28.944 ; 28.944 ; Rise       ; CLOCK           ;
;  C_BUS[31]            ; CLOCK      ; 29.118 ; 29.118 ; Rise       ; CLOCK           ;
; DATA_MEM_ADDR[*]      ; CLOCK      ; 11.084 ; 11.084 ; Rise       ; CLOCK           ;
;  DATA_MEM_ADDR[0]     ; CLOCK      ; 9.800  ; 9.800  ; Rise       ; CLOCK           ;
;  DATA_MEM_ADDR[1]     ; CLOCK      ; 9.120  ; 9.120  ; Rise       ; CLOCK           ;
;  DATA_MEM_ADDR[2]     ; CLOCK      ; 9.452  ; 9.452  ; Rise       ; CLOCK           ;
;  DATA_MEM_ADDR[3]     ; CLOCK      ; 9.442  ; 9.442  ; Rise       ; CLOCK           ;
;  DATA_MEM_ADDR[4]     ; CLOCK      ; 9.248  ; 9.248  ; Rise       ; CLOCK           ;
;  DATA_MEM_ADDR[5]     ; CLOCK      ; 9.080  ; 9.080  ; Rise       ; CLOCK           ;
;  DATA_MEM_ADDR[6]     ; CLOCK      ; 9.853  ; 9.853  ; Rise       ; CLOCK           ;
;  DATA_MEM_ADDR[7]     ; CLOCK      ; 9.318  ; 9.318  ; Rise       ; CLOCK           ;
;  DATA_MEM_ADDR[8]     ; CLOCK      ; 9.864  ; 9.864  ; Rise       ; CLOCK           ;
;  DATA_MEM_ADDR[9]     ; CLOCK      ; 9.320  ; 9.320  ; Rise       ; CLOCK           ;
;  DATA_MEM_ADDR[10]    ; CLOCK      ; 9.031  ; 9.031  ; Rise       ; CLOCK           ;
;  DATA_MEM_ADDR[11]    ; CLOCK      ; 8.882  ; 8.882  ; Rise       ; CLOCK           ;
;  DATA_MEM_ADDR[12]    ; CLOCK      ; 9.885  ; 9.885  ; Rise       ; CLOCK           ;
;  DATA_MEM_ADDR[13]    ; CLOCK      ; 8.712  ; 8.712  ; Rise       ; CLOCK           ;
;  DATA_MEM_ADDR[14]    ; CLOCK      ; 9.762  ; 9.762  ; Rise       ; CLOCK           ;
;  DATA_MEM_ADDR[15]    ; CLOCK      ; 9.166  ; 9.166  ; Rise       ; CLOCK           ;
;  DATA_MEM_ADDR[16]    ; CLOCK      ; 9.176  ; 9.176  ; Rise       ; CLOCK           ;
;  DATA_MEM_ADDR[17]    ; CLOCK      ; 10.311 ; 10.311 ; Rise       ; CLOCK           ;
;  DATA_MEM_ADDR[18]    ; CLOCK      ; 9.451  ; 9.451  ; Rise       ; CLOCK           ;
;  DATA_MEM_ADDR[19]    ; CLOCK      ; 9.624  ; 9.624  ; Rise       ; CLOCK           ;
;  DATA_MEM_ADDR[20]    ; CLOCK      ; 10.073 ; 10.073 ; Rise       ; CLOCK           ;
;  DATA_MEM_ADDR[21]    ; CLOCK      ; 10.425 ; 10.425 ; Rise       ; CLOCK           ;
;  DATA_MEM_ADDR[22]    ; CLOCK      ; 10.014 ; 10.014 ; Rise       ; CLOCK           ;
;  DATA_MEM_ADDR[23]    ; CLOCK      ; 9.699  ; 9.699  ; Rise       ; CLOCK           ;
;  DATA_MEM_ADDR[24]    ; CLOCK      ; 9.678  ; 9.678  ; Rise       ; CLOCK           ;
;  DATA_MEM_ADDR[25]    ; CLOCK      ; 10.362 ; 10.362 ; Rise       ; CLOCK           ;
;  DATA_MEM_ADDR[26]    ; CLOCK      ; 11.084 ; 11.084 ; Rise       ; CLOCK           ;
;  DATA_MEM_ADDR[27]    ; CLOCK      ; 10.538 ; 10.538 ; Rise       ; CLOCK           ;
;  DATA_MEM_ADDR[28]    ; CLOCK      ; 9.621  ; 9.621  ; Rise       ; CLOCK           ;
;  DATA_MEM_ADDR[29]    ; CLOCK      ; 10.404 ; 10.404 ; Rise       ; CLOCK           ;
;  DATA_MEM_ADDR[30]    ; CLOCK      ; 10.523 ; 10.523 ; Rise       ; CLOCK           ;
;  DATA_MEM_ADDR[31]    ; CLOCK      ; 10.459 ; 10.459 ; Rise       ; CLOCK           ;
; DATA_MEM_OUT[*]       ; CLOCK      ; 11.584 ; 11.584 ; Rise       ; CLOCK           ;
;  DATA_MEM_OUT[0]      ; CLOCK      ; 10.107 ; 10.107 ; Rise       ; CLOCK           ;
;  DATA_MEM_OUT[1]      ; CLOCK      ; 10.222 ; 10.222 ; Rise       ; CLOCK           ;
;  DATA_MEM_OUT[2]      ; CLOCK      ; 10.465 ; 10.465 ; Rise       ; CLOCK           ;
;  DATA_MEM_OUT[3]      ; CLOCK      ; 10.060 ; 10.060 ; Rise       ; CLOCK           ;
;  DATA_MEM_OUT[4]      ; CLOCK      ; 10.794 ; 10.794 ; Rise       ; CLOCK           ;
;  DATA_MEM_OUT[5]      ; CLOCK      ; 10.205 ; 10.205 ; Rise       ; CLOCK           ;
;  DATA_MEM_OUT[6]      ; CLOCK      ; 10.359 ; 10.359 ; Rise       ; CLOCK           ;
;  DATA_MEM_OUT[7]      ; CLOCK      ; 10.154 ; 10.154 ; Rise       ; CLOCK           ;
;  DATA_MEM_OUT[8]      ; CLOCK      ; 10.013 ; 10.013 ; Rise       ; CLOCK           ;
;  DATA_MEM_OUT[9]      ; CLOCK      ; 11.324 ; 11.324 ; Rise       ; CLOCK           ;
;  DATA_MEM_OUT[10]     ; CLOCK      ; 11.013 ; 11.013 ; Rise       ; CLOCK           ;
;  DATA_MEM_OUT[11]     ; CLOCK      ; 11.199 ; 11.199 ; Rise       ; CLOCK           ;
;  DATA_MEM_OUT[12]     ; CLOCK      ; 10.578 ; 10.578 ; Rise       ; CLOCK           ;
;  DATA_MEM_OUT[13]     ; CLOCK      ; 10.338 ; 10.338 ; Rise       ; CLOCK           ;
;  DATA_MEM_OUT[14]     ; CLOCK      ; 10.806 ; 10.806 ; Rise       ; CLOCK           ;
;  DATA_MEM_OUT[15]     ; CLOCK      ; 10.518 ; 10.518 ; Rise       ; CLOCK           ;
;  DATA_MEM_OUT[16]     ; CLOCK      ; 10.118 ; 10.118 ; Rise       ; CLOCK           ;
;  DATA_MEM_OUT[17]     ; CLOCK      ; 10.078 ; 10.078 ; Rise       ; CLOCK           ;
;  DATA_MEM_OUT[18]     ; CLOCK      ; 10.520 ; 10.520 ; Rise       ; CLOCK           ;
;  DATA_MEM_OUT[19]     ; CLOCK      ; 10.859 ; 10.859 ; Rise       ; CLOCK           ;
;  DATA_MEM_OUT[20]     ; CLOCK      ; 10.759 ; 10.759 ; Rise       ; CLOCK           ;
;  DATA_MEM_OUT[21]     ; CLOCK      ; 10.805 ; 10.805 ; Rise       ; CLOCK           ;
;  DATA_MEM_OUT[22]     ; CLOCK      ; 10.052 ; 10.052 ; Rise       ; CLOCK           ;
;  DATA_MEM_OUT[23]     ; CLOCK      ; 11.584 ; 11.584 ; Rise       ; CLOCK           ;
;  DATA_MEM_OUT[24]     ; CLOCK      ; 10.321 ; 10.321 ; Rise       ; CLOCK           ;
;  DATA_MEM_OUT[25]     ; CLOCK      ; 10.803 ; 10.803 ; Rise       ; CLOCK           ;
;  DATA_MEM_OUT[26]     ; CLOCK      ; 10.407 ; 10.407 ; Rise       ; CLOCK           ;
;  DATA_MEM_OUT[27]     ; CLOCK      ; 11.052 ; 11.052 ; Rise       ; CLOCK           ;
;  DATA_MEM_OUT[28]     ; CLOCK      ; 10.356 ; 10.356 ; Rise       ; CLOCK           ;
;  DATA_MEM_OUT[29]     ; CLOCK      ; 10.247 ; 10.247 ; Rise       ; CLOCK           ;
;  DATA_MEM_OUT[30]     ; CLOCK      ; 10.930 ; 10.930 ; Rise       ; CLOCK           ;
;  DATA_MEM_OUT[31]     ; CLOCK      ; 10.383 ; 10.383 ; Rise       ; CLOCK           ;
; DATA_MEM_write_enable ; CLOCK      ; 7.235  ; 7.235  ; Rise       ; CLOCK           ;
; MBR_OUT[*]            ; CLOCK      ; 9.832  ; 9.832  ; Rise       ; CLOCK           ;
;  MBR_OUT[0]           ; CLOCK      ; 8.720  ; 8.720  ; Rise       ; CLOCK           ;
;  MBR_OUT[1]           ; CLOCK      ; 9.832  ; 9.832  ; Rise       ; CLOCK           ;
;  MBR_OUT[2]           ; CLOCK      ; 9.017  ; 9.017  ; Rise       ; CLOCK           ;
;  MBR_OUT[3]           ; CLOCK      ; 8.916  ; 8.916  ; Rise       ; CLOCK           ;
;  MBR_OUT[4]           ; CLOCK      ; 8.861  ; 8.861  ; Rise       ; CLOCK           ;
;  MBR_OUT[5]           ; CLOCK      ; 9.640  ; 9.640  ; Rise       ; CLOCK           ;
;  MBR_OUT[6]           ; CLOCK      ; 8.173  ; 8.173  ; Rise       ; CLOCK           ;
;  MBR_OUT[7]           ; CLOCK      ; 9.355  ; 9.355  ; Rise       ; CLOCK           ;
; MPC[*]                ; CLOCK      ; 9.477  ; 9.477  ; Rise       ; CLOCK           ;
;  MPC[0]               ; CLOCK      ; 7.584  ; 7.584  ; Rise       ; CLOCK           ;
;  MPC[1]               ; CLOCK      ; 7.293  ; 7.293  ; Rise       ; CLOCK           ;
;  MPC[2]               ; CLOCK      ; 7.334  ; 7.334  ; Rise       ; CLOCK           ;
;  MPC[3]               ; CLOCK      ; 7.560  ; 7.560  ; Rise       ; CLOCK           ;
;  MPC[4]               ; CLOCK      ; 7.504  ; 7.504  ; Rise       ; CLOCK           ;
;  MPC[5]               ; CLOCK      ; 7.724  ; 7.724  ; Rise       ; CLOCK           ;
;  MPC[6]               ; CLOCK      ; 7.496  ; 7.496  ; Rise       ; CLOCK           ;
;  MPC[7]               ; CLOCK      ; 7.798  ; 7.798  ; Rise       ; CLOCK           ;
;  MPC[8]               ; CLOCK      ; 9.477  ; 9.477  ; Rise       ; CLOCK           ;
; PC[*]                 ; CLOCK      ; 10.965 ; 10.965 ; Rise       ; CLOCK           ;
;  PC[0]                ; CLOCK      ; 9.422  ; 9.422  ; Rise       ; CLOCK           ;
;  PC[1]                ; CLOCK      ; 9.887  ; 9.887  ; Rise       ; CLOCK           ;
;  PC[2]                ; CLOCK      ; 10.040 ; 10.040 ; Rise       ; CLOCK           ;
;  PC[3]                ; CLOCK      ; 9.533  ; 9.533  ; Rise       ; CLOCK           ;
;  PC[4]                ; CLOCK      ; 9.427  ; 9.427  ; Rise       ; CLOCK           ;
;  PC[5]                ; CLOCK      ; 9.903  ; 9.903  ; Rise       ; CLOCK           ;
;  PC[6]                ; CLOCK      ; 9.778  ; 9.778  ; Rise       ; CLOCK           ;
;  PC[7]                ; CLOCK      ; 10.014 ; 10.014 ; Rise       ; CLOCK           ;
;  PC[8]                ; CLOCK      ; 10.308 ; 10.308 ; Rise       ; CLOCK           ;
;  PC[9]                ; CLOCK      ; 9.390  ; 9.390  ; Rise       ; CLOCK           ;
;  PC[10]               ; CLOCK      ; 9.956  ; 9.956  ; Rise       ; CLOCK           ;
;  PC[11]               ; CLOCK      ; 10.251 ; 10.251 ; Rise       ; CLOCK           ;
;  PC[12]               ; CLOCK      ; 10.965 ; 10.965 ; Rise       ; CLOCK           ;
;  PC[13]               ; CLOCK      ; 9.718  ; 9.718  ; Rise       ; CLOCK           ;
;  PC[14]               ; CLOCK      ; 9.950  ; 9.950  ; Rise       ; CLOCK           ;
;  PC[15]               ; CLOCK      ; 10.221 ; 10.221 ; Rise       ; CLOCK           ;
;  PC[16]               ; CLOCK      ; 9.985  ; 9.985  ; Rise       ; CLOCK           ;
;  PC[17]               ; CLOCK      ; 9.707  ; 9.707  ; Rise       ; CLOCK           ;
;  PC[18]               ; CLOCK      ; 9.736  ; 9.736  ; Rise       ; CLOCK           ;
;  PC[19]               ; CLOCK      ; 9.699  ; 9.699  ; Rise       ; CLOCK           ;
;  PC[20]               ; CLOCK      ; 9.798  ; 9.798  ; Rise       ; CLOCK           ;
;  PC[21]               ; CLOCK      ; 9.864  ; 9.864  ; Rise       ; CLOCK           ;
;  PC[22]               ; CLOCK      ; 9.824  ; 9.824  ; Rise       ; CLOCK           ;
;  PC[23]               ; CLOCK      ; 9.983  ; 9.983  ; Rise       ; CLOCK           ;
;  PC[24]               ; CLOCK      ; 9.845  ; 9.845  ; Rise       ; CLOCK           ;
;  PC[25]               ; CLOCK      ; 9.885  ; 9.885  ; Rise       ; CLOCK           ;
;  PC[26]               ; CLOCK      ; 9.738  ; 9.738  ; Rise       ; CLOCK           ;
;  PC[27]               ; CLOCK      ; 9.720  ; 9.720  ; Rise       ; CLOCK           ;
;  PC[28]               ; CLOCK      ; 9.764  ; 9.764  ; Rise       ; CLOCK           ;
;  PC[29]               ; CLOCK      ; 9.737  ; 9.737  ; Rise       ; CLOCK           ;
;  PC[30]               ; CLOCK      ; 10.029 ; 10.029 ; Rise       ; CLOCK           ;
;  PC[31]               ; CLOCK      ; 10.206 ; 10.206 ; Rise       ; CLOCK           ;
; C_BUS[*]              ; CLOCK      ; 29.792 ; 29.792 ; Fall       ; CLOCK           ;
;  C_BUS[0]             ; CLOCK      ; 18.137 ; 18.137 ; Fall       ; CLOCK           ;
;  C_BUS[1]             ; CLOCK      ; 17.208 ; 17.208 ; Fall       ; CLOCK           ;
;  C_BUS[2]             ; CLOCK      ; 18.127 ; 18.127 ; Fall       ; CLOCK           ;
;  C_BUS[3]             ; CLOCK      ; 18.645 ; 18.645 ; Fall       ; CLOCK           ;
;  C_BUS[4]             ; CLOCK      ; 18.756 ; 18.756 ; Fall       ; CLOCK           ;
;  C_BUS[5]             ; CLOCK      ; 18.908 ; 18.908 ; Fall       ; CLOCK           ;
;  C_BUS[6]             ; CLOCK      ; 19.226 ; 19.226 ; Fall       ; CLOCK           ;
;  C_BUS[7]             ; CLOCK      ; 20.123 ; 20.123 ; Fall       ; CLOCK           ;
;  C_BUS[8]             ; CLOCK      ; 20.180 ; 20.180 ; Fall       ; CLOCK           ;
;  C_BUS[9]             ; CLOCK      ; 21.362 ; 21.362 ; Fall       ; CLOCK           ;
;  C_BUS[10]            ; CLOCK      ; 21.040 ; 21.040 ; Fall       ; CLOCK           ;
;  C_BUS[11]            ; CLOCK      ; 21.779 ; 21.779 ; Fall       ; CLOCK           ;
;  C_BUS[12]            ; CLOCK      ; 21.570 ; 21.570 ; Fall       ; CLOCK           ;
;  C_BUS[13]            ; CLOCK      ; 21.887 ; 21.887 ; Fall       ; CLOCK           ;
;  C_BUS[14]            ; CLOCK      ; 22.849 ; 22.849 ; Fall       ; CLOCK           ;
;  C_BUS[15]            ; CLOCK      ; 24.023 ; 24.023 ; Fall       ; CLOCK           ;
;  C_BUS[16]            ; CLOCK      ; 23.927 ; 23.927 ; Fall       ; CLOCK           ;
;  C_BUS[17]            ; CLOCK      ; 23.451 ; 23.451 ; Fall       ; CLOCK           ;
;  C_BUS[18]            ; CLOCK      ; 23.891 ; 23.891 ; Fall       ; CLOCK           ;
;  C_BUS[19]            ; CLOCK      ; 24.187 ; 24.187 ; Fall       ; CLOCK           ;
;  C_BUS[20]            ; CLOCK      ; 25.051 ; 25.051 ; Fall       ; CLOCK           ;
;  C_BUS[21]            ; CLOCK      ; 26.406 ; 26.406 ; Fall       ; CLOCK           ;
;  C_BUS[22]            ; CLOCK      ; 25.582 ; 25.582 ; Fall       ; CLOCK           ;
;  C_BUS[23]            ; CLOCK      ; 26.523 ; 26.523 ; Fall       ; CLOCK           ;
;  C_BUS[24]            ; CLOCK      ; 27.080 ; 27.080 ; Fall       ; CLOCK           ;
;  C_BUS[25]            ; CLOCK      ; 27.638 ; 27.638 ; Fall       ; CLOCK           ;
;  C_BUS[26]            ; CLOCK      ; 27.644 ; 27.644 ; Fall       ; CLOCK           ;
;  C_BUS[27]            ; CLOCK      ; 28.643 ; 28.643 ; Fall       ; CLOCK           ;
;  C_BUS[28]            ; CLOCK      ; 28.680 ; 28.680 ; Fall       ; CLOCK           ;
;  C_BUS[29]            ; CLOCK      ; 29.792 ; 29.792 ; Fall       ; CLOCK           ;
;  C_BUS[30]            ; CLOCK      ; 29.524 ; 29.524 ; Fall       ; CLOCK           ;
;  C_BUS[31]            ; CLOCK      ; 29.698 ; 29.698 ; Fall       ; CLOCK           ;
; MIR[*]                ; CLOCK      ; 11.404 ; 11.404 ; Fall       ; CLOCK           ;
;  MIR[0]               ; CLOCK      ; 10.723 ; 10.723 ; Fall       ; CLOCK           ;
;  MIR[1]               ; CLOCK      ; 10.743 ; 10.743 ; Fall       ; CLOCK           ;
;  MIR[2]               ; CLOCK      ; 10.726 ; 10.726 ; Fall       ; CLOCK           ;
;  MIR[3]               ; CLOCK      ; 10.759 ; 10.759 ; Fall       ; CLOCK           ;
;  MIR[4]               ; CLOCK      ; 11.024 ; 11.024 ; Fall       ; CLOCK           ;
;  MIR[5]               ; CLOCK      ; 11.404 ; 11.404 ; Fall       ; CLOCK           ;
;  MIR[6]               ; CLOCK      ; 10.363 ; 10.363 ; Fall       ; CLOCK           ;
;  MIR[7]               ; CLOCK      ; 11.131 ; 11.131 ; Fall       ; CLOCK           ;
;  MIR[8]               ; CLOCK      ; 11.164 ; 11.164 ; Fall       ; CLOCK           ;
;  MIR[9]               ; CLOCK      ; 10.954 ; 10.954 ; Fall       ; CLOCK           ;
;  MIR[10]              ; CLOCK      ; 10.545 ; 10.545 ; Fall       ; CLOCK           ;
;  MIR[11]              ; CLOCK      ; 11.179 ; 11.179 ; Fall       ; CLOCK           ;
;  MIR[12]              ; CLOCK      ; 11.066 ; 11.066 ; Fall       ; CLOCK           ;
;  MIR[13]              ; CLOCK      ; 11.231 ; 11.231 ; Fall       ; CLOCK           ;
;  MIR[14]              ; CLOCK      ; 10.489 ; 10.489 ; Fall       ; CLOCK           ;
;  MIR[15]              ; CLOCK      ; 11.361 ; 11.361 ; Fall       ; CLOCK           ;
;  MIR[16]              ; CLOCK      ; 10.911 ; 10.911 ; Fall       ; CLOCK           ;
;  MIR[17]              ; CLOCK      ; 9.614  ; 9.614  ; Fall       ; CLOCK           ;
;  MIR[18]              ; CLOCK      ; 10.114 ; 10.114 ; Fall       ; CLOCK           ;
;  MIR[19]              ; CLOCK      ; 10.543 ; 10.543 ; Fall       ; CLOCK           ;
;  MIR[20]              ; CLOCK      ; 10.310 ; 10.310 ; Fall       ; CLOCK           ;
;  MIR[21]              ; CLOCK      ; 10.751 ; 10.751 ; Fall       ; CLOCK           ;
;  MIR[22]              ; CLOCK      ; 10.401 ; 10.401 ; Fall       ; CLOCK           ;
;  MIR[23]              ; CLOCK      ; 10.421 ; 10.421 ; Fall       ; CLOCK           ;
;  MIR[24]              ; CLOCK      ; 10.117 ; 10.117 ; Fall       ; CLOCK           ;
;  MIR[25]              ; CLOCK      ; 9.602  ; 9.602  ; Fall       ; CLOCK           ;
;  MIR[26]              ; CLOCK      ; 11.040 ; 11.040 ; Fall       ; CLOCK           ;
;  MIR[27]              ; CLOCK      ; 10.372 ; 10.372 ; Fall       ; CLOCK           ;
;  MIR[28]              ; CLOCK      ; 11.144 ; 11.144 ; Fall       ; CLOCK           ;
;  MIR[29]              ; CLOCK      ; 10.774 ; 10.774 ; Fall       ; CLOCK           ;
;  MIR[30]              ; CLOCK      ; 10.466 ; 10.466 ; Fall       ; CLOCK           ;
;  MIR[31]              ; CLOCK      ; 10.225 ; 10.225 ; Fall       ; CLOCK           ;
;  MIR[32]              ; CLOCK      ; 11.141 ; 11.141 ; Fall       ; CLOCK           ;
;  MIR[33]              ; CLOCK      ; 10.951 ; 10.951 ; Fall       ; CLOCK           ;
;  MIR[34]              ; CLOCK      ; 11.022 ; 11.022 ; Fall       ; CLOCK           ;
;  MIR[35]              ; CLOCK      ; 10.225 ; 10.225 ; Fall       ; CLOCK           ;
; MPC[*]                ; CLOCK      ; 11.716 ; 11.716 ; Fall       ; CLOCK           ;
;  MPC[0]               ; CLOCK      ; 11.716 ; 11.716 ; Fall       ; CLOCK           ;
;  MPC[1]               ; CLOCK      ; 11.439 ; 11.439 ; Fall       ; CLOCK           ;
;  MPC[2]               ; CLOCK      ; 11.198 ; 11.198 ; Fall       ; CLOCK           ;
;  MPC[3]               ; CLOCK      ; 11.432 ; 11.432 ; Fall       ; CLOCK           ;
;  MPC[4]               ; CLOCK      ; 11.512 ; 11.512 ; Fall       ; CLOCK           ;
;  MPC[5]               ; CLOCK      ; 11.586 ; 11.586 ; Fall       ; CLOCK           ;
;  MPC[6]               ; CLOCK      ; 11.357 ; 11.357 ; Fall       ; CLOCK           ;
;  MPC[7]               ; CLOCK      ; 11.667 ; 11.667 ; Fall       ; CLOCK           ;
;  MPC[8]               ; CLOCK      ; 11.469 ; 11.469 ; Fall       ; CLOCK           ;
+-----------------------+------------+--------+--------+------------+-----------------+


+-------------------------------------------------------------------------------------+
; Minimum Clock to Output Times                                                       ;
+-----------------------+------------+--------+--------+------------+-----------------+
; Data Port             ; Clock Port ; Rise   ; Fall   ; Clock Edge ; Clock Reference ;
+-----------------------+------------+--------+--------+------------+-----------------+
; C_BUS[*]              ; CLOCK      ; 10.202 ; 10.202 ; Rise       ; CLOCK           ;
;  C_BUS[0]             ; CLOCK      ; 11.583 ; 11.583 ; Rise       ; CLOCK           ;
;  C_BUS[1]             ; CLOCK      ; 10.549 ; 10.549 ; Rise       ; CLOCK           ;
;  C_BUS[2]             ; CLOCK      ; 10.623 ; 10.623 ; Rise       ; CLOCK           ;
;  C_BUS[3]             ; CLOCK      ; 10.998 ; 10.998 ; Rise       ; CLOCK           ;
;  C_BUS[4]             ; CLOCK      ; 10.202 ; 10.202 ; Rise       ; CLOCK           ;
;  C_BUS[5]             ; CLOCK      ; 11.179 ; 11.179 ; Rise       ; CLOCK           ;
;  C_BUS[6]             ; CLOCK      ; 11.138 ; 11.138 ; Rise       ; CLOCK           ;
;  C_BUS[7]             ; CLOCK      ; 11.549 ; 11.549 ; Rise       ; CLOCK           ;
;  C_BUS[8]             ; CLOCK      ; 12.513 ; 12.513 ; Rise       ; CLOCK           ;
;  C_BUS[9]             ; CLOCK      ; 12.485 ; 12.485 ; Rise       ; CLOCK           ;
;  C_BUS[10]            ; CLOCK      ; 10.923 ; 10.923 ; Rise       ; CLOCK           ;
;  C_BUS[11]            ; CLOCK      ; 12.593 ; 12.593 ; Rise       ; CLOCK           ;
;  C_BUS[12]            ; CLOCK      ; 11.745 ; 11.745 ; Rise       ; CLOCK           ;
;  C_BUS[13]            ; CLOCK      ; 11.251 ; 11.251 ; Rise       ; CLOCK           ;
;  C_BUS[14]            ; CLOCK      ; 11.846 ; 11.846 ; Rise       ; CLOCK           ;
;  C_BUS[15]            ; CLOCK      ; 12.700 ; 12.700 ; Rise       ; CLOCK           ;
;  C_BUS[16]            ; CLOCK      ; 13.109 ; 13.109 ; Rise       ; CLOCK           ;
;  C_BUS[17]            ; CLOCK      ; 11.859 ; 11.859 ; Rise       ; CLOCK           ;
;  C_BUS[18]            ; CLOCK      ; 11.822 ; 11.822 ; Rise       ; CLOCK           ;
;  C_BUS[19]            ; CLOCK      ; 11.881 ; 11.881 ; Rise       ; CLOCK           ;
;  C_BUS[20]            ; CLOCK      ; 12.484 ; 12.484 ; Rise       ; CLOCK           ;
;  C_BUS[21]            ; CLOCK      ; 11.847 ; 11.847 ; Rise       ; CLOCK           ;
;  C_BUS[22]            ; CLOCK      ; 12.052 ; 12.052 ; Rise       ; CLOCK           ;
;  C_BUS[23]            ; CLOCK      ; 12.843 ; 12.843 ; Rise       ; CLOCK           ;
;  C_BUS[24]            ; CLOCK      ; 12.291 ; 12.291 ; Rise       ; CLOCK           ;
;  C_BUS[25]            ; CLOCK      ; 11.742 ; 11.742 ; Rise       ; CLOCK           ;
;  C_BUS[26]            ; CLOCK      ; 12.103 ; 12.103 ; Rise       ; CLOCK           ;
;  C_BUS[27]            ; CLOCK      ; 12.488 ; 12.488 ; Rise       ; CLOCK           ;
;  C_BUS[28]            ; CLOCK      ; 12.321 ; 12.321 ; Rise       ; CLOCK           ;
;  C_BUS[29]            ; CLOCK      ; 12.192 ; 12.192 ; Rise       ; CLOCK           ;
;  C_BUS[30]            ; CLOCK      ; 11.666 ; 11.666 ; Rise       ; CLOCK           ;
;  C_BUS[31]            ; CLOCK      ; 11.840 ; 11.840 ; Rise       ; CLOCK           ;
; DATA_MEM_ADDR[*]      ; CLOCK      ; 8.712  ; 8.712  ; Rise       ; CLOCK           ;
;  DATA_MEM_ADDR[0]     ; CLOCK      ; 9.800  ; 9.800  ; Rise       ; CLOCK           ;
;  DATA_MEM_ADDR[1]     ; CLOCK      ; 9.120  ; 9.120  ; Rise       ; CLOCK           ;
;  DATA_MEM_ADDR[2]     ; CLOCK      ; 9.452  ; 9.452  ; Rise       ; CLOCK           ;
;  DATA_MEM_ADDR[3]     ; CLOCK      ; 9.442  ; 9.442  ; Rise       ; CLOCK           ;
;  DATA_MEM_ADDR[4]     ; CLOCK      ; 9.248  ; 9.248  ; Rise       ; CLOCK           ;
;  DATA_MEM_ADDR[5]     ; CLOCK      ; 9.080  ; 9.080  ; Rise       ; CLOCK           ;
;  DATA_MEM_ADDR[6]     ; CLOCK      ; 9.853  ; 9.853  ; Rise       ; CLOCK           ;
;  DATA_MEM_ADDR[7]     ; CLOCK      ; 9.318  ; 9.318  ; Rise       ; CLOCK           ;
;  DATA_MEM_ADDR[8]     ; CLOCK      ; 9.864  ; 9.864  ; Rise       ; CLOCK           ;
;  DATA_MEM_ADDR[9]     ; CLOCK      ; 9.320  ; 9.320  ; Rise       ; CLOCK           ;
;  DATA_MEM_ADDR[10]    ; CLOCK      ; 9.031  ; 9.031  ; Rise       ; CLOCK           ;
;  DATA_MEM_ADDR[11]    ; CLOCK      ; 8.882  ; 8.882  ; Rise       ; CLOCK           ;
;  DATA_MEM_ADDR[12]    ; CLOCK      ; 9.885  ; 9.885  ; Rise       ; CLOCK           ;
;  DATA_MEM_ADDR[13]    ; CLOCK      ; 8.712  ; 8.712  ; Rise       ; CLOCK           ;
;  DATA_MEM_ADDR[14]    ; CLOCK      ; 9.762  ; 9.762  ; Rise       ; CLOCK           ;
;  DATA_MEM_ADDR[15]    ; CLOCK      ; 9.166  ; 9.166  ; Rise       ; CLOCK           ;
;  DATA_MEM_ADDR[16]    ; CLOCK      ; 9.176  ; 9.176  ; Rise       ; CLOCK           ;
;  DATA_MEM_ADDR[17]    ; CLOCK      ; 10.311 ; 10.311 ; Rise       ; CLOCK           ;
;  DATA_MEM_ADDR[18]    ; CLOCK      ; 9.451  ; 9.451  ; Rise       ; CLOCK           ;
;  DATA_MEM_ADDR[19]    ; CLOCK      ; 9.624  ; 9.624  ; Rise       ; CLOCK           ;
;  DATA_MEM_ADDR[20]    ; CLOCK      ; 10.073 ; 10.073 ; Rise       ; CLOCK           ;
;  DATA_MEM_ADDR[21]    ; CLOCK      ; 10.425 ; 10.425 ; Rise       ; CLOCK           ;
;  DATA_MEM_ADDR[22]    ; CLOCK      ; 10.014 ; 10.014 ; Rise       ; CLOCK           ;
;  DATA_MEM_ADDR[23]    ; CLOCK      ; 9.699  ; 9.699  ; Rise       ; CLOCK           ;
;  DATA_MEM_ADDR[24]    ; CLOCK      ; 9.678  ; 9.678  ; Rise       ; CLOCK           ;
;  DATA_MEM_ADDR[25]    ; CLOCK      ; 10.362 ; 10.362 ; Rise       ; CLOCK           ;
;  DATA_MEM_ADDR[26]    ; CLOCK      ; 11.084 ; 11.084 ; Rise       ; CLOCK           ;
;  DATA_MEM_ADDR[27]    ; CLOCK      ; 10.538 ; 10.538 ; Rise       ; CLOCK           ;
;  DATA_MEM_ADDR[28]    ; CLOCK      ; 9.621  ; 9.621  ; Rise       ; CLOCK           ;
;  DATA_MEM_ADDR[29]    ; CLOCK      ; 10.404 ; 10.404 ; Rise       ; CLOCK           ;
;  DATA_MEM_ADDR[30]    ; CLOCK      ; 10.523 ; 10.523 ; Rise       ; CLOCK           ;
;  DATA_MEM_ADDR[31]    ; CLOCK      ; 10.459 ; 10.459 ; Rise       ; CLOCK           ;
; DATA_MEM_OUT[*]       ; CLOCK      ; 10.013 ; 10.013 ; Rise       ; CLOCK           ;
;  DATA_MEM_OUT[0]      ; CLOCK      ; 10.107 ; 10.107 ; Rise       ; CLOCK           ;
;  DATA_MEM_OUT[1]      ; CLOCK      ; 10.222 ; 10.222 ; Rise       ; CLOCK           ;
;  DATA_MEM_OUT[2]      ; CLOCK      ; 10.465 ; 10.465 ; Rise       ; CLOCK           ;
;  DATA_MEM_OUT[3]      ; CLOCK      ; 10.060 ; 10.060 ; Rise       ; CLOCK           ;
;  DATA_MEM_OUT[4]      ; CLOCK      ; 10.794 ; 10.794 ; Rise       ; CLOCK           ;
;  DATA_MEM_OUT[5]      ; CLOCK      ; 10.205 ; 10.205 ; Rise       ; CLOCK           ;
;  DATA_MEM_OUT[6]      ; CLOCK      ; 10.359 ; 10.359 ; Rise       ; CLOCK           ;
;  DATA_MEM_OUT[7]      ; CLOCK      ; 10.154 ; 10.154 ; Rise       ; CLOCK           ;
;  DATA_MEM_OUT[8]      ; CLOCK      ; 10.013 ; 10.013 ; Rise       ; CLOCK           ;
;  DATA_MEM_OUT[9]      ; CLOCK      ; 11.324 ; 11.324 ; Rise       ; CLOCK           ;
;  DATA_MEM_OUT[10]     ; CLOCK      ; 11.013 ; 11.013 ; Rise       ; CLOCK           ;
;  DATA_MEM_OUT[11]     ; CLOCK      ; 11.199 ; 11.199 ; Rise       ; CLOCK           ;
;  DATA_MEM_OUT[12]     ; CLOCK      ; 10.578 ; 10.578 ; Rise       ; CLOCK           ;
;  DATA_MEM_OUT[13]     ; CLOCK      ; 10.338 ; 10.338 ; Rise       ; CLOCK           ;
;  DATA_MEM_OUT[14]     ; CLOCK      ; 10.806 ; 10.806 ; Rise       ; CLOCK           ;
;  DATA_MEM_OUT[15]     ; CLOCK      ; 10.518 ; 10.518 ; Rise       ; CLOCK           ;
;  DATA_MEM_OUT[16]     ; CLOCK      ; 10.118 ; 10.118 ; Rise       ; CLOCK           ;
;  DATA_MEM_OUT[17]     ; CLOCK      ; 10.078 ; 10.078 ; Rise       ; CLOCK           ;
;  DATA_MEM_OUT[18]     ; CLOCK      ; 10.520 ; 10.520 ; Rise       ; CLOCK           ;
;  DATA_MEM_OUT[19]     ; CLOCK      ; 10.859 ; 10.859 ; Rise       ; CLOCK           ;
;  DATA_MEM_OUT[20]     ; CLOCK      ; 10.759 ; 10.759 ; Rise       ; CLOCK           ;
;  DATA_MEM_OUT[21]     ; CLOCK      ; 10.805 ; 10.805 ; Rise       ; CLOCK           ;
;  DATA_MEM_OUT[22]     ; CLOCK      ; 10.052 ; 10.052 ; Rise       ; CLOCK           ;
;  DATA_MEM_OUT[23]     ; CLOCK      ; 11.584 ; 11.584 ; Rise       ; CLOCK           ;
;  DATA_MEM_OUT[24]     ; CLOCK      ; 10.321 ; 10.321 ; Rise       ; CLOCK           ;
;  DATA_MEM_OUT[25]     ; CLOCK      ; 10.803 ; 10.803 ; Rise       ; CLOCK           ;
;  DATA_MEM_OUT[26]     ; CLOCK      ; 10.407 ; 10.407 ; Rise       ; CLOCK           ;
;  DATA_MEM_OUT[27]     ; CLOCK      ; 11.052 ; 11.052 ; Rise       ; CLOCK           ;
;  DATA_MEM_OUT[28]     ; CLOCK      ; 10.356 ; 10.356 ; Rise       ; CLOCK           ;
;  DATA_MEM_OUT[29]     ; CLOCK      ; 10.247 ; 10.247 ; Rise       ; CLOCK           ;
;  DATA_MEM_OUT[30]     ; CLOCK      ; 10.930 ; 10.930 ; Rise       ; CLOCK           ;
;  DATA_MEM_OUT[31]     ; CLOCK      ; 10.383 ; 10.383 ; Rise       ; CLOCK           ;
; DATA_MEM_write_enable ; CLOCK      ; 7.235  ; 7.235  ; Rise       ; CLOCK           ;
; MBR_OUT[*]            ; CLOCK      ; 8.173  ; 8.173  ; Rise       ; CLOCK           ;
;  MBR_OUT[0]           ; CLOCK      ; 8.720  ; 8.720  ; Rise       ; CLOCK           ;
;  MBR_OUT[1]           ; CLOCK      ; 9.832  ; 9.832  ; Rise       ; CLOCK           ;
;  MBR_OUT[2]           ; CLOCK      ; 9.017  ; 9.017  ; Rise       ; CLOCK           ;
;  MBR_OUT[3]           ; CLOCK      ; 8.916  ; 8.916  ; Rise       ; CLOCK           ;
;  MBR_OUT[4]           ; CLOCK      ; 8.861  ; 8.861  ; Rise       ; CLOCK           ;
;  MBR_OUT[5]           ; CLOCK      ; 9.640  ; 9.640  ; Rise       ; CLOCK           ;
;  MBR_OUT[6]           ; CLOCK      ; 8.173  ; 8.173  ; Rise       ; CLOCK           ;
;  MBR_OUT[7]           ; CLOCK      ; 9.355  ; 9.355  ; Rise       ; CLOCK           ;
; MPC[*]                ; CLOCK      ; 7.293  ; 7.293  ; Rise       ; CLOCK           ;
;  MPC[0]               ; CLOCK      ; 7.584  ; 7.584  ; Rise       ; CLOCK           ;
;  MPC[1]               ; CLOCK      ; 7.293  ; 7.293  ; Rise       ; CLOCK           ;
;  MPC[2]               ; CLOCK      ; 7.334  ; 7.334  ; Rise       ; CLOCK           ;
;  MPC[3]               ; CLOCK      ; 7.560  ; 7.560  ; Rise       ; CLOCK           ;
;  MPC[4]               ; CLOCK      ; 7.504  ; 7.504  ; Rise       ; CLOCK           ;
;  MPC[5]               ; CLOCK      ; 7.724  ; 7.724  ; Rise       ; CLOCK           ;
;  MPC[6]               ; CLOCK      ; 7.496  ; 7.496  ; Rise       ; CLOCK           ;
;  MPC[7]               ; CLOCK      ; 7.798  ; 7.798  ; Rise       ; CLOCK           ;
;  MPC[8]               ; CLOCK      ; 9.427  ; 9.427  ; Rise       ; CLOCK           ;
; PC[*]                 ; CLOCK      ; 9.390  ; 9.390  ; Rise       ; CLOCK           ;
;  PC[0]                ; CLOCK      ; 9.422  ; 9.422  ; Rise       ; CLOCK           ;
;  PC[1]                ; CLOCK      ; 9.887  ; 9.887  ; Rise       ; CLOCK           ;
;  PC[2]                ; CLOCK      ; 10.040 ; 10.040 ; Rise       ; CLOCK           ;
;  PC[3]                ; CLOCK      ; 9.533  ; 9.533  ; Rise       ; CLOCK           ;
;  PC[4]                ; CLOCK      ; 9.427  ; 9.427  ; Rise       ; CLOCK           ;
;  PC[5]                ; CLOCK      ; 9.903  ; 9.903  ; Rise       ; CLOCK           ;
;  PC[6]                ; CLOCK      ; 9.778  ; 9.778  ; Rise       ; CLOCK           ;
;  PC[7]                ; CLOCK      ; 10.014 ; 10.014 ; Rise       ; CLOCK           ;
;  PC[8]                ; CLOCK      ; 10.308 ; 10.308 ; Rise       ; CLOCK           ;
;  PC[9]                ; CLOCK      ; 9.390  ; 9.390  ; Rise       ; CLOCK           ;
;  PC[10]               ; CLOCK      ; 9.956  ; 9.956  ; Rise       ; CLOCK           ;
;  PC[11]               ; CLOCK      ; 10.251 ; 10.251 ; Rise       ; CLOCK           ;
;  PC[12]               ; CLOCK      ; 10.965 ; 10.965 ; Rise       ; CLOCK           ;
;  PC[13]               ; CLOCK      ; 9.718  ; 9.718  ; Rise       ; CLOCK           ;
;  PC[14]               ; CLOCK      ; 9.950  ; 9.950  ; Rise       ; CLOCK           ;
;  PC[15]               ; CLOCK      ; 10.221 ; 10.221 ; Rise       ; CLOCK           ;
;  PC[16]               ; CLOCK      ; 9.985  ; 9.985  ; Rise       ; CLOCK           ;
;  PC[17]               ; CLOCK      ; 9.707  ; 9.707  ; Rise       ; CLOCK           ;
;  PC[18]               ; CLOCK      ; 9.736  ; 9.736  ; Rise       ; CLOCK           ;
;  PC[19]               ; CLOCK      ; 9.699  ; 9.699  ; Rise       ; CLOCK           ;
;  PC[20]               ; CLOCK      ; 9.798  ; 9.798  ; Rise       ; CLOCK           ;
;  PC[21]               ; CLOCK      ; 9.864  ; 9.864  ; Rise       ; CLOCK           ;
;  PC[22]               ; CLOCK      ; 9.824  ; 9.824  ; Rise       ; CLOCK           ;
;  PC[23]               ; CLOCK      ; 9.983  ; 9.983  ; Rise       ; CLOCK           ;
;  PC[24]               ; CLOCK      ; 9.845  ; 9.845  ; Rise       ; CLOCK           ;
;  PC[25]               ; CLOCK      ; 9.885  ; 9.885  ; Rise       ; CLOCK           ;
;  PC[26]               ; CLOCK      ; 9.738  ; 9.738  ; Rise       ; CLOCK           ;
;  PC[27]               ; CLOCK      ; 9.720  ; 9.720  ; Rise       ; CLOCK           ;
;  PC[28]               ; CLOCK      ; 9.764  ; 9.764  ; Rise       ; CLOCK           ;
;  PC[29]               ; CLOCK      ; 9.737  ; 9.737  ; Rise       ; CLOCK           ;
;  PC[30]               ; CLOCK      ; 10.029 ; 10.029 ; Rise       ; CLOCK           ;
;  PC[31]               ; CLOCK      ; 10.206 ; 10.206 ; Rise       ; CLOCK           ;
; C_BUS[*]              ; CLOCK      ; 11.710 ; 11.710 ; Fall       ; CLOCK           ;
;  C_BUS[0]             ; CLOCK      ; 11.710 ; 11.710 ; Fall       ; CLOCK           ;
;  C_BUS[1]             ; CLOCK      ; 11.868 ; 11.868 ; Fall       ; CLOCK           ;
;  C_BUS[2]             ; CLOCK      ; 11.966 ; 11.966 ; Fall       ; CLOCK           ;
;  C_BUS[3]             ; CLOCK      ; 12.769 ; 12.769 ; Fall       ; CLOCK           ;
;  C_BUS[4]             ; CLOCK      ; 11.964 ; 11.964 ; Fall       ; CLOCK           ;
;  C_BUS[5]             ; CLOCK      ; 11.906 ; 11.906 ; Fall       ; CLOCK           ;
;  C_BUS[6]             ; CLOCK      ; 12.158 ; 12.158 ; Fall       ; CLOCK           ;
;  C_BUS[7]             ; CLOCK      ; 12.072 ; 12.072 ; Fall       ; CLOCK           ;
;  C_BUS[8]             ; CLOCK      ; 12.933 ; 12.933 ; Fall       ; CLOCK           ;
;  C_BUS[9]             ; CLOCK      ; 12.971 ; 12.971 ; Fall       ; CLOCK           ;
;  C_BUS[10]            ; CLOCK      ; 12.037 ; 12.037 ; Fall       ; CLOCK           ;
;  C_BUS[11]            ; CLOCK      ; 13.128 ; 13.128 ; Fall       ; CLOCK           ;
;  C_BUS[12]            ; CLOCK      ; 12.656 ; 12.656 ; Fall       ; CLOCK           ;
;  C_BUS[13]            ; CLOCK      ; 12.557 ; 12.557 ; Fall       ; CLOCK           ;
;  C_BUS[14]            ; CLOCK      ; 12.656 ; 12.656 ; Fall       ; CLOCK           ;
;  C_BUS[15]            ; CLOCK      ; 12.855 ; 12.855 ; Fall       ; CLOCK           ;
;  C_BUS[16]            ; CLOCK      ; 13.031 ; 13.031 ; Fall       ; CLOCK           ;
;  C_BUS[17]            ; CLOCK      ; 12.558 ; 12.558 ; Fall       ; CLOCK           ;
;  C_BUS[18]            ; CLOCK      ; 12.586 ; 12.586 ; Fall       ; CLOCK           ;
;  C_BUS[19]            ; CLOCK      ; 12.253 ; 12.253 ; Fall       ; CLOCK           ;
;  C_BUS[20]            ; CLOCK      ; 12.606 ; 12.606 ; Fall       ; CLOCK           ;
;  C_BUS[21]            ; CLOCK      ; 12.513 ; 12.513 ; Fall       ; CLOCK           ;
;  C_BUS[22]            ; CLOCK      ; 12.024 ; 12.024 ; Fall       ; CLOCK           ;
;  C_BUS[23]            ; CLOCK      ; 12.339 ; 12.339 ; Fall       ; CLOCK           ;
;  C_BUS[24]            ; CLOCK      ; 12.604 ; 12.604 ; Fall       ; CLOCK           ;
;  C_BUS[25]            ; CLOCK      ; 12.449 ; 12.449 ; Fall       ; CLOCK           ;
;  C_BUS[26]            ; CLOCK      ; 12.088 ; 12.088 ; Fall       ; CLOCK           ;
;  C_BUS[27]            ; CLOCK      ; 12.105 ; 12.105 ; Fall       ; CLOCK           ;
;  C_BUS[28]            ; CLOCK      ; 11.788 ; 11.788 ; Fall       ; CLOCK           ;
;  C_BUS[29]            ; CLOCK      ; 12.423 ; 12.423 ; Fall       ; CLOCK           ;
;  C_BUS[30]            ; CLOCK      ; 11.892 ; 11.892 ; Fall       ; CLOCK           ;
;  C_BUS[31]            ; CLOCK      ; 12.834 ; 12.834 ; Fall       ; CLOCK           ;
; MIR[*]                ; CLOCK      ; 9.602  ; 9.602  ; Fall       ; CLOCK           ;
;  MIR[0]               ; CLOCK      ; 10.723 ; 10.723 ; Fall       ; CLOCK           ;
;  MIR[1]               ; CLOCK      ; 10.743 ; 10.743 ; Fall       ; CLOCK           ;
;  MIR[2]               ; CLOCK      ; 10.726 ; 10.726 ; Fall       ; CLOCK           ;
;  MIR[3]               ; CLOCK      ; 10.759 ; 10.759 ; Fall       ; CLOCK           ;
;  MIR[4]               ; CLOCK      ; 11.024 ; 11.024 ; Fall       ; CLOCK           ;
;  MIR[5]               ; CLOCK      ; 11.404 ; 11.404 ; Fall       ; CLOCK           ;
;  MIR[6]               ; CLOCK      ; 10.363 ; 10.363 ; Fall       ; CLOCK           ;
;  MIR[7]               ; CLOCK      ; 11.131 ; 11.131 ; Fall       ; CLOCK           ;
;  MIR[8]               ; CLOCK      ; 11.164 ; 11.164 ; Fall       ; CLOCK           ;
;  MIR[9]               ; CLOCK      ; 10.954 ; 10.954 ; Fall       ; CLOCK           ;
;  MIR[10]              ; CLOCK      ; 10.545 ; 10.545 ; Fall       ; CLOCK           ;
;  MIR[11]              ; CLOCK      ; 11.179 ; 11.179 ; Fall       ; CLOCK           ;
;  MIR[12]              ; CLOCK      ; 11.066 ; 11.066 ; Fall       ; CLOCK           ;
;  MIR[13]              ; CLOCK      ; 11.231 ; 11.231 ; Fall       ; CLOCK           ;
;  MIR[14]              ; CLOCK      ; 10.489 ; 10.489 ; Fall       ; CLOCK           ;
;  MIR[15]              ; CLOCK      ; 11.361 ; 11.361 ; Fall       ; CLOCK           ;
;  MIR[16]              ; CLOCK      ; 10.911 ; 10.911 ; Fall       ; CLOCK           ;
;  MIR[17]              ; CLOCK      ; 9.614  ; 9.614  ; Fall       ; CLOCK           ;
;  MIR[18]              ; CLOCK      ; 10.114 ; 10.114 ; Fall       ; CLOCK           ;
;  MIR[19]              ; CLOCK      ; 10.543 ; 10.543 ; Fall       ; CLOCK           ;
;  MIR[20]              ; CLOCK      ; 10.310 ; 10.310 ; Fall       ; CLOCK           ;
;  MIR[21]              ; CLOCK      ; 10.751 ; 10.751 ; Fall       ; CLOCK           ;
;  MIR[22]              ; CLOCK      ; 10.401 ; 10.401 ; Fall       ; CLOCK           ;
;  MIR[23]              ; CLOCK      ; 10.421 ; 10.421 ; Fall       ; CLOCK           ;
;  MIR[24]              ; CLOCK      ; 10.117 ; 10.117 ; Fall       ; CLOCK           ;
;  MIR[25]              ; CLOCK      ; 9.602  ; 9.602  ; Fall       ; CLOCK           ;
;  MIR[26]              ; CLOCK      ; 11.040 ; 11.040 ; Fall       ; CLOCK           ;
;  MIR[27]              ; CLOCK      ; 10.372 ; 10.372 ; Fall       ; CLOCK           ;
;  MIR[28]              ; CLOCK      ; 11.144 ; 11.144 ; Fall       ; CLOCK           ;
;  MIR[29]              ; CLOCK      ; 10.774 ; 10.774 ; Fall       ; CLOCK           ;
;  MIR[30]              ; CLOCK      ; 10.466 ; 10.466 ; Fall       ; CLOCK           ;
;  MIR[31]              ; CLOCK      ; 10.225 ; 10.225 ; Fall       ; CLOCK           ;
;  MIR[32]              ; CLOCK      ; 11.141 ; 11.141 ; Fall       ; CLOCK           ;
;  MIR[33]              ; CLOCK      ; 10.951 ; 10.951 ; Fall       ; CLOCK           ;
;  MIR[34]              ; CLOCK      ; 11.022 ; 11.022 ; Fall       ; CLOCK           ;
;  MIR[35]              ; CLOCK      ; 10.225 ; 10.225 ; Fall       ; CLOCK           ;
; MPC[*]                ; CLOCK      ; 11.181 ; 11.181 ; Fall       ; CLOCK           ;
;  MPC[0]               ; CLOCK      ; 11.424 ; 11.424 ; Fall       ; CLOCK           ;
;  MPC[1]               ; CLOCK      ; 11.419 ; 11.419 ; Fall       ; CLOCK           ;
;  MPC[2]               ; CLOCK      ; 11.182 ; 11.182 ; Fall       ; CLOCK           ;
;  MPC[3]               ; CLOCK      ; 11.345 ; 11.345 ; Fall       ; CLOCK           ;
;  MPC[4]               ; CLOCK      ; 11.375 ; 11.375 ; Fall       ; CLOCK           ;
;  MPC[5]               ; CLOCK      ; 11.509 ; 11.509 ; Fall       ; CLOCK           ;
;  MPC[6]               ; CLOCK      ; 11.289 ; 11.289 ; Fall       ; CLOCK           ;
;  MPC[7]               ; CLOCK      ; 11.592 ; 11.592 ; Fall       ; CLOCK           ;
;  MPC[8]               ; CLOCK      ; 11.181 ; 11.181 ; Fall       ; CLOCK           ;
+-----------------------+------------+--------+--------+------------+-----------------+


+---------------------------------+
; Fast Model Setup Summary        ;
+-------+---------+---------------+
; Clock ; Slack   ; End Point TNS ;
+-------+---------+---------------+
; CLOCK ; -10.616 ; -2416.397     ;
+-------+---------+---------------+


+--------------------------------+
; Fast Model Hold Summary        ;
+-------+--------+---------------+
; Clock ; Slack  ; End Point TNS ;
+-------+--------+---------------+
; CLOCK ; -0.753 ; -11.805       ;
+-------+--------+---------------+


-------------------------------
; Fast Model Recovery Summary ;
-------------------------------
No paths to report.


------------------------------
; Fast Model Removal Summary ;
------------------------------
No paths to report.


+----------------------------------------+
; Fast Model Minimum Pulse Width Summary ;
+-------+--------+-----------------------+
; Clock ; Slack  ; End Point TNS         ;
+-------+--------+-----------------------+
; CLOCK ; -2.000 ; -1476.836             ;
+-------+--------+-----------------------+


+-----------------------------------------------------------------------------------------------------------------------------------------------------------------------------------------------------------------------------------------------------------------------------------------------------------------------------------+
; Fast Model Setup: 'CLOCK'                                                                                                                                                                                                                                                                                                         ;
+---------+----------------------------------------------------------------------------------------------------------------------------------------------------+----------------------------------------------------------------------------------------------+--------------+-------------+--------------+------------+------------+
; Slack   ; From Node                                                                                                                                          ; To Node                                                                                      ; Launch Clock ; Latch Clock ; Relationship ; Clock Skew ; Data Delay ;
+---------+----------------------------------------------------------------------------------------------------------------------------------------------------+----------------------------------------------------------------------------------------------+--------------+-------------+--------------+------------+------------+
; -10.616 ; CPU:inst1|CONTROL_UNIT:inst|mc_compiler:inst123132|altsyncram:altsyncram_component|altsyncram_c881:auto_generated|ram_block1a0~porta_address_reg0  ; CPU:inst1|CONTROL_UNIT:inst|mpc_generator:inst1|inst1                                        ; CLOCK        ; CLOCK       ; 0.500        ; -0.061     ; 11.087     ;
; -10.616 ; CPU:inst1|CONTROL_UNIT:inst|mc_compiler:inst123132|altsyncram:altsyncram_component|altsyncram_c881:auto_generated|ram_block1a0~porta_address_reg1  ; CPU:inst1|CONTROL_UNIT:inst|mpc_generator:inst1|inst1                                        ; CLOCK        ; CLOCK       ; 0.500        ; -0.061     ; 11.087     ;
; -10.616 ; CPU:inst1|CONTROL_UNIT:inst|mc_compiler:inst123132|altsyncram:altsyncram_component|altsyncram_c881:auto_generated|ram_block1a0~porta_address_reg2  ; CPU:inst1|CONTROL_UNIT:inst|mpc_generator:inst1|inst1                                        ; CLOCK        ; CLOCK       ; 0.500        ; -0.061     ; 11.087     ;
; -10.616 ; CPU:inst1|CONTROL_UNIT:inst|mc_compiler:inst123132|altsyncram:altsyncram_component|altsyncram_c881:auto_generated|ram_block1a0~porta_address_reg3  ; CPU:inst1|CONTROL_UNIT:inst|mpc_generator:inst1|inst1                                        ; CLOCK        ; CLOCK       ; 0.500        ; -0.061     ; 11.087     ;
; -10.616 ; CPU:inst1|CONTROL_UNIT:inst|mc_compiler:inst123132|altsyncram:altsyncram_component|altsyncram_c881:auto_generated|ram_block1a0~porta_address_reg4  ; CPU:inst1|CONTROL_UNIT:inst|mpc_generator:inst1|inst1                                        ; CLOCK        ; CLOCK       ; 0.500        ; -0.061     ; 11.087     ;
; -10.616 ; CPU:inst1|CONTROL_UNIT:inst|mc_compiler:inst123132|altsyncram:altsyncram_component|altsyncram_c881:auto_generated|ram_block1a0~porta_address_reg5  ; CPU:inst1|CONTROL_UNIT:inst|mpc_generator:inst1|inst1                                        ; CLOCK        ; CLOCK       ; 0.500        ; -0.061     ; 11.087     ;
; -10.616 ; CPU:inst1|CONTROL_UNIT:inst|mc_compiler:inst123132|altsyncram:altsyncram_component|altsyncram_c881:auto_generated|ram_block1a0~porta_address_reg6  ; CPU:inst1|CONTROL_UNIT:inst|mpc_generator:inst1|inst1                                        ; CLOCK        ; CLOCK       ; 0.500        ; -0.061     ; 11.087     ;
; -10.616 ; CPU:inst1|CONTROL_UNIT:inst|mc_compiler:inst123132|altsyncram:altsyncram_component|altsyncram_c881:auto_generated|ram_block1a0~porta_address_reg7  ; CPU:inst1|CONTROL_UNIT:inst|mpc_generator:inst1|inst1                                        ; CLOCK        ; CLOCK       ; 0.500        ; -0.061     ; 11.087     ;
; -10.616 ; CPU:inst1|CONTROL_UNIT:inst|mc_compiler:inst123132|altsyncram:altsyncram_component|altsyncram_c881:auto_generated|ram_block1a0~porta_address_reg8  ; CPU:inst1|CONTROL_UNIT:inst|mpc_generator:inst1|inst1                                        ; CLOCK        ; CLOCK       ; 0.500        ; -0.061     ; 11.087     ;
; -9.889  ; CPU:inst1|CONTROL_UNIT:inst|mc_compiler:inst123132|altsyncram:altsyncram_component|altsyncram_c881:auto_generated|ram_block1a0~porta_address_reg0  ; CPU:inst1|CONTROL_UNIT:inst|mpc_generator:inst1|inst                                         ; CLOCK        ; CLOCK       ; 0.500        ; -0.061     ; 10.360     ;
; -9.889  ; CPU:inst1|CONTROL_UNIT:inst|mc_compiler:inst123132|altsyncram:altsyncram_component|altsyncram_c881:auto_generated|ram_block1a0~porta_address_reg1  ; CPU:inst1|CONTROL_UNIT:inst|mpc_generator:inst1|inst                                         ; CLOCK        ; CLOCK       ; 0.500        ; -0.061     ; 10.360     ;
; -9.889  ; CPU:inst1|CONTROL_UNIT:inst|mc_compiler:inst123132|altsyncram:altsyncram_component|altsyncram_c881:auto_generated|ram_block1a0~porta_address_reg2  ; CPU:inst1|CONTROL_UNIT:inst|mpc_generator:inst1|inst                                         ; CLOCK        ; CLOCK       ; 0.500        ; -0.061     ; 10.360     ;
; -9.889  ; CPU:inst1|CONTROL_UNIT:inst|mc_compiler:inst123132|altsyncram:altsyncram_component|altsyncram_c881:auto_generated|ram_block1a0~porta_address_reg3  ; CPU:inst1|CONTROL_UNIT:inst|mpc_generator:inst1|inst                                         ; CLOCK        ; CLOCK       ; 0.500        ; -0.061     ; 10.360     ;
; -9.889  ; CPU:inst1|CONTROL_UNIT:inst|mc_compiler:inst123132|altsyncram:altsyncram_component|altsyncram_c881:auto_generated|ram_block1a0~porta_address_reg4  ; CPU:inst1|CONTROL_UNIT:inst|mpc_generator:inst1|inst                                         ; CLOCK        ; CLOCK       ; 0.500        ; -0.061     ; 10.360     ;
; -9.889  ; CPU:inst1|CONTROL_UNIT:inst|mc_compiler:inst123132|altsyncram:altsyncram_component|altsyncram_c881:auto_generated|ram_block1a0~porta_address_reg5  ; CPU:inst1|CONTROL_UNIT:inst|mpc_generator:inst1|inst                                         ; CLOCK        ; CLOCK       ; 0.500        ; -0.061     ; 10.360     ;
; -9.889  ; CPU:inst1|CONTROL_UNIT:inst|mc_compiler:inst123132|altsyncram:altsyncram_component|altsyncram_c881:auto_generated|ram_block1a0~porta_address_reg6  ; CPU:inst1|CONTROL_UNIT:inst|mpc_generator:inst1|inst                                         ; CLOCK        ; CLOCK       ; 0.500        ; -0.061     ; 10.360     ;
; -9.889  ; CPU:inst1|CONTROL_UNIT:inst|mc_compiler:inst123132|altsyncram:altsyncram_component|altsyncram_c881:auto_generated|ram_block1a0~porta_address_reg7  ; CPU:inst1|CONTROL_UNIT:inst|mpc_generator:inst1|inst                                         ; CLOCK        ; CLOCK       ; 0.500        ; -0.061     ; 10.360     ;
; -9.889  ; CPU:inst1|CONTROL_UNIT:inst|mc_compiler:inst123132|altsyncram:altsyncram_component|altsyncram_c881:auto_generated|ram_block1a0~porta_address_reg8  ; CPU:inst1|CONTROL_UNIT:inst|mpc_generator:inst1|inst                                         ; CLOCK        ; CLOCK       ; 0.500        ; -0.061     ; 10.360     ;
; -9.874  ; CPU:inst1|CONTROL_UNIT:inst|mc_compiler:inst123132|altsyncram:altsyncram_component|altsyncram_c881:auto_generated|ram_block1a0~porta_address_reg0  ; CPU:inst1|DATAPATH:inst13|BANK:inst|OPC:inst7|REGISTER32bit:inst1|REGISTER8bit:inst23|inst28 ; CLOCK        ; CLOCK       ; 0.500        ; 0.440      ; 10.846     ;
; -9.874  ; CPU:inst1|CONTROL_UNIT:inst|mc_compiler:inst123132|altsyncram:altsyncram_component|altsyncram_c881:auto_generated|ram_block1a0~porta_address_reg1  ; CPU:inst1|DATAPATH:inst13|BANK:inst|OPC:inst7|REGISTER32bit:inst1|REGISTER8bit:inst23|inst28 ; CLOCK        ; CLOCK       ; 0.500        ; 0.440      ; 10.846     ;
; -9.874  ; CPU:inst1|CONTROL_UNIT:inst|mc_compiler:inst123132|altsyncram:altsyncram_component|altsyncram_c881:auto_generated|ram_block1a0~porta_address_reg2  ; CPU:inst1|DATAPATH:inst13|BANK:inst|OPC:inst7|REGISTER32bit:inst1|REGISTER8bit:inst23|inst28 ; CLOCK        ; CLOCK       ; 0.500        ; 0.440      ; 10.846     ;
; -9.874  ; CPU:inst1|CONTROL_UNIT:inst|mc_compiler:inst123132|altsyncram:altsyncram_component|altsyncram_c881:auto_generated|ram_block1a0~porta_address_reg3  ; CPU:inst1|DATAPATH:inst13|BANK:inst|OPC:inst7|REGISTER32bit:inst1|REGISTER8bit:inst23|inst28 ; CLOCK        ; CLOCK       ; 0.500        ; 0.440      ; 10.846     ;
; -9.874  ; CPU:inst1|CONTROL_UNIT:inst|mc_compiler:inst123132|altsyncram:altsyncram_component|altsyncram_c881:auto_generated|ram_block1a0~porta_address_reg4  ; CPU:inst1|DATAPATH:inst13|BANK:inst|OPC:inst7|REGISTER32bit:inst1|REGISTER8bit:inst23|inst28 ; CLOCK        ; CLOCK       ; 0.500        ; 0.440      ; 10.846     ;
; -9.874  ; CPU:inst1|CONTROL_UNIT:inst|mc_compiler:inst123132|altsyncram:altsyncram_component|altsyncram_c881:auto_generated|ram_block1a0~porta_address_reg5  ; CPU:inst1|DATAPATH:inst13|BANK:inst|OPC:inst7|REGISTER32bit:inst1|REGISTER8bit:inst23|inst28 ; CLOCK        ; CLOCK       ; 0.500        ; 0.440      ; 10.846     ;
; -9.874  ; CPU:inst1|CONTROL_UNIT:inst|mc_compiler:inst123132|altsyncram:altsyncram_component|altsyncram_c881:auto_generated|ram_block1a0~porta_address_reg6  ; CPU:inst1|DATAPATH:inst13|BANK:inst|OPC:inst7|REGISTER32bit:inst1|REGISTER8bit:inst23|inst28 ; CLOCK        ; CLOCK       ; 0.500        ; 0.440      ; 10.846     ;
; -9.874  ; CPU:inst1|CONTROL_UNIT:inst|mc_compiler:inst123132|altsyncram:altsyncram_component|altsyncram_c881:auto_generated|ram_block1a0~porta_address_reg7  ; CPU:inst1|DATAPATH:inst13|BANK:inst|OPC:inst7|REGISTER32bit:inst1|REGISTER8bit:inst23|inst28 ; CLOCK        ; CLOCK       ; 0.500        ; 0.440      ; 10.846     ;
; -9.874  ; CPU:inst1|CONTROL_UNIT:inst|mc_compiler:inst123132|altsyncram:altsyncram_component|altsyncram_c881:auto_generated|ram_block1a0~porta_address_reg8  ; CPU:inst1|DATAPATH:inst13|BANK:inst|OPC:inst7|REGISTER32bit:inst1|REGISTER8bit:inst23|inst28 ; CLOCK        ; CLOCK       ; 0.500        ; 0.440      ; 10.846     ;
; -9.768  ; CPU:inst1|CONTROL_UNIT:inst|mc_compiler:inst123132|altsyncram:altsyncram_component|altsyncram_c881:auto_generated|ram_block1a0~porta_address_reg0  ; CPU:inst1|DATAPATH:inst13|BANK:inst|OPC:inst7|REGISTER32bit:inst1|REGISTER8bit:inst23|inst20 ; CLOCK        ; CLOCK       ; 0.500        ; 0.439      ; 10.739     ;
; -9.768  ; CPU:inst1|CONTROL_UNIT:inst|mc_compiler:inst123132|altsyncram:altsyncram_component|altsyncram_c881:auto_generated|ram_block1a0~porta_address_reg1  ; CPU:inst1|DATAPATH:inst13|BANK:inst|OPC:inst7|REGISTER32bit:inst1|REGISTER8bit:inst23|inst20 ; CLOCK        ; CLOCK       ; 0.500        ; 0.439      ; 10.739     ;
; -9.768  ; CPU:inst1|CONTROL_UNIT:inst|mc_compiler:inst123132|altsyncram:altsyncram_component|altsyncram_c881:auto_generated|ram_block1a0~porta_address_reg2  ; CPU:inst1|DATAPATH:inst13|BANK:inst|OPC:inst7|REGISTER32bit:inst1|REGISTER8bit:inst23|inst20 ; CLOCK        ; CLOCK       ; 0.500        ; 0.439      ; 10.739     ;
; -9.768  ; CPU:inst1|CONTROL_UNIT:inst|mc_compiler:inst123132|altsyncram:altsyncram_component|altsyncram_c881:auto_generated|ram_block1a0~porta_address_reg3  ; CPU:inst1|DATAPATH:inst13|BANK:inst|OPC:inst7|REGISTER32bit:inst1|REGISTER8bit:inst23|inst20 ; CLOCK        ; CLOCK       ; 0.500        ; 0.439      ; 10.739     ;
; -9.768  ; CPU:inst1|CONTROL_UNIT:inst|mc_compiler:inst123132|altsyncram:altsyncram_component|altsyncram_c881:auto_generated|ram_block1a0~porta_address_reg4  ; CPU:inst1|DATAPATH:inst13|BANK:inst|OPC:inst7|REGISTER32bit:inst1|REGISTER8bit:inst23|inst20 ; CLOCK        ; CLOCK       ; 0.500        ; 0.439      ; 10.739     ;
; -9.768  ; CPU:inst1|CONTROL_UNIT:inst|mc_compiler:inst123132|altsyncram:altsyncram_component|altsyncram_c881:auto_generated|ram_block1a0~porta_address_reg5  ; CPU:inst1|DATAPATH:inst13|BANK:inst|OPC:inst7|REGISTER32bit:inst1|REGISTER8bit:inst23|inst20 ; CLOCK        ; CLOCK       ; 0.500        ; 0.439      ; 10.739     ;
; -9.768  ; CPU:inst1|CONTROL_UNIT:inst|mc_compiler:inst123132|altsyncram:altsyncram_component|altsyncram_c881:auto_generated|ram_block1a0~porta_address_reg6  ; CPU:inst1|DATAPATH:inst13|BANK:inst|OPC:inst7|REGISTER32bit:inst1|REGISTER8bit:inst23|inst20 ; CLOCK        ; CLOCK       ; 0.500        ; 0.439      ; 10.739     ;
; -9.768  ; CPU:inst1|CONTROL_UNIT:inst|mc_compiler:inst123132|altsyncram:altsyncram_component|altsyncram_c881:auto_generated|ram_block1a0~porta_address_reg7  ; CPU:inst1|DATAPATH:inst13|BANK:inst|OPC:inst7|REGISTER32bit:inst1|REGISTER8bit:inst23|inst20 ; CLOCK        ; CLOCK       ; 0.500        ; 0.439      ; 10.739     ;
; -9.768  ; CPU:inst1|CONTROL_UNIT:inst|mc_compiler:inst123132|altsyncram:altsyncram_component|altsyncram_c881:auto_generated|ram_block1a0~porta_address_reg8  ; CPU:inst1|DATAPATH:inst13|BANK:inst|OPC:inst7|REGISTER32bit:inst1|REGISTER8bit:inst23|inst20 ; CLOCK        ; CLOCK       ; 0.500        ; 0.439      ; 10.739     ;
; -9.666  ; CPU:inst1|CONTROL_UNIT:inst|mc_compiler:inst123132|altsyncram:altsyncram_component|altsyncram_c881:auto_generated|ram_block1a0~porta_address_reg0  ; CPU:inst1|DATAPATH:inst13|BANK:inst|OPC:inst7|REGISTER32bit:inst1|REGISTER8bit:inst23|inst16 ; CLOCK        ; CLOCK       ; 0.500        ; 0.440      ; 10.638     ;
; -9.666  ; CPU:inst1|CONTROL_UNIT:inst|mc_compiler:inst123132|altsyncram:altsyncram_component|altsyncram_c881:auto_generated|ram_block1a0~porta_address_reg1  ; CPU:inst1|DATAPATH:inst13|BANK:inst|OPC:inst7|REGISTER32bit:inst1|REGISTER8bit:inst23|inst16 ; CLOCK        ; CLOCK       ; 0.500        ; 0.440      ; 10.638     ;
; -9.666  ; CPU:inst1|CONTROL_UNIT:inst|mc_compiler:inst123132|altsyncram:altsyncram_component|altsyncram_c881:auto_generated|ram_block1a0~porta_address_reg2  ; CPU:inst1|DATAPATH:inst13|BANK:inst|OPC:inst7|REGISTER32bit:inst1|REGISTER8bit:inst23|inst16 ; CLOCK        ; CLOCK       ; 0.500        ; 0.440      ; 10.638     ;
; -9.666  ; CPU:inst1|CONTROL_UNIT:inst|mc_compiler:inst123132|altsyncram:altsyncram_component|altsyncram_c881:auto_generated|ram_block1a0~porta_address_reg3  ; CPU:inst1|DATAPATH:inst13|BANK:inst|OPC:inst7|REGISTER32bit:inst1|REGISTER8bit:inst23|inst16 ; CLOCK        ; CLOCK       ; 0.500        ; 0.440      ; 10.638     ;
; -9.666  ; CPU:inst1|CONTROL_UNIT:inst|mc_compiler:inst123132|altsyncram:altsyncram_component|altsyncram_c881:auto_generated|ram_block1a0~porta_address_reg4  ; CPU:inst1|DATAPATH:inst13|BANK:inst|OPC:inst7|REGISTER32bit:inst1|REGISTER8bit:inst23|inst16 ; CLOCK        ; CLOCK       ; 0.500        ; 0.440      ; 10.638     ;
; -9.666  ; CPU:inst1|CONTROL_UNIT:inst|mc_compiler:inst123132|altsyncram:altsyncram_component|altsyncram_c881:auto_generated|ram_block1a0~porta_address_reg5  ; CPU:inst1|DATAPATH:inst13|BANK:inst|OPC:inst7|REGISTER32bit:inst1|REGISTER8bit:inst23|inst16 ; CLOCK        ; CLOCK       ; 0.500        ; 0.440      ; 10.638     ;
; -9.666  ; CPU:inst1|CONTROL_UNIT:inst|mc_compiler:inst123132|altsyncram:altsyncram_component|altsyncram_c881:auto_generated|ram_block1a0~porta_address_reg6  ; CPU:inst1|DATAPATH:inst13|BANK:inst|OPC:inst7|REGISTER32bit:inst1|REGISTER8bit:inst23|inst16 ; CLOCK        ; CLOCK       ; 0.500        ; 0.440      ; 10.638     ;
; -9.666  ; CPU:inst1|CONTROL_UNIT:inst|mc_compiler:inst123132|altsyncram:altsyncram_component|altsyncram_c881:auto_generated|ram_block1a0~porta_address_reg7  ; CPU:inst1|DATAPATH:inst13|BANK:inst|OPC:inst7|REGISTER32bit:inst1|REGISTER8bit:inst23|inst16 ; CLOCK        ; CLOCK       ; 0.500        ; 0.440      ; 10.638     ;
; -9.666  ; CPU:inst1|CONTROL_UNIT:inst|mc_compiler:inst123132|altsyncram:altsyncram_component|altsyncram_c881:auto_generated|ram_block1a0~porta_address_reg8  ; CPU:inst1|DATAPATH:inst13|BANK:inst|OPC:inst7|REGISTER32bit:inst1|REGISTER8bit:inst23|inst16 ; CLOCK        ; CLOCK       ; 0.500        ; 0.440      ; 10.638     ;
; -9.660  ; CPU:inst1|CONTROL_UNIT:inst|mc_compiler:inst123132|altsyncram:altsyncram_component|altsyncram_c881:auto_generated|ram_block1a0~porta_address_reg0  ; CPU:inst1|DATAPATH:inst13|BANK:inst|OPC:inst7|REGISTER32bit:inst1|REGISTER8bit:inst23|inst24 ; CLOCK        ; CLOCK       ; 0.500        ; 0.440      ; 10.632     ;
; -9.660  ; CPU:inst1|CONTROL_UNIT:inst|mc_compiler:inst123132|altsyncram:altsyncram_component|altsyncram_c881:auto_generated|ram_block1a0~porta_address_reg1  ; CPU:inst1|DATAPATH:inst13|BANK:inst|OPC:inst7|REGISTER32bit:inst1|REGISTER8bit:inst23|inst24 ; CLOCK        ; CLOCK       ; 0.500        ; 0.440      ; 10.632     ;
; -9.660  ; CPU:inst1|CONTROL_UNIT:inst|mc_compiler:inst123132|altsyncram:altsyncram_component|altsyncram_c881:auto_generated|ram_block1a0~porta_address_reg2  ; CPU:inst1|DATAPATH:inst13|BANK:inst|OPC:inst7|REGISTER32bit:inst1|REGISTER8bit:inst23|inst24 ; CLOCK        ; CLOCK       ; 0.500        ; 0.440      ; 10.632     ;
; -9.660  ; CPU:inst1|CONTROL_UNIT:inst|mc_compiler:inst123132|altsyncram:altsyncram_component|altsyncram_c881:auto_generated|ram_block1a0~porta_address_reg3  ; CPU:inst1|DATAPATH:inst13|BANK:inst|OPC:inst7|REGISTER32bit:inst1|REGISTER8bit:inst23|inst24 ; CLOCK        ; CLOCK       ; 0.500        ; 0.440      ; 10.632     ;
; -9.660  ; CPU:inst1|CONTROL_UNIT:inst|mc_compiler:inst123132|altsyncram:altsyncram_component|altsyncram_c881:auto_generated|ram_block1a0~porta_address_reg4  ; CPU:inst1|DATAPATH:inst13|BANK:inst|OPC:inst7|REGISTER32bit:inst1|REGISTER8bit:inst23|inst24 ; CLOCK        ; CLOCK       ; 0.500        ; 0.440      ; 10.632     ;
; -9.660  ; CPU:inst1|CONTROL_UNIT:inst|mc_compiler:inst123132|altsyncram:altsyncram_component|altsyncram_c881:auto_generated|ram_block1a0~porta_address_reg5  ; CPU:inst1|DATAPATH:inst13|BANK:inst|OPC:inst7|REGISTER32bit:inst1|REGISTER8bit:inst23|inst24 ; CLOCK        ; CLOCK       ; 0.500        ; 0.440      ; 10.632     ;
; -9.660  ; CPU:inst1|CONTROL_UNIT:inst|mc_compiler:inst123132|altsyncram:altsyncram_component|altsyncram_c881:auto_generated|ram_block1a0~porta_address_reg6  ; CPU:inst1|DATAPATH:inst13|BANK:inst|OPC:inst7|REGISTER32bit:inst1|REGISTER8bit:inst23|inst24 ; CLOCK        ; CLOCK       ; 0.500        ; 0.440      ; 10.632     ;
; -9.660  ; CPU:inst1|CONTROL_UNIT:inst|mc_compiler:inst123132|altsyncram:altsyncram_component|altsyncram_c881:auto_generated|ram_block1a0~porta_address_reg7  ; CPU:inst1|DATAPATH:inst13|BANK:inst|OPC:inst7|REGISTER32bit:inst1|REGISTER8bit:inst23|inst24 ; CLOCK        ; CLOCK       ; 0.500        ; 0.440      ; 10.632     ;
; -9.660  ; CPU:inst1|CONTROL_UNIT:inst|mc_compiler:inst123132|altsyncram:altsyncram_component|altsyncram_c881:auto_generated|ram_block1a0~porta_address_reg8  ; CPU:inst1|DATAPATH:inst13|BANK:inst|OPC:inst7|REGISTER32bit:inst1|REGISTER8bit:inst23|inst24 ; CLOCK        ; CLOCK       ; 0.500        ; 0.440      ; 10.632     ;
; -9.518  ; CPU:inst1|CONTROL_UNIT:inst|mc_compiler:inst123132|altsyncram:altsyncram_component|altsyncram_c881:auto_generated|ram_block1a0~porta_address_reg0  ; CPU:inst1|DATAPATH:inst13|BANK:inst|OPC:inst7|REGISTER32bit:inst1|REGISTER8bit:inst23|inst12 ; CLOCK        ; CLOCK       ; 0.500        ; 0.439      ; 10.489     ;
; -9.518  ; CPU:inst1|CONTROL_UNIT:inst|mc_compiler:inst123132|altsyncram:altsyncram_component|altsyncram_c881:auto_generated|ram_block1a0~porta_address_reg1  ; CPU:inst1|DATAPATH:inst13|BANK:inst|OPC:inst7|REGISTER32bit:inst1|REGISTER8bit:inst23|inst12 ; CLOCK        ; CLOCK       ; 0.500        ; 0.439      ; 10.489     ;
; -9.518  ; CPU:inst1|CONTROL_UNIT:inst|mc_compiler:inst123132|altsyncram:altsyncram_component|altsyncram_c881:auto_generated|ram_block1a0~porta_address_reg2  ; CPU:inst1|DATAPATH:inst13|BANK:inst|OPC:inst7|REGISTER32bit:inst1|REGISTER8bit:inst23|inst12 ; CLOCK        ; CLOCK       ; 0.500        ; 0.439      ; 10.489     ;
; -9.518  ; CPU:inst1|CONTROL_UNIT:inst|mc_compiler:inst123132|altsyncram:altsyncram_component|altsyncram_c881:auto_generated|ram_block1a0~porta_address_reg3  ; CPU:inst1|DATAPATH:inst13|BANK:inst|OPC:inst7|REGISTER32bit:inst1|REGISTER8bit:inst23|inst12 ; CLOCK        ; CLOCK       ; 0.500        ; 0.439      ; 10.489     ;
; -9.518  ; CPU:inst1|CONTROL_UNIT:inst|mc_compiler:inst123132|altsyncram:altsyncram_component|altsyncram_c881:auto_generated|ram_block1a0~porta_address_reg4  ; CPU:inst1|DATAPATH:inst13|BANK:inst|OPC:inst7|REGISTER32bit:inst1|REGISTER8bit:inst23|inst12 ; CLOCK        ; CLOCK       ; 0.500        ; 0.439      ; 10.489     ;
; -9.518  ; CPU:inst1|CONTROL_UNIT:inst|mc_compiler:inst123132|altsyncram:altsyncram_component|altsyncram_c881:auto_generated|ram_block1a0~porta_address_reg5  ; CPU:inst1|DATAPATH:inst13|BANK:inst|OPC:inst7|REGISTER32bit:inst1|REGISTER8bit:inst23|inst12 ; CLOCK        ; CLOCK       ; 0.500        ; 0.439      ; 10.489     ;
; -9.518  ; CPU:inst1|CONTROL_UNIT:inst|mc_compiler:inst123132|altsyncram:altsyncram_component|altsyncram_c881:auto_generated|ram_block1a0~porta_address_reg6  ; CPU:inst1|DATAPATH:inst13|BANK:inst|OPC:inst7|REGISTER32bit:inst1|REGISTER8bit:inst23|inst12 ; CLOCK        ; CLOCK       ; 0.500        ; 0.439      ; 10.489     ;
; -9.518  ; CPU:inst1|CONTROL_UNIT:inst|mc_compiler:inst123132|altsyncram:altsyncram_component|altsyncram_c881:auto_generated|ram_block1a0~porta_address_reg7  ; CPU:inst1|DATAPATH:inst13|BANK:inst|OPC:inst7|REGISTER32bit:inst1|REGISTER8bit:inst23|inst12 ; CLOCK        ; CLOCK       ; 0.500        ; 0.439      ; 10.489     ;
; -9.518  ; CPU:inst1|CONTROL_UNIT:inst|mc_compiler:inst123132|altsyncram:altsyncram_component|altsyncram_c881:auto_generated|ram_block1a0~porta_address_reg8  ; CPU:inst1|DATAPATH:inst13|BANK:inst|OPC:inst7|REGISTER32bit:inst1|REGISTER8bit:inst23|inst12 ; CLOCK        ; CLOCK       ; 0.500        ; 0.439      ; 10.489     ;
; -9.436  ; CPU:inst1|DATAPATH:inst13|BANK:inst|MDR:inst1|REGISTER32bit:inst1|REGISTER8bit:inst|inst16                                                         ; CPU:inst1|CONTROL_UNIT:inst|mpc_generator:inst1|inst1                                        ; CLOCK        ; CLOCK       ; 1.000        ; -1.431     ; 9.037      ;
; -9.422  ; CPU:inst1|CONTROL_UNIT:inst|mc_compiler:inst123132|altsyncram:altsyncram_component|altsyncram_c881:auto_generated|ram_block1a16~porta_address_reg0 ; CPU:inst1|CONTROL_UNIT:inst|mpc_generator:inst1|inst1                                        ; CLOCK        ; CLOCK       ; 0.500        ; -0.060     ; 9.894      ;
; -9.422  ; CPU:inst1|CONTROL_UNIT:inst|mc_compiler:inst123132|altsyncram:altsyncram_component|altsyncram_c881:auto_generated|ram_block1a16~porta_address_reg1 ; CPU:inst1|CONTROL_UNIT:inst|mpc_generator:inst1|inst1                                        ; CLOCK        ; CLOCK       ; 0.500        ; -0.060     ; 9.894      ;
; -9.422  ; CPU:inst1|CONTROL_UNIT:inst|mc_compiler:inst123132|altsyncram:altsyncram_component|altsyncram_c881:auto_generated|ram_block1a16~porta_address_reg2 ; CPU:inst1|CONTROL_UNIT:inst|mpc_generator:inst1|inst1                                        ; CLOCK        ; CLOCK       ; 0.500        ; -0.060     ; 9.894      ;
; -9.422  ; CPU:inst1|CONTROL_UNIT:inst|mc_compiler:inst123132|altsyncram:altsyncram_component|altsyncram_c881:auto_generated|ram_block1a16~porta_address_reg3 ; CPU:inst1|CONTROL_UNIT:inst|mpc_generator:inst1|inst1                                        ; CLOCK        ; CLOCK       ; 0.500        ; -0.060     ; 9.894      ;
; -9.422  ; CPU:inst1|CONTROL_UNIT:inst|mc_compiler:inst123132|altsyncram:altsyncram_component|altsyncram_c881:auto_generated|ram_block1a16~porta_address_reg4 ; CPU:inst1|CONTROL_UNIT:inst|mpc_generator:inst1|inst1                                        ; CLOCK        ; CLOCK       ; 0.500        ; -0.060     ; 9.894      ;
; -9.422  ; CPU:inst1|CONTROL_UNIT:inst|mc_compiler:inst123132|altsyncram:altsyncram_component|altsyncram_c881:auto_generated|ram_block1a16~porta_address_reg5 ; CPU:inst1|CONTROL_UNIT:inst|mpc_generator:inst1|inst1                                        ; CLOCK        ; CLOCK       ; 0.500        ; -0.060     ; 9.894      ;
; -9.422  ; CPU:inst1|CONTROL_UNIT:inst|mc_compiler:inst123132|altsyncram:altsyncram_component|altsyncram_c881:auto_generated|ram_block1a16~porta_address_reg6 ; CPU:inst1|CONTROL_UNIT:inst|mpc_generator:inst1|inst1                                        ; CLOCK        ; CLOCK       ; 0.500        ; -0.060     ; 9.894      ;
; -9.422  ; CPU:inst1|CONTROL_UNIT:inst|mc_compiler:inst123132|altsyncram:altsyncram_component|altsyncram_c881:auto_generated|ram_block1a16~porta_address_reg7 ; CPU:inst1|CONTROL_UNIT:inst|mpc_generator:inst1|inst1                                        ; CLOCK        ; CLOCK       ; 0.500        ; -0.060     ; 9.894      ;
; -9.422  ; CPU:inst1|CONTROL_UNIT:inst|mc_compiler:inst123132|altsyncram:altsyncram_component|altsyncram_c881:auto_generated|ram_block1a16~porta_address_reg8 ; CPU:inst1|CONTROL_UNIT:inst|mpc_generator:inst1|inst1                                        ; CLOCK        ; CLOCK       ; 0.500        ; -0.060     ; 9.894      ;
; -9.313  ; CPU:inst1|DATAPATH:inst13|BANK:inst|MDR:inst1|REGISTER32bit:inst1|REGISTER8bit:inst|inst8                                                          ; CPU:inst1|CONTROL_UNIT:inst|mpc_generator:inst1|inst1                                        ; CLOCK        ; CLOCK       ; 1.000        ; -1.414     ; 8.931      ;
; -9.283  ; CPU:inst1|CONTROL_UNIT:inst|mc_compiler:inst123132|altsyncram:altsyncram_component|altsyncram_c881:auto_generated|ram_block1a0~porta_address_reg0  ; CPU:inst1|DATAPATH:inst13|BANK:inst|MAR:inst|REGISTER32bit:inst1|REGISTER8bit:inst23|inst28  ; CLOCK        ; CLOCK       ; 0.500        ; 1.074      ; 10.889     ;
; -9.283  ; CPU:inst1|CONTROL_UNIT:inst|mc_compiler:inst123132|altsyncram:altsyncram_component|altsyncram_c881:auto_generated|ram_block1a0~porta_address_reg1  ; CPU:inst1|DATAPATH:inst13|BANK:inst|MAR:inst|REGISTER32bit:inst1|REGISTER8bit:inst23|inst28  ; CLOCK        ; CLOCK       ; 0.500        ; 1.074      ; 10.889     ;
; -9.283  ; CPU:inst1|CONTROL_UNIT:inst|mc_compiler:inst123132|altsyncram:altsyncram_component|altsyncram_c881:auto_generated|ram_block1a0~porta_address_reg2  ; CPU:inst1|DATAPATH:inst13|BANK:inst|MAR:inst|REGISTER32bit:inst1|REGISTER8bit:inst23|inst28  ; CLOCK        ; CLOCK       ; 0.500        ; 1.074      ; 10.889     ;
; -9.283  ; CPU:inst1|CONTROL_UNIT:inst|mc_compiler:inst123132|altsyncram:altsyncram_component|altsyncram_c881:auto_generated|ram_block1a0~porta_address_reg3  ; CPU:inst1|DATAPATH:inst13|BANK:inst|MAR:inst|REGISTER32bit:inst1|REGISTER8bit:inst23|inst28  ; CLOCK        ; CLOCK       ; 0.500        ; 1.074      ; 10.889     ;
; -9.283  ; CPU:inst1|CONTROL_UNIT:inst|mc_compiler:inst123132|altsyncram:altsyncram_component|altsyncram_c881:auto_generated|ram_block1a0~porta_address_reg4  ; CPU:inst1|DATAPATH:inst13|BANK:inst|MAR:inst|REGISTER32bit:inst1|REGISTER8bit:inst23|inst28  ; CLOCK        ; CLOCK       ; 0.500        ; 1.074      ; 10.889     ;
; -9.283  ; CPU:inst1|CONTROL_UNIT:inst|mc_compiler:inst123132|altsyncram:altsyncram_component|altsyncram_c881:auto_generated|ram_block1a0~porta_address_reg5  ; CPU:inst1|DATAPATH:inst13|BANK:inst|MAR:inst|REGISTER32bit:inst1|REGISTER8bit:inst23|inst28  ; CLOCK        ; CLOCK       ; 0.500        ; 1.074      ; 10.889     ;
; -9.283  ; CPU:inst1|CONTROL_UNIT:inst|mc_compiler:inst123132|altsyncram:altsyncram_component|altsyncram_c881:auto_generated|ram_block1a0~porta_address_reg6  ; CPU:inst1|DATAPATH:inst13|BANK:inst|MAR:inst|REGISTER32bit:inst1|REGISTER8bit:inst23|inst28  ; CLOCK        ; CLOCK       ; 0.500        ; 1.074      ; 10.889     ;
; -9.283  ; CPU:inst1|CONTROL_UNIT:inst|mc_compiler:inst123132|altsyncram:altsyncram_component|altsyncram_c881:auto_generated|ram_block1a0~porta_address_reg7  ; CPU:inst1|DATAPATH:inst13|BANK:inst|MAR:inst|REGISTER32bit:inst1|REGISTER8bit:inst23|inst28  ; CLOCK        ; CLOCK       ; 0.500        ; 1.074      ; 10.889     ;
; -9.283  ; CPU:inst1|CONTROL_UNIT:inst|mc_compiler:inst123132|altsyncram:altsyncram_component|altsyncram_c881:auto_generated|ram_block1a0~porta_address_reg8  ; CPU:inst1|DATAPATH:inst13|BANK:inst|MAR:inst|REGISTER32bit:inst1|REGISTER8bit:inst23|inst28  ; CLOCK        ; CLOCK       ; 0.500        ; 1.074      ; 10.889     ;
; -9.282  ; CPU:inst1|CONTROL_UNIT:inst|mc_compiler:inst123132|altsyncram:altsyncram_component|altsyncram_c881:auto_generated|ram_block1a0~porta_address_reg0  ; CPU:inst1|DATAPATH:inst13|BANK:inst|MAR:inst|REGISTER32bit:inst1|REGISTER8bit:inst23|inst20  ; CLOCK        ; CLOCK       ; 0.500        ; 1.074      ; 10.888     ;
; -9.282  ; CPU:inst1|CONTROL_UNIT:inst|mc_compiler:inst123132|altsyncram:altsyncram_component|altsyncram_c881:auto_generated|ram_block1a0~porta_address_reg1  ; CPU:inst1|DATAPATH:inst13|BANK:inst|MAR:inst|REGISTER32bit:inst1|REGISTER8bit:inst23|inst20  ; CLOCK        ; CLOCK       ; 0.500        ; 1.074      ; 10.888     ;
; -9.282  ; CPU:inst1|CONTROL_UNIT:inst|mc_compiler:inst123132|altsyncram:altsyncram_component|altsyncram_c881:auto_generated|ram_block1a0~porta_address_reg2  ; CPU:inst1|DATAPATH:inst13|BANK:inst|MAR:inst|REGISTER32bit:inst1|REGISTER8bit:inst23|inst20  ; CLOCK        ; CLOCK       ; 0.500        ; 1.074      ; 10.888     ;
; -9.282  ; CPU:inst1|CONTROL_UNIT:inst|mc_compiler:inst123132|altsyncram:altsyncram_component|altsyncram_c881:auto_generated|ram_block1a0~porta_address_reg3  ; CPU:inst1|DATAPATH:inst13|BANK:inst|MAR:inst|REGISTER32bit:inst1|REGISTER8bit:inst23|inst20  ; CLOCK        ; CLOCK       ; 0.500        ; 1.074      ; 10.888     ;
; -9.282  ; CPU:inst1|CONTROL_UNIT:inst|mc_compiler:inst123132|altsyncram:altsyncram_component|altsyncram_c881:auto_generated|ram_block1a0~porta_address_reg4  ; CPU:inst1|DATAPATH:inst13|BANK:inst|MAR:inst|REGISTER32bit:inst1|REGISTER8bit:inst23|inst20  ; CLOCK        ; CLOCK       ; 0.500        ; 1.074      ; 10.888     ;
; -9.282  ; CPU:inst1|CONTROL_UNIT:inst|mc_compiler:inst123132|altsyncram:altsyncram_component|altsyncram_c881:auto_generated|ram_block1a0~porta_address_reg5  ; CPU:inst1|DATAPATH:inst13|BANK:inst|MAR:inst|REGISTER32bit:inst1|REGISTER8bit:inst23|inst20  ; CLOCK        ; CLOCK       ; 0.500        ; 1.074      ; 10.888     ;
; -9.282  ; CPU:inst1|CONTROL_UNIT:inst|mc_compiler:inst123132|altsyncram:altsyncram_component|altsyncram_c881:auto_generated|ram_block1a0~porta_address_reg6  ; CPU:inst1|DATAPATH:inst13|BANK:inst|MAR:inst|REGISTER32bit:inst1|REGISTER8bit:inst23|inst20  ; CLOCK        ; CLOCK       ; 0.500        ; 1.074      ; 10.888     ;
; -9.282  ; CPU:inst1|CONTROL_UNIT:inst|mc_compiler:inst123132|altsyncram:altsyncram_component|altsyncram_c881:auto_generated|ram_block1a0~porta_address_reg7  ; CPU:inst1|DATAPATH:inst13|BANK:inst|MAR:inst|REGISTER32bit:inst1|REGISTER8bit:inst23|inst20  ; CLOCK        ; CLOCK       ; 0.500        ; 1.074      ; 10.888     ;
; -9.282  ; CPU:inst1|CONTROL_UNIT:inst|mc_compiler:inst123132|altsyncram:altsyncram_component|altsyncram_c881:auto_generated|ram_block1a0~porta_address_reg8  ; CPU:inst1|DATAPATH:inst13|BANK:inst|MAR:inst|REGISTER32bit:inst1|REGISTER8bit:inst23|inst20  ; CLOCK        ; CLOCK       ; 0.500        ; 1.074      ; 10.888     ;
; -9.275  ; CPU:inst1|DATAPATH:inst13|BANK:inst|MDR:inst1|REGISTER32bit:inst1|REGISTER8bit:inst|inst5                                                          ; CPU:inst1|CONTROL_UNIT:inst|mpc_generator:inst1|inst1                                        ; CLOCK        ; CLOCK       ; 1.000        ; -1.414     ; 8.893      ;
; -9.231  ; CPU:inst1|CONTROL_UNIT:inst|mc_compiler:inst123132|altsyncram:altsyncram_component|altsyncram_c881:auto_generated|ram_block1a0~porta_address_reg0  ; CPU:inst1|DATAPATH:inst13|BANK:inst|MAR:inst|REGISTER32bit:inst1|REGISTER8bit:inst23|inst24  ; CLOCK        ; CLOCK       ; 0.500        ; 1.076      ; 10.839     ;
; -9.231  ; CPU:inst1|CONTROL_UNIT:inst|mc_compiler:inst123132|altsyncram:altsyncram_component|altsyncram_c881:auto_generated|ram_block1a0~porta_address_reg1  ; CPU:inst1|DATAPATH:inst13|BANK:inst|MAR:inst|REGISTER32bit:inst1|REGISTER8bit:inst23|inst24  ; CLOCK        ; CLOCK       ; 0.500        ; 1.076      ; 10.839     ;
; -9.231  ; CPU:inst1|CONTROL_UNIT:inst|mc_compiler:inst123132|altsyncram:altsyncram_component|altsyncram_c881:auto_generated|ram_block1a0~porta_address_reg2  ; CPU:inst1|DATAPATH:inst13|BANK:inst|MAR:inst|REGISTER32bit:inst1|REGISTER8bit:inst23|inst24  ; CLOCK        ; CLOCK       ; 0.500        ; 1.076      ; 10.839     ;
; -9.231  ; CPU:inst1|CONTROL_UNIT:inst|mc_compiler:inst123132|altsyncram:altsyncram_component|altsyncram_c881:auto_generated|ram_block1a0~porta_address_reg3  ; CPU:inst1|DATAPATH:inst13|BANK:inst|MAR:inst|REGISTER32bit:inst1|REGISTER8bit:inst23|inst24  ; CLOCK        ; CLOCK       ; 0.500        ; 1.076      ; 10.839     ;
; -9.231  ; CPU:inst1|CONTROL_UNIT:inst|mc_compiler:inst123132|altsyncram:altsyncram_component|altsyncram_c881:auto_generated|ram_block1a0~porta_address_reg4  ; CPU:inst1|DATAPATH:inst13|BANK:inst|MAR:inst|REGISTER32bit:inst1|REGISTER8bit:inst23|inst24  ; CLOCK        ; CLOCK       ; 0.500        ; 1.076      ; 10.839     ;
; -9.231  ; CPU:inst1|CONTROL_UNIT:inst|mc_compiler:inst123132|altsyncram:altsyncram_component|altsyncram_c881:auto_generated|ram_block1a0~porta_address_reg5  ; CPU:inst1|DATAPATH:inst13|BANK:inst|MAR:inst|REGISTER32bit:inst1|REGISTER8bit:inst23|inst24  ; CLOCK        ; CLOCK       ; 0.500        ; 1.076      ; 10.839     ;
; -9.231  ; CPU:inst1|CONTROL_UNIT:inst|mc_compiler:inst123132|altsyncram:altsyncram_component|altsyncram_c881:auto_generated|ram_block1a0~porta_address_reg6  ; CPU:inst1|DATAPATH:inst13|BANK:inst|MAR:inst|REGISTER32bit:inst1|REGISTER8bit:inst23|inst24  ; CLOCK        ; CLOCK       ; 0.500        ; 1.076      ; 10.839     ;
+---------+----------------------------------------------------------------------------------------------------------------------------------------------------+----------------------------------------------------------------------------------------------+--------------+-------------+--------------+------------+------------+


+----------------------------------------------------------------------------------------------------------------------------------------------------------------------------------------------------------------------------------------------------------------------------------------------------------------------------------+
; Fast Model Hold: 'CLOCK'                                                                                                                                                                                                                                                                                                         ;
+--------+----------------------------------------------------------------------------------------------+----------------------------------------------------------------------------------------------------------------------------------------------------+--------------+-------------+--------------+------------+------------+
; Slack  ; From Node                                                                                    ; To Node                                                                                                                                            ; Launch Clock ; Latch Clock ; Relationship ; Clock Skew ; Data Delay ;
+--------+----------------------------------------------------------------------------------------------+----------------------------------------------------------------------------------------------------------------------------------------------------+--------------+-------------+--------------+------------+------------+
; -0.753 ; CPU:inst1|DATAPATH:inst13|BANK:inst|MDR:inst1|inst13                                         ; CPU:inst1|DATAPATH:inst13|BANK:inst|MDR:inst1|REGISTER32bit:inst1|REGISTER8bit:inst|inst16                                                         ; CLOCK        ; CLOCK       ; -0.500       ; 1.848      ; 0.747      ;
; -0.648 ; CPU:inst1|DATAPATH:inst13|BANK:inst|MDR:inst1|inst13                                         ; CPU:inst1|DATAPATH:inst13|BANK:inst|MDR:inst1|REGISTER32bit:inst1|REGISTER8bit:inst20|inst8                                                        ; CLOCK        ; CLOCK       ; -0.500       ; 1.848      ; 0.852      ;
; -0.517 ; CPU:inst1|DATAPATH:inst13|BANK:inst|MDR:inst1|inst13                                         ; CPU:inst1|DATAPATH:inst13|BANK:inst|MDR:inst1|REGISTER32bit:inst1|REGISTER8bit:inst22|inst12                                                       ; CLOCK        ; CLOCK       ; -0.500       ; 1.853      ; 0.988      ;
; -0.517 ; CPU:inst1|DATAPATH:inst13|BANK:inst|MDR:inst1|inst13                                         ; CPU:inst1|DATAPATH:inst13|BANK:inst|MDR:inst1|REGISTER32bit:inst1|REGISTER8bit:inst22|inst28                                                       ; CLOCK        ; CLOCK       ; -0.500       ; 1.853      ; 0.988      ;
; -0.476 ; CPU:inst1|DATAPATH:inst13|BANK:inst|MDR:inst1|inst13                                         ; CPU:inst1|DATAPATH:inst13|BANK:inst|MDR:inst1|REGISTER32bit:inst1|REGISTER8bit:inst22|inst24                                                       ; CLOCK        ; CLOCK       ; -0.500       ; 1.849      ; 1.025      ;
; -0.454 ; CPU:inst1|DATAPATH:inst13|BANK:inst|MDR:inst1|inst13                                         ; CPU:inst1|DATAPATH:inst13|BANK:inst|MDR:inst1|REGISTER32bit:inst1|REGISTER8bit:inst20|inst5                                                        ; CLOCK        ; CLOCK       ; -0.500       ; 1.842      ; 1.040      ;
; -0.454 ; CPU:inst1|DATAPATH:inst13|BANK:inst|MDR:inst1|inst13                                         ; CPU:inst1|DATAPATH:inst13|BANK:inst|MDR:inst1|REGISTER32bit:inst1|REGISTER8bit:inst20|inst28                                                       ; CLOCK        ; CLOCK       ; -0.500       ; 1.842      ; 1.040      ;
; -0.454 ; CPU:inst1|DATAPATH:inst13|BANK:inst|MDR:inst1|inst13                                         ; CPU:inst1|DATAPATH:inst13|BANK:inst|MDR:inst1|REGISTER32bit:inst1|REGISTER8bit:inst20|inst24                                                       ; CLOCK        ; CLOCK       ; -0.500       ; 1.842      ; 1.040      ;
; -0.454 ; CPU:inst1|DATAPATH:inst13|BANK:inst|MDR:inst1|inst13                                         ; CPU:inst1|DATAPATH:inst13|BANK:inst|MDR:inst1|REGISTER32bit:inst1|REGISTER8bit:inst22|inst16                                                       ; CLOCK        ; CLOCK       ; -0.500       ; 1.842      ; 1.040      ;
; -0.454 ; CPU:inst1|DATAPATH:inst13|BANK:inst|MDR:inst1|inst13                                         ; CPU:inst1|DATAPATH:inst13|BANK:inst|MDR:inst1|REGISTER32bit:inst1|REGISTER8bit:inst23|inst12                                                       ; CLOCK        ; CLOCK       ; -0.500       ; 1.842      ; 1.040      ;
; -0.454 ; CPU:inst1|DATAPATH:inst13|BANK:inst|MDR:inst1|inst13                                         ; CPU:inst1|DATAPATH:inst13|BANK:inst|MDR:inst1|REGISTER32bit:inst1|REGISTER8bit:inst20|inst12                                                       ; CLOCK        ; CLOCK       ; -0.500       ; 1.842      ; 1.040      ;
; -0.454 ; CPU:inst1|DATAPATH:inst13|BANK:inst|MDR:inst1|inst13                                         ; CPU:inst1|DATAPATH:inst13|BANK:inst|MDR:inst1|REGISTER32bit:inst1|REGISTER8bit:inst23|inst16                                                       ; CLOCK        ; CLOCK       ; -0.500       ; 1.842      ; 1.040      ;
; -0.454 ; CPU:inst1|DATAPATH:inst13|BANK:inst|MDR:inst1|inst13                                         ; CPU:inst1|DATAPATH:inst13|BANK:inst|MDR:inst1|REGISTER32bit:inst1|REGISTER8bit:inst23|inst5                                                        ; CLOCK        ; CLOCK       ; -0.500       ; 1.842      ; 1.040      ;
; -0.337 ; CPU:inst1|DATAPATH:inst13|BANK:inst|MDR:inst1|inst13                                         ; CPU:inst1|DATAPATH:inst13|BANK:inst|MDR:inst1|REGISTER32bit:inst1|REGISTER8bit:inst23|inst8                                                        ; CLOCK        ; CLOCK       ; -0.500       ; 1.858      ; 1.173      ;
; -0.337 ; CPU:inst1|DATAPATH:inst13|BANK:inst|MDR:inst1|inst13                                         ; CPU:inst1|DATAPATH:inst13|BANK:inst|MDR:inst1|REGISTER32bit:inst1|REGISTER8bit:inst22|inst8                                                        ; CLOCK        ; CLOCK       ; -0.500       ; 1.858      ; 1.173      ;
; -0.333 ; CPU:inst1|DATAPATH:inst13|BANK:inst|MDR:inst1|inst13                                         ; CPU:inst1|DATAPATH:inst13|BANK:inst|MDR:inst1|REGISTER32bit:inst1|REGISTER8bit:inst|inst12                                                         ; CLOCK        ; CLOCK       ; -0.500       ; 1.831      ; 1.150      ;
; -0.332 ; CPU:inst1|DATAPATH:inst13|BANK:inst|MDR:inst1|inst13                                         ; CPU:inst1|DATAPATH:inst13|BANK:inst|MDR:inst1|REGISTER32bit:inst1|REGISTER8bit:inst|inst24                                                         ; CLOCK        ; CLOCK       ; -0.500       ; 1.831      ; 1.151      ;
; -0.331 ; CPU:inst1|DATAPATH:inst13|BANK:inst|MDR:inst1|inst13                                         ; CPU:inst1|DATAPATH:inst13|BANK:inst|MDR:inst1|REGISTER32bit:inst1|REGISTER8bit:inst|inst20                                                         ; CLOCK        ; CLOCK       ; -0.500       ; 1.831      ; 1.152      ;
; -0.331 ; CPU:inst1|DATAPATH:inst13|BANK:inst|MDR:inst1|inst13                                         ; CPU:inst1|DATAPATH:inst13|BANK:inst|MDR:inst1|REGISTER32bit:inst1|REGISTER8bit:inst|inst8                                                          ; CLOCK        ; CLOCK       ; -0.500       ; 1.831      ; 1.152      ;
; -0.331 ; CPU:inst1|DATAPATH:inst13|BANK:inst|MDR:inst1|inst13                                         ; CPU:inst1|DATAPATH:inst13|BANK:inst|MDR:inst1|REGISTER32bit:inst1|REGISTER8bit:inst23|inst24                                                       ; CLOCK        ; CLOCK       ; -0.500       ; 1.831      ; 1.152      ;
; -0.329 ; CPU:inst1|DATAPATH:inst13|BANK:inst|MDR:inst1|inst13                                         ; CPU:inst1|DATAPATH:inst13|BANK:inst|MDR:inst1|REGISTER32bit:inst1|REGISTER8bit:inst|inst28                                                         ; CLOCK        ; CLOCK       ; -0.500       ; 1.831      ; 1.154      ;
; -0.274 ; CPU:inst1|DATAPATH:inst13|BANK:inst|MDR:inst1|inst13                                         ; CPU:inst1|DATAPATH:inst13|BANK:inst|MDR:inst1|REGISTER32bit:inst1|REGISTER8bit:inst20|inst20                                                       ; CLOCK        ; CLOCK       ; -0.500       ; 1.855      ; 1.233      ;
; -0.274 ; CPU:inst1|DATAPATH:inst13|BANK:inst|MDR:inst1|inst13                                         ; CPU:inst1|DATAPATH:inst13|BANK:inst|MDR:inst1|REGISTER32bit:inst1|REGISTER8bit:inst20|inst16                                                       ; CLOCK        ; CLOCK       ; -0.500       ; 1.855      ; 1.233      ;
; -0.272 ; CPU:inst1|DATAPATH:inst13|BANK:inst|MDR:inst1|inst13                                         ; CPU:inst1|DATAPATH:inst13|BANK:inst|MDR:inst1|REGISTER32bit:inst1|REGISTER8bit:inst23|inst20                                                       ; CLOCK        ; CLOCK       ; -0.500       ; 1.830      ; 1.210      ;
; -0.272 ; CPU:inst1|DATAPATH:inst13|BANK:inst|MDR:inst1|inst13                                         ; CPU:inst1|DATAPATH:inst13|BANK:inst|MDR:inst1|REGISTER32bit:inst1|REGISTER8bit:inst23|inst                                                         ; CLOCK        ; CLOCK       ; -0.500       ; 1.830      ; 1.210      ;
; -0.272 ; CPU:inst1|DATAPATH:inst13|BANK:inst|MDR:inst1|inst13                                         ; CPU:inst1|DATAPATH:inst13|BANK:inst|MDR:inst1|REGISTER32bit:inst1|REGISTER8bit:inst23|inst28                                                       ; CLOCK        ; CLOCK       ; -0.500       ; 1.830      ; 1.210      ;
; -0.272 ; CPU:inst1|DATAPATH:inst13|BANK:inst|MDR:inst1|inst13                                         ; CPU:inst1|DATAPATH:inst13|BANK:inst|MDR:inst1|REGISTER32bit:inst1|REGISTER8bit:inst22|inst20                                                       ; CLOCK        ; CLOCK       ; -0.500       ; 1.830      ; 1.210      ;
; -0.262 ; CPU:inst1|DATAPATH:inst13|BANK:inst|MDR:inst1|inst13                                         ; CPU:inst1|DATAPATH:inst13|BANK:inst|MDR:inst1|REGISTER32bit:inst1|REGISTER8bit:inst|inst5                                                          ; CLOCK        ; CLOCK       ; -0.500       ; 1.831      ; 1.221      ;
; -0.262 ; CPU:inst1|DATAPATH:inst13|BANK:inst|MDR:inst1|inst13                                         ; CPU:inst1|DATAPATH:inst13|BANK:inst|MDR:inst1|REGISTER32bit:inst1|REGISTER8bit:inst|inst                                                           ; CLOCK        ; CLOCK       ; -0.500       ; 1.831      ; 1.221      ;
; -0.147 ; CPU:inst1|DATAPATH:inst13|BANK:inst|MDR:inst1|inst13                                         ; CPU:inst1|DATAPATH:inst13|BANK:inst|MDR:inst1|REGISTER32bit:inst1|REGISTER8bit:inst22|inst5                                                        ; CLOCK        ; CLOCK       ; -0.500       ; 1.836      ; 1.341      ;
; -0.147 ; CPU:inst1|DATAPATH:inst13|BANK:inst|MDR:inst1|inst13                                         ; CPU:inst1|DATAPATH:inst13|BANK:inst|MDR:inst1|REGISTER32bit:inst1|REGISTER8bit:inst22|inst                                                         ; CLOCK        ; CLOCK       ; -0.500       ; 1.831      ; 1.336      ;
; -0.147 ; CPU:inst1|DATAPATH:inst13|BANK:inst|MDR:inst1|inst13                                         ; CPU:inst1|DATAPATH:inst13|BANK:inst|MDR:inst1|REGISTER32bit:inst1|REGISTER8bit:inst20|inst                                                         ; CLOCK        ; CLOCK       ; -0.500       ; 1.836      ; 1.341      ;
; 0.029  ; CPU:inst1|DATAPATH:inst13|BANK:inst|MBR:inst9|REGISTER32bit:inst1|REGISTER8bit:inst|inst16   ; CPU:inst1|DATAPATH:inst13|BANK:inst|MDR:inst1|REGISTER32bit:inst1|REGISTER8bit:inst|inst16                                                         ; CLOCK        ; CLOCK       ; 0.000        ; 0.889      ; 1.070      ;
; 0.228  ; CPU:inst1|DATAPATH:inst13|BANK:inst|MBR:inst9|REGISTER32bit:inst1|REGISTER8bit:inst|inst8    ; CPU:inst1|DATAPATH:inst13|BANK:inst|SP:inst3|REGISTER32bit:inst1|REGISTER8bit:inst|inst5                                                           ; CLOCK        ; CLOCK       ; 0.000        ; 0.792      ; 1.172      ;
; 0.338  ; CPU:inst1|DATAPATH:inst13|BANK:inst|MBR:inst9|REGISTER32bit:inst1|REGISTER8bit:inst|inst16   ; CPU:inst1|DATAPATH:inst13|BANK:inst|H:inst8|REGISTER32bit:inst1|REGISTER8bit:inst|inst16                                                           ; CLOCK        ; CLOCK       ; 0.000        ; 0.892      ; 1.382      ;
; 0.343  ; CPU:inst1|DATAPATH:inst13|BANK:inst|OPC:inst7|REGISTER32bit:inst1|REGISTER8bit:inst20|inst20 ; CPU:inst1|DATAPATH:inst13|BANK:inst|MDR:inst1|REGISTER32bit:inst1|REGISTER8bit:inst20|inst20                                                       ; CLOCK        ; CLOCK       ; 0.000        ; 0.938      ; 1.433      ;
; 0.382  ; CPU:inst1|DATAPATH:inst13|BANK:inst|MBR:inst9|REGISTER32bit:inst1|REGISTER8bit:inst|inst16   ; CPU:inst1|DATAPATH:inst13|BANK:inst|MAR:inst|REGISTER32bit:inst1|REGISTER8bit:inst|inst12                                                          ; CLOCK        ; CLOCK       ; 0.000        ; 0.611      ; 1.145      ;
; 0.415  ; CPU:inst1|DATAPATH:inst13|BANK:inst|MBR:inst9|REGISTER32bit:inst1|REGISTER8bit:inst|inst16   ; CPU:inst1|DATAPATH:inst13|BANK:inst|TOS:inst6|REGISTER32bit:inst1|REGISTER8bit:inst|inst16                                                         ; CLOCK        ; CLOCK       ; 0.000        ; 0.823      ; 1.390      ;
; 0.462  ; CPU:inst1|DATAPATH:inst13|BANK:inst|MBR:inst9|REGISTER32bit:inst1|REGISTER8bit:inst|inst16   ; CPU:inst1|DATAPATH:inst13|BANK:inst|H:inst8|REGISTER32bit:inst1|REGISTER8bit:inst|inst12                                                           ; CLOCK        ; CLOCK       ; 0.000        ; 0.886      ; 1.500      ;
; 0.466  ; CPU:inst1|DATAPATH:inst13|BANK:inst|OPC:inst7|REGISTER32bit:inst1|REGISTER8bit:inst23|inst   ; CPU:inst1|DATAPATH:inst13|BANK:inst|H:inst8|REGISTER32bit:inst1|REGISTER8bit:inst23|inst5                                                          ; CLOCK        ; CLOCK       ; 0.000        ; 0.930      ; 1.548      ;
; 0.493  ; CPU:inst1|DATAPATH:inst13|BANK:inst|MBR:inst9|REGISTER32bit:inst1|REGISTER8bit:inst|inst16   ; CPU:inst1|DATAPATH:inst13|BANK:inst|TOS:inst6|REGISTER32bit:inst1|REGISTER8bit:inst|inst12                                                         ; CLOCK        ; CLOCK       ; 0.000        ; 0.823      ; 1.468      ;
; 0.501  ; CPU:inst1|DATAPATH:inst13|BANK:inst|MBR:inst9|REGISTER32bit:inst1|REGISTER8bit:inst|inst16   ; CPU:inst1|DATAPATH:inst13|BANK:inst|MDR:inst1|REGISTER32bit:inst1|REGISTER8bit:inst|inst12                                                         ; CLOCK        ; CLOCK       ; 0.000        ; 0.872      ; 1.525      ;
; 0.509  ; CPU:inst1|DATAPATH:inst13|BANK:inst|OPC:inst7|REGISTER32bit:inst1|REGISTER8bit:inst|inst16   ; CPU:inst1|DATAPATH:inst13|BANK:inst|MDR:inst1|REGISTER32bit:inst1|REGISTER8bit:inst|inst16                                                         ; CLOCK        ; CLOCK       ; 0.000        ; 0.933      ; 1.594      ;
; 0.529  ; CPU:inst1|DATAPATH:inst13|BANK:inst|MBR:inst9|REGISTER32bit:inst1|REGISTER8bit:inst|inst24   ; CPU:inst1|DATAPATH:inst13|BANK:inst|SP:inst3|REGISTER32bit:inst1|REGISTER8bit:inst|inst20                                                          ; CLOCK        ; CLOCK       ; 0.000        ; 0.786      ; 1.467      ;
; 0.544  ; CPU:inst1|DATAPATH:inst13|BANK:inst|MBR:inst9|REGISTER32bit:inst1|REGISTER8bit:inst|inst16   ; CPU:inst1|DATAPATH:inst13|BANK:inst|MDR:inst1|REGISTER32bit:inst1|REGISTER8bit:inst20|inst16                                                       ; CLOCK        ; CLOCK       ; 0.000        ; 0.896      ; 1.592      ;
; 0.585  ; CPU:inst1|DATAPATH:inst13|BANK:inst|MBR:inst9|REGISTER32bit:inst1|REGISTER8bit:inst|inst8    ; CPU:inst1|DATAPATH:inst13|BANK:inst|SP:inst3|REGISTER32bit:inst1|REGISTER8bit:inst|inst8                                                           ; CLOCK        ; CLOCK       ; 0.000        ; 0.792      ; 1.529      ;
; 0.586  ; CPU:inst1|DATAPATH:inst13|BANK:inst|MBR:inst9|REGISTER32bit:inst1|REGISTER8bit:inst|inst16   ; CPU:inst1|DATAPATH:inst13|BANK:inst|LV:inst4|REGISTER32bit:inst1|REGISTER8bit:inst|inst16                                                          ; CLOCK        ; CLOCK       ; 0.000        ; 0.796      ; 1.534      ;
; 0.592  ; CPU:inst1|DATAPATH:inst13|BANK:inst|MBR:inst9|REGISTER32bit:inst1|REGISTER8bit:inst|inst     ; CPU:inst1|DATAPATH:inst13|BANK:inst|SP:inst3|REGISTER32bit:inst1|REGISTER8bit:inst|inst5                                                           ; CLOCK        ; CLOCK       ; 0.000        ; 0.779      ; 1.523      ;
; 0.604  ; CPU:inst1|DATAPATH:inst13|BANK:inst|MBR:inst9|REGISTER32bit:inst1|REGISTER8bit:inst|inst12   ; CPU:inst1|DATAPATH:inst13|BANK:inst|MDR:inst1|REGISTER32bit:inst1|REGISTER8bit:inst|inst16                                                         ; CLOCK        ; CLOCK       ; 0.000        ; 0.895      ; 1.651      ;
; 0.622  ; CPU:inst1|DATAPATH:inst13|BANK:inst|OPC:inst7|REGISTER32bit:inst1|REGISTER8bit:inst20|inst20 ; CPU:inst1|DATAPATH:inst13|BANK:inst|MDR:inst1|REGISTER32bit:inst1|REGISTER8bit:inst20|inst16                                                       ; CLOCK        ; CLOCK       ; 0.000        ; 0.938      ; 1.712      ;
; 0.630  ; CPU:inst1|DATAPATH:inst13|BANK:inst|MBR:inst9|REGISTER32bit:inst1|REGISTER8bit:inst|inst16   ; CPU:inst1|DATAPATH:inst13|BANK:inst|CPP:inst5|REGISTER32bit:inst1|REGISTER8bit:inst|inst16                                                         ; CLOCK        ; CLOCK       ; 0.000        ; 0.715      ; 1.497      ;
; 0.635  ; CPU:inst1|DATAPATH:inst13|BANK:inst|MBR:inst9|REGISTER32bit:inst1|REGISTER8bit:inst|inst16   ; CPU:inst1|DATAPATH:inst13|BANK:inst|MAR:inst|REGISTER32bit:inst1|REGISTER8bit:inst|inst16                                                          ; CLOCK        ; CLOCK       ; 0.000        ; 0.600      ; 1.387      ;
; 0.668  ; CPU:inst1|DATAPATH:inst13|BANK:inst|MBR:inst9|REGISTER32bit:inst1|REGISTER8bit:inst|inst24   ; CPU:inst1|DATAPATH:inst13|BANK:inst|TOS:inst6|REGISTER32bit:inst1|REGISTER8bit:inst|inst24                                                         ; CLOCK        ; CLOCK       ; 0.000        ; 0.816      ; 1.636      ;
; 0.680  ; CPU:inst1|DATAPATH:inst13|BANK:inst|OPC:inst7|REGISTER32bit:inst1|REGISTER8bit:inst20|inst20 ; CPU:inst1|DATAPATH:inst13|BANK:inst|LV:inst4|REGISTER32bit:inst1|REGISTER8bit:inst22|inst20                                                        ; CLOCK        ; CLOCK       ; 0.000        ; 0.846      ; 1.678      ;
; 0.693  ; CPU:inst1|DATAPATH:inst13|BANK:inst|MBR:inst9|REGISTER32bit:inst42|REGISTER8bit:inst|inst16  ; CPU:inst1|DATAPATH:inst13|BANK:inst|MDR:inst1|REGISTER32bit:inst1|REGISTER8bit:inst|inst16                                                         ; CLOCK        ; CLOCK       ; 0.000        ; 0.926      ; 1.771      ;
; 0.716  ; CPU:inst1|DATAPATH:inst13|BANK:inst|MBR:inst9|REGISTER32bit:inst1|REGISTER8bit:inst|inst5    ; CPU:inst1|DATAPATH:inst13|BANK:inst|SP:inst3|REGISTER32bit:inst1|REGISTER8bit:inst|inst5                                                           ; CLOCK        ; CLOCK       ; 0.000        ; 0.779      ; 1.647      ;
; 0.719  ; CPU:inst1|DATAPATH:inst13|BANK:inst|MBR:inst9|REGISTER32bit:inst1|REGISTER8bit:inst|inst16   ; CPU:inst1|DATAPATH:inst13|BANK:inst|SP:inst3|REGISTER32bit:inst1|REGISTER8bit:inst|inst16                                                          ; CLOCK        ; CLOCK       ; 0.000        ; 0.785      ; 1.656      ;
; 0.719  ; CPU:inst1|DATAPATH:inst13|BANK:inst|MBR:inst9|REGISTER32bit:inst1|REGISTER8bit:inst|inst24   ; CPU:inst1|DATAPATH:inst13|BANK:inst|MAR:inst|REGISTER32bit:inst1|REGISTER8bit:inst|inst24                                                          ; CLOCK        ; CLOCK       ; 0.000        ; 0.611      ; 1.482      ;
; 0.731  ; CPU:inst1|DATAPATH:inst13|BANK:inst|MBR:inst9|REGISTER32bit:inst1|REGISTER8bit:inst|inst8    ; CPU:inst1|DATAPATH:inst13|BANK:inst|PC:inst2|REGISTER32bit:inst1|REGISTER8bit:inst|inst5                                                           ; CLOCK        ; CLOCK       ; 0.000        ; 0.640      ; 1.523      ;
; 0.734  ; CPU:inst1|DATAPATH:inst13|BANK:inst|MBR:inst9|REGISTER32bit:inst1|REGISTER8bit:inst|inst8    ; CPU:inst1|DATAPATH:inst13|BANK:inst|PC:inst2|REGISTER32bit:inst1|REGISTER8bit:inst|inst8                                                           ; CLOCK        ; CLOCK       ; 0.000        ; 0.640      ; 1.526      ;
; 0.749  ; CPU:inst1|DATAPATH:inst13|BANK:inst|MBR:inst9|REGISTER32bit:inst1|REGISTER8bit:inst|inst24   ; CPU:inst1|DATAPATH:inst13|BANK:inst|MDR:inst1|REGISTER32bit:inst1|REGISTER8bit:inst|inst24                                                         ; CLOCK        ; CLOCK       ; 0.000        ; 0.872      ; 1.773      ;
; 0.751  ; CPU:inst1|DATAPATH:inst13|BANK:inst|OPC:inst7|REGISTER32bit:inst1|REGISTER8bit:inst22|inst16 ; CPU:inst1|DATAPATH:inst13|BANK:inst|TOS:inst6|REGISTER32bit:inst1|REGISTER8bit:inst22|inst12                                                       ; CLOCK        ; CLOCK       ; 0.000        ; 0.867      ; 1.770      ;
; 0.754  ; CPU:inst1|DATAPATH:inst13|BANK:inst|OPC:inst7|REGISTER32bit:inst1|REGISTER8bit:inst20|inst20 ; CPU:inst1|DATAPATH:inst13|BANK:inst|H:inst8|REGISTER32bit:inst1|REGISTER8bit:inst20|inst20                                                         ; CLOCK        ; CLOCK       ; 0.000        ; 0.935      ; 1.841      ;
; 0.775  ; CPU:inst1|DATAPATH:inst13|BANK:inst|MBR:inst9|REGISTER32bit:inst1|REGISTER8bit:inst|inst16   ; CPU:inst1|DATAPATH:inst13|BANK:inst|CPP:inst5|REGISTER32bit:inst1|REGISTER8bit:inst|inst12                                                         ; CLOCK        ; CLOCK       ; 0.000        ; 0.715      ; 1.642      ;
; 0.781  ; CPU:inst1|DATAPATH:inst13|BANK:inst|MBR:inst9|REGISTER32bit:inst1|REGISTER8bit:inst|inst8    ; CPU:inst1|DATAPATH:inst13|BANK:inst|TOS:inst6|REGISTER32bit:inst1|REGISTER8bit:inst|inst8                                                          ; CLOCK        ; CLOCK       ; 0.000        ; 0.824      ; 1.757      ;
; 0.786  ; CPU:inst1|DATAPATH:inst13|BANK:inst|OPC:inst7|REGISTER32bit:inst1|REGISTER8bit:inst23|inst24 ; CPU:inst1|DATAPATH:inst13|BANK:inst|LV:inst4|REGISTER32bit:inst1|REGISTER8bit:inst23|inst20                                                        ; CLOCK        ; CLOCK       ; 0.000        ; 0.845      ; 1.783      ;
; 0.787  ; CPU:inst1|DATAPATH:inst13|BANK:inst|MBR:inst9|REGISTER32bit:inst1|REGISTER8bit:inst|inst8    ; CPU:inst1|DATAPATH:inst13|BANK:inst|MDR:inst1|REGISTER32bit:inst1|REGISTER8bit:inst|inst8                                                          ; CLOCK        ; CLOCK       ; 0.000        ; 0.878      ; 1.817      ;
; 0.793  ; CPU:inst1|DATAPATH:inst13|BANK:inst|MBR:inst9|REGISTER32bit:inst1|REGISTER8bit:inst|inst24   ; CPU:inst1|DATAPATH:inst13|BANK:inst|CPP:inst5|REGISTER32bit:inst1|REGISTER8bit:inst|inst24                                                         ; CLOCK        ; CLOCK       ; 0.000        ; 0.711      ; 1.656      ;
; 0.798  ; CPU:inst1|DATAPATH:inst13|BANK:inst|MBR:inst9|REGISTER32bit:inst42|REGISTER8bit:inst|inst8   ; CPU:inst1|DATAPATH:inst13|BANK:inst|SP:inst3|REGISTER32bit:inst1|REGISTER8bit:inst|inst5                                                           ; CLOCK        ; CLOCK       ; 0.000        ; 0.823      ; 1.773      ;
; 0.812  ; CPU:inst1|DATAPATH:inst13|BANK:inst|MBR:inst9|REGISTER32bit:inst1|REGISTER8bit:inst|inst16   ; CPU:inst1|DATAPATH:inst13|BANK:inst|LV:inst4|REGISTER32bit:inst1|REGISTER8bit:inst|inst12                                                          ; CLOCK        ; CLOCK       ; 0.000        ; 0.790      ; 1.754      ;
; 0.818  ; CPU:inst1|DATAPATH:inst13|BANK:inst|OPC:inst7|REGISTER32bit:inst1|REGISTER8bit:inst|inst16   ; CPU:inst1|DATAPATH:inst13|BANK:inst|H:inst8|REGISTER32bit:inst1|REGISTER8bit:inst|inst16                                                           ; CLOCK        ; CLOCK       ; 0.000        ; 0.936      ; 1.906      ;
; 0.822  ; CPU:inst1|DATAPATH:inst13|BANK:inst|MBR:inst9|REGISTER32bit:inst1|REGISTER8bit:inst|inst8    ; CPU:inst1|DATAPATH:inst13|BANK:inst|MDR:inst1|REGISTER32bit:inst1|REGISTER8bit:inst|inst5                                                          ; CLOCK        ; CLOCK       ; 0.000        ; 0.878      ; 1.852      ;
; 0.833  ; CPU:inst1|DATAPATH:inst13|BANK:inst|OPC:inst7|REGISTER32bit:inst1|REGISTER8bit:inst20|inst20 ; CPU:inst1|DATAPATH:inst13|BANK:inst|LV:inst4|REGISTER32bit:inst1|REGISTER8bit:inst20|inst20                                                        ; CLOCK        ; CLOCK       ; 0.000        ; 0.846      ; 1.831      ;
; 0.847  ; CPU:inst1|DATAPATH:inst13|BANK:inst|OPC:inst7|REGISTER32bit:inst1|REGISTER8bit:inst22|inst16 ; CPU:inst1|DATAPATH:inst13|BANK:inst|MDR:inst1|REGISTER32bit:inst1|REGISTER8bit:inst22|inst12                                                       ; CLOCK        ; CLOCK       ; 0.000        ; 0.936      ; 1.935      ;
; 0.862  ; CPU:inst1|DATAPATH:inst13|BANK:inst|OPC:inst7|REGISTER32bit:inst1|REGISTER8bit:inst|inst16   ; CPU:inst1|DATAPATH:inst13|BANK:inst|MAR:inst|REGISTER32bit:inst1|REGISTER8bit:inst|inst12                                                          ; CLOCK        ; CLOCK       ; 0.000        ; 0.655      ; 1.669      ;
; 0.870  ; CPU:inst1|DATAPATH:inst13|BANK:inst|OPC:inst7|REGISTER32bit:inst1|REGISTER8bit:inst23|inst   ; CPU:inst1|DATAPATH:inst13|BANK:inst|MDR:inst1|REGISTER32bit:inst1|REGISTER8bit:inst23|inst5                                                        ; CLOCK        ; CLOCK       ; 0.000        ; 0.925      ; 1.947      ;
; 0.871  ; CPU:inst1|DATAPATH:inst13|BANK:inst|MBR:inst9|REGISTER32bit:inst1|REGISTER8bit:inst|inst16   ; CPU:inst1|DATAPATH:inst13|BANK:inst|PC:inst2|REGISTER32bit:inst1|REGISTER8bit:inst|inst16                                                          ; CLOCK        ; CLOCK       ; 0.000        ; 0.634      ; 1.657      ;
; 0.872  ; CPU:inst1|DATAPATH:inst13|BANK:inst|OPC:inst7|REGISTER32bit:inst1|REGISTER8bit:inst20|inst16 ; CPU:inst1|DATAPATH:inst13|BANK:inst|MDR:inst1|REGISTER32bit:inst1|REGISTER8bit:inst20|inst20                                                       ; CLOCK        ; CLOCK       ; 0.000        ; 0.940      ; 1.964      ;
; 0.877  ; CPU:inst1|DATAPATH:inst13|BANK:inst|OPC:inst7|REGISTER32bit:inst1|REGISTER8bit:inst22|inst8  ; CPU:inst1|DATAPATH:inst13|BANK:inst|TOS:inst6|REGISTER32bit:inst1|REGISTER8bit:inst22|inst8                                                        ; CLOCK        ; CLOCK       ; 0.000        ; 0.873      ; 1.902      ;
; 0.883  ; CPU:inst1|DATAPATH:inst13|BANK:inst|OPC:inst7|REGISTER32bit:inst1|REGISTER8bit:inst22|inst5  ; CPU:inst1|DATAPATH:inst13|BANK:inst|TOS:inst6|REGISTER32bit:inst1|REGISTER8bit:inst22|inst8                                                        ; CLOCK        ; CLOCK       ; 0.000        ; 0.873      ; 1.908      ;
; 0.895  ; CPU:inst1|DATAPATH:inst13|BANK:inst|OPC:inst7|REGISTER32bit:inst1|REGISTER8bit:inst|inst16   ; CPU:inst1|DATAPATH:inst13|BANK:inst|TOS:inst6|REGISTER32bit:inst1|REGISTER8bit:inst|inst16                                                         ; CLOCK        ; CLOCK       ; 0.000        ; 0.867      ; 1.914      ;
; 0.902  ; CPU:inst1|DATAPATH:inst13|BANK:inst|MBR:inst9|REGISTER32bit:inst1|REGISTER8bit:inst|inst     ; CPU:inst1|DATAPATH:inst13|BANK:inst|MDR:inst1|REGISTER32bit:inst1|REGISTER8bit:inst|inst16                                                         ; CLOCK        ; CLOCK       ; 0.000        ; 0.882      ; 1.936      ;
; 0.904  ; CPU:inst1|DATAPATH:inst13|BANK:inst|OPC:inst7|REGISTER32bit:inst1|REGISTER8bit:inst23|inst24 ; CPU:inst1|DATAPATH:inst13|BANK:inst|PC:inst2|REGISTER32bit:inst1|REGISTER8bit:inst23|inst24                                                        ; CLOCK        ; CLOCK       ; 0.000        ; 0.658      ; 1.714      ;
; 0.909  ; CPU:inst1|DATAPATH:inst13|BANK:inst|OPC:inst7|REGISTER32bit:inst1|REGISTER8bit:inst22|inst   ; CPU:inst1|DATAPATH:inst13|BANK:inst|TOS:inst6|REGISTER32bit:inst1|REGISTER8bit:inst22|inst8                                                        ; CLOCK        ; CLOCK       ; 0.000        ; 0.873      ; 1.934      ;
; 0.913  ; CPU:inst1|DATAPATH:inst13|BANK:inst|MBR:inst9|REGISTER32bit:inst1|REGISTER8bit:inst|inst12   ; CPU:inst1|DATAPATH:inst13|BANK:inst|H:inst8|REGISTER32bit:inst1|REGISTER8bit:inst|inst16                                                           ; CLOCK        ; CLOCK       ; 0.000        ; 0.898      ; 1.963      ;
; 0.913  ; CPU:inst1|DATAPATH:inst13|BANK:inst|OPC:inst7|REGISTER32bit:inst1|REGISTER8bit:inst22|inst16 ; CPU:inst1|DATAPATH:inst13|BANK:inst|LV:inst4|REGISTER32bit:inst1|REGISTER8bit:inst22|inst20                                                        ; CLOCK        ; CLOCK       ; 0.000        ; 0.846      ; 1.911      ;
; 0.914  ; CPU:inst1|DATAPATH:inst13|BANK:inst|MBR:inst9|REGISTER32bit:inst42|REGISTER8bit:inst|inst28  ; CPU:inst1|DATAPATH:inst13|BANK:inst|TOS:inst6|REGISTER32bit:inst1|REGISTER8bit:inst|inst24                                                         ; CLOCK        ; CLOCK       ; 0.000        ; 0.865      ; 1.931      ;
; 0.918  ; CPU:inst1|DATAPATH:inst13|BANK:inst|OPC:inst7|REGISTER32bit:inst1|REGISTER8bit:inst23|inst   ; CPU:inst1|DATAPATH:inst13|BANK:inst|LV:inst4|REGISTER32bit:inst1|REGISTER8bit:inst23|inst                                                          ; CLOCK        ; CLOCK       ; 0.000        ; 0.830      ; 1.900      ;
; 0.921  ; CPU:inst1|DATAPATH:inst13|BANK:inst|MBR:inst9|REGISTER32bit:inst1|REGISTER8bit:inst|inst24   ; CPU:inst1|DATAPATH:inst13|BANK:inst|H:inst8|REGISTER32bit:inst1|REGISTER8bit:inst|inst24                                                           ; CLOCK        ; CLOCK       ; 0.000        ; 0.892      ; 1.965      ;
; 0.923  ; CPU:inst1|CONTROL_UNIT:inst|mpc_generator:inst1|inst2[7]                                     ; CPU:inst1|CONTROL_UNIT:inst|mc_compiler:inst123132|altsyncram:altsyncram_component|altsyncram_c881:auto_generated|ram_block1a16~porta_address_reg7 ; CLOCK        ; CLOCK       ; -0.500       ; 0.066      ; 0.627      ;
; 0.924  ; CPU:inst1|CONTROL_UNIT:inst|mpc_generator:inst1|inst2[4]                                     ; CPU:inst1|CONTROL_UNIT:inst|mc_compiler:inst123132|altsyncram:altsyncram_component|altsyncram_c881:auto_generated|ram_block1a16~porta_address_reg4 ; CLOCK        ; CLOCK       ; -0.500       ; 0.066      ; 0.628      ;
; 0.926  ; CPU:inst1|DATAPATH:inst13|BANK:inst|MBR:inst9|REGISTER32bit:inst1|REGISTER8bit:inst|inst8    ; CPU:inst1|DATAPATH:inst13|BANK:inst|LV:inst4|REGISTER32bit:inst1|REGISTER8bit:inst|inst8                                                           ; CLOCK        ; CLOCK       ; 0.000        ; 0.802      ; 1.880      ;
; 0.926  ; CPU:inst1|CONTROL_UNIT:inst|mpc_generator:inst1|inst2[3]                                     ; CPU:inst1|CONTROL_UNIT:inst|mc_compiler:inst123132|altsyncram:altsyncram_component|altsyncram_c881:auto_generated|ram_block1a16~porta_address_reg3 ; CLOCK        ; CLOCK       ; -0.500       ; 0.066      ; 0.630      ;
; 0.932  ; CPU:inst1|DATAPATH:inst13|BANK:inst|MBR:inst9|REGISTER32bit:inst1|REGISTER8bit:inst|inst8    ; CPU:inst1|DATAPATH:inst13|BANK:inst|MDR:inst1|REGISTER32bit:inst1|REGISTER8bit:inst|inst16                                                         ; CLOCK        ; CLOCK       ; 0.000        ; 0.895      ; 1.979      ;
; 0.933  ; CPU:inst1|DATAPATH:inst13|BANK:inst|MBR:inst9|REGISTER32bit:inst1|REGISTER8bit:inst|inst24   ; CPU:inst1|DATAPATH:inst13|BANK:inst|LV:inst4|REGISTER32bit:inst1|REGISTER8bit:inst|inst24                                                          ; CLOCK        ; CLOCK       ; 0.000        ; 0.790      ; 1.875      ;
; 0.934  ; CPU:inst1|CONTROL_UNIT:inst|mpc_generator:inst1|inst2[5]                                     ; CPU:inst1|CONTROL_UNIT:inst|mc_compiler:inst123132|altsyncram:altsyncram_component|altsyncram_c881:auto_generated|ram_block1a16~porta_address_reg5 ; CLOCK        ; CLOCK       ; -0.500       ; 0.066      ; 0.638      ;
; 0.934  ; CPU:inst1|CONTROL_UNIT:inst|mpc_generator:inst1|inst2[2]                                     ; CPU:inst1|CONTROL_UNIT:inst|mc_compiler:inst123132|altsyncram:altsyncram_component|altsyncram_c881:auto_generated|ram_block1a16~porta_address_reg2 ; CLOCK        ; CLOCK       ; -0.500       ; 0.066      ; 0.638      ;
; 0.936  ; CPU:inst1|DATAPATH:inst13|BANK:inst|MBR:inst9|REGISTER32bit:inst1|REGISTER8bit:inst|inst8    ; CPU:inst1|DATAPATH:inst13|BANK:inst|MAR:inst|REGISTER32bit:inst1|REGISTER8bit:inst|inst12                                                          ; CLOCK        ; CLOCK       ; 0.000        ; 0.617      ; 1.705      ;
; 0.936  ; CPU:inst1|CONTROL_UNIT:inst|mpc_generator:inst1|inst2[6]                                     ; CPU:inst1|CONTROL_UNIT:inst|mc_compiler:inst123132|altsyncram:altsyncram_component|altsyncram_c881:auto_generated|ram_block1a16~porta_address_reg6 ; CLOCK        ; CLOCK       ; -0.500       ; 0.066      ; 0.640      ;
; 0.942  ; CPU:inst1|DATAPATH:inst13|BANK:inst|OPC:inst7|REGISTER32bit:inst1|REGISTER8bit:inst|inst16   ; CPU:inst1|DATAPATH:inst13|BANK:inst|H:inst8|REGISTER32bit:inst1|REGISTER8bit:inst|inst12                                                           ; CLOCK        ; CLOCK       ; 0.000        ; 0.930      ; 2.024      ;
+--------+----------------------------------------------------------------------------------------------+----------------------------------------------------------------------------------------------------------------------------------------------------+--------------+-------------+--------------+------------+------------+


+-------------------------------------------------------------------------------------------------------------------------------------------------------------------------------------------+
; Fast Model Minimum Pulse Width: 'CLOCK'                                                                                                                                                   ;
+--------+--------------+----------------+------------------+-------+------------+----------------------------------------------------------------------------------------------------------+
; Slack  ; Actual Width ; Required Width ; Type             ; Clock ; Clock Edge ; Target                                                                                                   ;
+--------+--------------+----------------+------------------+-------+------------+----------------------------------------------------------------------------------------------------------+
; -2.000 ; 0.500        ; 2.500          ; High Pulse Width ; CLOCK ; Fall       ; RAM:inst|altsyncram:altsyncram_component|altsyncram_hcb2:auto_generated|ram_block1a0~porta_address_reg0  ;
; -2.000 ; 0.500        ; 2.500          ; Low Pulse Width  ; CLOCK ; Fall       ; RAM:inst|altsyncram:altsyncram_component|altsyncram_hcb2:auto_generated|ram_block1a0~porta_address_reg0  ;
; -2.000 ; 0.500        ; 2.500          ; High Pulse Width ; CLOCK ; Fall       ; RAM:inst|altsyncram:altsyncram_component|altsyncram_hcb2:auto_generated|ram_block1a0~porta_address_reg1  ;
; -2.000 ; 0.500        ; 2.500          ; Low Pulse Width  ; CLOCK ; Fall       ; RAM:inst|altsyncram:altsyncram_component|altsyncram_hcb2:auto_generated|ram_block1a0~porta_address_reg1  ;
; -2.000 ; 0.500        ; 2.500          ; High Pulse Width ; CLOCK ; Fall       ; RAM:inst|altsyncram:altsyncram_component|altsyncram_hcb2:auto_generated|ram_block1a0~porta_address_reg10 ;
; -2.000 ; 0.500        ; 2.500          ; Low Pulse Width  ; CLOCK ; Fall       ; RAM:inst|altsyncram:altsyncram_component|altsyncram_hcb2:auto_generated|ram_block1a0~porta_address_reg10 ;
; -2.000 ; 0.500        ; 2.500          ; High Pulse Width ; CLOCK ; Fall       ; RAM:inst|altsyncram:altsyncram_component|altsyncram_hcb2:auto_generated|ram_block1a0~porta_address_reg11 ;
; -2.000 ; 0.500        ; 2.500          ; Low Pulse Width  ; CLOCK ; Fall       ; RAM:inst|altsyncram:altsyncram_component|altsyncram_hcb2:auto_generated|ram_block1a0~porta_address_reg11 ;
; -2.000 ; 0.500        ; 2.500          ; High Pulse Width ; CLOCK ; Fall       ; RAM:inst|altsyncram:altsyncram_component|altsyncram_hcb2:auto_generated|ram_block1a0~porta_address_reg2  ;
; -2.000 ; 0.500        ; 2.500          ; Low Pulse Width  ; CLOCK ; Fall       ; RAM:inst|altsyncram:altsyncram_component|altsyncram_hcb2:auto_generated|ram_block1a0~porta_address_reg2  ;
; -2.000 ; 0.500        ; 2.500          ; High Pulse Width ; CLOCK ; Fall       ; RAM:inst|altsyncram:altsyncram_component|altsyncram_hcb2:auto_generated|ram_block1a0~porta_address_reg3  ;
; -2.000 ; 0.500        ; 2.500          ; Low Pulse Width  ; CLOCK ; Fall       ; RAM:inst|altsyncram:altsyncram_component|altsyncram_hcb2:auto_generated|ram_block1a0~porta_address_reg3  ;
; -2.000 ; 0.500        ; 2.500          ; High Pulse Width ; CLOCK ; Fall       ; RAM:inst|altsyncram:altsyncram_component|altsyncram_hcb2:auto_generated|ram_block1a0~porta_address_reg4  ;
; -2.000 ; 0.500        ; 2.500          ; Low Pulse Width  ; CLOCK ; Fall       ; RAM:inst|altsyncram:altsyncram_component|altsyncram_hcb2:auto_generated|ram_block1a0~porta_address_reg4  ;
; -2.000 ; 0.500        ; 2.500          ; High Pulse Width ; CLOCK ; Fall       ; RAM:inst|altsyncram:altsyncram_component|altsyncram_hcb2:auto_generated|ram_block1a0~porta_address_reg5  ;
; -2.000 ; 0.500        ; 2.500          ; Low Pulse Width  ; CLOCK ; Fall       ; RAM:inst|altsyncram:altsyncram_component|altsyncram_hcb2:auto_generated|ram_block1a0~porta_address_reg5  ;
; -2.000 ; 0.500        ; 2.500          ; High Pulse Width ; CLOCK ; Fall       ; RAM:inst|altsyncram:altsyncram_component|altsyncram_hcb2:auto_generated|ram_block1a0~porta_address_reg6  ;
; -2.000 ; 0.500        ; 2.500          ; Low Pulse Width  ; CLOCK ; Fall       ; RAM:inst|altsyncram:altsyncram_component|altsyncram_hcb2:auto_generated|ram_block1a0~porta_address_reg6  ;
; -2.000 ; 0.500        ; 2.500          ; High Pulse Width ; CLOCK ; Fall       ; RAM:inst|altsyncram:altsyncram_component|altsyncram_hcb2:auto_generated|ram_block1a0~porta_address_reg7  ;
; -2.000 ; 0.500        ; 2.500          ; Low Pulse Width  ; CLOCK ; Fall       ; RAM:inst|altsyncram:altsyncram_component|altsyncram_hcb2:auto_generated|ram_block1a0~porta_address_reg7  ;
; -2.000 ; 0.500        ; 2.500          ; High Pulse Width ; CLOCK ; Fall       ; RAM:inst|altsyncram:altsyncram_component|altsyncram_hcb2:auto_generated|ram_block1a0~porta_address_reg8  ;
; -2.000 ; 0.500        ; 2.500          ; Low Pulse Width  ; CLOCK ; Fall       ; RAM:inst|altsyncram:altsyncram_component|altsyncram_hcb2:auto_generated|ram_block1a0~porta_address_reg8  ;
; -2.000 ; 0.500        ; 2.500          ; High Pulse Width ; CLOCK ; Fall       ; RAM:inst|altsyncram:altsyncram_component|altsyncram_hcb2:auto_generated|ram_block1a0~porta_address_reg9  ;
; -2.000 ; 0.500        ; 2.500          ; Low Pulse Width  ; CLOCK ; Fall       ; RAM:inst|altsyncram:altsyncram_component|altsyncram_hcb2:auto_generated|ram_block1a0~porta_address_reg9  ;
; -2.000 ; 0.500        ; 2.500          ; High Pulse Width ; CLOCK ; Fall       ; RAM:inst|altsyncram:altsyncram_component|altsyncram_hcb2:auto_generated|ram_block1a0~porta_datain_reg0   ;
; -2.000 ; 0.500        ; 2.500          ; Low Pulse Width  ; CLOCK ; Fall       ; RAM:inst|altsyncram:altsyncram_component|altsyncram_hcb2:auto_generated|ram_block1a0~porta_datain_reg0   ;
; -2.000 ; 0.500        ; 2.500          ; High Pulse Width ; CLOCK ; Fall       ; RAM:inst|altsyncram:altsyncram_component|altsyncram_hcb2:auto_generated|ram_block1a0~porta_memory_reg0   ;
; -2.000 ; 0.500        ; 2.500          ; Low Pulse Width  ; CLOCK ; Fall       ; RAM:inst|altsyncram:altsyncram_component|altsyncram_hcb2:auto_generated|ram_block1a0~porta_memory_reg0   ;
; -2.000 ; 0.500        ; 2.500          ; High Pulse Width ; CLOCK ; Fall       ; RAM:inst|altsyncram:altsyncram_component|altsyncram_hcb2:auto_generated|ram_block1a0~portb_address_reg0  ;
; -2.000 ; 0.500        ; 2.500          ; Low Pulse Width  ; CLOCK ; Fall       ; RAM:inst|altsyncram:altsyncram_component|altsyncram_hcb2:auto_generated|ram_block1a0~portb_address_reg0  ;
; -2.000 ; 0.500        ; 2.500          ; High Pulse Width ; CLOCK ; Fall       ; RAM:inst|altsyncram:altsyncram_component|altsyncram_hcb2:auto_generated|ram_block1a0~portb_address_reg1  ;
; -2.000 ; 0.500        ; 2.500          ; Low Pulse Width  ; CLOCK ; Fall       ; RAM:inst|altsyncram:altsyncram_component|altsyncram_hcb2:auto_generated|ram_block1a0~portb_address_reg1  ;
; -2.000 ; 0.500        ; 2.500          ; High Pulse Width ; CLOCK ; Fall       ; RAM:inst|altsyncram:altsyncram_component|altsyncram_hcb2:auto_generated|ram_block1a0~portb_address_reg2  ;
; -2.000 ; 0.500        ; 2.500          ; Low Pulse Width  ; CLOCK ; Fall       ; RAM:inst|altsyncram:altsyncram_component|altsyncram_hcb2:auto_generated|ram_block1a0~portb_address_reg2  ;
; -2.000 ; 0.500        ; 2.500          ; High Pulse Width ; CLOCK ; Fall       ; RAM:inst|altsyncram:altsyncram_component|altsyncram_hcb2:auto_generated|ram_block1a0~portb_address_reg3  ;
; -2.000 ; 0.500        ; 2.500          ; Low Pulse Width  ; CLOCK ; Fall       ; RAM:inst|altsyncram:altsyncram_component|altsyncram_hcb2:auto_generated|ram_block1a0~portb_address_reg3  ;
; -2.000 ; 0.500        ; 2.500          ; High Pulse Width ; CLOCK ; Fall       ; RAM:inst|altsyncram:altsyncram_component|altsyncram_hcb2:auto_generated|ram_block1a0~portb_address_reg4  ;
; -2.000 ; 0.500        ; 2.500          ; Low Pulse Width  ; CLOCK ; Fall       ; RAM:inst|altsyncram:altsyncram_component|altsyncram_hcb2:auto_generated|ram_block1a0~portb_address_reg4  ;
; -2.000 ; 0.500        ; 2.500          ; High Pulse Width ; CLOCK ; Fall       ; RAM:inst|altsyncram:altsyncram_component|altsyncram_hcb2:auto_generated|ram_block1a0~portb_address_reg5  ;
; -2.000 ; 0.500        ; 2.500          ; Low Pulse Width  ; CLOCK ; Fall       ; RAM:inst|altsyncram:altsyncram_component|altsyncram_hcb2:auto_generated|ram_block1a0~portb_address_reg5  ;
; -2.000 ; 0.500        ; 2.500          ; High Pulse Width ; CLOCK ; Fall       ; RAM:inst|altsyncram:altsyncram_component|altsyncram_hcb2:auto_generated|ram_block1a0~portb_address_reg6  ;
; -2.000 ; 0.500        ; 2.500          ; Low Pulse Width  ; CLOCK ; Fall       ; RAM:inst|altsyncram:altsyncram_component|altsyncram_hcb2:auto_generated|ram_block1a0~portb_address_reg6  ;
; -2.000 ; 0.500        ; 2.500          ; High Pulse Width ; CLOCK ; Fall       ; RAM:inst|altsyncram:altsyncram_component|altsyncram_hcb2:auto_generated|ram_block1a0~portb_address_reg7  ;
; -2.000 ; 0.500        ; 2.500          ; Low Pulse Width  ; CLOCK ; Fall       ; RAM:inst|altsyncram:altsyncram_component|altsyncram_hcb2:auto_generated|ram_block1a0~portb_address_reg7  ;
; -2.000 ; 0.500        ; 2.500          ; High Pulse Width ; CLOCK ; Fall       ; RAM:inst|altsyncram:altsyncram_component|altsyncram_hcb2:auto_generated|ram_block1a0~portb_address_reg8  ;
; -2.000 ; 0.500        ; 2.500          ; Low Pulse Width  ; CLOCK ; Fall       ; RAM:inst|altsyncram:altsyncram_component|altsyncram_hcb2:auto_generated|ram_block1a0~portb_address_reg8  ;
; -2.000 ; 0.500        ; 2.500          ; High Pulse Width ; CLOCK ; Fall       ; RAM:inst|altsyncram:altsyncram_component|altsyncram_hcb2:auto_generated|ram_block1a0~portb_address_reg9  ;
; -2.000 ; 0.500        ; 2.500          ; Low Pulse Width  ; CLOCK ; Fall       ; RAM:inst|altsyncram:altsyncram_component|altsyncram_hcb2:auto_generated|ram_block1a0~portb_address_reg9  ;
; -2.000 ; 0.500        ; 2.500          ; High Pulse Width ; CLOCK ; Fall       ; RAM:inst|altsyncram:altsyncram_component|altsyncram_hcb2:auto_generated|ram_block1a0~portb_datain_reg0   ;
; -2.000 ; 0.500        ; 2.500          ; Low Pulse Width  ; CLOCK ; Fall       ; RAM:inst|altsyncram:altsyncram_component|altsyncram_hcb2:auto_generated|ram_block1a0~portb_datain_reg0   ;
; -2.000 ; 0.500        ; 2.500          ; High Pulse Width ; CLOCK ; Fall       ; RAM:inst|altsyncram:altsyncram_component|altsyncram_hcb2:auto_generated|ram_block1a0~portb_datain_reg1   ;
; -2.000 ; 0.500        ; 2.500          ; Low Pulse Width  ; CLOCK ; Fall       ; RAM:inst|altsyncram:altsyncram_component|altsyncram_hcb2:auto_generated|ram_block1a0~portb_datain_reg1   ;
; -2.000 ; 0.500        ; 2.500          ; High Pulse Width ; CLOCK ; Fall       ; RAM:inst|altsyncram:altsyncram_component|altsyncram_hcb2:auto_generated|ram_block1a0~portb_datain_reg2   ;
; -2.000 ; 0.500        ; 2.500          ; Low Pulse Width  ; CLOCK ; Fall       ; RAM:inst|altsyncram:altsyncram_component|altsyncram_hcb2:auto_generated|ram_block1a0~portb_datain_reg2   ;
; -2.000 ; 0.500        ; 2.500          ; High Pulse Width ; CLOCK ; Fall       ; RAM:inst|altsyncram:altsyncram_component|altsyncram_hcb2:auto_generated|ram_block1a0~portb_datain_reg3   ;
; -2.000 ; 0.500        ; 2.500          ; Low Pulse Width  ; CLOCK ; Fall       ; RAM:inst|altsyncram:altsyncram_component|altsyncram_hcb2:auto_generated|ram_block1a0~portb_datain_reg3   ;
; -2.000 ; 0.500        ; 2.500          ; High Pulse Width ; CLOCK ; Fall       ; RAM:inst|altsyncram:altsyncram_component|altsyncram_hcb2:auto_generated|ram_block1a0~portb_memory_reg0   ;
; -2.000 ; 0.500        ; 2.500          ; Low Pulse Width  ; CLOCK ; Fall       ; RAM:inst|altsyncram:altsyncram_component|altsyncram_hcb2:auto_generated|ram_block1a0~portb_memory_reg0   ;
; -2.000 ; 0.500        ; 2.500          ; High Pulse Width ; CLOCK ; Fall       ; RAM:inst|altsyncram:altsyncram_component|altsyncram_hcb2:auto_generated|ram_block1a0~portb_memory_reg1   ;
; -2.000 ; 0.500        ; 2.500          ; Low Pulse Width  ; CLOCK ; Fall       ; RAM:inst|altsyncram:altsyncram_component|altsyncram_hcb2:auto_generated|ram_block1a0~portb_memory_reg1   ;
; -2.000 ; 0.500        ; 2.500          ; High Pulse Width ; CLOCK ; Fall       ; RAM:inst|altsyncram:altsyncram_component|altsyncram_hcb2:auto_generated|ram_block1a0~portb_memory_reg2   ;
; -2.000 ; 0.500        ; 2.500          ; Low Pulse Width  ; CLOCK ; Fall       ; RAM:inst|altsyncram:altsyncram_component|altsyncram_hcb2:auto_generated|ram_block1a0~portb_memory_reg2   ;
; -2.000 ; 0.500        ; 2.500          ; High Pulse Width ; CLOCK ; Fall       ; RAM:inst|altsyncram:altsyncram_component|altsyncram_hcb2:auto_generated|ram_block1a0~portb_memory_reg3   ;
; -2.000 ; 0.500        ; 2.500          ; Low Pulse Width  ; CLOCK ; Fall       ; RAM:inst|altsyncram:altsyncram_component|altsyncram_hcb2:auto_generated|ram_block1a0~portb_memory_reg3   ;
; -2.000 ; 0.500        ; 2.500          ; High Pulse Width ; CLOCK ; Fall       ; RAM:inst|altsyncram:altsyncram_component|altsyncram_hcb2:auto_generated|ram_block1a0~portb_we_reg        ;
; -2.000 ; 0.500        ; 2.500          ; Low Pulse Width  ; CLOCK ; Fall       ; RAM:inst|altsyncram:altsyncram_component|altsyncram_hcb2:auto_generated|ram_block1a0~portb_we_reg        ;
; -2.000 ; 0.500        ; 2.500          ; High Pulse Width ; CLOCK ; Fall       ; RAM:inst|altsyncram:altsyncram_component|altsyncram_hcb2:auto_generated|ram_block1a1~porta_address_reg0  ;
; -2.000 ; 0.500        ; 2.500          ; Low Pulse Width  ; CLOCK ; Fall       ; RAM:inst|altsyncram:altsyncram_component|altsyncram_hcb2:auto_generated|ram_block1a1~porta_address_reg0  ;
; -2.000 ; 0.500        ; 2.500          ; High Pulse Width ; CLOCK ; Fall       ; RAM:inst|altsyncram:altsyncram_component|altsyncram_hcb2:auto_generated|ram_block1a1~porta_address_reg1  ;
; -2.000 ; 0.500        ; 2.500          ; Low Pulse Width  ; CLOCK ; Fall       ; RAM:inst|altsyncram:altsyncram_component|altsyncram_hcb2:auto_generated|ram_block1a1~porta_address_reg1  ;
; -2.000 ; 0.500        ; 2.500          ; High Pulse Width ; CLOCK ; Fall       ; RAM:inst|altsyncram:altsyncram_component|altsyncram_hcb2:auto_generated|ram_block1a1~porta_address_reg10 ;
; -2.000 ; 0.500        ; 2.500          ; Low Pulse Width  ; CLOCK ; Fall       ; RAM:inst|altsyncram:altsyncram_component|altsyncram_hcb2:auto_generated|ram_block1a1~porta_address_reg10 ;
; -2.000 ; 0.500        ; 2.500          ; High Pulse Width ; CLOCK ; Fall       ; RAM:inst|altsyncram:altsyncram_component|altsyncram_hcb2:auto_generated|ram_block1a1~porta_address_reg11 ;
; -2.000 ; 0.500        ; 2.500          ; Low Pulse Width  ; CLOCK ; Fall       ; RAM:inst|altsyncram:altsyncram_component|altsyncram_hcb2:auto_generated|ram_block1a1~porta_address_reg11 ;
; -2.000 ; 0.500        ; 2.500          ; High Pulse Width ; CLOCK ; Fall       ; RAM:inst|altsyncram:altsyncram_component|altsyncram_hcb2:auto_generated|ram_block1a1~porta_address_reg2  ;
; -2.000 ; 0.500        ; 2.500          ; Low Pulse Width  ; CLOCK ; Fall       ; RAM:inst|altsyncram:altsyncram_component|altsyncram_hcb2:auto_generated|ram_block1a1~porta_address_reg2  ;
; -2.000 ; 0.500        ; 2.500          ; High Pulse Width ; CLOCK ; Fall       ; RAM:inst|altsyncram:altsyncram_component|altsyncram_hcb2:auto_generated|ram_block1a1~porta_address_reg3  ;
; -2.000 ; 0.500        ; 2.500          ; Low Pulse Width  ; CLOCK ; Fall       ; RAM:inst|altsyncram:altsyncram_component|altsyncram_hcb2:auto_generated|ram_block1a1~porta_address_reg3  ;
; -2.000 ; 0.500        ; 2.500          ; High Pulse Width ; CLOCK ; Fall       ; RAM:inst|altsyncram:altsyncram_component|altsyncram_hcb2:auto_generated|ram_block1a1~porta_address_reg4  ;
; -2.000 ; 0.500        ; 2.500          ; Low Pulse Width  ; CLOCK ; Fall       ; RAM:inst|altsyncram:altsyncram_component|altsyncram_hcb2:auto_generated|ram_block1a1~porta_address_reg4  ;
; -2.000 ; 0.500        ; 2.500          ; High Pulse Width ; CLOCK ; Fall       ; RAM:inst|altsyncram:altsyncram_component|altsyncram_hcb2:auto_generated|ram_block1a1~porta_address_reg5  ;
; -2.000 ; 0.500        ; 2.500          ; Low Pulse Width  ; CLOCK ; Fall       ; RAM:inst|altsyncram:altsyncram_component|altsyncram_hcb2:auto_generated|ram_block1a1~porta_address_reg5  ;
; -2.000 ; 0.500        ; 2.500          ; High Pulse Width ; CLOCK ; Fall       ; RAM:inst|altsyncram:altsyncram_component|altsyncram_hcb2:auto_generated|ram_block1a1~porta_address_reg6  ;
; -2.000 ; 0.500        ; 2.500          ; Low Pulse Width  ; CLOCK ; Fall       ; RAM:inst|altsyncram:altsyncram_component|altsyncram_hcb2:auto_generated|ram_block1a1~porta_address_reg6  ;
; -2.000 ; 0.500        ; 2.500          ; High Pulse Width ; CLOCK ; Fall       ; RAM:inst|altsyncram:altsyncram_component|altsyncram_hcb2:auto_generated|ram_block1a1~porta_address_reg7  ;
; -2.000 ; 0.500        ; 2.500          ; Low Pulse Width  ; CLOCK ; Fall       ; RAM:inst|altsyncram:altsyncram_component|altsyncram_hcb2:auto_generated|ram_block1a1~porta_address_reg7  ;
; -2.000 ; 0.500        ; 2.500          ; High Pulse Width ; CLOCK ; Fall       ; RAM:inst|altsyncram:altsyncram_component|altsyncram_hcb2:auto_generated|ram_block1a1~porta_address_reg8  ;
; -2.000 ; 0.500        ; 2.500          ; Low Pulse Width  ; CLOCK ; Fall       ; RAM:inst|altsyncram:altsyncram_component|altsyncram_hcb2:auto_generated|ram_block1a1~porta_address_reg8  ;
; -2.000 ; 0.500        ; 2.500          ; High Pulse Width ; CLOCK ; Fall       ; RAM:inst|altsyncram:altsyncram_component|altsyncram_hcb2:auto_generated|ram_block1a1~porta_address_reg9  ;
; -2.000 ; 0.500        ; 2.500          ; Low Pulse Width  ; CLOCK ; Fall       ; RAM:inst|altsyncram:altsyncram_component|altsyncram_hcb2:auto_generated|ram_block1a1~porta_address_reg9  ;
; -2.000 ; 0.500        ; 2.500          ; High Pulse Width ; CLOCK ; Fall       ; RAM:inst|altsyncram:altsyncram_component|altsyncram_hcb2:auto_generated|ram_block1a1~porta_datain_reg0   ;
; -2.000 ; 0.500        ; 2.500          ; Low Pulse Width  ; CLOCK ; Fall       ; RAM:inst|altsyncram:altsyncram_component|altsyncram_hcb2:auto_generated|ram_block1a1~porta_datain_reg0   ;
; -2.000 ; 0.500        ; 2.500          ; High Pulse Width ; CLOCK ; Fall       ; RAM:inst|altsyncram:altsyncram_component|altsyncram_hcb2:auto_generated|ram_block1a1~porta_memory_reg0   ;
; -2.000 ; 0.500        ; 2.500          ; Low Pulse Width  ; CLOCK ; Fall       ; RAM:inst|altsyncram:altsyncram_component|altsyncram_hcb2:auto_generated|ram_block1a1~porta_memory_reg0   ;
; -2.000 ; 0.500        ; 2.500          ; High Pulse Width ; CLOCK ; Fall       ; RAM:inst|altsyncram:altsyncram_component|altsyncram_hcb2:auto_generated|ram_block1a1~portb_address_reg0  ;
; -2.000 ; 0.500        ; 2.500          ; Low Pulse Width  ; CLOCK ; Fall       ; RAM:inst|altsyncram:altsyncram_component|altsyncram_hcb2:auto_generated|ram_block1a1~portb_address_reg0  ;
; -2.000 ; 0.500        ; 2.500          ; High Pulse Width ; CLOCK ; Fall       ; RAM:inst|altsyncram:altsyncram_component|altsyncram_hcb2:auto_generated|ram_block1a1~portb_address_reg1  ;
; -2.000 ; 0.500        ; 2.500          ; Low Pulse Width  ; CLOCK ; Fall       ; RAM:inst|altsyncram:altsyncram_component|altsyncram_hcb2:auto_generated|ram_block1a1~portb_address_reg1  ;
; -2.000 ; 0.500        ; 2.500          ; High Pulse Width ; CLOCK ; Fall       ; RAM:inst|altsyncram:altsyncram_component|altsyncram_hcb2:auto_generated|ram_block1a1~portb_address_reg2  ;
; -2.000 ; 0.500        ; 2.500          ; Low Pulse Width  ; CLOCK ; Fall       ; RAM:inst|altsyncram:altsyncram_component|altsyncram_hcb2:auto_generated|ram_block1a1~portb_address_reg2  ;
+--------+--------------+----------------+------------------+-------+------------+----------------------------------------------------------------------------------------------------------+


+-------------------------------------------------------------------------------------+
; Clock to Output Times                                                               ;
+-----------------------+------------+--------+--------+------------+-----------------+
; Data Port             ; Clock Port ; Rise   ; Fall   ; Clock Edge ; Clock Reference ;
+-----------------------+------------+--------+--------+------------+-----------------+
; C_BUS[*]              ; CLOCK      ; 13.733 ; 13.733 ; Rise       ; CLOCK           ;
;  C_BUS[0]             ; CLOCK      ; 8.827  ; 8.827  ; Rise       ; CLOCK           ;
;  C_BUS[1]             ; CLOCK      ; 8.537  ; 8.537  ; Rise       ; CLOCK           ;
;  C_BUS[2]             ; CLOCK      ; 8.724  ; 8.724  ; Rise       ; CLOCK           ;
;  C_BUS[3]             ; CLOCK      ; 8.936  ; 8.936  ; Rise       ; CLOCK           ;
;  C_BUS[4]             ; CLOCK      ; 9.103  ; 9.103  ; Rise       ; CLOCK           ;
;  C_BUS[5]             ; CLOCK      ; 9.157  ; 9.157  ; Rise       ; CLOCK           ;
;  C_BUS[6]             ; CLOCK      ; 9.419  ; 9.419  ; Rise       ; CLOCK           ;
;  C_BUS[7]             ; CLOCK      ; 9.757  ; 9.757  ; Rise       ; CLOCK           ;
;  C_BUS[8]             ; CLOCK      ; 9.777  ; 9.777  ; Rise       ; CLOCK           ;
;  C_BUS[9]             ; CLOCK      ; 10.243 ; 10.243 ; Rise       ; CLOCK           ;
;  C_BUS[10]            ; CLOCK      ; 10.098 ; 10.098 ; Rise       ; CLOCK           ;
;  C_BUS[11]            ; CLOCK      ; 10.448 ; 10.448 ; Rise       ; CLOCK           ;
;  C_BUS[12]            ; CLOCK      ; 10.272 ; 10.272 ; Rise       ; CLOCK           ;
;  C_BUS[13]            ; CLOCK      ; 10.435 ; 10.435 ; Rise       ; CLOCK           ;
;  C_BUS[14]            ; CLOCK      ; 10.812 ; 10.812 ; Rise       ; CLOCK           ;
;  C_BUS[15]            ; CLOCK      ; 11.386 ; 11.386 ; Rise       ; CLOCK           ;
;  C_BUS[16]            ; CLOCK      ; 11.372 ; 11.372 ; Rise       ; CLOCK           ;
;  C_BUS[17]            ; CLOCK      ; 11.055 ; 11.055 ; Rise       ; CLOCK           ;
;  C_BUS[18]            ; CLOCK      ; 11.204 ; 11.204 ; Rise       ; CLOCK           ;
;  C_BUS[19]            ; CLOCK      ; 11.339 ; 11.339 ; Rise       ; CLOCK           ;
;  C_BUS[20]            ; CLOCK      ; 11.782 ; 11.782 ; Rise       ; CLOCK           ;
;  C_BUS[21]            ; CLOCK      ; 12.328 ; 12.328 ; Rise       ; CLOCK           ;
;  C_BUS[22]            ; CLOCK      ; 11.937 ; 11.937 ; Rise       ; CLOCK           ;
;  C_BUS[23]            ; CLOCK      ; 12.338 ; 12.338 ; Rise       ; CLOCK           ;
;  C_BUS[24]            ; CLOCK      ; 12.584 ; 12.584 ; Rise       ; CLOCK           ;
;  C_BUS[25]            ; CLOCK      ; 12.860 ; 12.860 ; Rise       ; CLOCK           ;
;  C_BUS[26]            ; CLOCK      ; 12.782 ; 12.782 ; Rise       ; CLOCK           ;
;  C_BUS[27]            ; CLOCK      ; 13.244 ; 13.244 ; Rise       ; CLOCK           ;
;  C_BUS[28]            ; CLOCK      ; 13.214 ; 13.214 ; Rise       ; CLOCK           ;
;  C_BUS[29]            ; CLOCK      ; 13.733 ; 13.733 ; Rise       ; CLOCK           ;
;  C_BUS[30]            ; CLOCK      ; 13.652 ; 13.652 ; Rise       ; CLOCK           ;
;  C_BUS[31]            ; CLOCK      ; 13.661 ; 13.661 ; Rise       ; CLOCK           ;
; DATA_MEM_ADDR[*]      ; CLOCK      ; 6.057  ; 6.057  ; Rise       ; CLOCK           ;
;  DATA_MEM_ADDR[0]     ; CLOCK      ; 5.461  ; 5.461  ; Rise       ; CLOCK           ;
;  DATA_MEM_ADDR[1]     ; CLOCK      ; 5.144  ; 5.144  ; Rise       ; CLOCK           ;
;  DATA_MEM_ADDR[2]     ; CLOCK      ; 5.310  ; 5.310  ; Rise       ; CLOCK           ;
;  DATA_MEM_ADDR[3]     ; CLOCK      ; 5.301  ; 5.301  ; Rise       ; CLOCK           ;
;  DATA_MEM_ADDR[4]     ; CLOCK      ; 5.187  ; 5.187  ; Rise       ; CLOCK           ;
;  DATA_MEM_ADDR[5]     ; CLOCK      ; 5.125  ; 5.125  ; Rise       ; CLOCK           ;
;  DATA_MEM_ADDR[6]     ; CLOCK      ; 5.504  ; 5.504  ; Rise       ; CLOCK           ;
;  DATA_MEM_ADDR[7]     ; CLOCK      ; 5.230  ; 5.230  ; Rise       ; CLOCK           ;
;  DATA_MEM_ADDR[8]     ; CLOCK      ; 5.491  ; 5.491  ; Rise       ; CLOCK           ;
;  DATA_MEM_ADDR[9]     ; CLOCK      ; 5.236  ; 5.236  ; Rise       ; CLOCK           ;
;  DATA_MEM_ADDR[10]    ; CLOCK      ; 5.080  ; 5.080  ; Rise       ; CLOCK           ;
;  DATA_MEM_ADDR[11]    ; CLOCK      ; 5.016  ; 5.016  ; Rise       ; CLOCK           ;
;  DATA_MEM_ADDR[12]    ; CLOCK      ; 5.526  ; 5.526  ; Rise       ; CLOCK           ;
;  DATA_MEM_ADDR[13]    ; CLOCK      ; 4.900  ; 4.900  ; Rise       ; CLOCK           ;
;  DATA_MEM_ADDR[14]    ; CLOCK      ; 5.411  ; 5.411  ; Rise       ; CLOCK           ;
;  DATA_MEM_ADDR[15]    ; CLOCK      ; 5.163  ; 5.163  ; Rise       ; CLOCK           ;
;  DATA_MEM_ADDR[16]    ; CLOCK      ; 5.167  ; 5.167  ; Rise       ; CLOCK           ;
;  DATA_MEM_ADDR[17]    ; CLOCK      ; 5.736  ; 5.736  ; Rise       ; CLOCK           ;
;  DATA_MEM_ADDR[18]    ; CLOCK      ; 5.277  ; 5.277  ; Rise       ; CLOCK           ;
;  DATA_MEM_ADDR[19]    ; CLOCK      ; 5.410  ; 5.410  ; Rise       ; CLOCK           ;
;  DATA_MEM_ADDR[20]    ; CLOCK      ; 5.600  ; 5.600  ; Rise       ; CLOCK           ;
;  DATA_MEM_ADDR[21]    ; CLOCK      ; 5.760  ; 5.760  ; Rise       ; CLOCK           ;
;  DATA_MEM_ADDR[22]    ; CLOCK      ; 5.565  ; 5.565  ; Rise       ; CLOCK           ;
;  DATA_MEM_ADDR[23]    ; CLOCK      ; 5.453  ; 5.453  ; Rise       ; CLOCK           ;
;  DATA_MEM_ADDR[24]    ; CLOCK      ; 5.353  ; 5.353  ; Rise       ; CLOCK           ;
;  DATA_MEM_ADDR[25]    ; CLOCK      ; 5.731  ; 5.731  ; Rise       ; CLOCK           ;
;  DATA_MEM_ADDR[26]    ; CLOCK      ; 6.057  ; 6.057  ; Rise       ; CLOCK           ;
;  DATA_MEM_ADDR[27]    ; CLOCK      ; 5.808  ; 5.808  ; Rise       ; CLOCK           ;
;  DATA_MEM_ADDR[28]    ; CLOCK      ; 5.383  ; 5.383  ; Rise       ; CLOCK           ;
;  DATA_MEM_ADDR[29]    ; CLOCK      ; 5.751  ; 5.751  ; Rise       ; CLOCK           ;
;  DATA_MEM_ADDR[30]    ; CLOCK      ; 5.794  ; 5.794  ; Rise       ; CLOCK           ;
;  DATA_MEM_ADDR[31]    ; CLOCK      ; 5.759  ; 5.759  ; Rise       ; CLOCK           ;
; DATA_MEM_OUT[*]       ; CLOCK      ; 6.388  ; 6.388  ; Rise       ; CLOCK           ;
;  DATA_MEM_OUT[0]      ; CLOCK      ; 5.585  ; 5.585  ; Rise       ; CLOCK           ;
;  DATA_MEM_OUT[1]      ; CLOCK      ; 5.693  ; 5.693  ; Rise       ; CLOCK           ;
;  DATA_MEM_OUT[2]      ; CLOCK      ; 5.802  ; 5.802  ; Rise       ; CLOCK           ;
;  DATA_MEM_OUT[3]      ; CLOCK      ; 5.557  ; 5.557  ; Rise       ; CLOCK           ;
;  DATA_MEM_OUT[4]      ; CLOCK      ; 5.976  ; 5.976  ; Rise       ; CLOCK           ;
;  DATA_MEM_OUT[5]      ; CLOCK      ; 5.678  ; 5.678  ; Rise       ; CLOCK           ;
;  DATA_MEM_OUT[6]      ; CLOCK      ; 5.817  ; 5.817  ; Rise       ; CLOCK           ;
;  DATA_MEM_OUT[7]      ; CLOCK      ; 5.623  ; 5.623  ; Rise       ; CLOCK           ;
;  DATA_MEM_OUT[8]      ; CLOCK      ; 5.607  ; 5.607  ; Rise       ; CLOCK           ;
;  DATA_MEM_OUT[9]      ; CLOCK      ; 6.262  ; 6.262  ; Rise       ; CLOCK           ;
;  DATA_MEM_OUT[10]     ; CLOCK      ; 6.036  ; 6.036  ; Rise       ; CLOCK           ;
;  DATA_MEM_OUT[11]     ; CLOCK      ; 6.169  ; 6.169  ; Rise       ; CLOCK           ;
;  DATA_MEM_OUT[12]     ; CLOCK      ; 5.877  ; 5.877  ; Rise       ; CLOCK           ;
;  DATA_MEM_OUT[13]     ; CLOCK      ; 5.773  ; 5.773  ; Rise       ; CLOCK           ;
;  DATA_MEM_OUT[14]     ; CLOCK      ; 5.986  ; 5.986  ; Rise       ; CLOCK           ;
;  DATA_MEM_OUT[15]     ; CLOCK      ; 5.831  ; 5.831  ; Rise       ; CLOCK           ;
;  DATA_MEM_OUT[16]     ; CLOCK      ; 5.609  ; 5.609  ; Rise       ; CLOCK           ;
;  DATA_MEM_OUT[17]     ; CLOCK      ; 5.648  ; 5.648  ; Rise       ; CLOCK           ;
;  DATA_MEM_OUT[18]     ; CLOCK      ; 5.818  ; 5.818  ; Rise       ; CLOCK           ;
;  DATA_MEM_OUT[19]     ; CLOCK      ; 6.021  ; 6.021  ; Rise       ; CLOCK           ;
;  DATA_MEM_OUT[20]     ; CLOCK      ; 5.922  ; 5.922  ; Rise       ; CLOCK           ;
;  DATA_MEM_OUT[21]     ; CLOCK      ; 5.982  ; 5.982  ; Rise       ; CLOCK           ;
;  DATA_MEM_OUT[22]     ; CLOCK      ; 5.636  ; 5.636  ; Rise       ; CLOCK           ;
;  DATA_MEM_OUT[23]     ; CLOCK      ; 6.388  ; 6.388  ; Rise       ; CLOCK           ;
;  DATA_MEM_OUT[24]     ; CLOCK      ; 5.793  ; 5.793  ; Rise       ; CLOCK           ;
;  DATA_MEM_OUT[25]     ; CLOCK      ; 6.015  ; 6.015  ; Rise       ; CLOCK           ;
;  DATA_MEM_OUT[26]     ; CLOCK      ; 5.754  ; 5.754  ; Rise       ; CLOCK           ;
;  DATA_MEM_OUT[27]     ; CLOCK      ; 6.091  ; 6.091  ; Rise       ; CLOCK           ;
;  DATA_MEM_OUT[28]     ; CLOCK      ; 5.752  ; 5.752  ; Rise       ; CLOCK           ;
;  DATA_MEM_OUT[29]     ; CLOCK      ; 5.719  ; 5.719  ; Rise       ; CLOCK           ;
;  DATA_MEM_OUT[30]     ; CLOCK      ; 6.013  ; 6.013  ; Rise       ; CLOCK           ;
;  DATA_MEM_OUT[31]     ; CLOCK      ; 5.826  ; 5.826  ; Rise       ; CLOCK           ;
; DATA_MEM_write_enable ; CLOCK      ; 4.198  ; 4.198  ; Rise       ; CLOCK           ;
; MBR_OUT[*]            ; CLOCK      ; 5.448  ; 5.448  ; Rise       ; CLOCK           ;
;  MBR_OUT[0]           ; CLOCK      ; 4.886  ; 4.886  ; Rise       ; CLOCK           ;
;  MBR_OUT[1]           ; CLOCK      ; 5.448  ; 5.448  ; Rise       ; CLOCK           ;
;  MBR_OUT[2]           ; CLOCK      ; 5.101  ; 5.101  ; Rise       ; CLOCK           ;
;  MBR_OUT[3]           ; CLOCK      ; 5.006  ; 5.006  ; Rise       ; CLOCK           ;
;  MBR_OUT[4]           ; CLOCK      ; 4.989  ; 4.989  ; Rise       ; CLOCK           ;
;  MBR_OUT[5]           ; CLOCK      ; 5.359  ; 5.359  ; Rise       ; CLOCK           ;
;  MBR_OUT[6]           ; CLOCK      ; 4.696  ; 4.696  ; Rise       ; CLOCK           ;
;  MBR_OUT[7]           ; CLOCK      ; 5.221  ; 5.221  ; Rise       ; CLOCK           ;
; MPC[*]                ; CLOCK      ; 5.226  ; 5.226  ; Rise       ; CLOCK           ;
;  MPC[0]               ; CLOCK      ; 4.392  ; 4.392  ; Rise       ; CLOCK           ;
;  MPC[1]               ; CLOCK      ; 4.237  ; 4.237  ; Rise       ; CLOCK           ;
;  MPC[2]               ; CLOCK      ; 4.265  ; 4.265  ; Rise       ; CLOCK           ;
;  MPC[3]               ; CLOCK      ; 4.382  ; 4.382  ; Rise       ; CLOCK           ;
;  MPC[4]               ; CLOCK      ; 4.338  ; 4.338  ; Rise       ; CLOCK           ;
;  MPC[5]               ; CLOCK      ; 4.435  ; 4.435  ; Rise       ; CLOCK           ;
;  MPC[6]               ; CLOCK      ; 4.331  ; 4.331  ; Rise       ; CLOCK           ;
;  MPC[7]               ; CLOCK      ; 4.484  ; 4.484  ; Rise       ; CLOCK           ;
;  MPC[8]               ; CLOCK      ; 5.226  ; 5.226  ; Rise       ; CLOCK           ;
; PC[*]                 ; CLOCK      ; 5.981  ; 5.981  ; Rise       ; CLOCK           ;
;  PC[0]                ; CLOCK      ; 5.294  ; 5.294  ; Rise       ; CLOCK           ;
;  PC[1]                ; CLOCK      ; 5.523  ; 5.523  ; Rise       ; CLOCK           ;
;  PC[2]                ; CLOCK      ; 5.538  ; 5.538  ; Rise       ; CLOCK           ;
;  PC[3]                ; CLOCK      ; 5.338  ; 5.338  ; Rise       ; CLOCK           ;
;  PC[4]                ; CLOCK      ; 5.290  ; 5.290  ; Rise       ; CLOCK           ;
;  PC[5]                ; CLOCK      ; 5.523  ; 5.523  ; Rise       ; CLOCK           ;
;  PC[6]                ; CLOCK      ; 5.461  ; 5.461  ; Rise       ; CLOCK           ;
;  PC[7]                ; CLOCK      ; 5.580  ; 5.580  ; Rise       ; CLOCK           ;
;  PC[8]                ; CLOCK      ; 5.727  ; 5.727  ; Rise       ; CLOCK           ;
;  PC[9]                ; CLOCK      ; 5.274  ; 5.274  ; Rise       ; CLOCK           ;
;  PC[10]               ; CLOCK      ; 5.531  ; 5.531  ; Rise       ; CLOCK           ;
;  PC[11]               ; CLOCK      ; 5.675  ; 5.675  ; Rise       ; CLOCK           ;
;  PC[12]               ; CLOCK      ; 5.981  ; 5.981  ; Rise       ; CLOCK           ;
;  PC[13]               ; CLOCK      ; 5.387  ; 5.387  ; Rise       ; CLOCK           ;
;  PC[14]               ; CLOCK      ; 5.548  ; 5.548  ; Rise       ; CLOCK           ;
;  PC[15]               ; CLOCK      ; 5.648  ; 5.648  ; Rise       ; CLOCK           ;
;  PC[16]               ; CLOCK      ; 5.551  ; 5.551  ; Rise       ; CLOCK           ;
;  PC[17]               ; CLOCK      ; 5.373  ; 5.373  ; Rise       ; CLOCK           ;
;  PC[18]               ; CLOCK      ; 5.396  ; 5.396  ; Rise       ; CLOCK           ;
;  PC[19]               ; CLOCK      ; 5.361  ; 5.361  ; Rise       ; CLOCK           ;
;  PC[20]               ; CLOCK      ; 5.503  ; 5.503  ; Rise       ; CLOCK           ;
;  PC[21]               ; CLOCK      ; 5.505  ; 5.505  ; Rise       ; CLOCK           ;
;  PC[22]               ; CLOCK      ; 5.482  ; 5.482  ; Rise       ; CLOCK           ;
;  PC[23]               ; CLOCK      ; 5.600  ; 5.600  ; Rise       ; CLOCK           ;
;  PC[24]               ; CLOCK      ; 5.467  ; 5.467  ; Rise       ; CLOCK           ;
;  PC[25]               ; CLOCK      ; 5.524  ; 5.524  ; Rise       ; CLOCK           ;
;  PC[26]               ; CLOCK      ; 5.390  ; 5.390  ; Rise       ; CLOCK           ;
;  PC[27]               ; CLOCK      ; 5.385  ; 5.385  ; Rise       ; CLOCK           ;
;  PC[28]               ; CLOCK      ; 5.415  ; 5.415  ; Rise       ; CLOCK           ;
;  PC[29]               ; CLOCK      ; 5.398  ; 5.398  ; Rise       ; CLOCK           ;
;  PC[30]               ; CLOCK      ; 5.565  ; 5.565  ; Rise       ; CLOCK           ;
;  PC[31]               ; CLOCK      ; 5.629  ; 5.629  ; Rise       ; CLOCK           ;
; C_BUS[*]              ; CLOCK      ; 14.413 ; 14.413 ; Fall       ; CLOCK           ;
;  C_BUS[0]             ; CLOCK      ; 9.639  ; 9.639  ; Fall       ; CLOCK           ;
;  C_BUS[1]             ; CLOCK      ; 9.221  ; 9.221  ; Fall       ; CLOCK           ;
;  C_BUS[2]             ; CLOCK      ; 9.606  ; 9.606  ; Fall       ; CLOCK           ;
;  C_BUS[3]             ; CLOCK      ; 9.818  ; 9.818  ; Fall       ; CLOCK           ;
;  C_BUS[4]             ; CLOCK      ; 9.876  ; 9.876  ; Fall       ; CLOCK           ;
;  C_BUS[5]             ; CLOCK      ; 9.930  ; 9.930  ; Fall       ; CLOCK           ;
;  C_BUS[6]             ; CLOCK      ; 10.099 ; 10.099 ; Fall       ; CLOCK           ;
;  C_BUS[7]             ; CLOCK      ; 10.437 ; 10.437 ; Fall       ; CLOCK           ;
;  C_BUS[8]             ; CLOCK      ; 10.457 ; 10.457 ; Fall       ; CLOCK           ;
;  C_BUS[9]             ; CLOCK      ; 10.923 ; 10.923 ; Fall       ; CLOCK           ;
;  C_BUS[10]            ; CLOCK      ; 10.778 ; 10.778 ; Fall       ; CLOCK           ;
;  C_BUS[11]            ; CLOCK      ; 11.128 ; 11.128 ; Fall       ; CLOCK           ;
;  C_BUS[12]            ; CLOCK      ; 10.952 ; 10.952 ; Fall       ; CLOCK           ;
;  C_BUS[13]            ; CLOCK      ; 11.115 ; 11.115 ; Fall       ; CLOCK           ;
;  C_BUS[14]            ; CLOCK      ; 11.492 ; 11.492 ; Fall       ; CLOCK           ;
;  C_BUS[15]            ; CLOCK      ; 12.066 ; 12.066 ; Fall       ; CLOCK           ;
;  C_BUS[16]            ; CLOCK      ; 12.052 ; 12.052 ; Fall       ; CLOCK           ;
;  C_BUS[17]            ; CLOCK      ; 11.735 ; 11.735 ; Fall       ; CLOCK           ;
;  C_BUS[18]            ; CLOCK      ; 11.884 ; 11.884 ; Fall       ; CLOCK           ;
;  C_BUS[19]            ; CLOCK      ; 12.019 ; 12.019 ; Fall       ; CLOCK           ;
;  C_BUS[20]            ; CLOCK      ; 12.462 ; 12.462 ; Fall       ; CLOCK           ;
;  C_BUS[21]            ; CLOCK      ; 13.008 ; 13.008 ; Fall       ; CLOCK           ;
;  C_BUS[22]            ; CLOCK      ; 12.617 ; 12.617 ; Fall       ; CLOCK           ;
;  C_BUS[23]            ; CLOCK      ; 13.018 ; 13.018 ; Fall       ; CLOCK           ;
;  C_BUS[24]            ; CLOCK      ; 13.264 ; 13.264 ; Fall       ; CLOCK           ;
;  C_BUS[25]            ; CLOCK      ; 13.540 ; 13.540 ; Fall       ; CLOCK           ;
;  C_BUS[26]            ; CLOCK      ; 13.462 ; 13.462 ; Fall       ; CLOCK           ;
;  C_BUS[27]            ; CLOCK      ; 13.924 ; 13.924 ; Fall       ; CLOCK           ;
;  C_BUS[28]            ; CLOCK      ; 13.894 ; 13.894 ; Fall       ; CLOCK           ;
;  C_BUS[29]            ; CLOCK      ; 14.413 ; 14.413 ; Fall       ; CLOCK           ;
;  C_BUS[30]            ; CLOCK      ; 14.332 ; 14.332 ; Fall       ; CLOCK           ;
;  C_BUS[31]            ; CLOCK      ; 14.341 ; 14.341 ; Fall       ; CLOCK           ;
; MIR[*]                ; CLOCK      ; 6.711  ; 6.711  ; Fall       ; CLOCK           ;
;  MIR[0]               ; CLOCK      ; 6.389  ; 6.389  ; Fall       ; CLOCK           ;
;  MIR[1]               ; CLOCK      ; 6.392  ; 6.392  ; Fall       ; CLOCK           ;
;  MIR[2]               ; CLOCK      ; 6.389  ; 6.389  ; Fall       ; CLOCK           ;
;  MIR[3]               ; CLOCK      ; 6.404  ; 6.404  ; Fall       ; CLOCK           ;
;  MIR[4]               ; CLOCK      ; 6.530  ; 6.530  ; Fall       ; CLOCK           ;
;  MIR[5]               ; CLOCK      ; 6.711  ; 6.711  ; Fall       ; CLOCK           ;
;  MIR[6]               ; CLOCK      ; 6.208  ; 6.208  ; Fall       ; CLOCK           ;
;  MIR[7]               ; CLOCK      ; 6.185  ; 6.185  ; Fall       ; CLOCK           ;
;  MIR[8]               ; CLOCK      ; 6.201  ; 6.201  ; Fall       ; CLOCK           ;
;  MIR[9]               ; CLOCK      ; 6.120  ; 6.120  ; Fall       ; CLOCK           ;
;  MIR[10]              ; CLOCK      ; 5.862  ; 5.862  ; Fall       ; CLOCK           ;
;  MIR[11]              ; CLOCK      ; 6.217  ; 6.217  ; Fall       ; CLOCK           ;
;  MIR[12]              ; CLOCK      ; 6.076  ; 6.076  ; Fall       ; CLOCK           ;
;  MIR[13]              ; CLOCK      ; 6.247  ; 6.247  ; Fall       ; CLOCK           ;
;  MIR[14]              ; CLOCK      ; 5.882  ; 5.882  ; Fall       ; CLOCK           ;
;  MIR[15]              ; CLOCK      ; 6.275  ; 6.275  ; Fall       ; CLOCK           ;
;  MIR[16]              ; CLOCK      ; 6.432  ; 6.432  ; Fall       ; CLOCK           ;
;  MIR[17]              ; CLOCK      ; 5.814  ; 5.814  ; Fall       ; CLOCK           ;
;  MIR[18]              ; CLOCK      ; 6.022  ; 6.022  ; Fall       ; CLOCK           ;
;  MIR[19]              ; CLOCK      ; 6.242  ; 6.242  ; Fall       ; CLOCK           ;
;  MIR[20]              ; CLOCK      ; 6.141  ; 6.141  ; Fall       ; CLOCK           ;
;  MIR[21]              ; CLOCK      ; 6.322  ; 6.322  ; Fall       ; CLOCK           ;
;  MIR[22]              ; CLOCK      ; 6.152  ; 6.152  ; Fall       ; CLOCK           ;
;  MIR[23]              ; CLOCK      ; 6.242  ; 6.242  ; Fall       ; CLOCK           ;
;  MIR[24]              ; CLOCK      ; 6.082  ; 6.082  ; Fall       ; CLOCK           ;
;  MIR[25]              ; CLOCK      ; 5.810  ; 5.810  ; Fall       ; CLOCK           ;
;  MIR[26]              ; CLOCK      ; 6.507  ; 6.507  ; Fall       ; CLOCK           ;
;  MIR[27]              ; CLOCK      ; 6.209  ; 6.209  ; Fall       ; CLOCK           ;
;  MIR[28]              ; CLOCK      ; 6.610  ; 6.610  ; Fall       ; CLOCK           ;
;  MIR[29]              ; CLOCK      ; 6.381  ; 6.381  ; Fall       ; CLOCK           ;
;  MIR[30]              ; CLOCK      ; 6.312  ; 6.312  ; Fall       ; CLOCK           ;
;  MIR[31]              ; CLOCK      ; 6.162  ; 6.162  ; Fall       ; CLOCK           ;
;  MIR[32]              ; CLOCK      ; 6.573  ; 6.573  ; Fall       ; CLOCK           ;
;  MIR[33]              ; CLOCK      ; 6.514  ; 6.514  ; Fall       ; CLOCK           ;
;  MIR[34]              ; CLOCK      ; 6.423  ; 6.423  ; Fall       ; CLOCK           ;
;  MIR[35]              ; CLOCK      ; 6.167  ; 6.167  ; Fall       ; CLOCK           ;
; MPC[*]                ; CLOCK      ; 6.828  ; 6.828  ; Fall       ; CLOCK           ;
;  MPC[0]               ; CLOCK      ; 6.828  ; 6.828  ; Fall       ; CLOCK           ;
;  MPC[1]               ; CLOCK      ; 6.685  ; 6.685  ; Fall       ; CLOCK           ;
;  MPC[2]               ; CLOCK      ; 6.587  ; 6.587  ; Fall       ; CLOCK           ;
;  MPC[3]               ; CLOCK      ; 6.709  ; 6.709  ; Fall       ; CLOCK           ;
;  MPC[4]               ; CLOCK      ; 6.700  ; 6.700  ; Fall       ; CLOCK           ;
;  MPC[5]               ; CLOCK      ; 6.756  ; 6.756  ; Fall       ; CLOCK           ;
;  MPC[6]               ; CLOCK      ; 6.651  ; 6.651  ; Fall       ; CLOCK           ;
;  MPC[7]               ; CLOCK      ; 6.809  ; 6.809  ; Fall       ; CLOCK           ;
;  MPC[8]               ; CLOCK      ; 6.658  ; 6.658  ; Fall       ; CLOCK           ;
+-----------------------+------------+--------+--------+------------+-----------------+


+-----------------------------------------------------------------------------------+
; Minimum Clock to Output Times                                                     ;
+-----------------------+------------+-------+-------+------------+-----------------+
; Data Port             ; Clock Port ; Rise  ; Fall  ; Clock Edge ; Clock Reference ;
+-----------------------+------------+-------+-------+------------+-----------------+
; C_BUS[*]              ; CLOCK      ; 5.528 ; 5.528 ; Rise       ; CLOCK           ;
;  C_BUS[0]             ; CLOCK      ; 6.168 ; 6.168 ; Rise       ; CLOCK           ;
;  C_BUS[1]             ; CLOCK      ; 5.721 ; 5.721 ; Rise       ; CLOCK           ;
;  C_BUS[2]             ; CLOCK      ; 5.693 ; 5.693 ; Rise       ; CLOCK           ;
;  C_BUS[3]             ; CLOCK      ; 5.882 ; 5.882 ; Rise       ; CLOCK           ;
;  C_BUS[4]             ; CLOCK      ; 5.528 ; 5.528 ; Rise       ; CLOCK           ;
;  C_BUS[5]             ; CLOCK      ; 5.953 ; 5.953 ; Rise       ; CLOCK           ;
;  C_BUS[6]             ; CLOCK      ; 6.017 ; 6.017 ; Rise       ; CLOCK           ;
;  C_BUS[7]             ; CLOCK      ; 6.142 ; 6.142 ; Rise       ; CLOCK           ;
;  C_BUS[8]             ; CLOCK      ; 6.648 ; 6.648 ; Rise       ; CLOCK           ;
;  C_BUS[9]             ; CLOCK      ; 6.577 ; 6.577 ; Rise       ; CLOCK           ;
;  C_BUS[10]            ; CLOCK      ; 5.843 ; 5.843 ; Rise       ; CLOCK           ;
;  C_BUS[11]            ; CLOCK      ; 6.614 ; 6.614 ; Rise       ; CLOCK           ;
;  C_BUS[12]            ; CLOCK      ; 6.202 ; 6.202 ; Rise       ; CLOCK           ;
;  C_BUS[13]            ; CLOCK      ; 5.995 ; 5.995 ; Rise       ; CLOCK           ;
;  C_BUS[14]            ; CLOCK      ; 6.241 ; 6.241 ; Rise       ; CLOCK           ;
;  C_BUS[15]            ; CLOCK      ; 6.681 ; 6.681 ; Rise       ; CLOCK           ;
;  C_BUS[16]            ; CLOCK      ; 6.862 ; 6.862 ; Rise       ; CLOCK           ;
;  C_BUS[17]            ; CLOCK      ; 6.244 ; 6.244 ; Rise       ; CLOCK           ;
;  C_BUS[18]            ; CLOCK      ; 6.230 ; 6.230 ; Rise       ; CLOCK           ;
;  C_BUS[19]            ; CLOCK      ; 6.235 ; 6.235 ; Rise       ; CLOCK           ;
;  C_BUS[20]            ; CLOCK      ; 6.599 ; 6.599 ; Rise       ; CLOCK           ;
;  C_BUS[21]            ; CLOCK      ; 6.232 ; 6.232 ; Rise       ; CLOCK           ;
;  C_BUS[22]            ; CLOCK      ; 6.287 ; 6.287 ; Rise       ; CLOCK           ;
;  C_BUS[23]            ; CLOCK      ; 6.684 ; 6.684 ; Rise       ; CLOCK           ;
;  C_BUS[24]            ; CLOCK      ; 6.442 ; 6.442 ; Rise       ; CLOCK           ;
;  C_BUS[25]            ; CLOCK      ; 6.243 ; 6.243 ; Rise       ; CLOCK           ;
;  C_BUS[26]            ; CLOCK      ; 6.317 ; 6.317 ; Rise       ; CLOCK           ;
;  C_BUS[27]            ; CLOCK      ; 6.520 ; 6.520 ; Rise       ; CLOCK           ;
;  C_BUS[28]            ; CLOCK      ; 6.448 ; 6.448 ; Rise       ; CLOCK           ;
;  C_BUS[29]            ; CLOCK      ; 6.397 ; 6.397 ; Rise       ; CLOCK           ;
;  C_BUS[30]            ; CLOCK      ; 6.214 ; 6.214 ; Rise       ; CLOCK           ;
;  C_BUS[31]            ; CLOCK      ; 6.223 ; 6.223 ; Rise       ; CLOCK           ;
; DATA_MEM_ADDR[*]      ; CLOCK      ; 4.900 ; 4.900 ; Rise       ; CLOCK           ;
;  DATA_MEM_ADDR[0]     ; CLOCK      ; 5.461 ; 5.461 ; Rise       ; CLOCK           ;
;  DATA_MEM_ADDR[1]     ; CLOCK      ; 5.144 ; 5.144 ; Rise       ; CLOCK           ;
;  DATA_MEM_ADDR[2]     ; CLOCK      ; 5.310 ; 5.310 ; Rise       ; CLOCK           ;
;  DATA_MEM_ADDR[3]     ; CLOCK      ; 5.301 ; 5.301 ; Rise       ; CLOCK           ;
;  DATA_MEM_ADDR[4]     ; CLOCK      ; 5.187 ; 5.187 ; Rise       ; CLOCK           ;
;  DATA_MEM_ADDR[5]     ; CLOCK      ; 5.125 ; 5.125 ; Rise       ; CLOCK           ;
;  DATA_MEM_ADDR[6]     ; CLOCK      ; 5.504 ; 5.504 ; Rise       ; CLOCK           ;
;  DATA_MEM_ADDR[7]     ; CLOCK      ; 5.230 ; 5.230 ; Rise       ; CLOCK           ;
;  DATA_MEM_ADDR[8]     ; CLOCK      ; 5.491 ; 5.491 ; Rise       ; CLOCK           ;
;  DATA_MEM_ADDR[9]     ; CLOCK      ; 5.236 ; 5.236 ; Rise       ; CLOCK           ;
;  DATA_MEM_ADDR[10]    ; CLOCK      ; 5.080 ; 5.080 ; Rise       ; CLOCK           ;
;  DATA_MEM_ADDR[11]    ; CLOCK      ; 5.016 ; 5.016 ; Rise       ; CLOCK           ;
;  DATA_MEM_ADDR[12]    ; CLOCK      ; 5.526 ; 5.526 ; Rise       ; CLOCK           ;
;  DATA_MEM_ADDR[13]    ; CLOCK      ; 4.900 ; 4.900 ; Rise       ; CLOCK           ;
;  DATA_MEM_ADDR[14]    ; CLOCK      ; 5.411 ; 5.411 ; Rise       ; CLOCK           ;
;  DATA_MEM_ADDR[15]    ; CLOCK      ; 5.163 ; 5.163 ; Rise       ; CLOCK           ;
;  DATA_MEM_ADDR[16]    ; CLOCK      ; 5.167 ; 5.167 ; Rise       ; CLOCK           ;
;  DATA_MEM_ADDR[17]    ; CLOCK      ; 5.736 ; 5.736 ; Rise       ; CLOCK           ;
;  DATA_MEM_ADDR[18]    ; CLOCK      ; 5.277 ; 5.277 ; Rise       ; CLOCK           ;
;  DATA_MEM_ADDR[19]    ; CLOCK      ; 5.410 ; 5.410 ; Rise       ; CLOCK           ;
;  DATA_MEM_ADDR[20]    ; CLOCK      ; 5.600 ; 5.600 ; Rise       ; CLOCK           ;
;  DATA_MEM_ADDR[21]    ; CLOCK      ; 5.760 ; 5.760 ; Rise       ; CLOCK           ;
;  DATA_MEM_ADDR[22]    ; CLOCK      ; 5.565 ; 5.565 ; Rise       ; CLOCK           ;
;  DATA_MEM_ADDR[23]    ; CLOCK      ; 5.453 ; 5.453 ; Rise       ; CLOCK           ;
;  DATA_MEM_ADDR[24]    ; CLOCK      ; 5.353 ; 5.353 ; Rise       ; CLOCK           ;
;  DATA_MEM_ADDR[25]    ; CLOCK      ; 5.731 ; 5.731 ; Rise       ; CLOCK           ;
;  DATA_MEM_ADDR[26]    ; CLOCK      ; 6.057 ; 6.057 ; Rise       ; CLOCK           ;
;  DATA_MEM_ADDR[27]    ; CLOCK      ; 5.808 ; 5.808 ; Rise       ; CLOCK           ;
;  DATA_MEM_ADDR[28]    ; CLOCK      ; 5.383 ; 5.383 ; Rise       ; CLOCK           ;
;  DATA_MEM_ADDR[29]    ; CLOCK      ; 5.751 ; 5.751 ; Rise       ; CLOCK           ;
;  DATA_MEM_ADDR[30]    ; CLOCK      ; 5.794 ; 5.794 ; Rise       ; CLOCK           ;
;  DATA_MEM_ADDR[31]    ; CLOCK      ; 5.759 ; 5.759 ; Rise       ; CLOCK           ;
; DATA_MEM_OUT[*]       ; CLOCK      ; 5.557 ; 5.557 ; Rise       ; CLOCK           ;
;  DATA_MEM_OUT[0]      ; CLOCK      ; 5.585 ; 5.585 ; Rise       ; CLOCK           ;
;  DATA_MEM_OUT[1]      ; CLOCK      ; 5.693 ; 5.693 ; Rise       ; CLOCK           ;
;  DATA_MEM_OUT[2]      ; CLOCK      ; 5.802 ; 5.802 ; Rise       ; CLOCK           ;
;  DATA_MEM_OUT[3]      ; CLOCK      ; 5.557 ; 5.557 ; Rise       ; CLOCK           ;
;  DATA_MEM_OUT[4]      ; CLOCK      ; 5.976 ; 5.976 ; Rise       ; CLOCK           ;
;  DATA_MEM_OUT[5]      ; CLOCK      ; 5.678 ; 5.678 ; Rise       ; CLOCK           ;
;  DATA_MEM_OUT[6]      ; CLOCK      ; 5.817 ; 5.817 ; Rise       ; CLOCK           ;
;  DATA_MEM_OUT[7]      ; CLOCK      ; 5.623 ; 5.623 ; Rise       ; CLOCK           ;
;  DATA_MEM_OUT[8]      ; CLOCK      ; 5.607 ; 5.607 ; Rise       ; CLOCK           ;
;  DATA_MEM_OUT[9]      ; CLOCK      ; 6.262 ; 6.262 ; Rise       ; CLOCK           ;
;  DATA_MEM_OUT[10]     ; CLOCK      ; 6.036 ; 6.036 ; Rise       ; CLOCK           ;
;  DATA_MEM_OUT[11]     ; CLOCK      ; 6.169 ; 6.169 ; Rise       ; CLOCK           ;
;  DATA_MEM_OUT[12]     ; CLOCK      ; 5.877 ; 5.877 ; Rise       ; CLOCK           ;
;  DATA_MEM_OUT[13]     ; CLOCK      ; 5.773 ; 5.773 ; Rise       ; CLOCK           ;
;  DATA_MEM_OUT[14]     ; CLOCK      ; 5.986 ; 5.986 ; Rise       ; CLOCK           ;
;  DATA_MEM_OUT[15]     ; CLOCK      ; 5.831 ; 5.831 ; Rise       ; CLOCK           ;
;  DATA_MEM_OUT[16]     ; CLOCK      ; 5.609 ; 5.609 ; Rise       ; CLOCK           ;
;  DATA_MEM_OUT[17]     ; CLOCK      ; 5.648 ; 5.648 ; Rise       ; CLOCK           ;
;  DATA_MEM_OUT[18]     ; CLOCK      ; 5.818 ; 5.818 ; Rise       ; CLOCK           ;
;  DATA_MEM_OUT[19]     ; CLOCK      ; 6.021 ; 6.021 ; Rise       ; CLOCK           ;
;  DATA_MEM_OUT[20]     ; CLOCK      ; 5.922 ; 5.922 ; Rise       ; CLOCK           ;
;  DATA_MEM_OUT[21]     ; CLOCK      ; 5.982 ; 5.982 ; Rise       ; CLOCK           ;
;  DATA_MEM_OUT[22]     ; CLOCK      ; 5.636 ; 5.636 ; Rise       ; CLOCK           ;
;  DATA_MEM_OUT[23]     ; CLOCK      ; 6.388 ; 6.388 ; Rise       ; CLOCK           ;
;  DATA_MEM_OUT[24]     ; CLOCK      ; 5.793 ; 5.793 ; Rise       ; CLOCK           ;
;  DATA_MEM_OUT[25]     ; CLOCK      ; 6.015 ; 6.015 ; Rise       ; CLOCK           ;
;  DATA_MEM_OUT[26]     ; CLOCK      ; 5.754 ; 5.754 ; Rise       ; CLOCK           ;
;  DATA_MEM_OUT[27]     ; CLOCK      ; 6.091 ; 6.091 ; Rise       ; CLOCK           ;
;  DATA_MEM_OUT[28]     ; CLOCK      ; 5.752 ; 5.752 ; Rise       ; CLOCK           ;
;  DATA_MEM_OUT[29]     ; CLOCK      ; 5.719 ; 5.719 ; Rise       ; CLOCK           ;
;  DATA_MEM_OUT[30]     ; CLOCK      ; 6.013 ; 6.013 ; Rise       ; CLOCK           ;
;  DATA_MEM_OUT[31]     ; CLOCK      ; 5.826 ; 5.826 ; Rise       ; CLOCK           ;
; DATA_MEM_write_enable ; CLOCK      ; 4.198 ; 4.198 ; Rise       ; CLOCK           ;
; MBR_OUT[*]            ; CLOCK      ; 4.696 ; 4.696 ; Rise       ; CLOCK           ;
;  MBR_OUT[0]           ; CLOCK      ; 4.886 ; 4.886 ; Rise       ; CLOCK           ;
;  MBR_OUT[1]           ; CLOCK      ; 5.448 ; 5.448 ; Rise       ; CLOCK           ;
;  MBR_OUT[2]           ; CLOCK      ; 5.101 ; 5.101 ; Rise       ; CLOCK           ;
;  MBR_OUT[3]           ; CLOCK      ; 5.006 ; 5.006 ; Rise       ; CLOCK           ;
;  MBR_OUT[4]           ; CLOCK      ; 4.989 ; 4.989 ; Rise       ; CLOCK           ;
;  MBR_OUT[5]           ; CLOCK      ; 5.359 ; 5.359 ; Rise       ; CLOCK           ;
;  MBR_OUT[6]           ; CLOCK      ; 4.696 ; 4.696 ; Rise       ; CLOCK           ;
;  MBR_OUT[7]           ; CLOCK      ; 5.221 ; 5.221 ; Rise       ; CLOCK           ;
; MPC[*]                ; CLOCK      ; 4.237 ; 4.237 ; Rise       ; CLOCK           ;
;  MPC[0]               ; CLOCK      ; 4.392 ; 4.392 ; Rise       ; CLOCK           ;
;  MPC[1]               ; CLOCK      ; 4.237 ; 4.237 ; Rise       ; CLOCK           ;
;  MPC[2]               ; CLOCK      ; 4.265 ; 4.265 ; Rise       ; CLOCK           ;
;  MPC[3]               ; CLOCK      ; 4.382 ; 4.382 ; Rise       ; CLOCK           ;
;  MPC[4]               ; CLOCK      ; 4.338 ; 4.338 ; Rise       ; CLOCK           ;
;  MPC[5]               ; CLOCK      ; 4.435 ; 4.435 ; Rise       ; CLOCK           ;
;  MPC[6]               ; CLOCK      ; 4.331 ; 4.331 ; Rise       ; CLOCK           ;
;  MPC[7]               ; CLOCK      ; 4.484 ; 4.484 ; Rise       ; CLOCK           ;
;  MPC[8]               ; CLOCK      ; 5.199 ; 5.199 ; Rise       ; CLOCK           ;
; PC[*]                 ; CLOCK      ; 5.274 ; 5.274 ; Rise       ; CLOCK           ;
;  PC[0]                ; CLOCK      ; 5.294 ; 5.294 ; Rise       ; CLOCK           ;
;  PC[1]                ; CLOCK      ; 5.523 ; 5.523 ; Rise       ; CLOCK           ;
;  PC[2]                ; CLOCK      ; 5.538 ; 5.538 ; Rise       ; CLOCK           ;
;  PC[3]                ; CLOCK      ; 5.338 ; 5.338 ; Rise       ; CLOCK           ;
;  PC[4]                ; CLOCK      ; 5.290 ; 5.290 ; Rise       ; CLOCK           ;
;  PC[5]                ; CLOCK      ; 5.523 ; 5.523 ; Rise       ; CLOCK           ;
;  PC[6]                ; CLOCK      ; 5.461 ; 5.461 ; Rise       ; CLOCK           ;
;  PC[7]                ; CLOCK      ; 5.580 ; 5.580 ; Rise       ; CLOCK           ;
;  PC[8]                ; CLOCK      ; 5.727 ; 5.727 ; Rise       ; CLOCK           ;
;  PC[9]                ; CLOCK      ; 5.274 ; 5.274 ; Rise       ; CLOCK           ;
;  PC[10]               ; CLOCK      ; 5.531 ; 5.531 ; Rise       ; CLOCK           ;
;  PC[11]               ; CLOCK      ; 5.675 ; 5.675 ; Rise       ; CLOCK           ;
;  PC[12]               ; CLOCK      ; 5.981 ; 5.981 ; Rise       ; CLOCK           ;
;  PC[13]               ; CLOCK      ; 5.387 ; 5.387 ; Rise       ; CLOCK           ;
;  PC[14]               ; CLOCK      ; 5.548 ; 5.548 ; Rise       ; CLOCK           ;
;  PC[15]               ; CLOCK      ; 5.648 ; 5.648 ; Rise       ; CLOCK           ;
;  PC[16]               ; CLOCK      ; 5.551 ; 5.551 ; Rise       ; CLOCK           ;
;  PC[17]               ; CLOCK      ; 5.373 ; 5.373 ; Rise       ; CLOCK           ;
;  PC[18]               ; CLOCK      ; 5.396 ; 5.396 ; Rise       ; CLOCK           ;
;  PC[19]               ; CLOCK      ; 5.361 ; 5.361 ; Rise       ; CLOCK           ;
;  PC[20]               ; CLOCK      ; 5.503 ; 5.503 ; Rise       ; CLOCK           ;
;  PC[21]               ; CLOCK      ; 5.505 ; 5.505 ; Rise       ; CLOCK           ;
;  PC[22]               ; CLOCK      ; 5.482 ; 5.482 ; Rise       ; CLOCK           ;
;  PC[23]               ; CLOCK      ; 5.600 ; 5.600 ; Rise       ; CLOCK           ;
;  PC[24]               ; CLOCK      ; 5.467 ; 5.467 ; Rise       ; CLOCK           ;
;  PC[25]               ; CLOCK      ; 5.524 ; 5.524 ; Rise       ; CLOCK           ;
;  PC[26]               ; CLOCK      ; 5.390 ; 5.390 ; Rise       ; CLOCK           ;
;  PC[27]               ; CLOCK      ; 5.385 ; 5.385 ; Rise       ; CLOCK           ;
;  PC[28]               ; CLOCK      ; 5.415 ; 5.415 ; Rise       ; CLOCK           ;
;  PC[29]               ; CLOCK      ; 5.398 ; 5.398 ; Rise       ; CLOCK           ;
;  PC[30]               ; CLOCK      ; 5.565 ; 5.565 ; Rise       ; CLOCK           ;
;  PC[31]               ; CLOCK      ; 5.629 ; 5.629 ; Rise       ; CLOCK           ;
; C_BUS[*]              ; CLOCK      ; 6.777 ; 6.777 ; Fall       ; CLOCK           ;
;  C_BUS[0]             ; CLOCK      ; 6.784 ; 6.784 ; Fall       ; CLOCK           ;
;  C_BUS[1]             ; CLOCK      ; 6.905 ; 6.905 ; Fall       ; CLOCK           ;
;  C_BUS[2]             ; CLOCK      ; 6.876 ; 6.876 ; Fall       ; CLOCK           ;
;  C_BUS[3]             ; CLOCK      ; 7.249 ; 7.249 ; Fall       ; CLOCK           ;
;  C_BUS[4]             ; CLOCK      ; 6.891 ; 6.891 ; Fall       ; CLOCK           ;
;  C_BUS[5]             ; CLOCK      ; 6.840 ; 6.840 ; Fall       ; CLOCK           ;
;  C_BUS[6]             ; CLOCK      ; 7.049 ; 7.049 ; Fall       ; CLOCK           ;
;  C_BUS[7]             ; CLOCK      ; 6.951 ; 6.951 ; Fall       ; CLOCK           ;
;  C_BUS[8]             ; CLOCK      ; 7.359 ; 7.359 ; Fall       ; CLOCK           ;
;  C_BUS[9]             ; CLOCK      ; 7.335 ; 7.335 ; Fall       ; CLOCK           ;
;  C_BUS[10]            ; CLOCK      ; 6.937 ; 6.937 ; Fall       ; CLOCK           ;
;  C_BUS[11]            ; CLOCK      ; 7.475 ; 7.475 ; Fall       ; CLOCK           ;
;  C_BUS[12]            ; CLOCK      ; 7.187 ; 7.187 ; Fall       ; CLOCK           ;
;  C_BUS[13]            ; CLOCK      ; 7.178 ; 7.178 ; Fall       ; CLOCK           ;
;  C_BUS[14]            ; CLOCK      ; 7.164 ; 7.164 ; Fall       ; CLOCK           ;
;  C_BUS[15]            ; CLOCK      ; 7.318 ; 7.318 ; Fall       ; CLOCK           ;
;  C_BUS[16]            ; CLOCK      ; 7.426 ; 7.426 ; Fall       ; CLOCK           ;
;  C_BUS[17]            ; CLOCK      ; 7.145 ; 7.145 ; Fall       ; CLOCK           ;
;  C_BUS[18]            ; CLOCK      ; 7.136 ; 7.136 ; Fall       ; CLOCK           ;
;  C_BUS[19]            ; CLOCK      ; 6.976 ; 6.976 ; Fall       ; CLOCK           ;
;  C_BUS[20]            ; CLOCK      ; 7.237 ; 7.237 ; Fall       ; CLOCK           ;
;  C_BUS[21]            ; CLOCK      ; 7.137 ; 7.137 ; Fall       ; CLOCK           ;
;  C_BUS[22]            ; CLOCK      ; 6.887 ; 6.887 ; Fall       ; CLOCK           ;
;  C_BUS[23]            ; CLOCK      ; 7.024 ; 7.024 ; Fall       ; CLOCK           ;
;  C_BUS[24]            ; CLOCK      ; 7.163 ; 7.163 ; Fall       ; CLOCK           ;
;  C_BUS[25]            ; CLOCK      ; 7.145 ; 7.145 ; Fall       ; CLOCK           ;
;  C_BUS[26]            ; CLOCK      ; 6.911 ; 6.911 ; Fall       ; CLOCK           ;
;  C_BUS[27]            ; CLOCK      ; 6.933 ; 6.933 ; Fall       ; CLOCK           ;
;  C_BUS[28]            ; CLOCK      ; 6.777 ; 6.777 ; Fall       ; CLOCK           ;
;  C_BUS[29]            ; CLOCK      ; 7.101 ; 7.101 ; Fall       ; CLOCK           ;
;  C_BUS[30]            ; CLOCK      ; 6.924 ; 6.924 ; Fall       ; CLOCK           ;
;  C_BUS[31]            ; CLOCK      ; 7.223 ; 7.223 ; Fall       ; CLOCK           ;
; MIR[*]                ; CLOCK      ; 5.810 ; 5.810 ; Fall       ; CLOCK           ;
;  MIR[0]               ; CLOCK      ; 6.389 ; 6.389 ; Fall       ; CLOCK           ;
;  MIR[1]               ; CLOCK      ; 6.392 ; 6.392 ; Fall       ; CLOCK           ;
;  MIR[2]               ; CLOCK      ; 6.389 ; 6.389 ; Fall       ; CLOCK           ;
;  MIR[3]               ; CLOCK      ; 6.404 ; 6.404 ; Fall       ; CLOCK           ;
;  MIR[4]               ; CLOCK      ; 6.530 ; 6.530 ; Fall       ; CLOCK           ;
;  MIR[5]               ; CLOCK      ; 6.711 ; 6.711 ; Fall       ; CLOCK           ;
;  MIR[6]               ; CLOCK      ; 6.208 ; 6.208 ; Fall       ; CLOCK           ;
;  MIR[7]               ; CLOCK      ; 6.185 ; 6.185 ; Fall       ; CLOCK           ;
;  MIR[8]               ; CLOCK      ; 6.201 ; 6.201 ; Fall       ; CLOCK           ;
;  MIR[9]               ; CLOCK      ; 6.120 ; 6.120 ; Fall       ; CLOCK           ;
;  MIR[10]              ; CLOCK      ; 5.862 ; 5.862 ; Fall       ; CLOCK           ;
;  MIR[11]              ; CLOCK      ; 6.217 ; 6.217 ; Fall       ; CLOCK           ;
;  MIR[12]              ; CLOCK      ; 6.076 ; 6.076 ; Fall       ; CLOCK           ;
;  MIR[13]              ; CLOCK      ; 6.247 ; 6.247 ; Fall       ; CLOCK           ;
;  MIR[14]              ; CLOCK      ; 5.882 ; 5.882 ; Fall       ; CLOCK           ;
;  MIR[15]              ; CLOCK      ; 6.275 ; 6.275 ; Fall       ; CLOCK           ;
;  MIR[16]              ; CLOCK      ; 6.432 ; 6.432 ; Fall       ; CLOCK           ;
;  MIR[17]              ; CLOCK      ; 5.814 ; 5.814 ; Fall       ; CLOCK           ;
;  MIR[18]              ; CLOCK      ; 6.022 ; 6.022 ; Fall       ; CLOCK           ;
;  MIR[19]              ; CLOCK      ; 6.242 ; 6.242 ; Fall       ; CLOCK           ;
;  MIR[20]              ; CLOCK      ; 6.141 ; 6.141 ; Fall       ; CLOCK           ;
;  MIR[21]              ; CLOCK      ; 6.322 ; 6.322 ; Fall       ; CLOCK           ;
;  MIR[22]              ; CLOCK      ; 6.152 ; 6.152 ; Fall       ; CLOCK           ;
;  MIR[23]              ; CLOCK      ; 6.242 ; 6.242 ; Fall       ; CLOCK           ;
;  MIR[24]              ; CLOCK      ; 6.082 ; 6.082 ; Fall       ; CLOCK           ;
;  MIR[25]              ; CLOCK      ; 5.810 ; 5.810 ; Fall       ; CLOCK           ;
;  MIR[26]              ; CLOCK      ; 6.507 ; 6.507 ; Fall       ; CLOCK           ;
;  MIR[27]              ; CLOCK      ; 6.209 ; 6.209 ; Fall       ; CLOCK           ;
;  MIR[28]              ; CLOCK      ; 6.610 ; 6.610 ; Fall       ; CLOCK           ;
;  MIR[29]              ; CLOCK      ; 6.381 ; 6.381 ; Fall       ; CLOCK           ;
;  MIR[30]              ; CLOCK      ; 6.312 ; 6.312 ; Fall       ; CLOCK           ;
;  MIR[31]              ; CLOCK      ; 6.162 ; 6.162 ; Fall       ; CLOCK           ;
;  MIR[32]              ; CLOCK      ; 6.573 ; 6.573 ; Fall       ; CLOCK           ;
;  MIR[33]              ; CLOCK      ; 6.514 ; 6.514 ; Fall       ; CLOCK           ;
;  MIR[34]              ; CLOCK      ; 6.423 ; 6.423 ; Fall       ; CLOCK           ;
;  MIR[35]              ; CLOCK      ; 6.167 ; 6.167 ; Fall       ; CLOCK           ;
; MPC[*]                ; CLOCK      ; 6.554 ; 6.554 ; Fall       ; CLOCK           ;
;  MPC[0]               ; CLOCK      ; 6.701 ; 6.701 ; Fall       ; CLOCK           ;
;  MPC[1]               ; CLOCK      ; 6.660 ; 6.660 ; Fall       ; CLOCK           ;
;  MPC[2]               ; CLOCK      ; 6.554 ; 6.554 ; Fall       ; CLOCK           ;
;  MPC[3]               ; CLOCK      ; 6.648 ; 6.648 ; Fall       ; CLOCK           ;
;  MPC[4]               ; CLOCK      ; 6.665 ; 6.665 ; Fall       ; CLOCK           ;
;  MPC[5]               ; CLOCK      ; 6.700 ; 6.700 ; Fall       ; CLOCK           ;
;  MPC[6]               ; CLOCK      ; 6.609 ; 6.609 ; Fall       ; CLOCK           ;
;  MPC[7]               ; CLOCK      ; 6.755 ; 6.755 ; Fall       ; CLOCK           ;
;  MPC[8]               ; CLOCK      ; 6.587 ; 6.587 ; Fall       ; CLOCK           ;
+-----------------------+------------+-------+-------+------------+-----------------+


+-----------------------------------------------------------------------------------+
; Multicorner Timing Analysis Summary                                               ;
+------------------+-----------+---------+----------+---------+---------------------+
; Clock            ; Setup     ; Hold    ; Recovery ; Removal ; Minimum Pulse Width ;
+------------------+-----------+---------+----------+---------+---------------------+
; Worst-case Slack ; -24.025   ; -1.144  ; N/A      ; N/A     ; -2.000              ;
;  CLOCK           ; -24.025   ; -1.144  ; N/A      ; N/A     ; -2.000              ;
; Design-wide TNS  ; -5387.759 ; -14.3   ; 0.0      ; 0.0     ; -1476.836           ;
;  CLOCK           ; -5387.759 ; -14.300 ; N/A      ; N/A     ; -1476.836           ;
+------------------+-----------+---------+----------+---------+---------------------+


+-------------------------------------------------------------------------------------+
; Clock to Output Times                                                               ;
+-----------------------+------------+--------+--------+------------+-----------------+
; Data Port             ; Clock Port ; Rise   ; Fall   ; Clock Edge ; Clock Reference ;
+-----------------------+------------+--------+--------+------------+-----------------+
; C_BUS[*]              ; CLOCK      ; 29.212 ; 29.212 ; Rise       ; CLOCK           ;
;  C_BUS[0]             ; CLOCK      ; 17.365 ; 17.365 ; Rise       ; CLOCK           ;
;  C_BUS[1]             ; CLOCK      ; 16.692 ; 16.692 ; Rise       ; CLOCK           ;
;  C_BUS[2]             ; CLOCK      ; 17.289 ; 17.289 ; Rise       ; CLOCK           ;
;  C_BUS[3]             ; CLOCK      ; 17.807 ; 17.807 ; Rise       ; CLOCK           ;
;  C_BUS[4]             ; CLOCK      ; 17.966 ; 17.966 ; Rise       ; CLOCK           ;
;  C_BUS[5]             ; CLOCK      ; 18.189 ; 18.189 ; Rise       ; CLOCK           ;
;  C_BUS[6]             ; CLOCK      ; 18.646 ; 18.646 ; Rise       ; CLOCK           ;
;  C_BUS[7]             ; CLOCK      ; 19.543 ; 19.543 ; Rise       ; CLOCK           ;
;  C_BUS[8]             ; CLOCK      ; 19.600 ; 19.600 ; Rise       ; CLOCK           ;
;  C_BUS[9]             ; CLOCK      ; 20.782 ; 20.782 ; Rise       ; CLOCK           ;
;  C_BUS[10]            ; CLOCK      ; 20.460 ; 20.460 ; Rise       ; CLOCK           ;
;  C_BUS[11]            ; CLOCK      ; 21.199 ; 21.199 ; Rise       ; CLOCK           ;
;  C_BUS[12]            ; CLOCK      ; 20.990 ; 20.990 ; Rise       ; CLOCK           ;
;  C_BUS[13]            ; CLOCK      ; 21.307 ; 21.307 ; Rise       ; CLOCK           ;
;  C_BUS[14]            ; CLOCK      ; 22.269 ; 22.269 ; Rise       ; CLOCK           ;
;  C_BUS[15]            ; CLOCK      ; 23.443 ; 23.443 ; Rise       ; CLOCK           ;
;  C_BUS[16]            ; CLOCK      ; 23.347 ; 23.347 ; Rise       ; CLOCK           ;
;  C_BUS[17]            ; CLOCK      ; 22.871 ; 22.871 ; Rise       ; CLOCK           ;
;  C_BUS[18]            ; CLOCK      ; 23.311 ; 23.311 ; Rise       ; CLOCK           ;
;  C_BUS[19]            ; CLOCK      ; 23.607 ; 23.607 ; Rise       ; CLOCK           ;
;  C_BUS[20]            ; CLOCK      ; 24.471 ; 24.471 ; Rise       ; CLOCK           ;
;  C_BUS[21]            ; CLOCK      ; 25.826 ; 25.826 ; Rise       ; CLOCK           ;
;  C_BUS[22]            ; CLOCK      ; 25.002 ; 25.002 ; Rise       ; CLOCK           ;
;  C_BUS[23]            ; CLOCK      ; 25.943 ; 25.943 ; Rise       ; CLOCK           ;
;  C_BUS[24]            ; CLOCK      ; 26.500 ; 26.500 ; Rise       ; CLOCK           ;
;  C_BUS[25]            ; CLOCK      ; 27.058 ; 27.058 ; Rise       ; CLOCK           ;
;  C_BUS[26]            ; CLOCK      ; 27.064 ; 27.064 ; Rise       ; CLOCK           ;
;  C_BUS[27]            ; CLOCK      ; 28.063 ; 28.063 ; Rise       ; CLOCK           ;
;  C_BUS[28]            ; CLOCK      ; 28.100 ; 28.100 ; Rise       ; CLOCK           ;
;  C_BUS[29]            ; CLOCK      ; 29.212 ; 29.212 ; Rise       ; CLOCK           ;
;  C_BUS[30]            ; CLOCK      ; 28.944 ; 28.944 ; Rise       ; CLOCK           ;
;  C_BUS[31]            ; CLOCK      ; 29.118 ; 29.118 ; Rise       ; CLOCK           ;
; DATA_MEM_ADDR[*]      ; CLOCK      ; 11.084 ; 11.084 ; Rise       ; CLOCK           ;
;  DATA_MEM_ADDR[0]     ; CLOCK      ; 9.800  ; 9.800  ; Rise       ; CLOCK           ;
;  DATA_MEM_ADDR[1]     ; CLOCK      ; 9.120  ; 9.120  ; Rise       ; CLOCK           ;
;  DATA_MEM_ADDR[2]     ; CLOCK      ; 9.452  ; 9.452  ; Rise       ; CLOCK           ;
;  DATA_MEM_ADDR[3]     ; CLOCK      ; 9.442  ; 9.442  ; Rise       ; CLOCK           ;
;  DATA_MEM_ADDR[4]     ; CLOCK      ; 9.248  ; 9.248  ; Rise       ; CLOCK           ;
;  DATA_MEM_ADDR[5]     ; CLOCK      ; 9.080  ; 9.080  ; Rise       ; CLOCK           ;
;  DATA_MEM_ADDR[6]     ; CLOCK      ; 9.853  ; 9.853  ; Rise       ; CLOCK           ;
;  DATA_MEM_ADDR[7]     ; CLOCK      ; 9.318  ; 9.318  ; Rise       ; CLOCK           ;
;  DATA_MEM_ADDR[8]     ; CLOCK      ; 9.864  ; 9.864  ; Rise       ; CLOCK           ;
;  DATA_MEM_ADDR[9]     ; CLOCK      ; 9.320  ; 9.320  ; Rise       ; CLOCK           ;
;  DATA_MEM_ADDR[10]    ; CLOCK      ; 9.031  ; 9.031  ; Rise       ; CLOCK           ;
;  DATA_MEM_ADDR[11]    ; CLOCK      ; 8.882  ; 8.882  ; Rise       ; CLOCK           ;
;  DATA_MEM_ADDR[12]    ; CLOCK      ; 9.885  ; 9.885  ; Rise       ; CLOCK           ;
;  DATA_MEM_ADDR[13]    ; CLOCK      ; 8.712  ; 8.712  ; Rise       ; CLOCK           ;
;  DATA_MEM_ADDR[14]    ; CLOCK      ; 9.762  ; 9.762  ; Rise       ; CLOCK           ;
;  DATA_MEM_ADDR[15]    ; CLOCK      ; 9.166  ; 9.166  ; Rise       ; CLOCK           ;
;  DATA_MEM_ADDR[16]    ; CLOCK      ; 9.176  ; 9.176  ; Rise       ; CLOCK           ;
;  DATA_MEM_ADDR[17]    ; CLOCK      ; 10.311 ; 10.311 ; Rise       ; CLOCK           ;
;  DATA_MEM_ADDR[18]    ; CLOCK      ; 9.451  ; 9.451  ; Rise       ; CLOCK           ;
;  DATA_MEM_ADDR[19]    ; CLOCK      ; 9.624  ; 9.624  ; Rise       ; CLOCK           ;
;  DATA_MEM_ADDR[20]    ; CLOCK      ; 10.073 ; 10.073 ; Rise       ; CLOCK           ;
;  DATA_MEM_ADDR[21]    ; CLOCK      ; 10.425 ; 10.425 ; Rise       ; CLOCK           ;
;  DATA_MEM_ADDR[22]    ; CLOCK      ; 10.014 ; 10.014 ; Rise       ; CLOCK           ;
;  DATA_MEM_ADDR[23]    ; CLOCK      ; 9.699  ; 9.699  ; Rise       ; CLOCK           ;
;  DATA_MEM_ADDR[24]    ; CLOCK      ; 9.678  ; 9.678  ; Rise       ; CLOCK           ;
;  DATA_MEM_ADDR[25]    ; CLOCK      ; 10.362 ; 10.362 ; Rise       ; CLOCK           ;
;  DATA_MEM_ADDR[26]    ; CLOCK      ; 11.084 ; 11.084 ; Rise       ; CLOCK           ;
;  DATA_MEM_ADDR[27]    ; CLOCK      ; 10.538 ; 10.538 ; Rise       ; CLOCK           ;
;  DATA_MEM_ADDR[28]    ; CLOCK      ; 9.621  ; 9.621  ; Rise       ; CLOCK           ;
;  DATA_MEM_ADDR[29]    ; CLOCK      ; 10.404 ; 10.404 ; Rise       ; CLOCK           ;
;  DATA_MEM_ADDR[30]    ; CLOCK      ; 10.523 ; 10.523 ; Rise       ; CLOCK           ;
;  DATA_MEM_ADDR[31]    ; CLOCK      ; 10.459 ; 10.459 ; Rise       ; CLOCK           ;
; DATA_MEM_OUT[*]       ; CLOCK      ; 11.584 ; 11.584 ; Rise       ; CLOCK           ;
;  DATA_MEM_OUT[0]      ; CLOCK      ; 10.107 ; 10.107 ; Rise       ; CLOCK           ;
;  DATA_MEM_OUT[1]      ; CLOCK      ; 10.222 ; 10.222 ; Rise       ; CLOCK           ;
;  DATA_MEM_OUT[2]      ; CLOCK      ; 10.465 ; 10.465 ; Rise       ; CLOCK           ;
;  DATA_MEM_OUT[3]      ; CLOCK      ; 10.060 ; 10.060 ; Rise       ; CLOCK           ;
;  DATA_MEM_OUT[4]      ; CLOCK      ; 10.794 ; 10.794 ; Rise       ; CLOCK           ;
;  DATA_MEM_OUT[5]      ; CLOCK      ; 10.205 ; 10.205 ; Rise       ; CLOCK           ;
;  DATA_MEM_OUT[6]      ; CLOCK      ; 10.359 ; 10.359 ; Rise       ; CLOCK           ;
;  DATA_MEM_OUT[7]      ; CLOCK      ; 10.154 ; 10.154 ; Rise       ; CLOCK           ;
;  DATA_MEM_OUT[8]      ; CLOCK      ; 10.013 ; 10.013 ; Rise       ; CLOCK           ;
;  DATA_MEM_OUT[9]      ; CLOCK      ; 11.324 ; 11.324 ; Rise       ; CLOCK           ;
;  DATA_MEM_OUT[10]     ; CLOCK      ; 11.013 ; 11.013 ; Rise       ; CLOCK           ;
;  DATA_MEM_OUT[11]     ; CLOCK      ; 11.199 ; 11.199 ; Rise       ; CLOCK           ;
;  DATA_MEM_OUT[12]     ; CLOCK      ; 10.578 ; 10.578 ; Rise       ; CLOCK           ;
;  DATA_MEM_OUT[13]     ; CLOCK      ; 10.338 ; 10.338 ; Rise       ; CLOCK           ;
;  DATA_MEM_OUT[14]     ; CLOCK      ; 10.806 ; 10.806 ; Rise       ; CLOCK           ;
;  DATA_MEM_OUT[15]     ; CLOCK      ; 10.518 ; 10.518 ; Rise       ; CLOCK           ;
;  DATA_MEM_OUT[16]     ; CLOCK      ; 10.118 ; 10.118 ; Rise       ; CLOCK           ;
;  DATA_MEM_OUT[17]     ; CLOCK      ; 10.078 ; 10.078 ; Rise       ; CLOCK           ;
;  DATA_MEM_OUT[18]     ; CLOCK      ; 10.520 ; 10.520 ; Rise       ; CLOCK           ;
;  DATA_MEM_OUT[19]     ; CLOCK      ; 10.859 ; 10.859 ; Rise       ; CLOCK           ;
;  DATA_MEM_OUT[20]     ; CLOCK      ; 10.759 ; 10.759 ; Rise       ; CLOCK           ;
;  DATA_MEM_OUT[21]     ; CLOCK      ; 10.805 ; 10.805 ; Rise       ; CLOCK           ;
;  DATA_MEM_OUT[22]     ; CLOCK      ; 10.052 ; 10.052 ; Rise       ; CLOCK           ;
;  DATA_MEM_OUT[23]     ; CLOCK      ; 11.584 ; 11.584 ; Rise       ; CLOCK           ;
;  DATA_MEM_OUT[24]     ; CLOCK      ; 10.321 ; 10.321 ; Rise       ; CLOCK           ;
;  DATA_MEM_OUT[25]     ; CLOCK      ; 10.803 ; 10.803 ; Rise       ; CLOCK           ;
;  DATA_MEM_OUT[26]     ; CLOCK      ; 10.407 ; 10.407 ; Rise       ; CLOCK           ;
;  DATA_MEM_OUT[27]     ; CLOCK      ; 11.052 ; 11.052 ; Rise       ; CLOCK           ;
;  DATA_MEM_OUT[28]     ; CLOCK      ; 10.356 ; 10.356 ; Rise       ; CLOCK           ;
;  DATA_MEM_OUT[29]     ; CLOCK      ; 10.247 ; 10.247 ; Rise       ; CLOCK           ;
;  DATA_MEM_OUT[30]     ; CLOCK      ; 10.930 ; 10.930 ; Rise       ; CLOCK           ;
;  DATA_MEM_OUT[31]     ; CLOCK      ; 10.383 ; 10.383 ; Rise       ; CLOCK           ;
; DATA_MEM_write_enable ; CLOCK      ; 7.235  ; 7.235  ; Rise       ; CLOCK           ;
; MBR_OUT[*]            ; CLOCK      ; 9.832  ; 9.832  ; Rise       ; CLOCK           ;
;  MBR_OUT[0]           ; CLOCK      ; 8.720  ; 8.720  ; Rise       ; CLOCK           ;
;  MBR_OUT[1]           ; CLOCK      ; 9.832  ; 9.832  ; Rise       ; CLOCK           ;
;  MBR_OUT[2]           ; CLOCK      ; 9.017  ; 9.017  ; Rise       ; CLOCK           ;
;  MBR_OUT[3]           ; CLOCK      ; 8.916  ; 8.916  ; Rise       ; CLOCK           ;
;  MBR_OUT[4]           ; CLOCK      ; 8.861  ; 8.861  ; Rise       ; CLOCK           ;
;  MBR_OUT[5]           ; CLOCK      ; 9.640  ; 9.640  ; Rise       ; CLOCK           ;
;  MBR_OUT[6]           ; CLOCK      ; 8.173  ; 8.173  ; Rise       ; CLOCK           ;
;  MBR_OUT[7]           ; CLOCK      ; 9.355  ; 9.355  ; Rise       ; CLOCK           ;
; MPC[*]                ; CLOCK      ; 9.477  ; 9.477  ; Rise       ; CLOCK           ;
;  MPC[0]               ; CLOCK      ; 7.584  ; 7.584  ; Rise       ; CLOCK           ;
;  MPC[1]               ; CLOCK      ; 7.293  ; 7.293  ; Rise       ; CLOCK           ;
;  MPC[2]               ; CLOCK      ; 7.334  ; 7.334  ; Rise       ; CLOCK           ;
;  MPC[3]               ; CLOCK      ; 7.560  ; 7.560  ; Rise       ; CLOCK           ;
;  MPC[4]               ; CLOCK      ; 7.504  ; 7.504  ; Rise       ; CLOCK           ;
;  MPC[5]               ; CLOCK      ; 7.724  ; 7.724  ; Rise       ; CLOCK           ;
;  MPC[6]               ; CLOCK      ; 7.496  ; 7.496  ; Rise       ; CLOCK           ;
;  MPC[7]               ; CLOCK      ; 7.798  ; 7.798  ; Rise       ; CLOCK           ;
;  MPC[8]               ; CLOCK      ; 9.477  ; 9.477  ; Rise       ; CLOCK           ;
; PC[*]                 ; CLOCK      ; 10.965 ; 10.965 ; Rise       ; CLOCK           ;
;  PC[0]                ; CLOCK      ; 9.422  ; 9.422  ; Rise       ; CLOCK           ;
;  PC[1]                ; CLOCK      ; 9.887  ; 9.887  ; Rise       ; CLOCK           ;
;  PC[2]                ; CLOCK      ; 10.040 ; 10.040 ; Rise       ; CLOCK           ;
;  PC[3]                ; CLOCK      ; 9.533  ; 9.533  ; Rise       ; CLOCK           ;
;  PC[4]                ; CLOCK      ; 9.427  ; 9.427  ; Rise       ; CLOCK           ;
;  PC[5]                ; CLOCK      ; 9.903  ; 9.903  ; Rise       ; CLOCK           ;
;  PC[6]                ; CLOCK      ; 9.778  ; 9.778  ; Rise       ; CLOCK           ;
;  PC[7]                ; CLOCK      ; 10.014 ; 10.014 ; Rise       ; CLOCK           ;
;  PC[8]                ; CLOCK      ; 10.308 ; 10.308 ; Rise       ; CLOCK           ;
;  PC[9]                ; CLOCK      ; 9.390  ; 9.390  ; Rise       ; CLOCK           ;
;  PC[10]               ; CLOCK      ; 9.956  ; 9.956  ; Rise       ; CLOCK           ;
;  PC[11]               ; CLOCK      ; 10.251 ; 10.251 ; Rise       ; CLOCK           ;
;  PC[12]               ; CLOCK      ; 10.965 ; 10.965 ; Rise       ; CLOCK           ;
;  PC[13]               ; CLOCK      ; 9.718  ; 9.718  ; Rise       ; CLOCK           ;
;  PC[14]               ; CLOCK      ; 9.950  ; 9.950  ; Rise       ; CLOCK           ;
;  PC[15]               ; CLOCK      ; 10.221 ; 10.221 ; Rise       ; CLOCK           ;
;  PC[16]               ; CLOCK      ; 9.985  ; 9.985  ; Rise       ; CLOCK           ;
;  PC[17]               ; CLOCK      ; 9.707  ; 9.707  ; Rise       ; CLOCK           ;
;  PC[18]               ; CLOCK      ; 9.736  ; 9.736  ; Rise       ; CLOCK           ;
;  PC[19]               ; CLOCK      ; 9.699  ; 9.699  ; Rise       ; CLOCK           ;
;  PC[20]               ; CLOCK      ; 9.798  ; 9.798  ; Rise       ; CLOCK           ;
;  PC[21]               ; CLOCK      ; 9.864  ; 9.864  ; Rise       ; CLOCK           ;
;  PC[22]               ; CLOCK      ; 9.824  ; 9.824  ; Rise       ; CLOCK           ;
;  PC[23]               ; CLOCK      ; 9.983  ; 9.983  ; Rise       ; CLOCK           ;
;  PC[24]               ; CLOCK      ; 9.845  ; 9.845  ; Rise       ; CLOCK           ;
;  PC[25]               ; CLOCK      ; 9.885  ; 9.885  ; Rise       ; CLOCK           ;
;  PC[26]               ; CLOCK      ; 9.738  ; 9.738  ; Rise       ; CLOCK           ;
;  PC[27]               ; CLOCK      ; 9.720  ; 9.720  ; Rise       ; CLOCK           ;
;  PC[28]               ; CLOCK      ; 9.764  ; 9.764  ; Rise       ; CLOCK           ;
;  PC[29]               ; CLOCK      ; 9.737  ; 9.737  ; Rise       ; CLOCK           ;
;  PC[30]               ; CLOCK      ; 10.029 ; 10.029 ; Rise       ; CLOCK           ;
;  PC[31]               ; CLOCK      ; 10.206 ; 10.206 ; Rise       ; CLOCK           ;
; C_BUS[*]              ; CLOCK      ; 29.792 ; 29.792 ; Fall       ; CLOCK           ;
;  C_BUS[0]             ; CLOCK      ; 18.137 ; 18.137 ; Fall       ; CLOCK           ;
;  C_BUS[1]             ; CLOCK      ; 17.208 ; 17.208 ; Fall       ; CLOCK           ;
;  C_BUS[2]             ; CLOCK      ; 18.127 ; 18.127 ; Fall       ; CLOCK           ;
;  C_BUS[3]             ; CLOCK      ; 18.645 ; 18.645 ; Fall       ; CLOCK           ;
;  C_BUS[4]             ; CLOCK      ; 18.756 ; 18.756 ; Fall       ; CLOCK           ;
;  C_BUS[5]             ; CLOCK      ; 18.908 ; 18.908 ; Fall       ; CLOCK           ;
;  C_BUS[6]             ; CLOCK      ; 19.226 ; 19.226 ; Fall       ; CLOCK           ;
;  C_BUS[7]             ; CLOCK      ; 20.123 ; 20.123 ; Fall       ; CLOCK           ;
;  C_BUS[8]             ; CLOCK      ; 20.180 ; 20.180 ; Fall       ; CLOCK           ;
;  C_BUS[9]             ; CLOCK      ; 21.362 ; 21.362 ; Fall       ; CLOCK           ;
;  C_BUS[10]            ; CLOCK      ; 21.040 ; 21.040 ; Fall       ; CLOCK           ;
;  C_BUS[11]            ; CLOCK      ; 21.779 ; 21.779 ; Fall       ; CLOCK           ;
;  C_BUS[12]            ; CLOCK      ; 21.570 ; 21.570 ; Fall       ; CLOCK           ;
;  C_BUS[13]            ; CLOCK      ; 21.887 ; 21.887 ; Fall       ; CLOCK           ;
;  C_BUS[14]            ; CLOCK      ; 22.849 ; 22.849 ; Fall       ; CLOCK           ;
;  C_BUS[15]            ; CLOCK      ; 24.023 ; 24.023 ; Fall       ; CLOCK           ;
;  C_BUS[16]            ; CLOCK      ; 23.927 ; 23.927 ; Fall       ; CLOCK           ;
;  C_BUS[17]            ; CLOCK      ; 23.451 ; 23.451 ; Fall       ; CLOCK           ;
;  C_BUS[18]            ; CLOCK      ; 23.891 ; 23.891 ; Fall       ; CLOCK           ;
;  C_BUS[19]            ; CLOCK      ; 24.187 ; 24.187 ; Fall       ; CLOCK           ;
;  C_BUS[20]            ; CLOCK      ; 25.051 ; 25.051 ; Fall       ; CLOCK           ;
;  C_BUS[21]            ; CLOCK      ; 26.406 ; 26.406 ; Fall       ; CLOCK           ;
;  C_BUS[22]            ; CLOCK      ; 25.582 ; 25.582 ; Fall       ; CLOCK           ;
;  C_BUS[23]            ; CLOCK      ; 26.523 ; 26.523 ; Fall       ; CLOCK           ;
;  C_BUS[24]            ; CLOCK      ; 27.080 ; 27.080 ; Fall       ; CLOCK           ;
;  C_BUS[25]            ; CLOCK      ; 27.638 ; 27.638 ; Fall       ; CLOCK           ;
;  C_BUS[26]            ; CLOCK      ; 27.644 ; 27.644 ; Fall       ; CLOCK           ;
;  C_BUS[27]            ; CLOCK      ; 28.643 ; 28.643 ; Fall       ; CLOCK           ;
;  C_BUS[28]            ; CLOCK      ; 28.680 ; 28.680 ; Fall       ; CLOCK           ;
;  C_BUS[29]            ; CLOCK      ; 29.792 ; 29.792 ; Fall       ; CLOCK           ;
;  C_BUS[30]            ; CLOCK      ; 29.524 ; 29.524 ; Fall       ; CLOCK           ;
;  C_BUS[31]            ; CLOCK      ; 29.698 ; 29.698 ; Fall       ; CLOCK           ;
; MIR[*]                ; CLOCK      ; 11.404 ; 11.404 ; Fall       ; CLOCK           ;
;  MIR[0]               ; CLOCK      ; 10.723 ; 10.723 ; Fall       ; CLOCK           ;
;  MIR[1]               ; CLOCK      ; 10.743 ; 10.743 ; Fall       ; CLOCK           ;
;  MIR[2]               ; CLOCK      ; 10.726 ; 10.726 ; Fall       ; CLOCK           ;
;  MIR[3]               ; CLOCK      ; 10.759 ; 10.759 ; Fall       ; CLOCK           ;
;  MIR[4]               ; CLOCK      ; 11.024 ; 11.024 ; Fall       ; CLOCK           ;
;  MIR[5]               ; CLOCK      ; 11.404 ; 11.404 ; Fall       ; CLOCK           ;
;  MIR[6]               ; CLOCK      ; 10.363 ; 10.363 ; Fall       ; CLOCK           ;
;  MIR[7]               ; CLOCK      ; 11.131 ; 11.131 ; Fall       ; CLOCK           ;
;  MIR[8]               ; CLOCK      ; 11.164 ; 11.164 ; Fall       ; CLOCK           ;
;  MIR[9]               ; CLOCK      ; 10.954 ; 10.954 ; Fall       ; CLOCK           ;
;  MIR[10]              ; CLOCK      ; 10.545 ; 10.545 ; Fall       ; CLOCK           ;
;  MIR[11]              ; CLOCK      ; 11.179 ; 11.179 ; Fall       ; CLOCK           ;
;  MIR[12]              ; CLOCK      ; 11.066 ; 11.066 ; Fall       ; CLOCK           ;
;  MIR[13]              ; CLOCK      ; 11.231 ; 11.231 ; Fall       ; CLOCK           ;
;  MIR[14]              ; CLOCK      ; 10.489 ; 10.489 ; Fall       ; CLOCK           ;
;  MIR[15]              ; CLOCK      ; 11.361 ; 11.361 ; Fall       ; CLOCK           ;
;  MIR[16]              ; CLOCK      ; 10.911 ; 10.911 ; Fall       ; CLOCK           ;
;  MIR[17]              ; CLOCK      ; 9.614  ; 9.614  ; Fall       ; CLOCK           ;
;  MIR[18]              ; CLOCK      ; 10.114 ; 10.114 ; Fall       ; CLOCK           ;
;  MIR[19]              ; CLOCK      ; 10.543 ; 10.543 ; Fall       ; CLOCK           ;
;  MIR[20]              ; CLOCK      ; 10.310 ; 10.310 ; Fall       ; CLOCK           ;
;  MIR[21]              ; CLOCK      ; 10.751 ; 10.751 ; Fall       ; CLOCK           ;
;  MIR[22]              ; CLOCK      ; 10.401 ; 10.401 ; Fall       ; CLOCK           ;
;  MIR[23]              ; CLOCK      ; 10.421 ; 10.421 ; Fall       ; CLOCK           ;
;  MIR[24]              ; CLOCK      ; 10.117 ; 10.117 ; Fall       ; CLOCK           ;
;  MIR[25]              ; CLOCK      ; 9.602  ; 9.602  ; Fall       ; CLOCK           ;
;  MIR[26]              ; CLOCK      ; 11.040 ; 11.040 ; Fall       ; CLOCK           ;
;  MIR[27]              ; CLOCK      ; 10.372 ; 10.372 ; Fall       ; CLOCK           ;
;  MIR[28]              ; CLOCK      ; 11.144 ; 11.144 ; Fall       ; CLOCK           ;
;  MIR[29]              ; CLOCK      ; 10.774 ; 10.774 ; Fall       ; CLOCK           ;
;  MIR[30]              ; CLOCK      ; 10.466 ; 10.466 ; Fall       ; CLOCK           ;
;  MIR[31]              ; CLOCK      ; 10.225 ; 10.225 ; Fall       ; CLOCK           ;
;  MIR[32]              ; CLOCK      ; 11.141 ; 11.141 ; Fall       ; CLOCK           ;
;  MIR[33]              ; CLOCK      ; 10.951 ; 10.951 ; Fall       ; CLOCK           ;
;  MIR[34]              ; CLOCK      ; 11.022 ; 11.022 ; Fall       ; CLOCK           ;
;  MIR[35]              ; CLOCK      ; 10.225 ; 10.225 ; Fall       ; CLOCK           ;
; MPC[*]                ; CLOCK      ; 11.716 ; 11.716 ; Fall       ; CLOCK           ;
;  MPC[0]               ; CLOCK      ; 11.716 ; 11.716 ; Fall       ; CLOCK           ;
;  MPC[1]               ; CLOCK      ; 11.439 ; 11.439 ; Fall       ; CLOCK           ;
;  MPC[2]               ; CLOCK      ; 11.198 ; 11.198 ; Fall       ; CLOCK           ;
;  MPC[3]               ; CLOCK      ; 11.432 ; 11.432 ; Fall       ; CLOCK           ;
;  MPC[4]               ; CLOCK      ; 11.512 ; 11.512 ; Fall       ; CLOCK           ;
;  MPC[5]               ; CLOCK      ; 11.586 ; 11.586 ; Fall       ; CLOCK           ;
;  MPC[6]               ; CLOCK      ; 11.357 ; 11.357 ; Fall       ; CLOCK           ;
;  MPC[7]               ; CLOCK      ; 11.667 ; 11.667 ; Fall       ; CLOCK           ;
;  MPC[8]               ; CLOCK      ; 11.469 ; 11.469 ; Fall       ; CLOCK           ;
+-----------------------+------------+--------+--------+------------+-----------------+


+-----------------------------------------------------------------------------------+
; Minimum Clock to Output Times                                                     ;
+-----------------------+------------+-------+-------+------------+-----------------+
; Data Port             ; Clock Port ; Rise  ; Fall  ; Clock Edge ; Clock Reference ;
+-----------------------+------------+-------+-------+------------+-----------------+
; C_BUS[*]              ; CLOCK      ; 5.528 ; 5.528 ; Rise       ; CLOCK           ;
;  C_BUS[0]             ; CLOCK      ; 6.168 ; 6.168 ; Rise       ; CLOCK           ;
;  C_BUS[1]             ; CLOCK      ; 5.721 ; 5.721 ; Rise       ; CLOCK           ;
;  C_BUS[2]             ; CLOCK      ; 5.693 ; 5.693 ; Rise       ; CLOCK           ;
;  C_BUS[3]             ; CLOCK      ; 5.882 ; 5.882 ; Rise       ; CLOCK           ;
;  C_BUS[4]             ; CLOCK      ; 5.528 ; 5.528 ; Rise       ; CLOCK           ;
;  C_BUS[5]             ; CLOCK      ; 5.953 ; 5.953 ; Rise       ; CLOCK           ;
;  C_BUS[6]             ; CLOCK      ; 6.017 ; 6.017 ; Rise       ; CLOCK           ;
;  C_BUS[7]             ; CLOCK      ; 6.142 ; 6.142 ; Rise       ; CLOCK           ;
;  C_BUS[8]             ; CLOCK      ; 6.648 ; 6.648 ; Rise       ; CLOCK           ;
;  C_BUS[9]             ; CLOCK      ; 6.577 ; 6.577 ; Rise       ; CLOCK           ;
;  C_BUS[10]            ; CLOCK      ; 5.843 ; 5.843 ; Rise       ; CLOCK           ;
;  C_BUS[11]            ; CLOCK      ; 6.614 ; 6.614 ; Rise       ; CLOCK           ;
;  C_BUS[12]            ; CLOCK      ; 6.202 ; 6.202 ; Rise       ; CLOCK           ;
;  C_BUS[13]            ; CLOCK      ; 5.995 ; 5.995 ; Rise       ; CLOCK           ;
;  C_BUS[14]            ; CLOCK      ; 6.241 ; 6.241 ; Rise       ; CLOCK           ;
;  C_BUS[15]            ; CLOCK      ; 6.681 ; 6.681 ; Rise       ; CLOCK           ;
;  C_BUS[16]            ; CLOCK      ; 6.862 ; 6.862 ; Rise       ; CLOCK           ;
;  C_BUS[17]            ; CLOCK      ; 6.244 ; 6.244 ; Rise       ; CLOCK           ;
;  C_BUS[18]            ; CLOCK      ; 6.230 ; 6.230 ; Rise       ; CLOCK           ;
;  C_BUS[19]            ; CLOCK      ; 6.235 ; 6.235 ; Rise       ; CLOCK           ;
;  C_BUS[20]            ; CLOCK      ; 6.599 ; 6.599 ; Rise       ; CLOCK           ;
;  C_BUS[21]            ; CLOCK      ; 6.232 ; 6.232 ; Rise       ; CLOCK           ;
;  C_BUS[22]            ; CLOCK      ; 6.287 ; 6.287 ; Rise       ; CLOCK           ;
;  C_BUS[23]            ; CLOCK      ; 6.684 ; 6.684 ; Rise       ; CLOCK           ;
;  C_BUS[24]            ; CLOCK      ; 6.442 ; 6.442 ; Rise       ; CLOCK           ;
;  C_BUS[25]            ; CLOCK      ; 6.243 ; 6.243 ; Rise       ; CLOCK           ;
;  C_BUS[26]            ; CLOCK      ; 6.317 ; 6.317 ; Rise       ; CLOCK           ;
;  C_BUS[27]            ; CLOCK      ; 6.520 ; 6.520 ; Rise       ; CLOCK           ;
;  C_BUS[28]            ; CLOCK      ; 6.448 ; 6.448 ; Rise       ; CLOCK           ;
;  C_BUS[29]            ; CLOCK      ; 6.397 ; 6.397 ; Rise       ; CLOCK           ;
;  C_BUS[30]            ; CLOCK      ; 6.214 ; 6.214 ; Rise       ; CLOCK           ;
;  C_BUS[31]            ; CLOCK      ; 6.223 ; 6.223 ; Rise       ; CLOCK           ;
; DATA_MEM_ADDR[*]      ; CLOCK      ; 4.900 ; 4.900 ; Rise       ; CLOCK           ;
;  DATA_MEM_ADDR[0]     ; CLOCK      ; 5.461 ; 5.461 ; Rise       ; CLOCK           ;
;  DATA_MEM_ADDR[1]     ; CLOCK      ; 5.144 ; 5.144 ; Rise       ; CLOCK           ;
;  DATA_MEM_ADDR[2]     ; CLOCK      ; 5.310 ; 5.310 ; Rise       ; CLOCK           ;
;  DATA_MEM_ADDR[3]     ; CLOCK      ; 5.301 ; 5.301 ; Rise       ; CLOCK           ;
;  DATA_MEM_ADDR[4]     ; CLOCK      ; 5.187 ; 5.187 ; Rise       ; CLOCK           ;
;  DATA_MEM_ADDR[5]     ; CLOCK      ; 5.125 ; 5.125 ; Rise       ; CLOCK           ;
;  DATA_MEM_ADDR[6]     ; CLOCK      ; 5.504 ; 5.504 ; Rise       ; CLOCK           ;
;  DATA_MEM_ADDR[7]     ; CLOCK      ; 5.230 ; 5.230 ; Rise       ; CLOCK           ;
;  DATA_MEM_ADDR[8]     ; CLOCK      ; 5.491 ; 5.491 ; Rise       ; CLOCK           ;
;  DATA_MEM_ADDR[9]     ; CLOCK      ; 5.236 ; 5.236 ; Rise       ; CLOCK           ;
;  DATA_MEM_ADDR[10]    ; CLOCK      ; 5.080 ; 5.080 ; Rise       ; CLOCK           ;
;  DATA_MEM_ADDR[11]    ; CLOCK      ; 5.016 ; 5.016 ; Rise       ; CLOCK           ;
;  DATA_MEM_ADDR[12]    ; CLOCK      ; 5.526 ; 5.526 ; Rise       ; CLOCK           ;
;  DATA_MEM_ADDR[13]    ; CLOCK      ; 4.900 ; 4.900 ; Rise       ; CLOCK           ;
;  DATA_MEM_ADDR[14]    ; CLOCK      ; 5.411 ; 5.411 ; Rise       ; CLOCK           ;
;  DATA_MEM_ADDR[15]    ; CLOCK      ; 5.163 ; 5.163 ; Rise       ; CLOCK           ;
;  DATA_MEM_ADDR[16]    ; CLOCK      ; 5.167 ; 5.167 ; Rise       ; CLOCK           ;
;  DATA_MEM_ADDR[17]    ; CLOCK      ; 5.736 ; 5.736 ; Rise       ; CLOCK           ;
;  DATA_MEM_ADDR[18]    ; CLOCK      ; 5.277 ; 5.277 ; Rise       ; CLOCK           ;
;  DATA_MEM_ADDR[19]    ; CLOCK      ; 5.410 ; 5.410 ; Rise       ; CLOCK           ;
;  DATA_MEM_ADDR[20]    ; CLOCK      ; 5.600 ; 5.600 ; Rise       ; CLOCK           ;
;  DATA_MEM_ADDR[21]    ; CLOCK      ; 5.760 ; 5.760 ; Rise       ; CLOCK           ;
;  DATA_MEM_ADDR[22]    ; CLOCK      ; 5.565 ; 5.565 ; Rise       ; CLOCK           ;
;  DATA_MEM_ADDR[23]    ; CLOCK      ; 5.453 ; 5.453 ; Rise       ; CLOCK           ;
;  DATA_MEM_ADDR[24]    ; CLOCK      ; 5.353 ; 5.353 ; Rise       ; CLOCK           ;
;  DATA_MEM_ADDR[25]    ; CLOCK      ; 5.731 ; 5.731 ; Rise       ; CLOCK           ;
;  DATA_MEM_ADDR[26]    ; CLOCK      ; 6.057 ; 6.057 ; Rise       ; CLOCK           ;
;  DATA_MEM_ADDR[27]    ; CLOCK      ; 5.808 ; 5.808 ; Rise       ; CLOCK           ;
;  DATA_MEM_ADDR[28]    ; CLOCK      ; 5.383 ; 5.383 ; Rise       ; CLOCK           ;
;  DATA_MEM_ADDR[29]    ; CLOCK      ; 5.751 ; 5.751 ; Rise       ; CLOCK           ;
;  DATA_MEM_ADDR[30]    ; CLOCK      ; 5.794 ; 5.794 ; Rise       ; CLOCK           ;
;  DATA_MEM_ADDR[31]    ; CLOCK      ; 5.759 ; 5.759 ; Rise       ; CLOCK           ;
; DATA_MEM_OUT[*]       ; CLOCK      ; 5.557 ; 5.557 ; Rise       ; CLOCK           ;
;  DATA_MEM_OUT[0]      ; CLOCK      ; 5.585 ; 5.585 ; Rise       ; CLOCK           ;
;  DATA_MEM_OUT[1]      ; CLOCK      ; 5.693 ; 5.693 ; Rise       ; CLOCK           ;
;  DATA_MEM_OUT[2]      ; CLOCK      ; 5.802 ; 5.802 ; Rise       ; CLOCK           ;
;  DATA_MEM_OUT[3]      ; CLOCK      ; 5.557 ; 5.557 ; Rise       ; CLOCK           ;
;  DATA_MEM_OUT[4]      ; CLOCK      ; 5.976 ; 5.976 ; Rise       ; CLOCK           ;
;  DATA_MEM_OUT[5]      ; CLOCK      ; 5.678 ; 5.678 ; Rise       ; CLOCK           ;
;  DATA_MEM_OUT[6]      ; CLOCK      ; 5.817 ; 5.817 ; Rise       ; CLOCK           ;
;  DATA_MEM_OUT[7]      ; CLOCK      ; 5.623 ; 5.623 ; Rise       ; CLOCK           ;
;  DATA_MEM_OUT[8]      ; CLOCK      ; 5.607 ; 5.607 ; Rise       ; CLOCK           ;
;  DATA_MEM_OUT[9]      ; CLOCK      ; 6.262 ; 6.262 ; Rise       ; CLOCK           ;
;  DATA_MEM_OUT[10]     ; CLOCK      ; 6.036 ; 6.036 ; Rise       ; CLOCK           ;
;  DATA_MEM_OUT[11]     ; CLOCK      ; 6.169 ; 6.169 ; Rise       ; CLOCK           ;
;  DATA_MEM_OUT[12]     ; CLOCK      ; 5.877 ; 5.877 ; Rise       ; CLOCK           ;
;  DATA_MEM_OUT[13]     ; CLOCK      ; 5.773 ; 5.773 ; Rise       ; CLOCK           ;
;  DATA_MEM_OUT[14]     ; CLOCK      ; 5.986 ; 5.986 ; Rise       ; CLOCK           ;
;  DATA_MEM_OUT[15]     ; CLOCK      ; 5.831 ; 5.831 ; Rise       ; CLOCK           ;
;  DATA_MEM_OUT[16]     ; CLOCK      ; 5.609 ; 5.609 ; Rise       ; CLOCK           ;
;  DATA_MEM_OUT[17]     ; CLOCK      ; 5.648 ; 5.648 ; Rise       ; CLOCK           ;
;  DATA_MEM_OUT[18]     ; CLOCK      ; 5.818 ; 5.818 ; Rise       ; CLOCK           ;
;  DATA_MEM_OUT[19]     ; CLOCK      ; 6.021 ; 6.021 ; Rise       ; CLOCK           ;
;  DATA_MEM_OUT[20]     ; CLOCK      ; 5.922 ; 5.922 ; Rise       ; CLOCK           ;
;  DATA_MEM_OUT[21]     ; CLOCK      ; 5.982 ; 5.982 ; Rise       ; CLOCK           ;
;  DATA_MEM_OUT[22]     ; CLOCK      ; 5.636 ; 5.636 ; Rise       ; CLOCK           ;
;  DATA_MEM_OUT[23]     ; CLOCK      ; 6.388 ; 6.388 ; Rise       ; CLOCK           ;
;  DATA_MEM_OUT[24]     ; CLOCK      ; 5.793 ; 5.793 ; Rise       ; CLOCK           ;
;  DATA_MEM_OUT[25]     ; CLOCK      ; 6.015 ; 6.015 ; Rise       ; CLOCK           ;
;  DATA_MEM_OUT[26]     ; CLOCK      ; 5.754 ; 5.754 ; Rise       ; CLOCK           ;
;  DATA_MEM_OUT[27]     ; CLOCK      ; 6.091 ; 6.091 ; Rise       ; CLOCK           ;
;  DATA_MEM_OUT[28]     ; CLOCK      ; 5.752 ; 5.752 ; Rise       ; CLOCK           ;
;  DATA_MEM_OUT[29]     ; CLOCK      ; 5.719 ; 5.719 ; Rise       ; CLOCK           ;
;  DATA_MEM_OUT[30]     ; CLOCK      ; 6.013 ; 6.013 ; Rise       ; CLOCK           ;
;  DATA_MEM_OUT[31]     ; CLOCK      ; 5.826 ; 5.826 ; Rise       ; CLOCK           ;
; DATA_MEM_write_enable ; CLOCK      ; 4.198 ; 4.198 ; Rise       ; CLOCK           ;
; MBR_OUT[*]            ; CLOCK      ; 4.696 ; 4.696 ; Rise       ; CLOCK           ;
;  MBR_OUT[0]           ; CLOCK      ; 4.886 ; 4.886 ; Rise       ; CLOCK           ;
;  MBR_OUT[1]           ; CLOCK      ; 5.448 ; 5.448 ; Rise       ; CLOCK           ;
;  MBR_OUT[2]           ; CLOCK      ; 5.101 ; 5.101 ; Rise       ; CLOCK           ;
;  MBR_OUT[3]           ; CLOCK      ; 5.006 ; 5.006 ; Rise       ; CLOCK           ;
;  MBR_OUT[4]           ; CLOCK      ; 4.989 ; 4.989 ; Rise       ; CLOCK           ;
;  MBR_OUT[5]           ; CLOCK      ; 5.359 ; 5.359 ; Rise       ; CLOCK           ;
;  MBR_OUT[6]           ; CLOCK      ; 4.696 ; 4.696 ; Rise       ; CLOCK           ;
;  MBR_OUT[7]           ; CLOCK      ; 5.221 ; 5.221 ; Rise       ; CLOCK           ;
; MPC[*]                ; CLOCK      ; 4.237 ; 4.237 ; Rise       ; CLOCK           ;
;  MPC[0]               ; CLOCK      ; 4.392 ; 4.392 ; Rise       ; CLOCK           ;
;  MPC[1]               ; CLOCK      ; 4.237 ; 4.237 ; Rise       ; CLOCK           ;
;  MPC[2]               ; CLOCK      ; 4.265 ; 4.265 ; Rise       ; CLOCK           ;
;  MPC[3]               ; CLOCK      ; 4.382 ; 4.382 ; Rise       ; CLOCK           ;
;  MPC[4]               ; CLOCK      ; 4.338 ; 4.338 ; Rise       ; CLOCK           ;
;  MPC[5]               ; CLOCK      ; 4.435 ; 4.435 ; Rise       ; CLOCK           ;
;  MPC[6]               ; CLOCK      ; 4.331 ; 4.331 ; Rise       ; CLOCK           ;
;  MPC[7]               ; CLOCK      ; 4.484 ; 4.484 ; Rise       ; CLOCK           ;
;  MPC[8]               ; CLOCK      ; 5.199 ; 5.199 ; Rise       ; CLOCK           ;
; PC[*]                 ; CLOCK      ; 5.274 ; 5.274 ; Rise       ; CLOCK           ;
;  PC[0]                ; CLOCK      ; 5.294 ; 5.294 ; Rise       ; CLOCK           ;
;  PC[1]                ; CLOCK      ; 5.523 ; 5.523 ; Rise       ; CLOCK           ;
;  PC[2]                ; CLOCK      ; 5.538 ; 5.538 ; Rise       ; CLOCK           ;
;  PC[3]                ; CLOCK      ; 5.338 ; 5.338 ; Rise       ; CLOCK           ;
;  PC[4]                ; CLOCK      ; 5.290 ; 5.290 ; Rise       ; CLOCK           ;
;  PC[5]                ; CLOCK      ; 5.523 ; 5.523 ; Rise       ; CLOCK           ;
;  PC[6]                ; CLOCK      ; 5.461 ; 5.461 ; Rise       ; CLOCK           ;
;  PC[7]                ; CLOCK      ; 5.580 ; 5.580 ; Rise       ; CLOCK           ;
;  PC[8]                ; CLOCK      ; 5.727 ; 5.727 ; Rise       ; CLOCK           ;
;  PC[9]                ; CLOCK      ; 5.274 ; 5.274 ; Rise       ; CLOCK           ;
;  PC[10]               ; CLOCK      ; 5.531 ; 5.531 ; Rise       ; CLOCK           ;
;  PC[11]               ; CLOCK      ; 5.675 ; 5.675 ; Rise       ; CLOCK           ;
;  PC[12]               ; CLOCK      ; 5.981 ; 5.981 ; Rise       ; CLOCK           ;
;  PC[13]               ; CLOCK      ; 5.387 ; 5.387 ; Rise       ; CLOCK           ;
;  PC[14]               ; CLOCK      ; 5.548 ; 5.548 ; Rise       ; CLOCK           ;
;  PC[15]               ; CLOCK      ; 5.648 ; 5.648 ; Rise       ; CLOCK           ;
;  PC[16]               ; CLOCK      ; 5.551 ; 5.551 ; Rise       ; CLOCK           ;
;  PC[17]               ; CLOCK      ; 5.373 ; 5.373 ; Rise       ; CLOCK           ;
;  PC[18]               ; CLOCK      ; 5.396 ; 5.396 ; Rise       ; CLOCK           ;
;  PC[19]               ; CLOCK      ; 5.361 ; 5.361 ; Rise       ; CLOCK           ;
;  PC[20]               ; CLOCK      ; 5.503 ; 5.503 ; Rise       ; CLOCK           ;
;  PC[21]               ; CLOCK      ; 5.505 ; 5.505 ; Rise       ; CLOCK           ;
;  PC[22]               ; CLOCK      ; 5.482 ; 5.482 ; Rise       ; CLOCK           ;
;  PC[23]               ; CLOCK      ; 5.600 ; 5.600 ; Rise       ; CLOCK           ;
;  PC[24]               ; CLOCK      ; 5.467 ; 5.467 ; Rise       ; CLOCK           ;
;  PC[25]               ; CLOCK      ; 5.524 ; 5.524 ; Rise       ; CLOCK           ;
;  PC[26]               ; CLOCK      ; 5.390 ; 5.390 ; Rise       ; CLOCK           ;
;  PC[27]               ; CLOCK      ; 5.385 ; 5.385 ; Rise       ; CLOCK           ;
;  PC[28]               ; CLOCK      ; 5.415 ; 5.415 ; Rise       ; CLOCK           ;
;  PC[29]               ; CLOCK      ; 5.398 ; 5.398 ; Rise       ; CLOCK           ;
;  PC[30]               ; CLOCK      ; 5.565 ; 5.565 ; Rise       ; CLOCK           ;
;  PC[31]               ; CLOCK      ; 5.629 ; 5.629 ; Rise       ; CLOCK           ;
; C_BUS[*]              ; CLOCK      ; 6.777 ; 6.777 ; Fall       ; CLOCK           ;
;  C_BUS[0]             ; CLOCK      ; 6.784 ; 6.784 ; Fall       ; CLOCK           ;
;  C_BUS[1]             ; CLOCK      ; 6.905 ; 6.905 ; Fall       ; CLOCK           ;
;  C_BUS[2]             ; CLOCK      ; 6.876 ; 6.876 ; Fall       ; CLOCK           ;
;  C_BUS[3]             ; CLOCK      ; 7.249 ; 7.249 ; Fall       ; CLOCK           ;
;  C_BUS[4]             ; CLOCK      ; 6.891 ; 6.891 ; Fall       ; CLOCK           ;
;  C_BUS[5]             ; CLOCK      ; 6.840 ; 6.840 ; Fall       ; CLOCK           ;
;  C_BUS[6]             ; CLOCK      ; 7.049 ; 7.049 ; Fall       ; CLOCK           ;
;  C_BUS[7]             ; CLOCK      ; 6.951 ; 6.951 ; Fall       ; CLOCK           ;
;  C_BUS[8]             ; CLOCK      ; 7.359 ; 7.359 ; Fall       ; CLOCK           ;
;  C_BUS[9]             ; CLOCK      ; 7.335 ; 7.335 ; Fall       ; CLOCK           ;
;  C_BUS[10]            ; CLOCK      ; 6.937 ; 6.937 ; Fall       ; CLOCK           ;
;  C_BUS[11]            ; CLOCK      ; 7.475 ; 7.475 ; Fall       ; CLOCK           ;
;  C_BUS[12]            ; CLOCK      ; 7.187 ; 7.187 ; Fall       ; CLOCK           ;
;  C_BUS[13]            ; CLOCK      ; 7.178 ; 7.178 ; Fall       ; CLOCK           ;
;  C_BUS[14]            ; CLOCK      ; 7.164 ; 7.164 ; Fall       ; CLOCK           ;
;  C_BUS[15]            ; CLOCK      ; 7.318 ; 7.318 ; Fall       ; CLOCK           ;
;  C_BUS[16]            ; CLOCK      ; 7.426 ; 7.426 ; Fall       ; CLOCK           ;
;  C_BUS[17]            ; CLOCK      ; 7.145 ; 7.145 ; Fall       ; CLOCK           ;
;  C_BUS[18]            ; CLOCK      ; 7.136 ; 7.136 ; Fall       ; CLOCK           ;
;  C_BUS[19]            ; CLOCK      ; 6.976 ; 6.976 ; Fall       ; CLOCK           ;
;  C_BUS[20]            ; CLOCK      ; 7.237 ; 7.237 ; Fall       ; CLOCK           ;
;  C_BUS[21]            ; CLOCK      ; 7.137 ; 7.137 ; Fall       ; CLOCK           ;
;  C_BUS[22]            ; CLOCK      ; 6.887 ; 6.887 ; Fall       ; CLOCK           ;
;  C_BUS[23]            ; CLOCK      ; 7.024 ; 7.024 ; Fall       ; CLOCK           ;
;  C_BUS[24]            ; CLOCK      ; 7.163 ; 7.163 ; Fall       ; CLOCK           ;
;  C_BUS[25]            ; CLOCK      ; 7.145 ; 7.145 ; Fall       ; CLOCK           ;
;  C_BUS[26]            ; CLOCK      ; 6.911 ; 6.911 ; Fall       ; CLOCK           ;
;  C_BUS[27]            ; CLOCK      ; 6.933 ; 6.933 ; Fall       ; CLOCK           ;
;  C_BUS[28]            ; CLOCK      ; 6.777 ; 6.777 ; Fall       ; CLOCK           ;
;  C_BUS[29]            ; CLOCK      ; 7.101 ; 7.101 ; Fall       ; CLOCK           ;
;  C_BUS[30]            ; CLOCK      ; 6.924 ; 6.924 ; Fall       ; CLOCK           ;
;  C_BUS[31]            ; CLOCK      ; 7.223 ; 7.223 ; Fall       ; CLOCK           ;
; MIR[*]                ; CLOCK      ; 5.810 ; 5.810 ; Fall       ; CLOCK           ;
;  MIR[0]               ; CLOCK      ; 6.389 ; 6.389 ; Fall       ; CLOCK           ;
;  MIR[1]               ; CLOCK      ; 6.392 ; 6.392 ; Fall       ; CLOCK           ;
;  MIR[2]               ; CLOCK      ; 6.389 ; 6.389 ; Fall       ; CLOCK           ;
;  MIR[3]               ; CLOCK      ; 6.404 ; 6.404 ; Fall       ; CLOCK           ;
;  MIR[4]               ; CLOCK      ; 6.530 ; 6.530 ; Fall       ; CLOCK           ;
;  MIR[5]               ; CLOCK      ; 6.711 ; 6.711 ; Fall       ; CLOCK           ;
;  MIR[6]               ; CLOCK      ; 6.208 ; 6.208 ; Fall       ; CLOCK           ;
;  MIR[7]               ; CLOCK      ; 6.185 ; 6.185 ; Fall       ; CLOCK           ;
;  MIR[8]               ; CLOCK      ; 6.201 ; 6.201 ; Fall       ; CLOCK           ;
;  MIR[9]               ; CLOCK      ; 6.120 ; 6.120 ; Fall       ; CLOCK           ;
;  MIR[10]              ; CLOCK      ; 5.862 ; 5.862 ; Fall       ; CLOCK           ;
;  MIR[11]              ; CLOCK      ; 6.217 ; 6.217 ; Fall       ; CLOCK           ;
;  MIR[12]              ; CLOCK      ; 6.076 ; 6.076 ; Fall       ; CLOCK           ;
;  MIR[13]              ; CLOCK      ; 6.247 ; 6.247 ; Fall       ; CLOCK           ;
;  MIR[14]              ; CLOCK      ; 5.882 ; 5.882 ; Fall       ; CLOCK           ;
;  MIR[15]              ; CLOCK      ; 6.275 ; 6.275 ; Fall       ; CLOCK           ;
;  MIR[16]              ; CLOCK      ; 6.432 ; 6.432 ; Fall       ; CLOCK           ;
;  MIR[17]              ; CLOCK      ; 5.814 ; 5.814 ; Fall       ; CLOCK           ;
;  MIR[18]              ; CLOCK      ; 6.022 ; 6.022 ; Fall       ; CLOCK           ;
;  MIR[19]              ; CLOCK      ; 6.242 ; 6.242 ; Fall       ; CLOCK           ;
;  MIR[20]              ; CLOCK      ; 6.141 ; 6.141 ; Fall       ; CLOCK           ;
;  MIR[21]              ; CLOCK      ; 6.322 ; 6.322 ; Fall       ; CLOCK           ;
;  MIR[22]              ; CLOCK      ; 6.152 ; 6.152 ; Fall       ; CLOCK           ;
;  MIR[23]              ; CLOCK      ; 6.242 ; 6.242 ; Fall       ; CLOCK           ;
;  MIR[24]              ; CLOCK      ; 6.082 ; 6.082 ; Fall       ; CLOCK           ;
;  MIR[25]              ; CLOCK      ; 5.810 ; 5.810 ; Fall       ; CLOCK           ;
;  MIR[26]              ; CLOCK      ; 6.507 ; 6.507 ; Fall       ; CLOCK           ;
;  MIR[27]              ; CLOCK      ; 6.209 ; 6.209 ; Fall       ; CLOCK           ;
;  MIR[28]              ; CLOCK      ; 6.610 ; 6.610 ; Fall       ; CLOCK           ;
;  MIR[29]              ; CLOCK      ; 6.381 ; 6.381 ; Fall       ; CLOCK           ;
;  MIR[30]              ; CLOCK      ; 6.312 ; 6.312 ; Fall       ; CLOCK           ;
;  MIR[31]              ; CLOCK      ; 6.162 ; 6.162 ; Fall       ; CLOCK           ;
;  MIR[32]              ; CLOCK      ; 6.573 ; 6.573 ; Fall       ; CLOCK           ;
;  MIR[33]              ; CLOCK      ; 6.514 ; 6.514 ; Fall       ; CLOCK           ;
;  MIR[34]              ; CLOCK      ; 6.423 ; 6.423 ; Fall       ; CLOCK           ;
;  MIR[35]              ; CLOCK      ; 6.167 ; 6.167 ; Fall       ; CLOCK           ;
; MPC[*]                ; CLOCK      ; 6.554 ; 6.554 ; Fall       ; CLOCK           ;
;  MPC[0]               ; CLOCK      ; 6.701 ; 6.701 ; Fall       ; CLOCK           ;
;  MPC[1]               ; CLOCK      ; 6.660 ; 6.660 ; Fall       ; CLOCK           ;
;  MPC[2]               ; CLOCK      ; 6.554 ; 6.554 ; Fall       ; CLOCK           ;
;  MPC[3]               ; CLOCK      ; 6.648 ; 6.648 ; Fall       ; CLOCK           ;
;  MPC[4]               ; CLOCK      ; 6.665 ; 6.665 ; Fall       ; CLOCK           ;
;  MPC[5]               ; CLOCK      ; 6.700 ; 6.700 ; Fall       ; CLOCK           ;
;  MPC[6]               ; CLOCK      ; 6.609 ; 6.609 ; Fall       ; CLOCK           ;
;  MPC[7]               ; CLOCK      ; 6.755 ; 6.755 ; Fall       ; CLOCK           ;
;  MPC[8]               ; CLOCK      ; 6.587 ; 6.587 ; Fall       ; CLOCK           ;
+-----------------------+------------+-------+-------+------------+-----------------+


+-------------------------------------------------------------------+
; Setup Transfers                                                   ;
+------------+----------+----------+----------+----------+----------+
; From Clock ; To Clock ; RR Paths ; FR Paths ; RF Paths ; FF Paths ;
+------------+----------+----------+----------+----------+----------+
; CLOCK      ; CLOCK    ; 165633   ; 6122115  ; 264      ; 742      ;
+------------+----------+----------+----------+----------+----------+
Entries labeled "false path" only account for clock-to-clock false paths and not path-based false paths. As a result, actual path counts may be lower than reported.


+-------------------------------------------------------------------+
; Hold Transfers                                                    ;
+------------+----------+----------+----------+----------+----------+
; From Clock ; To Clock ; RR Paths ; FR Paths ; RF Paths ; FF Paths ;
+------------+----------+----------+----------+----------+----------+
; CLOCK      ; CLOCK    ; 165633   ; 6122115  ; 264      ; 742      ;
+------------+----------+----------+----------+----------+----------+
Entries labeled "false path" only account for clock-to-clock false paths and not path-based false paths. As a result, actual path counts may be lower than reported.


---------------
; Report TCCS ;
---------------
No dedicated SERDES Transmitter circuitry present in device or used in design


---------------
; Report RSKM ;
---------------
No dedicated SERDES Receiver circuitry present in device or used in design


+------------------------------------------------+
; Unconstrained Paths                            ;
+---------------------------------+-------+------+
; Property                        ; Setup ; Hold ;
+---------------------------------+-------+------+
; Illegal Clocks                  ; 0     ; 0    ;
; Unconstrained Clocks            ; 0     ; 0    ;
; Unconstrained Input Ports       ; 1     ; 1    ;
; Unconstrained Input Port Paths  ; 304   ; 304  ;
; Unconstrained Output Ports      ; 182   ; 182  ;
; Unconstrained Output Port Paths ; 6092  ; 6092 ;
+---------------------------------+-------+------+


+------------------------------------+
; TimeQuest Timing Analyzer Messages ;
+------------------------------------+
Info: *******************************************************************
Info: Running Quartus II 64-Bit TimeQuest Timing Analyzer
    Info: Version 13.0.1 Build 232 06/12/2013 Service Pack 1 SJ Web Edition
    Info: Processing started: Mon Jan 20 17:15:17 2025
Info: Command: quartus_sta MC1 -c MC1
Info: qsta_default_script.tcl version: #1
Warning (20028): Parallel compilation is not licensed and has been disabled
Critical Warning (332012): Synopsys Design Constraints File file not found: 'MC1.sdc'. A Synopsys Design Constraints File is required by the TimeQuest Timing Analyzer to get proper timing constraints. Without it, the Compiler will not properly optimize the design.
Info (332142): No user constrained base clocks found in the design. Calling "derive_clocks -period 1.0"
Info (332105): Deriving Clocks
    Info (332105): create_clock -period 1.000 -name CLOCK CLOCK
Info: Found TIMEQUEST_REPORT_SCRIPT_INCLUDE_DEFAULT_ANALYSIS = ON
Info: Analyzing Slow Model
Critical Warning (332148): Timing requirements not met
Info (332146): Worst-case setup slack is -24.025
    Info (332119):     Slack End Point TNS Clock 
    Info (332119): ========= ============= =====================
    Info (332119):   -24.025     -5387.759 CLOCK 
Info (332146): Worst-case hold slack is -1.144
    Info (332119):     Slack End Point TNS Clock 
    Info (332119): ========= ============= =====================
    Info (332119):    -1.144       -14.300 CLOCK 
Info (332140): No Recovery paths to report
Info (332140): No Removal paths to report
Info (332146): Worst-case minimum pulse width slack is -2.000
    Info (332119):     Slack End Point TNS Clock 
    Info (332119): ========= ============= =====================
    Info (332119):    -2.000     -1476.836 CLOCK 
Info (332001): The selected device family is not supported by the report_metastability command.
Info: Analyzing Fast Model
Critical Warning (332148): Timing requirements not met
Info (332146): Worst-case setup slack is -10.616
    Info (332119):     Slack End Point TNS Clock 
    Info (332119): ========= ============= =====================
    Info (332119):   -10.616     -2416.397 CLOCK 
Info (332146): Worst-case hold slack is -0.753
    Info (332119):     Slack End Point TNS Clock 
    Info (332119): ========= ============= =====================
    Info (332119):    -0.753       -11.805 CLOCK 
Info (332140): No Recovery paths to report
Info (332140): No Removal paths to report
Info (332146): Worst-case minimum pulse width slack is -2.000
    Info (332119):     Slack End Point TNS Clock 
    Info (332119): ========= ============= =====================
    Info (332119):    -2.000     -1476.836 CLOCK 
Info (332001): The selected device family is not supported by the report_metastability command.
Info (332102): Design is not fully constrained for setup requirements
Info (332102): Design is not fully constrained for hold requirements
Info: Quartus II 64-Bit TimeQuest Timing Analyzer was successful. 0 errors, 4 warnings
    Info: Peak virtual memory: 4556 megabytes
    Info: Processing ended: Mon Jan 20 17:15:19 2025
    Info: Elapsed time: 00:00:02
    Info: Total CPU time (on all processors): 00:00:02


